kind	context	id	count	subjects
property	qualifier	P1013	8	8
property	qualifier	P1343	2	2
property	qualifier	P1476	4	4
property	qualifier	P1545	6207	6207
property	qualifier	P1683	9	9
property	qualifier	P1810	21	21
property	qualifier	P1932	3	3
property	qualifier	P2093	1	1
property	qualifier	P2096	20	16
property	qualifier	P21	1	1
property	qualifier	P2241	22	22
property	qualifier	P2441	312	296
property	qualifier	P276	6	2
property	qualifier	P2868	160	160
property	qualifier	P3005	1	1
property	qualifier	P304	59	59
property	qualifier	P3415	54	54
property	qualifier	P356	1	1
property	qualifier	P3680	68	68
property	qualifier	P3831	44	44
property	qualifier	P3903	24	24
property	qualifier	P407	87	87
property	qualifier	P4070	1	1
property	qualifier	P443	1	1
property	qualifier	P478	29	29
property	qualifier	P50	4	4
property	qualifier	P5102	13	13
property	qualifier	P5168	2	2
property	qualifier	P518	2	1
property	qualifier	P5185	3	3
property	qualifier	P5237	74	73
property	qualifier	P5548	542	542
property	qualifier	P5713	26	26
property	qualifier	P577	2	2
property	qualifier	P580	2	2
property	qualifier	P582	2	2
property	qualifier	P5830	519	514
property	qualifier	P585	507	507
property	qualifier	P5886	16	16
property	qualifier	P5980	33	33
property	qualifier	P6072	591	590
property	qualifier	P6191	1	1
property	qualifier	P6568	1	1
property	qualifier	P792	1	1
property	qualifier	P805	6	6
property	qualifier	P813	3	3
property	qualifier	P828	1	1
property	qualifier	P898	62	62
property	qualifier	P9531	853	811
property	qualifier	P958	3	3
property	qualifier	P9763	3538	3538
property	qualifier	P9764	3538	3538
property	qualifier	P996	7	7
property	statement	P10	3	3
property	statement	P101	1	1
property	statement	P1011	1	1
property	statement	P10261	20663	20663
property	statement	P10292	134	134
property	statement	P10339	878	877
property	statement	P10381	11	10
property	statement	P10822	25	24
property	statement	P11053	19	19
property	statement	P11054	19	19
property	statement	P11055	3	3
property	statement	P11070	517	516
property	statement	P11130	1	1
property	statement	P11138	599	590
property	statement	P11230	1	1
property	statement	P11512	18	18
property	statement	P11519	140977	140975
property	statement	P11520	1058	1040
property	statement	P11521	4111	4079
property	statement	P11522	12	12
property	statement	P11523	242	225
property	statement	P11524	26	26
property	statement	P11577	86	76
property	statement	P117	2	2
property	statement	P11750	1	1
property	statement	P11760	27	24
property	statement	P11951	16	16
property	statement	P12027	1	1
property	statement	P12056	1	1
property	statement	P12406	33	33
property	statement	P12410	17	15
property	statement	P1249	17	17
property	statement	P12527	2	1
property	statement	P12550	272	272
property	statement	P12641	51	50
property	statement	P12657	38	38
property	statement	P12868	12	12
property	statement	P12904	755	755
property	statement	P13258	28142	27939
property	statement	P1343	205	196
property	statement	P138	3	3
property	statement	P14505	2	2
property	statement	P1535	1	1
property	statement	P1552	19	19
property	statement	P166	6	6
property	statement	P1683	2	2
property	statement	P18	688	671
property	statement	P1813	2	2
property	statement	P2283	2	2
property	statement	P242	2	2
property	statement	P2441	4	4
property	statement	P276	1	1
property	statement	P2888	10	10
property	statement	P2910	2	2
property	statement	P31	11459	9375
property	statement	P361	4	4
property	statement	P366	3	3
property	statement	P3938	6	6
property	statement	P407	3	2
property	statement	P443	92958	86930
property	statement	P461	1	1
property	statement	P5137	16402	16318
property	statement	P518	6	4
property	statement	P5185	185885	183352
property	statement	P5187	2167	2167
property	statement	P5191	1969	1918
property	statement	P5194	1	1
property	statement	P5238	15026	7717
property	statement	P5279	5719	5685
property	statement	P5323	238	229
property	statement	P5401	1521	1412
property	statement	P5402	1583	1333
property	statement	P5526	1	1
property	statement	P5560	7	5
property	statement	P5713	231	204
property	statement	P582	1	1
property	statement	P5831	1278	998
property	statement	P5911	2503	2496
property	statement	P5923	251	250
property	statement	P5972	1635	781
property	statement	P5973	283	251
property	statement	P5974	104	99
property	statement	P5976	20	15
property	statement	P6084	171	128
property	statement	P61	1	1
property	statement	P6144	2	2
property	statement	P6191	501	442
property	statement	P6254	1	1
property	statement	P6271	402	401
property	statement	P6593	404	390
property	statement	P6597	15	15
property	statement	P6684	3	3
property	statement	P7243	2	1
property	statement	P7481	49	49
property	statement	P7706	33	33
property	statement	P805	1	1
property	statement	P8376	155147	155038
property	statement	P8394	35	33
property	statement	P8471	48	47
property	statement	P8530	102	102
property	statement	P854	1	1
property	statement	P898	7085	6903
property	statement	P921	5	5
property	statement	P9295	21	21
property	statement	P9384	8609	8609
property	statement	P9385	50030	50024
property	statement	P9386	15656	15652
property	statement	P9387	35169	35152
property	statement	P9388	17883	17879
property	statement	P9389	8949	8935
property	statement	P9390	7336	7336
property	statement	P9488	655	613
property	statement	P958	1	1
property	statement	P9660	2	2
property	statement	P973	2555	1510
property	statement	P9940	234251	234175
property	statement	P9947	84981	84981
property	statement	P9970	631	627
property	statement	P9971	39	25
qid	entity_language	Q188	241967	241967
qid	form_feature	Q100952920	10714	10704
qid	form_feature	Q102786	2	2
qid	form_feature	Q10345583	16306	16306
qid	form_feature	Q107614077	378	372
qid	form_feature	Q110786	1025756	197728
qid	form_feature	Q126729404	1	1
qid	form_feature	Q12717679	18790	18670
qid	form_feature	Q131105	344075	179842
qid	form_feature	Q1317831	517961	18955
qid	form_feature	Q14169499	2320	2045
qid	form_feature	Q1424306	1	1
qid	form_feature	Q145599	344165	179785
qid	form_feature	Q146078	344041	179735
qid	form_feature	Q146233	374581	179739
qid	form_feature	Q146786	899337	179187
qid	form_feature	Q1775415	454	65
qid	form_feature	Q1775461	469	78
qid	form_feature	Q179230	19131	19118
qid	form_feature	Q1817208	2252	2028
qid	form_feature	Q1923028	1	1
qid	form_feature	Q192613	290562	18945
qid	form_feature	Q1931259	28407	24230
qid	form_feature	Q21714344	156612	18968
qid	form_feature	Q22716	53391	18563
qid	form_feature	Q3481903	681	43
qid	form_feature	Q3482678	25704	24427
qid	form_feature	Q371427	3	3
qid	form_feature	Q442485	227698	18843
qid	form_feature	Q4818723	146	41
qid	form_feature	Q499327	479	82
qid	form_feature	Q501405	103	16
qid	form_feature	Q51929049	208403	18873
qid	form_feature	Q51929074	153495	18878
qid	form_feature	Q52434245	9	9
qid	form_feature	Q54671845	112852	18640
qid	form_feature	Q55094451	2	2
qid	form_feature	Q55228835	1	1
qid	form_feature	Q55685962	121239	18641
qid	form_feature	Q55698471	34	1
qid	form_feature	Q55698475	34	1
qid	form_feature	Q56352306	22	4
qid	form_feature	Q57156426	2	1
qid	form_feature	Q57156560	2	1
qid	form_feature	Q623742	99	16
qid	form_feature	Q625420	128	19
qid	form_feature	Q682111	230880	18967
qid	form_feature	Q77768790	6	1
qid	form_feature	Q7977953	512	29
qid	form_feature	Q80071	1	1
qid	form_feature	Q953129	24	12
qid	form_feature	Q96407524	466	22
qid	lexical_category	Q102047	310	310
qid	lexical_category	Q102786	11	11
qid	lexical_category	Q104692917	1	1
qid	lexical_category	Q1050744	4	4
qid	lexical_category	Q1084	188942	188942
qid	lexical_category	Q10976085	7	7
qid	lexical_category	Q1122269	4	4
qid	lexical_category	Q1153504	1	1
qid	lexical_category	Q12355361	1	1
qid	lexical_category	Q126473	28	28
qid	lexical_category	Q134830	337	337
qid	lexical_category	Q1401131	9	9
qid	lexical_category	Q147276	1196	1196
qid	lexical_category	Q1502460	9	9
qid	lexical_category	Q161873	1	1
qid	lexical_category	Q184511	3	3
qid	lexical_category	Q184943	70	70
qid	lexical_category	Q187931	24	24
qid	lexical_category	Q1964223	1	1
qid	lexical_category	Q210523	1	1
qid	lexical_category	Q24905	20422	20422
qid	lexical_category	Q2865743	2	2
qid	lexical_category	Q3257782	1	1
qid	lexical_category	Q3397768	1	1
qid	lexical_category	Q34698	26862	26862
qid	lexical_category	Q34793275	3	3
qid	lexical_category	Q35102	34	34
qid	lexical_category	Q358417	1	1
qid	lexical_category	Q36484	119	119
qid	lexical_category	Q380057	2656	2656
qid	lexical_category	Q3813849	1	1
qid	lexical_category	Q41796	1	1
qid	lexical_category	Q468801	16	16
qid	lexical_category	Q4833830	196	196
qid	lexical_category	Q54310231	2	2
qid	lexical_category	Q54792077	8	8
qid	lexical_category	Q576271	1	1
qid	lexical_category	Q63116	243	243
qid	lexical_category	Q7188068	1	1
qid	lexical_category	Q83034	410	410
qid	lexical_category	Q956030	27	27
qid	qualifier_value	Q101583900	1	1
qid	qualifier_value	Q101583918	61	61
qid	qualifier_value	Q102046762	54	54
qid	qualifier_value	Q102786	3	3
qid	qualifier_value	Q10401368	32	32
qid	qualifier_value	Q10401562	12	12
qid	qualifier_value	Q104597585	1	1
qid	qualifier_value	Q10547483	3	3
qid	qualifier_value	Q10714103	8	8
qid	qualifier_value	Q107356532	8	8
qid	qualifier_value	Q108696977	14	14
qid	qualifier_value	Q1094061	1	1
qid	qualifier_value	Q110143752	2	2
qid	qualifier_value	Q112775323	1	1
qid	qualifier_value	Q113117687	1	1
qid	qualifier_value	Q113155270	20	20
qid	qualifier_value	Q113928793	1	1
qid	qualifier_value	Q115819543	37	37
qid	qualifier_value	Q115942947	2	2
qid	qualifier_value	Q11655558	2	2
qid	qualifier_value	Q1167104	1	1
qid	qualifier_value	Q123190215	4	4
qid	qualifier_value	Q123190221	4	4
qid	qualifier_value	Q12721176	1303	1303
qid	qualifier_value	Q128048896	1738	1738
qid	qualifier_value	Q131105	15	15
qid	qualifier_value	Q134316	7	7
qid	qualifier_value	Q1345001	2	2
qid	qualifier_value	Q1366643	1	1
qid	qualifier_value	Q1402059	1	1
qid	qualifier_value	Q140522598	1	1
qid	qualifier_value	Q140522646	3	3
qid	qualifier_value	Q1443347	1	1
qid	qualifier_value	Q145599	1	1
qid	qualifier_value	Q146078	10	10
qid	qualifier_value	Q150	1	1
qid	qualifier_value	Q164573	32	32
qid	qualifier_value	Q16880074	1	1
qid	qualifier_value	Q1775415	1	1
qid	qualifier_value	Q1783534	1	1
qid	qualifier_value	Q1860	2	2
qid	qualifier_value	Q1868542	1	1
qid	qualifier_value	Q188	85	85
qid	qualifier_value	Q204826	2	2
qid	qualifier_value	Q2105891	1	1
qid	qualifier_value	Q21087228	2	2
qid	qualifier_value	Q2586165	2	2
qid	qualifier_value	Q2648169	1	1
qid	qualifier_value	Q279350	2	2
qid	qualifier_value	Q28833099	1	1
qid	qualifier_value	Q28962310	2	2
qid	qualifier_value	Q28962312	8	8
qid	qualifier_value	Q295937	1	1
qid	qualifier_value	Q2990574	19	19
qid	qualifier_value	Q306626	53	53
qid	qualifier_value	Q3186774	1	1
qid	qualifier_value	Q3366868	51	51
qid	qualifier_value	Q3685150	2	2
qid	qualifier_value	Q3685154	2	2
qid	qualifier_value	Q3685162	1	1
qid	qualifier_value	Q39	3	3
qid	qualifier_value	Q3960579	12	12
qid	qualifier_value	Q40	11	11
qid	qualifier_value	Q4120638	1	1
qid	qualifier_value	Q45403344	14	14
qid	qualifier_value	Q46519	4	4
qid	qualifier_value	Q465800	1	1
qid	qualifier_value	Q497778	2	2
qid	qualifier_value	Q499327	2	2
qid	qualifier_value	Q511823	4	4
qid	qualifier_value	Q5313935	1	1
qid	qualifier_value	Q55951821	2	2
qid	qualifier_value	Q55965107	3	3
qid	qualifier_value	Q56352306	33	33
qid	qualifier_value	Q56474	1	1
qid	qualifier_value	Q576271	13	13
qid	qualifier_value	Q59342809	2	2
qid	qualifier_value	Q63315203	2	2
qid	qualifier_value	Q64018348	1	1
qid	qualifier_value	Q6581097	1	1
qid	qualifier_value	Q682136	1	1
qid	qualifier_value	Q728001	1	1
qid	qualifier_value	Q73624591	49	49
qid	qualifier_value	Q8157228	1	1
qid	qualifier_value	Q84048852	1	1
qid	qualifier_value	Q845079	1	1
qid	qualifier_value	Q853463	4	4
qid	qualifier_value	Q875690	2	2
qid	qualifier_value	Q9035	1	1
qid	qualifier_value	Q91013007	1	1
qid	qualifier_value	Q9380060	327	327
qid	qualifier_value	Q96922	4	4
qid	qualifier_value	Q980	2	2
qid	statement_value	Q1	6	6
qid	statement_value	Q1000	1	1
qid	statement_value	Q1001329	1	1
qid	statement_value	Q100146275	2	2
qid	statement_value	Q100188	1	1
qid	statement_value	Q100196	1	1
qid	statement_value	Q1002182	1	1
qid	statement_value	Q100249818	1	1
qid	statement_value	Q100251705	2	2
qid	statement_value	Q100285281	1	1
qid	statement_value	Q1003030	1	1
qid	statement_value	Q1003466	1	1
qid	statement_value	Q100348587	1	1
qid	statement_value	Q1004	1	1
qid	statement_value	Q100440056	1	1
qid	statement_value	Q100450210	2	2
qid	statement_value	Q1005	1	1
qid	statement_value	Q1005397	1	1
qid	statement_value	Q1005416	1	1
qid	statement_value	Q1005420	1	1
qid	statement_value	Q1005490	1	1
qid	statement_value	Q100552500	1	1
qid	statement_value	Q100552658	11	11
qid	statement_value	Q1005815	1	1
qid	statement_value	Q1005829	1	1
qid	statement_value	Q1005947	1	1
qid	statement_value	Q1006	1	1
qid	statement_value	Q1006074	1	1
qid	statement_value	Q1006079	1	1
qid	statement_value	Q1006082	1	1
qid	statement_value	Q1006269	1	1
qid	statement_value	Q1006360	1	1
qid	statement_value	Q1006365	1	1
qid	statement_value	Q1006612	2	2
qid	statement_value	Q1006644	1	1
qid	statement_value	Q1006733	1	1
qid	statement_value	Q1006835	1	1
qid	statement_value	Q1007	1	1
qid	statement_value	Q100706124	1	1
qid	statement_value	Q100706139	1	1
qid	statement_value	Q100709106	1	1
qid	statement_value	Q10076267	1	1
qid	statement_value	Q100778282	1	1
qid	statement_value	Q1008	1	1
qid	statement_value	Q100805023	2	2
qid	statement_value	Q1009	3	3
qid	statement_value	Q1009249	1	1
qid	statement_value	Q100926628	1	1
qid	statement_value	Q1010	1	1
qid	statement_value	Q101038	1	1
qid	statement_value	Q101044775	1	1
qid	statement_value	Q101072	2	2
qid	statement_value	Q101079585	1	1
qid	statement_value	Q101096049	1	1
qid	statement_value	Q1011	1	1
qid	statement_value	Q1011078	1	1
qid	statement_value	Q101166903	1	1
qid	statement_value	Q101183911	1	1
qid	statement_value	Q101189416	1	1
qid	statement_value	Q101209934	1	1
qid	statement_value	Q101244	3	3
qid	statement_value	Q101244523	1	1
qid	statement_value	Q1013	1	1
qid	statement_value	Q101333	2	2
qid	statement_value	Q10134	1	1
qid	statement_value	Q101352	21	21
qid	statement_value	Q101395	1	1
qid	statement_value	Q1014	1	1
qid	statement_value	Q101401	1	1
qid	statement_value	Q101444477	1	1
qid	statement_value	Q101444601	1	1
qid	statement_value	Q101444631	1	1
qid	statement_value	Q101444738	1	1
qid	statement_value	Q101444758	1	1
qid	statement_value	Q101445630	1	1
qid	statement_value	Q10145	1	1
qid	statement_value	Q101500220	1	1
qid	statement_value	Q101538	1	1
qid	statement_value	Q101539	1	1
qid	statement_value	Q101539678	1	1
qid	statement_value	Q101574237	1	1
qid	statement_value	Q101583918	3	3
qid	statement_value	Q1016	3	3
qid	statement_value	Q101609	1	1
qid	statement_value	Q101647823	1	1
qid	statement_value	Q101667	1	1
qid	statement_value	Q101674	1	1
qid	statement_value	Q101687	1	1
qid	statement_value	Q1017	3	3
qid	statement_value	Q101805	1	1
qid	statement_value	Q1018075	3	3
qid	statement_value	Q1018079	1	1
qid	statement_value	Q1018113	1	1
qid	statement_value	Q101815	1	1
qid	statement_value	Q101873	1	1
qid	statement_value	Q101879	1	1
qid	statement_value	Q1019	1	1
qid	statement_value	Q101929	1	1
qid	statement_value	Q101965	1	1
qid	statement_value	Q101971	1	1
qid	statement_value	Q101991	1	1
qid	statement_value	Q101998	1	1
qid	statement_value	Q1020	1	1
qid	statement_value	Q102014	3	3
qid	statement_value	Q102035949	1	1
qid	statement_value	Q1020452	1	1
qid	statement_value	Q102047	1	1
qid	statement_value	Q102050538	3	3
qid	statement_value	Q102050923	3	3
qid	statement_value	Q102059	1	1
qid	statement_value	Q102066	2	2
qid	statement_value	Q1020994	2	2
qid	statement_value	Q1021	1	1
qid	statement_value	Q10210	1	1
qid	statement_value	Q1021290	1	1
qid	statement_value	Q1021386	1	1
qid	statement_value	Q102163551	1	1
qid	statement_value	Q102165	1	1
qid	statement_value	Q1021664	1	1
qid	statement_value	Q1021686	1	1
qid	statement_value	Q102179382	1	1
qid	statement_value	Q102192	1	1
qid	statement_value	Q102193349	1	1
qid	statement_value	Q1022	2	2
qid	statement_value	Q1022113	1	1
qid	statement_value	Q102225420	1	1
qid	statement_value	Q1022293	1	1
qid	statement_value	Q102277154	1	1
qid	statement_value	Q102296	1	1
qid	statement_value	Q102358908	1	1
qid	statement_value	Q102365	1	1
qid	statement_value	Q102424699	1	1
qid	statement_value	Q102429885	1	1
qid	statement_value	Q102477	1	1
qid	statement_value	Q102496	1	1
qid	statement_value	Q1025	2	2
qid	statement_value	Q10251	1	1
qid	statement_value	Q102532	1	1
qid	statement_value	Q102538	1	1
qid	statement_value	Q102561	1	1
qid	statement_value	Q1026	1	1
qid	statement_value	Q102626	3	3
qid	statement_value	Q1027	1	1
qid	statement_value	Q10273457	1	1
qid	statement_value	Q102786	13	13
qid	statement_value	Q1027879	1	1
qid	statement_value	Q102798	1	1
qid	statement_value	Q1028	2	2
qid	statement_value	Q10280358	1	1
qid	statement_value	Q1028181	2	2
qid	statement_value	Q10282403	1	1
qid	statement_value	Q102836	1	1
qid	statement_value	Q102843	1	1
qid	statement_value	Q10285	1	1
qid	statement_value	Q10285998	1	1
qid	statement_value	Q1028884	1	1
qid	statement_value	Q10289	1	1
qid	statement_value	Q1029	1	1
qid	statement_value	Q10290214	1	1
qid	statement_value	Q102904	1	1
qid	statement_value	Q10290970	1	1
qid	statement_value	Q102932	1	1
qid	statement_value	Q10294	4	4
qid	statement_value	Q1029418	1	1
qid	statement_value	Q1029430	2	2
qid	statement_value	Q1029620	1	1
qid	statement_value	Q10296750	1	1
qid	statement_value	Q1029907	1	1
qid	statement_value	Q1030	1	1
qid	statement_value	Q1030037	1	1
qid	statement_value	Q103076	1	1
qid	statement_value	Q10315777	1	1
qid	statement_value	Q103163	1	1
qid	statement_value	Q103184	1	1
qid	statement_value	Q1032	1	1
qid	statement_value	Q1032349	1	1
qid	statement_value	Q10328397	1	1
qid	statement_value	Q1033	3	3
qid	statement_value	Q103350	1	1
qid	statement_value	Q103383087	28	28
qid	statement_value	Q1033951	1	1
qid	statement_value	Q1034411	1	1
qid	statement_value	Q103459	1	1
qid	statement_value	Q103480	1	1
qid	statement_value	Q103495	1	1
qid	statement_value	Q103510	1	1
qid	statement_value	Q1035239	1	1
qid	statement_value	Q103534317	1	1
qid	statement_value	Q103537	1	1
qid	statement_value	Q10359055	1	1
qid	statement_value	Q10359183	1	1
qid	statement_value	Q1035954	1	1
qid	statement_value	Q10359898	1	1
qid	statement_value	Q1036	1	1
qid	statement_value	Q103632	1	1
qid	statement_value	Q1036448	1	1
qid	statement_value	Q1036741	1	1
qid	statement_value	Q1036775	1	1
qid	statement_value	Q1037	1	1
qid	statement_value	Q10374742	1	1
qid	statement_value	Q10374925	1	1
qid	statement_value	Q10379	1	1
qid	statement_value	Q1038	2	2
qid	statement_value	Q103801	1	1
qid	statement_value	Q103808	6	6
qid	statement_value	Q1038097	2	2
qid	statement_value	Q1038119	1	1
qid	statement_value	Q103820137	1	1
qid	statement_value	Q103824	1	1
qid	statement_value	Q10384029	1	1
qid	statement_value	Q10384164	1	1
qid	statement_value	Q103893954	1	1
qid	statement_value	Q103896	1	1
qid	statement_value	Q1039	1	1
qid	statement_value	Q103910	1	1
qid	statement_value	Q103924	1	1
qid	statement_value	Q103984030	1	1
qid	statement_value	Q1040	2	2
qid	statement_value	Q104005460	1	1
qid	statement_value	Q104021	1	1
qid	statement_value	Q104023380	364	363
qid	statement_value	Q104036	1	1
qid	statement_value	Q10404150	1	1
qid	statement_value	Q104083	1	1
qid	statement_value	Q1041	1	1
qid	statement_value	Q1042	1	1
qid	statement_value	Q10420388	1	1
qid	statement_value	Q104212657	1	1
qid	statement_value	Q104219	1	1
qid	statement_value	Q104225	1	1
qid	statement_value	Q1042266	1	1
qid	statement_value	Q10423642	1	1
qid	statement_value	Q104245310	1	1
qid	statement_value	Q10424543	1	1
qid	statement_value	Q10426885	1	1
qid	statement_value	Q10428	1	1
qid	statement_value	Q104280	1	1
qid	statement_value	Q10429564	2	2
qid	statement_value	Q1042979	1	1
qid	statement_value	Q104334	1	1
qid	statement_value	Q104340347	1	1
qid	statement_value	Q1043452	3	3
qid	statement_value	Q10435	1	1
qid	statement_value	Q104363	1	1
qid	statement_value	Q104394	2	2
qid	statement_value	Q1044	1	1
qid	statement_value	Q104412949	1	1
qid	statement_value	Q104418025	1	1
qid	statement_value	Q104418065	2	2
qid	statement_value	Q10443	1	1
qid	statement_value	Q104437152	1	1
qid	statement_value	Q1044528	1	1
qid	statement_value	Q104493	1	1
qid	statement_value	Q104499	1	1
qid	statement_value	Q1045	1	1
qid	statement_value	Q104530232	1	1
qid	statement_value	Q104535352	1	1
qid	statement_value	Q104541	1	1
qid	statement_value	Q104555	1	1
qid	statement_value	Q1045675	1	1
qid	statement_value	Q104585978	1	1
qid	statement_value	Q104597585	3	3
qid	statement_value	Q1046	3	3
qid	statement_value	Q104605901	1	1
qid	statement_value	Q1046315	2	2
qid	statement_value	Q104636031	1	1
qid	statement_value	Q104641	1	1
qid	statement_value	Q10466431	1	1
qid	statement_value	Q1046686	1	1
qid	statement_value	Q104693589	1	1
qid	statement_value	Q10469820	1	1
qid	statement_value	Q1047050	1	1
qid	statement_value	Q104705636	1	1
qid	statement_value	Q1047113	1	1
qid	statement_value	Q104712	1	1
qid	statement_value	Q10475001	1	1
qid	statement_value	Q104771675	1	1
qid	statement_value	Q104776274	1	1
qid	statement_value	Q104777120	1	1
qid	statement_value	Q104787085	1	1
qid	statement_value	Q104787277	1	1
qid	statement_value	Q104787717	1	1
qid	statement_value	Q104803441	2	2
qid	statement_value	Q10481	1	1
qid	statement_value	Q104819	1	1
qid	statement_value	Q104821115	1	1
qid	statement_value	Q104825	1	1
qid	statement_value	Q104828277	1	1
qid	statement_value	Q1048366	1	1
qid	statement_value	Q104837	1	1
qid	statement_value	Q104843	1	1
qid	statement_value	Q10486	1	1
qid	statement_value	Q1048607	1	1
qid	statement_value	Q104869033	1	1
qid	statement_value	Q1049	1	1
qid	statement_value	Q104921786	1	1
qid	statement_value	Q1049294	1	1
qid	statement_value	Q104951136	1	1
qid	statement_value	Q104962	1	1
qid	statement_value	Q1049655	1	1
qid	statement_value	Q1049667	1	1
qid	statement_value	Q1049683	1	1
qid	statement_value	Q104969456	2	2
qid	statement_value	Q104969796	1	1
qid	statement_value	Q10498329	2	2
qid	statement_value	Q105	1	1
qid	statement_value	Q1050	2	2
qid	statement_value	Q1050038	1	1
qid	statement_value	Q10501925	1	1
qid	statement_value	Q1050260	1	1
qid	statement_value	Q105039	1	1
qid	statement_value	Q1050425	1	1
qid	statement_value	Q105047349	1	1
qid	statement_value	Q105047473	1	1
qid	statement_value	Q105062986	1	1
qid	statement_value	Q10508138	2	2
qid	statement_value	Q10509151	1	1
qid	statement_value	Q105095262	1	1
qid	statement_value	Q105098	1	1
qid	statement_value	Q10509939	1	1
qid	statement_value	Q105099779	46	46
qid	statement_value	Q1051130	1	1
qid	statement_value	Q1051530	1	1
qid	statement_value	Q10517054	1	1
qid	statement_value	Q1051798	1	1
qid	statement_value	Q105186	2	2
qid	statement_value	Q10519	1	1
qid	statement_value	Q105190	1	1
qid	statement_value	Q10519151	1	1
qid	statement_value	Q105196	1	1
qid	statement_value	Q105197913	1	1
qid	statement_value	Q1052	1	1
qid	statement_value	Q1052236	1	1
qid	statement_value	Q1052281	1	1
qid	statement_value	Q105236920	1	1
qid	statement_value	Q1052397	1	1
qid	statement_value	Q1052496	1	1
qid	statement_value	Q1052575	1	1
qid	statement_value	Q1053	1	1
qid	statement_value	Q10530101	1	1
qid	statement_value	Q105334701	1	1
qid	statement_value	Q105368	1	1
qid	statement_value	Q10538	1	1
qid	statement_value	Q1053885	1	1
qid	statement_value	Q1053916	1	1
qid	statement_value	Q1054	1	1
qid	statement_value	Q10540773	1	1
qid	statement_value	Q10540834	1	1
qid	statement_value	Q105410756	1	1
qid	statement_value	Q10541289	1	1
qid	statement_value	Q105420	1	1
qid	statement_value	Q105424558	1	1
qid	statement_value	Q105425483	1	1
qid	statement_value	Q105428070	1	1
qid	statement_value	Q105449313	1	1
qid	statement_value	Q105453451	1	1
qid	statement_value	Q105461829	1	1
qid	statement_value	Q1054650	1	1
qid	statement_value	Q10547024	1	1
qid	statement_value	Q10547147	1	1
qid	statement_value	Q1054726	1	1
qid	statement_value	Q10547393	1	1
qid	statement_value	Q10549934	1	1
qid	statement_value	Q1055	5	5
qid	statement_value	Q105507	1	1
qid	statement_value	Q10551045	1	1
qid	statement_value	Q10552108	1	1
qid	statement_value	Q10552154	1	1
qid	statement_value	Q105522	1	1
qid	statement_value	Q10552261	1	1
qid	statement_value	Q1055303	1	1
qid	statement_value	Q105562	1	1
qid	statement_value	Q105571268	614	613
qid	statement_value	Q10559	1	1
qid	statement_value	Q1055911	1	1
qid	statement_value	Q10562733	1	1
qid	statement_value	Q105627457	71	71
qid	statement_value	Q105628811	34	33
qid	statement_value	Q10563	1	1
qid	statement_value	Q1056391	1	1
qid	statement_value	Q1056486	1	1
qid	statement_value	Q10565	1	1
qid	statement_value	Q105650	1	1
qid	statement_value	Q105658318	195	195
qid	statement_value	Q1056617	2	2
qid	statement_value	Q10566551	1	1
qid	statement_value	Q1056662	1	1
qid	statement_value	Q1056737	1	1
qid	statement_value	Q105674	2	2
qid	statement_value	Q105683521	948	947
qid	statement_value	Q1056901	1	1
qid	statement_value	Q1057	2	2
qid	statement_value	Q10571	1	1
qid	statement_value	Q105714288	664	664
qid	statement_value	Q105726	9	9
qid	statement_value	Q1057300	1	1
qid	statement_value	Q1057381	1	1
qid	statement_value	Q105758841	1	1
qid	statement_value	Q10576	1	1
qid	statement_value	Q1057750	1	1
qid	statement_value	Q10578	2	2
qid	statement_value	Q10578722	1	1
qid	statement_value	Q105789	1	1
qid	statement_value	Q105790271	1	1
qid	statement_value	Q10580	1	1
qid	statement_value	Q105825445	1	1
qid	statement_value	Q105839683	1	1
qid	statement_value	Q10586	1	1
qid	statement_value	Q1058617	1	1
qid	statement_value	Q1058762	1	1
qid	statement_value	Q1058791	1	1
qid	statement_value	Q1058795	1	1
qid	statement_value	Q1058800	2	2
qid	statement_value	Q1059	1	1
qid	statement_value	Q105902	1	1
qid	statement_value	Q10591707	2	2
qid	statement_value	Q1059324	1	1
qid	statement_value	Q105943	1	1
qid	statement_value	Q106010	1	1
qid	statement_value	Q1060280	1	1
qid	statement_value	Q1060285	1	1
qid	statement_value	Q106032	1	1
qid	statement_value	Q106039	1	1
qid	statement_value	Q10606293	1	1
qid	statement_value	Q106080	1	1
qid	statement_value	Q1060890	1	1
qid	statement_value	Q106094	1	1
qid	statement_value	Q106106	2	2
qid	statement_value	Q106110777	1	1
qid	statement_value	Q1061108	1	1
qid	statement_value	Q1061140	1	1
qid	statement_value	Q1061151	1	1
qid	statement_value	Q1061157	1	1
qid	statement_value	Q106123	1	1
qid	statement_value	Q1061524	1	1
qid	statement_value	Q10617810	1	1
qid	statement_value	Q1061814	1	1
qid	statement_value	Q10620447	1	1
qid	statement_value	Q10623719	1	1
qid	statement_value	Q1062396	1	1
qid	statement_value	Q106252	1	1
qid	statement_value	Q1062780	1	1
qid	statement_value	Q106300460	1	1
qid	statement_value	Q10631691	1	1
qid	statement_value	Q106321620	1	1
qid	statement_value	Q106333	1	1
qid	statement_value	Q1063547	1	1
qid	statement_value	Q106358009	1	1
qid	statement_value	Q1064192	1	1
qid	statement_value	Q1064669	1	1
qid	statement_value	Q1064762	2	2
qid	statement_value	Q10648343	1	1
qid	statement_value	Q1064858	2	2
qid	statement_value	Q1064904	1	1
qid	statement_value	Q1065	2	2
qid	statement_value	Q10650082	2	2
qid	statement_value	Q106501839	1	1
qid	statement_value	Q1065044	1	1
qid	statement_value	Q106516770	1	1
qid	statement_value	Q1065252	1	1
qid	statement_value	Q1065579	1	1
qid	statement_value	Q106560102	1	1
qid	statement_value	Q106575204	1	1
qid	statement_value	Q10659189	2	2
qid	statement_value	Q10660901	1	1
qid	statement_value	Q106612	2	2
qid	statement_value	Q1066186	4	4
qid	statement_value	Q106623510	1	1
qid	statement_value	Q106625486	1	1
qid	statement_value	Q1066260	1	1
qid	statement_value	Q1066536	1	1
qid	statement_value	Q106658	1	1
qid	statement_value	Q106674425	1	1
qid	statement_value	Q106674426	1	1
qid	statement_value	Q106680422	1	1
qid	statement_value	Q1066907	1	1
qid	statement_value	Q10669499	2	2
qid	statement_value	Q1066997	1	1
qid	statement_value	Q1067316	1	1
qid	statement_value	Q10673859	1	1
qid	statement_value	Q1067560	1	1
qid	statement_value	Q1067601	1	1
qid	statement_value	Q106763294	1	1
qid	statement_value	Q1067693	1	1
qid	statement_value	Q10677498	1	1
qid	statement_value	Q1068034	1	1
qid	statement_value	Q1068056	1	1
qid	statement_value	Q10683158	1	1
qid	statement_value	Q10684887	1	1
qid	statement_value	Q1068602	1	1
qid	statement_value	Q10686380	1	1
qid	statement_value	Q1068715	1	1
qid	statement_value	Q10688145	1	1
qid	statement_value	Q1068842	1	1
qid	statement_value	Q106887370	1	1
qid	statement_value	Q106887372	1	1
qid	statement_value	Q106887411	1	1
qid	statement_value	Q1068947	1	1
qid	statement_value	Q1069	12	12
qid	statement_value	Q1069045	1	1
qid	statement_value	Q106920978	1	1
qid	statement_value	Q106921367	1	1
qid	statement_value	Q1069252	1	1
qid	statement_value	Q1069267	1	1
qid	statement_value	Q10693	1	1
qid	statement_value	Q1069389	1	1
qid	statement_value	Q10694573	1	1
qid	statement_value	Q1069725	2	2
qid	statement_value	Q10698058	1	1
qid	statement_value	Q10698758	1	1
qid	statement_value	Q106998002	1	1
qid	statement_value	Q107	1	1
qid	statement_value	Q107010485	1	1
qid	statement_value	Q1070117	1	1
qid	statement_value	Q10701290	1	1
qid	statement_value	Q1070438	1	1
qid	statement_value	Q1071	23	23
qid	statement_value	Q1071027	1	1
qid	statement_value	Q1071136	1	1
qid	statement_value	Q10716104	1	1
qid	statement_value	Q107192328	1	1
qid	statement_value	Q107194116	1	1
qid	statement_value	Q107194564	1	1
qid	statement_value	Q1071985	2	2
qid	statement_value	Q1072	1	1
qid	statement_value	Q1072012	1	1
qid	statement_value	Q107211	1	1
qid	statement_value	Q107216	1	1
qid	statement_value	Q1072278	1	1
qid	statement_value	Q1072280	1	1
qid	statement_value	Q1072326	1	1
qid	statement_value	Q1072404	1	1
qid	statement_value	Q107246611	1	1
qid	statement_value	Q10726370	1	1
qid	statement_value	Q1072742	1	1
qid	statement_value	Q107293	1	1
qid	statement_value	Q10729326	1	1
qid	statement_value	Q1072946	1	1
qid	statement_value	Q107294708	1	1
qid	statement_value	Q107299985	1	1
qid	statement_value	Q1073	1	1
qid	statement_value	Q1073121	1	1
qid	statement_value	Q107313420	1	1
qid	statement_value	Q10737	5	5
qid	statement_value	Q1074	1	1
qid	statement_value	Q107402100	1	1
qid	statement_value	Q107407067	1	1
qid	statement_value	Q107414	1	1
qid	statement_value	Q1074150	1	1
qid	statement_value	Q107421100	1	1
qid	statement_value	Q107425	1	1
qid	statement_value	Q107434304	1	1
qid	statement_value	Q107485428	1	1
qid	statement_value	Q1074953	1	1
qid	statement_value	Q10749837	1	1
qid	statement_value	Q1075	1	1
qid	statement_value	Q10752679	1	1
qid	statement_value	Q1075310	2	2
qid	statement_value	Q10754476	1	1
qid	statement_value	Q1075651	1	1
qid	statement_value	Q1075810	1	1
qid	statement_value	Q1075912	1	1
qid	statement_value	Q1075929	1	1
qid	statement_value	Q107614077	1	1
qid	statement_value	Q107617	2	2
qid	statement_value	Q107627504	19	19
qid	statement_value	Q1076502	1	1
qid	statement_value	Q1076532	2	2
qid	statement_value	Q1076652	1	1
qid	statement_value	Q107679	1	1
qid	statement_value	Q1076803	1	1
qid	statement_value	Q1076906	1	1
qid	statement_value	Q107711	4	4
qid	statement_value	Q107724506	1	1
qid	statement_value	Q1077350	2	2
qid	statement_value	Q1077388	1	1
qid	statement_value	Q1078351	2	2
qid	statement_value	Q107885	1	1
qid	statement_value	Q1079023	1	1
qid	statement_value	Q107910355	1	1
qid	statement_value	Q1079241	1	1
qid	statement_value	Q1079748	1	1
qid	statement_value	Q10798	1	1
qid	statement_value	Q107994	1	1
qid	statement_value	Q108	7	7
qid	statement_value	Q108000	1	1
qid	statement_value	Q10800557	1	1
qid	statement_value	Q1080183	1	1
qid	statement_value	Q10803218	1	1
qid	statement_value	Q108065444	1	1
qid	statement_value	Q108102381	1	1
qid	statement_value	Q10811	1	1
qid	statement_value	Q108114826	1	1
qid	statement_value	Q108124122	2	2
qid	statement_value	Q1081491	1	1
qid	statement_value	Q108163	1	1
qid	statement_value	Q10817602	2	2
qid	statement_value	Q108212	1	1
qid	statement_value	Q108316901	1	1
qid	statement_value	Q108317304	2	2
qid	statement_value	Q108320110	1	1
qid	statement_value	Q108325	2	2
qid	statement_value	Q10832530	1	1
qid	statement_value	Q1083265	1	1
qid	statement_value	Q10833314	2	2
qid	statement_value	Q1083457	1	1
qid	statement_value	Q108370147	1	1
qid	statement_value	Q108376	1	1
qid	statement_value	Q1084	127	127
qid	statement_value	Q10843263	1	1
qid	statement_value	Q10843402	2	2
qid	statement_value	Q1084472	1	1
qid	statement_value	Q108458	2	2
qid	statement_value	Q108466280	1	1
qid	statement_value	Q108492219	1	1
qid	statement_value	Q1085	2	2
qid	statement_value	Q10850	1	1
qid	statement_value	Q108527339	1	1
qid	statement_value	Q108544861	1	1
qid	statement_value	Q108545184	1	1
qid	statement_value	Q108554349	1	1
qid	statement_value	Q108566	1	1
qid	statement_value	Q108566387	1	1
qid	statement_value	Q10856962	1	1
qid	statement_value	Q10857409	1	1
qid	statement_value	Q10858068	2	2
qid	statement_value	Q10858537	1	1
qid	statement_value	Q10859394	1	1
qid	statement_value	Q10859910	1	1
qid	statement_value	Q1085993	1	1
qid	statement_value	Q108599713	1	1
qid	statement_value	Q1086	1	1
qid	statement_value	Q108602677	1	1
qid	statement_value	Q10861387	1	1
qid	statement_value	Q10861465	4	4
qid	statement_value	Q10862618	1	1
qid	statement_value	Q10862983	1	1
qid	statement_value	Q108634029	1	1
qid	statement_value	Q108636	1	1
qid	statement_value	Q108696977	1	1
qid	statement_value	Q1087	1	1
qid	statement_value	Q10870555	1	1
qid	statement_value	Q108709	71	71
qid	statement_value	Q1087138	1	1
qid	statement_value	Q108714555	1	1
qid	statement_value	Q108714611	1	1
qid	statement_value	Q108715764	25	25
qid	statement_value	Q108719793	1	1
qid	statement_value	Q10872101	1	1
qid	statement_value	Q1087262	1	1
qid	statement_value	Q108728	1	1
qid	statement_value	Q10873124	1	1
qid	statement_value	Q1087392	1	1
qid	statement_value	Q108763834	1	1
qid	statement_value	Q10876391	1	1
qid	statement_value	Q108766	1	1
qid	statement_value	Q108779	1	1
qid	statement_value	Q1088	1	1
qid	statement_value	Q10880526	1	1
qid	statement_value	Q108818661	1	1
qid	statement_value	Q1088223	1	1
qid	statement_value	Q108824675	1	1
qid	statement_value	Q108824961	1	1
qid	statement_value	Q10884	1	1
qid	statement_value	Q1088449	1	1
qid	statement_value	Q108898119	1	1
qid	statement_value	Q1089	1	1
qid	statement_value	Q108909759	1	1
qid	statement_value	Q108910022	1	1
qid	statement_value	Q108915766	1	1
qid	statement_value	Q108938323	1	1
qid	statement_value	Q108951109	1	1
qid	statement_value	Q109	2	2
qid	statement_value	Q1090	1	1
qid	statement_value	Q109017112	1	1
qid	statement_value	Q1090219	1	1
qid	statement_value	Q109061712	2	1
qid	statement_value	Q1090674	1	1
qid	statement_value	Q10908	1	1
qid	statement_value	Q1090839	1	1
qid	statement_value	Q1091	2	2
qid	statement_value	Q109154771	1	1
qid	statement_value	Q109196	1	1
qid	statement_value	Q109243377	2	2
qid	statement_value	Q1092499	1	1
qid	statement_value	Q1092641	1	1
qid	statement_value	Q10929058	1	1
qid	statement_value	Q1092993	1	1
qid	statement_value	Q10931	2	2
qid	statement_value	Q1093180	1	1
qid	statement_value	Q1093205	1	1
qid	statement_value	Q1093434	1	1
qid	statement_value	Q1093742	1	1
qid	statement_value	Q1093759	1	1
qid	statement_value	Q109391	2	2
qid	statement_value	Q1094	1	1
qid	statement_value	Q109411	1	1
qid	statement_value	Q10943	2	2
qid	statement_value	Q109453857	1	1
qid	statement_value	Q1095	1	1
qid	statement_value	Q109528322	9	9
qid	statement_value	Q10953859	1	1
qid	statement_value	Q10954253	1	1
qid	statement_value	Q109568772	1	1
qid	statement_value	Q109568858	1	1
qid	statement_value	Q109593105	1	1
qid	statement_value	Q1096	1	1
qid	statement_value	Q109607	1	1
qid	statement_value	Q109657162	1	1
qid	statement_value	Q109674924	1	1
qid	statement_value	Q1096907	1	1
qid	statement_value	Q1097118	1	1
qid	statement_value	Q10971443	4	4
qid	statement_value	Q109742	1	1
qid	statement_value	Q1097498	1	1
qid	statement_value	Q10976085	1	1
qid	statement_value	Q1097630	1	1
qid	statement_value	Q109769583	1	1
qid	statement_value	Q1097775	2	2
qid	statement_value	Q10978	3	3
qid	statement_value	Q1097859	1	1
qid	statement_value	Q1097949	1	1
qid	statement_value	Q1098	1	1
qid	statement_value	Q10980	1	1
qid	statement_value	Q10980893	1	1
qid	statement_value	Q109862464	1	1
qid	statement_value	Q10987	1	1
qid	statement_value	Q10988133	2	2
qid	statement_value	Q1099	2	2
qid	statement_value	Q10990	1	1
qid	statement_value	Q109911295	1	1
qid	statement_value	Q109925875	1	1
qid	statement_value	Q109940	1	1
qid	statement_value	Q109964	1	1
qid	statement_value	Q10998	1	1
qid	statement_value	Q110	4	4
qid	statement_value	Q1100	1	1
qid	statement_value	Q110015752	1	1
qid	statement_value	Q11002	1	1
qid	statement_value	Q110022	3	3
qid	statement_value	Q11004	1	1
qid	statement_value	Q1100491	1	1
qid	statement_value	Q11006	2	2
qid	statement_value	Q110063840	24	24
qid	statement_value	Q110079	1	1
qid	statement_value	Q110084	1	1
qid	statement_value	Q110088311	1	1
qid	statement_value	Q11009	1	1
qid	statement_value	Q11011074	1	1
qid	statement_value	Q11012	1	1
qid	statement_value	Q11015	1	1
qid	statement_value	Q110155210	1	1
qid	statement_value	Q11016	7	7
qid	statement_value	Q110163922	1	1
qid	statement_value	Q110176	1	1
qid	statement_value	Q11019	1	1
qid	statement_value	Q1102	1	1
qid	statement_value	Q11022	1	1
qid	statement_value	Q11023	1	1
qid	statement_value	Q11024	1	1
qid	statement_value	Q110255742	1	1
qid	statement_value	Q110272656	1	1
qid	statement_value	Q11027461	1	1
qid	statement_value	Q11027623	1	1
qid	statement_value	Q110279643	3	3
qid	statement_value	Q11028	1	1
qid	statement_value	Q110297224	1	1
qid	statement_value	Q1103	2	2
qid	statement_value	Q11030	2	2
qid	statement_value	Q110300820	1	1
qid	statement_value	Q110304	1	1
qid	statement_value	Q110316701	1	1
qid	statement_value	Q11032	7	7
qid	statement_value	Q110324480	4	4
qid	statement_value	Q11033	1	1
qid	statement_value	Q1103369	1	1
qid	statement_value	Q11034	4	4
qid	statement_value	Q11035	2	2
qid	statement_value	Q110382634	1	1
qid	statement_value	Q11038979	1	1
qid	statement_value	Q1104034	1	1
qid	statement_value	Q1104153	1	1
qid	statement_value	Q110419691	1	1
qid	statement_value	Q110421465	1	1
qid	statement_value	Q1104234	1	1
qid	statement_value	Q110443830	1	1
qid	statement_value	Q110458263	2	2
qid	statement_value	Q110459162	1	1
qid	statement_value	Q1105	1	1
qid	statement_value	Q110504663	1	1
qid	statement_value	Q11053	1	1
qid	statement_value	Q110548596	1	1
qid	statement_value	Q11056900	1	1
qid	statement_value	Q110592635	1	1
qid	statement_value	Q1106	1	1
qid	statement_value	Q11060274	1	1
qid	statement_value	Q110611176	1	1
qid	statement_value	Q110611295	1	1
qid	statement_value	Q11061286	1	1
qid	statement_value	Q11063	2	2
qid	statement_value	Q110699729	1	1
qid	statement_value	Q1107	1	1
qid	statement_value	Q110729089	1	1
qid	statement_value	Q1107393	1	1
qid	statement_value	Q11075979	1	1
qid	statement_value	Q1107656	1	1
qid	statement_value	Q110786	22	22
qid	statement_value	Q110789283	1	1
qid	statement_value	Q110791	1	1
qid	statement_value	Q1108	3	3
qid	statement_value	Q11081	2	2
qid	statement_value	Q11081619	1	1
qid	statement_value	Q11083	1	1
qid	statement_value	Q11083119	1	1
qid	statement_value	Q11085	2	2
qid	statement_value	Q110854230	1	1
qid	statement_value	Q110854780	1	1
qid	statement_value	Q11085831	1	1
qid	statement_value	Q11086567	1	1
qid	statement_value	Q110874	1	1
qid	statement_value	Q1108792	1	1
qid	statement_value	Q110879706	1	1
qid	statement_value	Q1109	1	1
qid	statement_value	Q11090	1	1
qid	statement_value	Q1109069	1	1
qid	statement_value	Q110910247	1	1
qid	statement_value	Q110942731	2	2
qid	statement_value	Q110951908	1	1
qid	statement_value	Q1109680	1	1
qid	statement_value	Q110972325	1	1
qid	statement_value	Q110983878	9	9
qid	statement_value	Q110985381	1	1
qid	statement_value	Q111	5	5
qid	statement_value	Q111015439	1	1
qid	statement_value	Q111029	1	1
qid	statement_value	Q111042857	2	2
qid	statement_value	Q111048186	2	2
qid	statement_value	Q11106	1	1
qid	statement_value	Q1110689	1	1
qid	statement_value	Q1110794	1	1
qid	statement_value	Q111079961	1	1
qid	statement_value	Q111081068	1	1
qid	statement_value	Q111081138	4	4
qid	statement_value	Q111092	2	2
qid	statement_value	Q11111237	1	1
qid	statement_value	Q111124	2	2
qid	statement_value	Q11113719	1	1
qid	statement_value	Q111140	1	1
qid	statement_value	Q111161	2	2
qid	statement_value	Q1112	1	1
qid	statement_value	Q111200596	1	1
qid	statement_value	Q11122389	1	1
qid	statement_value	Q111224	1	1
qid	statement_value	Q1112477	1	1
qid	statement_value	Q11124885	1	1
qid	statement_value	Q1112585	1	1
qid	statement_value	Q111294455	1	1
qid	statement_value	Q1113454	1	1
qid	statement_value	Q1113483	1	1
qid	statement_value	Q111352	1	1
qid	statement_value	Q1113838	5	5
qid	statement_value	Q111450509	1	1
qid	statement_value	Q1115	1	1
qid	statement_value	Q1115162	1	1
qid	statement_value	Q111550147	1	1
qid	statement_value	Q1115672	1	1
qid	statement_value	Q11158	1	1
qid	statement_value	Q11160262	1	1
qid	statement_value	Q1116133	1	1
qid	statement_value	Q11162356	1	1
qid	statement_value	Q111648372	1	1
qid	statement_value	Q111661805	2	2
qid	statement_value	Q11166728	1	1
qid	statement_value	Q11167	1	1
qid	statement_value	Q11169	1	1
qid	statement_value	Q11172462	1	1
qid	statement_value	Q11173	1	1
qid	statement_value	Q11175	1	1
qid	statement_value	Q11175039	1	1
qid	statement_value	Q11183017	1	1
qid	statement_value	Q111837	1	1
qid	statement_value	Q11183787	1	1
qid	statement_value	Q11184976	1	1
qid	statement_value	Q11184979	1	1
qid	statement_value	Q11184992	1	1
qid	statement_value	Q11185000	2	2
qid	statement_value	Q11185341	2	2
qid	statement_value	Q11185388	1	1
qid	statement_value	Q11185411	1	1
qid	statement_value	Q111862665	1	1
qid	statement_value	Q11186375	1	1
qid	statement_value	Q111878552	7	7
qid	statement_value	Q11188	1	1
qid	statement_value	Q1119	1	1
qid	statement_value	Q11190	17	17
qid	statement_value	Q11193	1	1
qid	statement_value	Q11197	1	1
qid	statement_value	Q1119911	2	2
qid	statement_value	Q111992011	1	1
qid	statement_value	Q111994656	1	1
qid	statement_value	Q112	1	1
qid	statement_value	Q11201061	1	1
qid	statement_value	Q11202952	1	1
qid	statement_value	Q112040407	1	1
qid	statement_value	Q112041972	1	1
qid	statement_value	Q112045556	2	2
qid	statement_value	Q11205	1	1
qid	statement_value	Q112052646	1	1
qid	statement_value	Q112075216	1	1
qid	statement_value	Q112099	1	1
qid	statement_value	Q1121	1	1
qid	statement_value	Q112121897	1	1
qid	statement_value	Q1121224	2	2
qid	statement_value	Q11213	2	2
qid	statement_value	Q112154728	1	1
qid	statement_value	Q112161	1	1
qid	statement_value	Q1121708	7	7
qid	statement_value	Q112192788	1	1
qid	statement_value	Q1122094	1	1
qid	statement_value	Q11223899	1	1
qid	statement_value	Q1122506	1	1
qid	statement_value	Q112258376	1	1
qid	statement_value	Q112263731	2	2
qid	statement_value	Q11229	1	1
qid	statement_value	Q1123	1	1
qid	statement_value	Q1123029	1	1
qid	statement_value	Q1123139	1	1
qid	statement_value	Q11236878	1	1
qid	statement_value	Q1124006	1	1
qid	statement_value	Q11241	1	1
qid	statement_value	Q1124198	4	4
qid	statement_value	Q1124301	1	1
qid	statement_value	Q1124327	1	1
qid	statement_value	Q11247470	1	1
qid	statement_value	Q1124860	1	1
qid	statement_value	Q1125062	1	1
qid	statement_value	Q1125102	1	1
qid	statement_value	Q1125321	1	1
qid	statement_value	Q1125338	1	1
qid	statement_value	Q1125415	1	1
qid	statement_value	Q112572697	1	1
qid	statement_value	Q1125776	1	1
qid	statement_value	Q112612691	1	1
qid	statement_value	Q112612914	1	1
qid	statement_value	Q112613506	2	2
qid	statement_value	Q112613829	1	1
qid	statement_value	Q112619241	1	1
qid	statement_value	Q112619249	1	1
qid	statement_value	Q112624863	1	1
qid	statement_value	Q1126251	1	1
qid	statement_value	Q11263525	1	1
qid	statement_value	Q11264216	1	1
qid	statement_value	Q112653827	1	1
qid	statement_value	Q1126556	5	5
qid	statement_value	Q112674694	1	1
qid	statement_value	Q11269	2	2
qid	statement_value	Q112700797	1	1
qid	statement_value	Q11271835	1	1
qid	statement_value	Q1127209	1	1
qid	statement_value	Q1127246	1	1
qid	statement_value	Q1127330	1	1
qid	statement_value	Q11276	1	1
qid	statement_value	Q112779060	1	1
qid	statement_value	Q1128	1	1
qid	statement_value	Q11281	1	1
qid	statement_value	Q1128255	1	1
qid	statement_value	Q112827867	2	2
qid	statement_value	Q1128324	1	1
qid	statement_value	Q11283415	1	1
qid	statement_value	Q11284655	1	1
qid	statement_value	Q1128622	1	1
qid	statement_value	Q11288132	1	1
qid	statement_value	Q11289374	1	1
qid	statement_value	Q112917738	1	1
qid	statement_value	Q11292	1	1
qid	statement_value	Q1129239	1	1
qid	statement_value	Q11293375	1	1
qid	statement_value	Q1129474	1	1
qid	statement_value	Q1129632	1	1
qid	statement_value	Q1129653	1	1
qid	statement_value	Q113016019	1	1
qid	statement_value	Q113016630	1	1
qid	statement_value	Q11303	1	1
qid	statement_value	Q11303285	1	1
qid	statement_value	Q11303721	1	1
qid	statement_value	Q1130519	1	1
qid	statement_value	Q1130761	1	1
qid	statement_value	Q113083888	13	13
qid	statement_value	Q113093	1	1
qid	statement_value	Q113103481	2	2
qid	statement_value	Q113112	1	1
qid	statement_value	Q113115542	1	1
qid	statement_value	Q113119617	1	1
qid	statement_value	Q1131270	1	1
qid	statement_value	Q113137531	1	1
qid	statement_value	Q11315	1	1
qid	statement_value	Q113159385	1	1
qid	statement_value	Q113162017	1	1
qid	statement_value	Q113191810	1	1
qid	statement_value	Q113192107	2	2
qid	statement_value	Q1132131	1	1
qid	statement_value	Q1132285	1	1
qid	statement_value	Q1132324	1	1
qid	statement_value	Q1132459	1	1
qid	statement_value	Q11326220	1	1
qid	statement_value	Q1132841	1	1
qid	statement_value	Q1132862	2	2
qid	statement_value	Q1133	1	1
qid	statement_value	Q1133032	1	1
qid	statement_value	Q1133209	1	1
qid	statement_value	Q1133242	1	1
qid	statement_value	Q1133705	1	1
qid	statement_value	Q11338576	2	2
qid	statement_value	Q1133968	1	1
qid	statement_value	Q113403623	1	1
qid	statement_value	Q1134091	1	1
qid	statement_value	Q1134237	2	2
qid	statement_value	Q1134306	1	1
qid	statement_value	Q113435031	1	1
qid	statement_value	Q1134386	1	1
qid	statement_value	Q11345	4	4
qid	statement_value	Q1134643	1	1
qid	statement_value	Q113468779	1	1
qid	statement_value	Q113501758	1	1
qid	statement_value	Q11352	1	1
qid	statement_value	Q1135221	1	1
qid	statement_value	Q11352736	1	1
qid	statement_value	Q113528172	1	1
qid	statement_value	Q1135389	1	1
qid	statement_value	Q1135449	1	1
qid	statement_value	Q113546307	1	1
qid	statement_value	Q1135557	1	1
qid	statement_value	Q1135882	1	1
qid	statement_value	Q1135885	1	1
qid	statement_value	Q113603	1	1
qid	statement_value	Q1136342	1	1
qid	statement_value	Q113636285	1	1
qid	statement_value	Q11364	1	1
qid	statement_value	Q1136404	1	1
qid	statement_value	Q113645518	1	1
qid	statement_value	Q1136525	1	1
qid	statement_value	Q1136648	1	1
qid	statement_value	Q11369	1	1
qid	statement_value	Q1136974	1	1
qid	statement_value	Q11369842	1	1
qid	statement_value	Q1137326	1	1
qid	statement_value	Q1137365	1	1
qid	statement_value	Q1137441	1	1
qid	statement_value	Q1137468	1	1
qid	statement_value	Q11376	2	2
qid	statement_value	Q1137608	1	1
qid	statement_value	Q1137656	2	2
qid	statement_value	Q1137759	1	1
qid	statement_value	Q1137778	1	1
qid	statement_value	Q1137809	1	1
qid	statement_value	Q11379	1	1
qid	statement_value	Q11381	1	1
qid	statement_value	Q113816883	1	1
qid	statement_value	Q1138468	1	1
qid	statement_value	Q11387009	1	1
qid	statement_value	Q11387149	2	2
qid	statement_value	Q1138737	1	1
qid	statement_value	Q1139211	2	2
qid	statement_value	Q113925598	1	1
qid	statement_value	Q113925828	2	2
qid	statement_value	Q11392621	1	1
qid	statement_value	Q1139394	1	1
qid	statement_value	Q113946152	1	1
qid	statement_value	Q11395	2	2
qid	statement_value	Q1139519	1	1
qid	statement_value	Q11396303	1	1
qid	statement_value	Q113973409	1	1
qid	statement_value	Q11398090	4	4
qid	statement_value	Q11399	1	1
qid	statement_value	Q113990141	1	1
qid	statement_value	Q1139975	1	1
qid	statement_value	Q113999448	1	1
qid	statement_value	Q113999457	1	1
qid	statement_value	Q114	1	1
qid	statement_value	Q114002214	1	1
qid	statement_value	Q114005795	1	1
qid	statement_value	Q114007218	1	1
qid	statement_value	Q11402	1	1
qid	statement_value	Q1140308	1	1
qid	statement_value	Q11404	2	2
qid	statement_value	Q1140419	3	3
qid	statement_value	Q114049644	1	1
qid	statement_value	Q11405	1	1
qid	statement_value	Q1140537	1	1
qid	statement_value	Q11408	1	1
qid	statement_value	Q114080955	2	2
qid	statement_value	Q11410	2	2
qid	statement_value	Q11411	1	1
qid	statement_value	Q11412	1	1
qid	statement_value	Q11413	1	1
qid	statement_value	Q11415564	1	1
qid	statement_value	Q11416	3	3
qid	statement_value	Q11419	1	1
qid	statement_value	Q1141983	1	1
qid	statement_value	Q1142	1	1
qid	statement_value	Q11420	1	1
qid	statement_value	Q11420631	21	21
qid	statement_value	Q11421	1	1
qid	statement_value	Q11422	2	2
qid	statement_value	Q11423	1	1
qid	statement_value	Q1142365	1	1
qid	statement_value	Q11424	1	1
qid	statement_value	Q11424100	1	1
qid	statement_value	Q1142459	1	1
qid	statement_value	Q11425	1	1
qid	statement_value	Q1142519	1	1
qid	statement_value	Q1142523	1	1
qid	statement_value	Q1142530	1	1
qid	statement_value	Q1142538	1	1
qid	statement_value	Q11426	1	1
qid	statement_value	Q11427	1	1
qid	statement_value	Q1142794	1	1
qid	statement_value	Q1142905	1	1
qid	statement_value	Q11429760	1	1
qid	statement_value	Q11430	1	1
qid	statement_value	Q1143012	1	1
qid	statement_value	Q11430180	2	2
qid	statement_value	Q1143034	1	1
qid	statement_value	Q11432	1	1
qid	statement_value	Q11432170	1	1
qid	statement_value	Q11435	1	1
qid	statement_value	Q1143546	1	1
qid	statement_value	Q11436	1	1
qid	statement_value	Q114375	1	1
qid	statement_value	Q114380	1	1
qid	statement_value	Q1144039	1	1
qid	statement_value	Q11442	6	6
qid	statement_value	Q1144312	2	2
qid	statement_value	Q1144457	1	1
qid	statement_value	Q1144593	2	2
qid	statement_value	Q11446	2	2
qid	statement_value	Q11448	1	1
qid	statement_value	Q1144935	2	2
qid	statement_value	Q11451	4	4
qid	statement_value	Q1145228	1	1
qid	statement_value	Q11453	1	1
qid	statement_value	Q1145422	2	2
qid	statement_value	Q1145477	1	1
qid	statement_value	Q1145523	5	5
qid	statement_value	Q11456	1	1
qid	statement_value	Q1145647	1	1
qid	statement_value	Q114566600	1	1
qid	statement_value	Q114566750	1	1
qid	statement_value	Q1145833	1	1
qid	statement_value	Q11460	5	5
qid	statement_value	Q1146001	2	2
qid	statement_value	Q11461	1	1
qid	statement_value	Q114612388	1	1
qid	statement_value	Q1146358	1	1
qid	statement_value	Q1146363	1	1
qid	statement_value	Q1146365	1	1
qid	statement_value	Q1146546	1	1
qid	statement_value	Q11466	1	1
qid	statement_value	Q11467	1	1
qid	statement_value	Q114675	1	1
qid	statement_value	Q1146887	1	1
qid	statement_value	Q11469	1	1
qid	statement_value	Q11471	1	1
qid	statement_value	Q11472	1	1
qid	statement_value	Q1147273	2	2
qid	statement_value	Q11473	1	1
qid	statement_value	Q114732027	1	1
qid	statement_value	Q11474	2	2
qid	statement_value	Q1147507	1	1
qid	statement_value	Q1147633	1	1
qid	statement_value	Q114799	1	1
qid	statement_value	Q1148060	1	1
qid	statement_value	Q11481802	1	1
qid	statement_value	Q1148188	1	1
qid	statement_value	Q1148375	1	1
qid	statement_value	Q1148563	1	1
qid	statement_value	Q1148709	1	1
qid	statement_value	Q11487510	1	1
qid	statement_value	Q1149061	1	1
qid	statement_value	Q11493441	4	4
qid	statement_value	Q11499267	2	2
qid	statement_value	Q11499482	1	1
qid	statement_value	Q1149963	1	1
qid	statement_value	Q115	3	3
qid	statement_value	Q1150070	3	3
qid	statement_value	Q115017431	1	1
qid	statement_value	Q1150541	1	1
qid	statement_value	Q1150958	1	1
qid	statement_value	Q1151067	1	1
qid	statement_value	Q115112136	1	1
qid	statement_value	Q1151241	3	3
qid	statement_value	Q11513337	1	1
qid	statement_value	Q11514315	1	1
qid	statement_value	Q115170271	1	1
qid	statement_value	Q115183977	1	1
qid	statement_value	Q115193357	1	1
qid	statement_value	Q115203785	1	1
qid	statement_value	Q115205785	1	1
qid	statement_value	Q115205803	1	1
qid	statement_value	Q115205825	1	1
qid	statement_value	Q115209	1	1
qid	statement_value	Q115216540	1	1
qid	statement_value	Q115233967	1	1
qid	statement_value	Q115234074	1	1
qid	statement_value	Q115236109	2	2
qid	statement_value	Q1152399	1	1
qid	statement_value	Q1152429	1	1
qid	statement_value	Q1152594	1	1
qid	statement_value	Q1153173	1	1
qid	statement_value	Q11536219	2	2
qid	statement_value	Q11536499	1	1
qid	statement_value	Q1153655	1	1
qid	statement_value	Q11538	1	1
qid	statement_value	Q1154141	2	2
qid	statement_value	Q11545923	1	1
qid	statement_value	Q1154740	1	1
qid	statement_value	Q11547758	1	1
qid	statement_value	Q115488	1	1
qid	statement_value	Q115491052	1	1
qid	statement_value	Q1155370	1	1
qid	statement_value	Q115564437	1	1
qid	statement_value	Q1155838	1	1
qid	statement_value	Q11559471	1	1
qid	statement_value	Q115626192	1	1
qid	statement_value	Q11563	1	1
qid	statement_value	Q115630774	1	1
qid	statement_value	Q115640974	1	1
qid	statement_value	Q11564376	1	1
qid	statement_value	Q115654648	1	1
qid	statement_value	Q115655908	1	1
qid	statement_value	Q115661	1	1
qid	statement_value	Q1156634	1	1
qid	statement_value	Q115665045	1	1
qid	statement_value	Q115668308	2	2
qid	statement_value	Q1156791	2	2
qid	statement_value	Q1156860	1	1
qid	statement_value	Q1156881	2	2
qid	statement_value	Q1156923	2	2
qid	statement_value	Q1156970	2	2
qid	statement_value	Q11570	2	2
qid	statement_value	Q11571100	1	1
qid	statement_value	Q115728332	2	2
qid	statement_value	Q11573	2	2
qid	statement_value	Q11574	2	2
qid	statement_value	Q115748499	1	1
qid	statement_value	Q11575	2	2
qid	statement_value	Q115754746	1	1
qid	statement_value	Q11577	1	1
qid	statement_value	Q11579	1	1
qid	statement_value	Q1158154	1	1
qid	statement_value	Q11582	1	1
qid	statement_value	Q1158489	1	1
qid	statement_value	Q1158570	1	1
qid	statement_value	Q1158891	1	1
qid	statement_value	Q1158906	1	1
qid	statement_value	Q1159009	1	1
qid	statement_value	Q115959335	1	1
qid	statement_value	Q116003388	17	17
qid	statement_value	Q1160121	1	1
qid	statement_value	Q1160505	1	1
qid	statement_value	Q116054367	1	1
qid	statement_value	Q11606860	1	1
qid	statement_value	Q1161185	1	1
qid	statement_value	Q116165214	1	1
qid	statement_value	Q116191	1	1
qid	statement_value	Q116192506	1	1
qid	statement_value	Q116202261	1	1
qid	statement_value	Q11620540	1	1
qid	statement_value	Q116213	1	1
qid	statement_value	Q1162163	1	1
qid	statement_value	Q11621982	1	1
qid	statement_value	Q1162282	1	1
qid	statement_value	Q116244942	1	1
qid	statement_value	Q1162598	1	1
qid	statement_value	Q11626361	1	1
qid	statement_value	Q11626671	1	1
qid	statement_value	Q11629	2	2
qid	statement_value	Q11631	9	9
qid	statement_value	Q1163271	1	1
qid	statement_value	Q11633	2	2
qid	statement_value	Q11635	6	6
qid	statement_value	Q116364153	1	1
qid	statement_value	Q1163717	1	1
qid	statement_value	Q11639	2	2
qid	statement_value	Q1163963	1	1
qid	statement_value	Q11642	2	2
qid	statement_value	Q11642595	1	1
qid	statement_value	Q1164290	1	1
qid	statement_value	Q1164342	1	1
qid	statement_value	Q1164432	1	1
qid	statement_value	Q11644505	1	1
qid	statement_value	Q116449932	1	1
qid	statement_value	Q116453492	1	1
qid	statement_value	Q1164590	1	1
qid	statement_value	Q1164668	1	1
qid	statement_value	Q11646939	1	1
qid	statement_value	Q116483737	3	3
qid	statement_value	Q11650	2	2
qid	statement_value	Q116506414	1	1
qid	statement_value	Q11651	1	1
qid	statement_value	Q1165126	1	1
qid	statement_value	Q11652	1	1
qid	statement_value	Q116526996	1	1
qid	statement_value	Q11655558	23	23
qid	statement_value	Q1165588	1	1
qid	statement_value	Q11656	1	1
qid	statement_value	Q1165839	1	1
qid	statement_value	Q116587442	1	1
qid	statement_value	Q1165892	1	1
qid	statement_value	Q1165944	2	2
qid	statement_value	Q1166	1	1
qid	statement_value	Q11660	2	2
qid	statement_value	Q11661	6	6
qid	statement_value	Q11663	1	1
qid	statement_value	Q11664270	1	1
qid	statement_value	Q1167104	7	7
qid	statement_value	Q116762580	2	2
qid	statement_value	Q116778910	1	1
qid	statement_value	Q116783096	1	1
qid	statement_value	Q1167841	1	1
qid	statement_value	Q116787041	2	2
qid	statement_value	Q11680195	2	2
qid	statement_value	Q11680831	1	1
qid	statement_value	Q116817354	11	11
qid	statement_value	Q11681869	1	1
qid	statement_value	Q11681907	1	1
qid	statement_value	Q11682369	1	1
qid	statement_value	Q1168263	1	1
qid	statement_value	Q1168287	1	1
qid	statement_value	Q1168432	1	1
qid	statement_value	Q116877139	1	1
qid	statement_value	Q11690461	1	1
qid	statement_value	Q1169186	1	1
qid	statement_value	Q1169195	1	1
qid	statement_value	Q11692	1	1
qid	statement_value	Q116923711	3	3
qid	statement_value	Q116925316	1	1
qid	statement_value	Q11693	1	1
qid	statement_value	Q11693783	1	1
qid	statement_value	Q116946936	10	10
qid	statement_value	Q116946937	10	10
qid	statement_value	Q116952633	1	1
qid	statement_value	Q116958279	1	1
qid	statement_value	Q1169664	1	1
qid	statement_value	Q11697931	1	1
qid	statement_value	Q117	1	1
qid	statement_value	Q1170080	1	1
qid	statement_value	Q11701015	1	1
qid	statement_value	Q1170249	1	1
qid	statement_value	Q117029249	1	1
qid	statement_value	Q117036410	1	1
qid	statement_value	Q11703678	1	1
qid	statement_value	Q117068	1	1
qid	statement_value	Q11707	6	6
qid	statement_value	Q11708	1	1
qid	statement_value	Q11710365	1	1
qid	statement_value	Q11712460	1	1
qid	statement_value	Q11714847	1	1
qid	statement_value	Q1172472	1	1
qid	statement_value	Q117266	1	1
qid	statement_value	Q117289098	1	1
qid	statement_value	Q1172903	1	1
qid	statement_value	Q1172910	1	1
qid	statement_value	Q1172934	1	1
qid	statement_value	Q1173065	1	1
qid	statement_value	Q117313182	1	1
qid	statement_value	Q117350153	1	1
qid	statement_value	Q117350158	1	1
qid	statement_value	Q11736598	1	1
qid	statement_value	Q117448639	40	40
qid	statement_value	Q1174599	1	1
qid	statement_value	Q1174791	1	1
qid	statement_value	Q11748378	1	1
qid	statement_value	Q1174982	1	1
qid	statement_value	Q11751	1	1
qid	statement_value	Q11751755	1	1
qid	statement_value	Q117536595	1	1
qid	statement_value	Q11755880	3	3
qid	statement_value	Q11756	4	4
qid	statement_value	Q117571	1	1
qid	statement_value	Q11759	1	1
qid	statement_value	Q117599884	1	1
qid	statement_value	Q11761	1	1
qid	statement_value	Q11764	1	1
qid	statement_value	Q11765	1	1
qid	statement_value	Q11774202	1	1
qid	statement_value	Q11774891	1	1
qid	statement_value	Q117769382	1	1
qid	statement_value	Q117788411	1	1
qid	statement_value	Q11780435	1	1
qid	statement_value	Q117833233	1	1
qid	statement_value	Q11788	1	1
qid	statement_value	Q11790198	1	1
qid	statement_value	Q11795748	1	1
qid	statement_value	Q11796892	1	1
qid	statement_value	Q11796964	1	1
qid	statement_value	Q11797611	1	1
qid	statement_value	Q1179791	1	1
qid	statement_value	Q118	4	4
qid	statement_value	Q1180262	1	1
qid	statement_value	Q118084	1	1
qid	statement_value	Q11812394	1	1
qid	statement_value	Q11812551	1	1
qid	statement_value	Q11812678	1	1
qid	statement_value	Q118129197	2	2
qid	statement_value	Q1181693	1	1
qid	statement_value	Q11817014	1	1
qid	statement_value	Q118192648	1	1
qid	statement_value	Q11825143	1	1
qid	statement_value	Q1182580	1	1
qid	statement_value	Q11828861	1	1
qid	statement_value	Q118292712	6	6
qid	statement_value	Q1183	1	1
qid	statement_value	Q118332140	6	6
qid	statement_value	Q118333618	1	1
qid	statement_value	Q118347633	4	4
qid	statement_value	Q1183543	2	2
qid	statement_value	Q11835431	1	1
qid	statement_value	Q1183652	1	1
qid	statement_value	Q118445310	1	1
qid	statement_value	Q1184840	1	1
qid	statement_value	Q11848548	1	1
qid	statement_value	Q118502194	4	4
qid	statement_value	Q1185086	1	1
qid	statement_value	Q11853965	1	1
qid	statement_value	Q1185607	1	1
qid	statement_value	Q11862829	4	4
qid	statement_value	Q1186323	1	1
qid	statement_value	Q118641135	1	1
qid	statement_value	Q118641173	1	1
qid	statement_value	Q1186677	1	1
qid	statement_value	Q1186751	1	1
qid	statement_value	Q1187145	1	1
qid	statement_value	Q1187312	1	1
qid	statement_value	Q118733339	3	3
qid	statement_value	Q1187421	1	1
qid	statement_value	Q11875349	1	1
qid	statement_value	Q1187538	1	1
qid	statement_value	Q11875820	1	1
qid	statement_value	Q1187616	1	1
qid	statement_value	Q1187930	1	1
qid	statement_value	Q1187968	1	1
qid	statement_value	Q1188480	1	1
qid	statement_value	Q118865	1	1
qid	statement_value	Q11886611	1	1
qid	statement_value	Q1188986	1	1
qid	statement_value	Q1189047	2	2
qid	statement_value	Q1189242	1	1
qid	statement_value	Q118954209	1	1
qid	statement_value	Q11895763	1	1
qid	statement_value	Q118958	1	1
qid	statement_value	Q1189745	1	1
qid	statement_value	Q1189777	1	1
qid	statement_value	Q1189820	1	1
qid	statement_value	Q1189842	1	1
qid	statement_value	Q119	5	5
qid	statement_value	Q11902879	1	1
qid	statement_value	Q1190414	1	1
qid	statement_value	Q1190467	1	1
qid	statement_value	Q1190472	1	1
qid	statement_value	Q11905003	1	1
qid	statement_value	Q1190554	5	5
qid	statement_value	Q1190578	1	1
qid	statement_value	Q1190910	2	2
qid	statement_value	Q11911	1	1
qid	statement_value	Q1191286	1	1
qid	statement_value	Q1191504	2	2
qid	statement_value	Q1191527	1	1
qid	statement_value	Q1191556	1	1
qid	statement_value	Q119171057	2	2
qid	statement_value	Q1191732	1	1
qid	statement_value	Q1191747	1	1
qid	statement_value	Q1192031	1	1
qid	statement_value	Q1192049	1	1
qid	statement_value	Q11920728	1	1
qid	statement_value	Q1192097	1	1
qid	statement_value	Q11921506	2	2
qid	statement_value	Q11922	1	1
qid	statement_value	Q1192354	1	1
qid	statement_value	Q11925	1	1
qid	statement_value	Q11929	1	1
qid	statement_value	Q1193162	2	2
qid	statement_value	Q1193236	1	1
qid	statement_value	Q11933	1	1
qid	statement_value	Q1193328	1	1
qid	statement_value	Q11936122	1	1
qid	statement_value	Q1194	2	2
qid	statement_value	Q1194111	2	2
qid	statement_value	Q1194132	1	1
qid	statement_value	Q1194369	1	1
qid	statement_value	Q11945244	1	1
qid	statement_value	Q11946202	3	3
qid	statement_value	Q1194773	1	1
qid	statement_value	Q1194951	1	1
qid	statement_value	Q1195276	1	1
qid	statement_value	Q1195470	1	1
qid	statement_value	Q1195697	1	1
qid	statement_value	Q11957145	2	2
qid	statement_value	Q1196	2	2
qid	statement_value	Q1196074	1	1
qid	statement_value	Q1196129	1	1
qid	statement_value	Q11962286	1	1
qid	statement_value	Q1196473	1	1
qid	statement_value	Q1196645	2	2
qid	statement_value	Q1197	2	2
qid	statement_value	Q11972456	1	1
qid	statement_value	Q1197552	1	1
qid	statement_value	Q1197726	1	1
qid	statement_value	Q11979994	1	1
qid	statement_value	Q1198	2	2
qid	statement_value	Q11981837	1	1
qid	statement_value	Q11982	1	1
qid	statement_value	Q1198538	1	1
qid	statement_value	Q1199	1	1
qid	statement_value	Q11990	1	1
qid	statement_value	Q1199022	1	1
qid	statement_value	Q11990434	1	1
qid	statement_value	Q11995	1	1
qid	statement_value	Q11998775	1	1
qid	statement_value	Q1199954	1	1
qid	statement_value	Q120	5	5
qid	statement_value	Q1200	1	1
qid	statement_value	Q1200435	1	1
qid	statement_value	Q120049825	1	1
qid	statement_value	Q1200532	1	1
qid	statement_value	Q1200750	1	1
qid	statement_value	Q120077072	1	1
qid	statement_value	Q120077303	1	1
qid	statement_value	Q12008959	1	1
qid	statement_value	Q1200918	1	1
qid	statement_value	Q120096553	1	1
qid	statement_value	Q1201	1	1
qid	statement_value	Q1201081	1	1
qid	statement_value	Q12011744	1	1
qid	statement_value	Q12013238	1	1
qid	statement_value	Q12013533	1	1
qid	statement_value	Q1201472	1	1
qid	statement_value	Q1201922	1	1
qid	statement_value	Q12019351	1	1
qid	statement_value	Q1202	1	1
qid	statement_value	Q12021746	1	1
qid	statement_value	Q1202425	1	1
qid	statement_value	Q12029	1	1
qid	statement_value	Q12029485	1	1
qid	statement_value	Q12032322	1	1
qid	statement_value	Q120334010	1	1
qid	statement_value	Q12038843	1	1
qid	statement_value	Q1204	1	1
qid	statement_value	Q1204277	1	1
qid	statement_value	Q12043672	1	1
qid	statement_value	Q12045523	2	2
qid	statement_value	Q12047207	1	1
qid	statement_value	Q12048317	1	1
qid	statement_value	Q1205	2	2
qid	statement_value	Q12050977	2	2
qid	statement_value	Q12051314	1	1
qid	statement_value	Q12051531	4	4
qid	statement_value	Q12053830	2	2
qid	statement_value	Q12054589	1	1
qid	statement_value	Q12056809	1	1
qid	statement_value	Q120569	1	1
qid	statement_value	Q12057445	1	1
qid	statement_value	Q1206	1	1
qid	statement_value	Q1206012	1	1
qid	statement_value	Q1206042	1	1
qid	statement_value	Q12060881	1	1
qid	statement_value	Q12068060	2	2
qid	statement_value	Q12068677	1	1
qid	statement_value	Q1207	1	1
qid	statement_value	Q12073245	1	1
qid	statement_value	Q1207505	2	2
qid	statement_value	Q12078	3	3
qid	statement_value	Q1207909	2	2
qid	statement_value	Q1208	3	3
qid	statement_value	Q1208221	1	1
qid	statement_value	Q1208301	1	1
qid	statement_value	Q120833098	1	1
qid	statement_value	Q12089156	1	1
qid	statement_value	Q120893506	1	1
qid	statement_value	Q1209	2	2
qid	statement_value	Q12094958	1	1
qid	statement_value	Q1209676	1	1
qid	statement_value	Q12097	1	1
qid	statement_value	Q1209716	1	1
qid	statement_value	Q120976	1	1
qid	statement_value	Q12099	1	1
qid	statement_value	Q121	5	5
qid	statement_value	Q12100	2	2
qid	statement_value	Q1210069	1	1
qid	statement_value	Q12101244	1	1
qid	statement_value	Q1210185	1	1
qid	statement_value	Q1210334	1	1
qid	statement_value	Q12104	1	1
qid	statement_value	Q1210630	1	1
qid	statement_value	Q12107	1	1
qid	statement_value	Q1210743	1	1
qid	statement_value	Q121078494	1	1
qid	statement_value	Q1210980	1	1
qid	statement_value	Q121117	1	1
qid	statement_value	Q121122201	1	1
qid	statement_value	Q1211297	1	1
qid	statement_value	Q1211349	1	1
qid	statement_value	Q12115	1	1
qid	statement_value	Q12117	3	3
qid	statement_value	Q1211742	1	1
qid	statement_value	Q121176	1	1
qid	statement_value	Q12119633	1	1
qid	statement_value	Q121221	1	1
qid	statement_value	Q12125	1	1
qid	statement_value	Q121254	1	1
qid	statement_value	Q121288959	1	1
qid	statement_value	Q1212935	1	1
qid	statement_value	Q121307947	1	1
qid	statement_value	Q12131	1	1
qid	statement_value	Q12132	1	1
qid	statement_value	Q12133	2	2
qid	statement_value	Q12134	1	1
qid	statement_value	Q121359	1	1
qid	statement_value	Q12136	1	1
qid	statement_value	Q121378	1	1
qid	statement_value	Q12139612	1	1
qid	statement_value	Q12140	2	2
qid	statement_value	Q12142910	1	1
qid	statement_value	Q12143	1	1
qid	statement_value	Q121439	1	1
qid	statement_value	Q12144907	1	1
qid	statement_value	Q12146	1	1
qid	statement_value	Q12147	1	1
qid	statement_value	Q121477037	3	3
qid	statement_value	Q121477117	4	4
qid	statement_value	Q1214796	3	3
qid	statement_value	Q12150903	1	1
qid	statement_value	Q12151852	1	1
qid	statement_value	Q12152	1	1
qid	statement_value	Q121545689	1	1
qid	statement_value	Q121547964	4	4
qid	statement_value	Q12156	1	1
qid	statement_value	Q12158205	2	2
qid	statement_value	Q121594	1	1
qid	statement_value	Q121608189	1	1
qid	statement_value	Q12160962	1	1
qid	statement_value	Q121624127	1	1
qid	statement_value	Q121633286	1	1
qid	statement_value	Q121650	1	1
qid	statement_value	Q12166	1	1
qid	statement_value	Q12166442	1	1
qid	statement_value	Q121668737	1	1
qid	statement_value	Q121670730	1	1
qid	statement_value	Q121672561	2	2
qid	statement_value	Q121694423	5	5
qid	statement_value	Q121695279	2	2
qid	statement_value	Q12171	1	1
qid	statement_value	Q121713	1	1
qid	statement_value	Q12173670	1	1
qid	statement_value	Q121742	1	1
qid	statement_value	Q121750	1	1
qid	statement_value	Q12176345	2	2
qid	statement_value	Q12176632	1	1
qid	statement_value	Q12177444	1	1
qid	statement_value	Q121834008	1	1
qid	statement_value	Q12183411	2	2
qid	statement_value	Q12184	1	1
qid	statement_value	Q121842	1	1
qid	statement_value	Q121856307	1	1
qid	statement_value	Q12191	1	1
qid	statement_value	Q12192	1	1
qid	statement_value	Q12198	1	1
qid	statement_value	Q1219805	1	1
qid	statement_value	Q12199	1	1
qid	statement_value	Q121998	4	4
qid	statement_value	Q122	4	4
qid	statement_value	Q1220097	1	1
qid	statement_value	Q1220102	1	1
qid	statement_value	Q12202	1	1
qid	statement_value	Q12202238	1	1
qid	statement_value	Q12204	1	1
qid	statement_value	Q122069	1	1
qid	statement_value	Q1221081	1	1
qid	statement_value	Q1221119	1	1
qid	statement_value	Q1221156	1	1
qid	statement_value	Q1221899	1	1
qid	statement_value	Q122224	4	4
qid	statement_value	Q122331261	1	1
qid	statement_value	Q1224135	1	1
qid	statement_value	Q1224507	1	1
qid	statement_value	Q1224856	1	1
qid	statement_value	Q1224999	1	1
qid	statement_value	Q1225026	2	2
qid	statement_value	Q1225105	1	1
qid	statement_value	Q1225109	1	1
qid	statement_value	Q1225161	1	1
qid	statement_value	Q12252328	4	4
qid	statement_value	Q12252383	2	2
qid	statement_value	Q1225329	1	1
qid	statement_value	Q1225491	1	1
qid	statement_value	Q1225651	1	1
qid	statement_value	Q1225716	1	1
qid	statement_value	Q1226	1	1
qid	statement_value	Q1226286	1	1
qid	statement_value	Q12263384	1	1
qid	statement_value	Q122636750	3	3
qid	statement_value	Q1226389	1	1
qid	statement_value	Q122653	1	1
qid	statement_value	Q122679	1	1
qid	statement_value	Q1226939	2	2
qid	statement_value	Q12271	7	7
qid	statement_value	Q1227591	1	1
qid	statement_value	Q1227621	1	1
qid	statement_value	Q12277	1	1
qid	statement_value	Q12280	1	1
qid	statement_value	Q1228250	1	1
qid	statement_value	Q12284	2	2
qid	statement_value	Q122867010	1	1
qid	statement_value	Q122871958	1	1
qid	statement_value	Q1228843	1	1
qid	statement_value	Q1228895	1	1
qid	statement_value	Q1229	1	1
qid	statement_value	Q1229025	1	1
qid	statement_value	Q1229071	1	1
qid	statement_value	Q12294124	1	1
qid	statement_value	Q122943014	1	1
qid	statement_value	Q1229640	1	1
qid	statement_value	Q122973905	1	1
qid	statement_value	Q1229774	1	1
qid	statement_value	Q122981	1	1
qid	statement_value	Q122981952	1	1
qid	statement_value	Q122981954	1	1
qid	statement_value	Q122981956	1	1
qid	statement_value	Q122981963	1	1
qid	statement_value	Q122997968	1	1
qid	statement_value	Q123	4	4
qid	statement_value	Q123004110	1	1
qid	statement_value	Q123010540	1	1
qid	statement_value	Q123010705	2	2
qid	statement_value	Q123030	1	1
qid	statement_value	Q12303322	1	1
qid	statement_value	Q12303449	1	1
qid	statement_value	Q123039318	3	3
qid	statement_value	Q123049633	1	1
qid	statement_value	Q123051456	2	2
qid	statement_value	Q1230525	1	1
qid	statement_value	Q123053105	1	1
qid	statement_value	Q1230584	3	3
qid	statement_value	Q123059176	1	1
qid	statement_value	Q12306661	1	1
qid	statement_value	Q1230779	1	1
qid	statement_value	Q123095507	1	1
qid	statement_value	Q1231	1	1
qid	statement_value	Q123102	1	1
qid	statement_value	Q12310205	1	1
qid	statement_value	Q12310958	1	1
qid	statement_value	Q12310971	1	1
qid	statement_value	Q123120	1	1
qid	statement_value	Q123141	1	1
qid	statement_value	Q12317360	1	1
qid	statement_value	Q123182053	1	1
qid	statement_value	Q12318393	1	1
qid	statement_value	Q123184276	1	1
qid	statement_value	Q1231865	1	1
qid	statement_value	Q123190315	3	3
qid	statement_value	Q123193388	1	1
qid	statement_value	Q1231985	1	1
qid	statement_value	Q1232	2	2
qid	statement_value	Q12321	30	30
qid	statement_value	Q12321255	1	1
qid	statement_value	Q12321764	1	1
qid	statement_value	Q12322185	1	1
qid	statement_value	Q1232376	1	1
qid	statement_value	Q1232589	1	1
qid	statement_value	Q12325903	1	1
qid	statement_value	Q12326776	1	1
qid	statement_value	Q1232783	1	1
qid	statement_value	Q12329230	1	1
qid	statement_value	Q12329924	1	1
qid	statement_value	Q12330357	1	1
qid	statement_value	Q12330939	1	1
qid	statement_value	Q123314	1	1
qid	statement_value	Q12335479	1	1
qid	statement_value	Q12335853	2	2
qid	statement_value	Q12335857	3	3
qid	statement_value	Q1233637	1	1
qid	statement_value	Q123368090	1	1
qid	statement_value	Q12337	1	1
qid	statement_value	Q12339722	1	1
qid	statement_value	Q1234	1	1
qid	statement_value	Q12340108	1	1
qid	statement_value	Q12341378	2	2
qid	statement_value	Q12341808	1	1
qid	statement_value	Q123432	1	1
qid	statement_value	Q12344159	1	1
qid	statement_value	Q12344306	1	1
qid	statement_value	Q12345567	1	1
qid	statement_value	Q123458126	1	1
qid	statement_value	Q1234713	2	2
qid	statement_value	Q12347522	1	1
qid	statement_value	Q12347612	1	1
qid	statement_value	Q123480	1	1
qid	statement_value	Q12350071	1	1
qid	statement_value	Q123509	1	1
qid	statement_value	Q1235136	1	1
qid	statement_value	Q123524	1	1
qid	statement_value	Q123530788	1	1
qid	statement_value	Q123542	1	1
qid	statement_value	Q12355361	1	1
qid	statement_value	Q123561016	1	1
qid	statement_value	Q12359071	1	1
qid	statement_value	Q12360	1	1
qid	statement_value	Q12360214	2	2
qid	statement_value	Q123619	1	1
qid	statement_value	Q1236444	1	1
qid	statement_value	Q12364761	2	2
qid	statement_value	Q123663924	1	1
qid	statement_value	Q12367929	1	1
qid	statement_value	Q12369284	1	1
qid	statement_value	Q123705	6	6
qid	statement_value	Q12371368	1	1
qid	statement_value	Q12371971	1	1
qid	statement_value	Q12372598	4	4
qid	statement_value	Q123741451	3	3
qid	statement_value	Q12374821	1	1
qid	statement_value	Q12374879	1	1
qid	statement_value	Q12375156	1	1
qid	statement_value	Q12376778	1	1
qid	statement_value	Q12377274	2	2
qid	statement_value	Q12377291	1	1
qid	statement_value	Q12378336	2	2
qid	statement_value	Q12379015	1	1
qid	statement_value	Q12379081	1	1
qid	statement_value	Q1238570	1	1
qid	statement_value	Q12385831	1	1
qid	statement_value	Q1238720	2	2
qid	statement_value	Q1238998	1	1
qid	statement_value	Q123929317	1	1
qid	statement_value	Q12394035	1	1
qid	statement_value	Q1239497	1	1
qid	statement_value	Q123992008	1	1
qid	statement_value	Q1239975	1	1
qid	statement_value	Q123999859	1	1
qid	statement_value	Q124	2	2
qid	statement_value	Q12400991	1	1
qid	statement_value	Q124013999	2	2
qid	statement_value	Q12404	1	1
qid	statement_value	Q1240546	1	1
qid	statement_value	Q124062331	1	1
qid	statement_value	Q12407075	1	1
qid	statement_value	Q124072	1	1
qid	statement_value	Q12407563	1	1
qid	statement_value	Q124128888	1	1
qid	statement_value	Q1241356	1	1
qid	statement_value	Q12414919	1	1
qid	statement_value	Q124174090	1	1
qid	statement_value	Q1242123	1	1
qid	statement_value	Q124216	2	2
qid	statement_value	Q1242244	1	1
qid	statement_value	Q1242505	1	1
qid	statement_value	Q1242555	1	1
qid	statement_value	Q1242632	1	1
qid	statement_value	Q124274	1	1
qid	statement_value	Q124282	1	1
qid	statement_value	Q1242841	1	1
qid	statement_value	Q124291	1	1
qid	statement_value	Q1243075	1	1
qid	statement_value	Q1243157	1	1
qid	statement_value	Q124328315	5	5
qid	statement_value	Q124328316	6	6
qid	statement_value	Q124328317	17	17
qid	statement_value	Q124328318	23	23
qid	statement_value	Q124328320	102	102
qid	statement_value	Q124328321	50	50
qid	statement_value	Q12433	1	1
qid	statement_value	Q1243600	1	1
qid	statement_value	Q124363303	1	1
qid	statement_value	Q124363327	1	1
qid	statement_value	Q124363551	1	1
qid	statement_value	Q124369495	2	2
qid	statement_value	Q124385627	1	1
qid	statement_value	Q1243873	2	2
qid	statement_value	Q1243996	1	1
qid	statement_value	Q1244038	1	1
qid	statement_value	Q124419082	1	1
qid	statement_value	Q124441	1	1
qid	statement_value	Q1244442	2	2
qid	statement_value	Q124461375	1	1
qid	statement_value	Q124462604	1	1
qid	statement_value	Q124490	1	1
qid	statement_value	Q1245713	1	1
qid	statement_value	Q12458	1	1
qid	statement_value	Q1246	3	3
qid	statement_value	Q124608319	1	1
qid	statement_value	Q124609313	1	1
qid	statement_value	Q124615583	1	1
qid	statement_value	Q124649219	1	1
qid	statement_value	Q124657236	1	1
qid	statement_value	Q124695	1	1
qid	statement_value	Q124705	1	1
qid	statement_value	Q124711288	2	2
qid	statement_value	Q124714	1	1
qid	statement_value	Q124734	1	1
qid	statement_value	Q1247560	2	2
qid	statement_value	Q12478	1	1
qid	statement_value	Q124794	4	4
qid	statement_value	Q124795441	5	5
qid	statement_value	Q12480578	2	2
qid	statement_value	Q12482	1	1
qid	statement_value	Q1248222	1	1
qid	statement_value	Q124842747	1	1
qid	statement_value	Q12485	1	1
qid	statement_value	Q1248771	1	1
qid	statement_value	Q1248784	1	1
qid	statement_value	Q12488383	2	2
qid	statement_value	Q1248904	1	1
qid	statement_value	Q1249	1	1
qid	statement_value	Q1249148	1	1
qid	statement_value	Q1249178	1	1
qid	statement_value	Q124922	1	1
qid	statement_value	Q124956333	1	1
qid	statement_value	Q124964	1	1
qid	statement_value	Q124969	1	1
qid	statement_value	Q124969080	1	1
qid	statement_value	Q124972530	1	1
qid	statement_value	Q12498236	1	1
qid	statement_value	Q125	5	5
qid	statement_value	Q12502	1	1
qid	statement_value	Q12504525	1	1
qid	statement_value	Q1250464	1	1
qid	statement_value	Q12507	2	2
qid	statement_value	Q12508892	1	1
qid	statement_value	Q125100403	1	1
qid	statement_value	Q12511	1	1
qid	statement_value	Q12513	2	2
qid	statement_value	Q1251403	1	1
qid	statement_value	Q1251441	5	5
qid	statement_value	Q12516	1	1
qid	statement_value	Q125166778	8	8
qid	statement_value	Q125166871	19	19
qid	statement_value	Q125167415	11	11
qid	statement_value	Q12518	1	1
qid	statement_value	Q125183827	1	1
qid	statement_value	Q125184070	1	1
qid	statement_value	Q125191	2	2
qid	statement_value	Q1252	1	1
qid	statement_value	Q1252133	1	1
qid	statement_value	Q125216847	1	1
qid	statement_value	Q1252181	1	1
qid	statement_value	Q12526162	1	1
qid	statement_value	Q125276782	1	1
qid	statement_value	Q12529	1	1
qid	statement_value	Q125291959	1	1
qid	statement_value	Q125294388	1	1
qid	statement_value	Q12533094	3	3
qid	statement_value	Q125337	1	1
qid	statement_value	Q12535449	1	1
qid	statement_value	Q125356	1	1
qid	statement_value	Q12539	1	1
qid	statement_value	Q12539258	1	1
qid	statement_value	Q125397971	11	11
qid	statement_value	Q125397993	1	1
qid	statement_value	Q1254187	1	1
qid	statement_value	Q125421	1	1
qid	statement_value	Q12546	1	1
qid	statement_value	Q125465	1	1
qid	statement_value	Q1254687	1	1
qid	statement_value	Q12547062	1	1
qid	statement_value	Q12547146	2	2
qid	statement_value	Q12547192	1	1
qid	statement_value	Q125482	1	1
qid	statement_value	Q1254933	1	1
qid	statement_value	Q125498559	5	5
qid	statement_value	Q125523004	1	1
qid	statement_value	Q125523700	4	4
qid	statement_value	Q125523721	1	1
qid	statement_value	Q1255302	1	1
qid	statement_value	Q1255331	1	1
qid	statement_value	Q12554	1	1
qid	statement_value	Q1255454	1	1
qid	statement_value	Q1255545	1	1
qid	statement_value	Q1255828	1	1
qid	statement_value	Q12558574	1	1
qid	statement_value	Q1255864	1	1
qid	statement_value	Q1255921	1	1
qid	statement_value	Q12561877	1	1
qid	statement_value	Q12562	1	1
qid	statement_value	Q125621778	1	1
qid	statement_value	Q1256565	1	1
qid	statement_value	Q12566483	1	1
qid	statement_value	Q1256687	1	1
qid	statement_value	Q12567549	1	1
qid	statement_value	Q1257155	1	1
qid	statement_value	Q12573	1	1
qid	statement_value	Q1257905	1	1
qid	statement_value	Q12579633	1	1
qid	statement_value	Q12579950	1	1
qid	statement_value	Q1258	1	1
qid	statement_value	Q125801931	1	1
qid	statement_value	Q12581	1	1
qid	statement_value	Q1258214	1	1
qid	statement_value	Q1258256	1	1
qid	statement_value	Q12585468	1	1
qid	statement_value	Q125872906	1	1
qid	statement_value	Q1258910	1	1
qid	statement_value	Q12592	1	1
qid	statement_value	Q125928	1	1
qid	statement_value	Q1259323	1	1
qid	statement_value	Q125935293	1	1
qid	statement_value	Q12599	1	1
qid	statement_value	Q1259917	4	4
qid	statement_value	Q126	7	7
qid	statement_value	Q1260003	1	1
qid	statement_value	Q1260024	1	1
qid	statement_value	Q1260046	1	1
qid	statement_value	Q1260512	1	1
qid	statement_value	Q1260524	1	1
qid	statement_value	Q1260632	1	1
qid	statement_value	Q1260827	1	1
qid	statement_value	Q126083134	1	1
qid	statement_value	Q1260916	1	1
qid	statement_value	Q126095	2	2
qid	statement_value	Q1261499	1	1
qid	statement_value	Q1261571	1	1
qid	statement_value	Q12621536	2	2
qid	statement_value	Q1262182	1	1
qid	statement_value	Q1262613	1	1
qid	statement_value	Q126269	1	1
qid	statement_value	Q126282189	1	1
qid	statement_value	Q126287865	1	1
qid	statement_value	Q126287969	1	1
qid	statement_value	Q12631126	1	1
qid	statement_value	Q12633655	7	7
qid	statement_value	Q12634815	1	1
qid	statement_value	Q12638	1	1
qid	statement_value	Q12640	1	1
qid	statement_value	Q1264373	1	1
qid	statement_value	Q1264393	1	1
qid	statement_value	Q12644761	1	1
qid	statement_value	Q12648999	1	1
qid	statement_value	Q126543073	1	1
qid	statement_value	Q126553	1	1
qid	statement_value	Q1265533	1	1
qid	statement_value	Q12656492	1	1
qid	statement_value	Q1265665	1	1
qid	statement_value	Q1265698	1	1
qid	statement_value	Q1265976	1	1
qid	statement_value	Q1266	1	1
qid	statement_value	Q126692	1	1
qid	statement_value	Q1266967	1	1
qid	statement_value	Q1267102	1	1
qid	statement_value	Q1267177	1	1
qid	statement_value	Q1267186	1	1
qid	statement_value	Q1267611	1	1
qid	statement_value	Q1267889	1	1
qid	statement_value	Q126793	1	1
qid	statement_value	Q126807	1	1
qid	statement_value	Q12681666	1	1
qid	statement_value	Q1268199	1	1
qid	statement_value	Q12684	1	1
qid	statement_value	Q1268865	1	1
qid	statement_value	Q1269	2	2
qid	statement_value	Q1269063	1	1
qid	statement_value	Q1269627	1	1
qid	statement_value	Q127	5	5
qid	statement_value	Q127006	1	1
qid	statement_value	Q1270577	1	1
qid	statement_value	Q127060	1	1
qid	statement_value	Q127076	1	1
qid	statement_value	Q1270787	1	1
qid	statement_value	Q1271022	1	1
qid	statement_value	Q1271023	1	1
qid	statement_value	Q12713481	1	1
qid	statement_value	Q12714	1	1
qid	statement_value	Q12714274	1	1
qid	statement_value	Q12715048	1	1
qid	statement_value	Q12716876	1	1
qid	statement_value	Q12717234	1	1
qid	statement_value	Q12718243	1	1
qid	statement_value	Q12718299	1	1
qid	statement_value	Q12718544	1	1
qid	statement_value	Q12719646	1	1
qid	statement_value	Q127197	1	1
qid	statement_value	Q12721	1	1
qid	statement_value	Q12722870	1	1
qid	statement_value	Q12722942	1	1
qid	statement_value	Q12724	1	1
qid	statement_value	Q12724017	1	1
qid	statement_value	Q12725	3	3
qid	statement_value	Q1273217	2	2
qid	statement_value	Q1273628	1	1
qid	statement_value	Q12737077	1	1
qid	statement_value	Q12738	1	1
qid	statement_value	Q1273840	1	1
qid	statement_value	Q12739	1	1
qid	statement_value	Q1274115	2	2
qid	statement_value	Q127418	1	1
qid	statement_value	Q12752882	1	1
qid	statement_value	Q12754227	2	2
qid	statement_value	Q12757	1	1
qid	statement_value	Q127583	1	1
qid	statement_value	Q12758374	1	1
qid	statement_value	Q12760	1	1
qid	statement_value	Q12761956	1	1
qid	statement_value	Q1276284	1	1
qid	statement_value	Q12764401	3	3
qid	statement_value	Q12765408	1	1
qid	statement_value	Q12765670	1	1
qid	statement_value	Q127666	1	1
qid	statement_value	Q12767209	1	1
qid	statement_value	Q12769393	3	3
qid	statement_value	Q127704965	1	1
qid	statement_value	Q127724	1	1
qid	statement_value	Q12772819	1	1
qid	statement_value	Q12772971	1	1
qid	statement_value	Q12773225	2	2
qid	statement_value	Q12773274	5	5
qid	statement_value	Q12773886	1	1
qid	statement_value	Q12774020	1	1
qid	statement_value	Q12774177	1	1
qid	statement_value	Q1277475	1	1
qid	statement_value	Q1277575	4	4
qid	statement_value	Q12778728	1	1
qid	statement_value	Q12779928	1	1
qid	statement_value	Q1278	1	1
qid	statement_value	Q1278225	1	1
qid	statement_value	Q127840	1	1
qid	statement_value	Q127849	2	2
qid	statement_value	Q127871326	1	1
qid	statement_value	Q1278816	1	1
qid	statement_value	Q127885	1	1
qid	statement_value	Q127900	2	2
qid	statement_value	Q12791	1	1
qid	statement_value	Q127933	1	1
qid	statement_value	Q127956	1	1
qid	statement_value	Q1279568	1	1
qid	statement_value	Q12797896	1	1
qid	statement_value	Q127995	1	1
qid	statement_value	Q128	1	1
qid	statement_value	Q128007	1	1
qid	statement_value	Q128030	1	1
qid	statement_value	Q12803959	2	2
qid	statement_value	Q128087	1	1
qid	statement_value	Q12812139	1	1
qid	statement_value	Q128124	1	1
qid	statement_value	Q1281564	1	1
qid	statement_value	Q1281618	1	1
qid	statement_value	Q128168	1	1
qid	statement_value	Q128184882	1	1
qid	statement_value	Q12819497	1	1
qid	statement_value	Q12819564	1	1
qid	statement_value	Q12819822	1	1
qid	statement_value	Q12819913	1	1
qid	statement_value	Q128212479	1	1
qid	statement_value	Q1282201	1	1
qid	statement_value	Q1282276	1	1
qid	statement_value	Q128234	1	1
qid	statement_value	Q12823770	1	1
qid	statement_value	Q12824211	1	1
qid	statement_value	Q12824221	1	1
qid	statement_value	Q12824260	1	1
qid	statement_value	Q12824984	1	1
qid	statement_value	Q12825499	1	1
qid	statement_value	Q12826803	1	1
qid	statement_value	Q12827391	1	1
qid	statement_value	Q12829182	1	1
qid	statement_value	Q128309	1	1
qid	statement_value	Q1283378	1	1
qid	statement_value	Q1283421	1	1
qid	statement_value	Q1283519	1	1
qid	statement_value	Q12840408	1	1
qid	statement_value	Q12840545	2	2
qid	statement_value	Q128406	1	1
qid	statement_value	Q128420055	1	1
qid	statement_value	Q128430	1	1
qid	statement_value	Q12846123	1	1
qid	statement_value	Q1285427	1	1
qid	statement_value	Q128550	1	1
qid	statement_value	Q128570	1	1
qid	statement_value	Q1285723	1	1
qid	statement_value	Q12859263	1	1
qid	statement_value	Q128635	1	1
qid	statement_value	Q1286517	1	1
qid	statement_value	Q128685	1	1
qid	statement_value	Q1286876	1	1
qid	statement_value	Q128700	1	1
qid	statement_value	Q128709	1	1
qid	statement_value	Q128751	2	2
qid	statement_value	Q128758	1	1
qid	statement_value	Q12876	4	4
qid	statement_value	Q128822	1	1
qid	statement_value	Q1288392	1	1
qid	statement_value	Q12887073	1	1
qid	statement_value	Q12888135	2	2
qid	statement_value	Q12888883	1	1
qid	statement_value	Q12888920	3	3
qid	statement_value	Q12889429	1	1
qid	statement_value	Q12889843	1	1
qid	statement_value	Q12890393	2	2
qid	statement_value	Q12891156	2	2
qid	statement_value	Q12892	1	1
qid	statement_value	Q12892258	1	1
qid	statement_value	Q12893838	2	2
qid	statement_value	Q12894644	1	1
qid	statement_value	Q12894928	1	1
qid	statement_value	Q12895196	1	1
qid	statement_value	Q12897177	1	1
qid	statement_value	Q12897573	1	1
qid	statement_value	Q12897694	1	1
qid	statement_value	Q12897867	1	1
qid	statement_value	Q12898010	1	1
qid	statement_value	Q12898216	1	1
qid	statement_value	Q12898721	1	1
qid	statement_value	Q129	2	2
qid	statement_value	Q12902372	1	1
qid	statement_value	Q1291195	1	1
qid	statement_value	Q12912091	1	1
qid	statement_value	Q12913283	1	1
qid	statement_value	Q12913356	2	2
qid	statement_value	Q12913535	1	1
qid	statement_value	Q12913541	3	3
qid	statement_value	Q1291678	1	1
qid	statement_value	Q129172	1	1
qid	statement_value	Q1291782	1	1
qid	statement_value	Q1292082	1	1
qid	statement_value	Q1292091	9	9
qid	statement_value	Q129211	1	1
qid	statement_value	Q1292119	1	1
qid	statement_value	Q129232732	1	1
qid	statement_value	Q1293	1	1
qid	statement_value	Q12935276	1	1
qid	statement_value	Q12938533	2	2
qid	statement_value	Q129421301	1	1
qid	statement_value	Q12942806	1	1
qid	statement_value	Q12944394	1	1
qid	statement_value	Q1294492	1	1
qid	statement_value	Q12946962	1	1
qid	statement_value	Q12947009	1	1
qid	statement_value	Q1294787	2	2
qid	statement_value	Q1295	1	1
qid	statement_value	Q1295316	1	1
qid	statement_value	Q1296	1	1
qid	statement_value	Q1296024	1	1
qid	statement_value	Q12969198	1	1
qid	statement_value	Q1297	1	1
qid	statement_value	Q12973014	1	1
qid	statement_value	Q1297322	3	3
qid	statement_value	Q129757	2	2
qid	statement_value	Q1297766	1	1
qid	statement_value	Q12980	1	1
qid	statement_value	Q1298239	1	1
qid	statement_value	Q1298380	1	1
qid	statement_value	Q129866	1	1
qid	statement_value	Q1298668	1	1
qid	statement_value	Q1298791	1	1
qid	statement_value	Q1299101	1	1
qid	statement_value	Q1299240	1	1
qid	statement_value	Q1299316	1	1
qid	statement_value	Q13	1	1
qid	statement_value	Q130	1	1
qid	statement_value	Q1300111	1	1
qid	statement_value	Q1300771	1	1
qid	statement_value	Q1301203	1	1
qid	statement_value	Q1301328	1	1
qid	statement_value	Q1301371	3	3
qid	statement_value	Q1301433	1	1
qid	statement_value	Q1301737	1	1
qid	statement_value	Q130186	1	1
qid	statement_value	Q1302	1	1
qid	statement_value	Q1302317	1	1
qid	statement_value	Q1303	1	1
qid	statement_value	Q1303167	2	2
qid	statement_value	Q1303179	1	1
qid	statement_value	Q1303201	1	1
qid	statement_value	Q1303206	1	1
qid	statement_value	Q1303245	1	1
qid	statement_value	Q13033698	1	1
qid	statement_value	Q130345260	1	1
qid	statement_value	Q130363658	2	2
qid	statement_value	Q130365	1	1
qid	statement_value	Q130367371	3	3
qid	statement_value	Q130367482	1	1
qid	statement_value	Q130367563	1	1
qid	statement_value	Q13038557	2	2
qid	statement_value	Q1303882	1	1
qid	statement_value	Q1304	1	1
qid	statement_value	Q1304193	1	1
qid	statement_value	Q1304461	1	1
qid	statement_value	Q130457524	1	1
qid	statement_value	Q130471637	1	1
qid	statement_value	Q1304825	1	1
qid	statement_value	Q1304841	1	1
qid	statement_value	Q13049940	1	1
qid	statement_value	Q1305037	2	2
qid	statement_value	Q1306	1	1
qid	statement_value	Q1306069	1	1
qid	statement_value	Q1306135	1	1
qid	statement_value	Q13065634	1	1
qid	statement_value	Q1306814	1	1
qid	statement_value	Q130693	1	1
qid	statement_value	Q1307	1	1
qid	statement_value	Q130703037	1	1
qid	statement_value	Q1307337	1	1
qid	statement_value	Q130741	1	1
qid	statement_value	Q130751814	1	1
qid	statement_value	Q130768	2	2
qid	statement_value	Q13079101	1	1
qid	statement_value	Q1307939	1	1
qid	statement_value	Q13082	1	1
qid	statement_value	Q1308239	1	1
qid	statement_value	Q130825	1	1
qid	statement_value	Q1308319	1	1
qid	statement_value	Q1308336	2	2
qid	statement_value	Q1308677	1	1
qid	statement_value	Q130882	1	1
qid	statement_value	Q130888	1	1
qid	statement_value	Q1308999	1	1
qid	statement_value	Q1309	2	2
qid	statement_value	Q130905	1	1
qid	statement_value	Q130912	1	1
qid	statement_value	Q130918	1	1
qid	statement_value	Q130933	1	1
qid	statement_value	Q1309346	1	1
qid	statement_value	Q1309508	1	1
qid	statement_value	Q130964	1	1
qid	statement_value	Q130989	2	2
qid	statement_value	Q13099569	2	2
qid	statement_value	Q13099586	1	1
qid	statement_value	Q131	3	3
qid	statement_value	Q13100823	1	1
qid	statement_value	Q1310214	1	1
qid	statement_value	Q1310239	2	2
qid	statement_value	Q131026	1	1
qid	statement_value	Q131062	1	1
qid	statement_value	Q13107184	1	1
qid	statement_value	Q1310886	1	1
qid	statement_value	Q1310896	1	1
qid	statement_value	Q131090	1	1
qid	statement_value	Q1311	2	2
qid	statement_value	Q131105	1	1
qid	statement_value	Q1311112	1	1
qid	statement_value	Q131123	1	1
qid	statement_value	Q131130	1	1
qid	statement_value	Q131136	1	1
qid	statement_value	Q131138	1	1
qid	statement_value	Q131143813	1	1
qid	statement_value	Q13114416	3	3
qid	statement_value	Q1311476	1	1
qid	statement_value	Q131151	2	2
qid	statement_value	Q131154	1	1
qid	statement_value	Q1311670	1	1
qid	statement_value	Q131186	1	1
qid	statement_value	Q131189	1	1
qid	statement_value	Q1311958	1	1
qid	statement_value	Q1312	1	1
qid	statement_value	Q13120975	1	1
qid	statement_value	Q131214	1	1
qid	statement_value	Q131242	1	1
qid	statement_value	Q131288	1	1
qid	statement_value	Q1313	1	1
qid	statement_value	Q1313081	1	1
qid	statement_value	Q131312692	1	1
qid	statement_value	Q131327	1	1
qid	statement_value	Q131339	1	1
qid	statement_value	Q131340	1	1
qid	statement_value	Q131342	1	1
qid	statement_value	Q131359	1	1
qid	statement_value	Q13136	2	2
qid	statement_value	Q131361	1	1
qid	statement_value	Q13136166	1	1
qid	statement_value	Q13138136	1	1
qid	statement_value	Q131395	1	1
qid	statement_value	Q1314	1	1
qid	statement_value	Q131408	1	1
qid	statement_value	Q131413	1	1
qid	statement_value	Q131419	1	1
qid	statement_value	Q1314278	1	1
qid	statement_value	Q131442	1	1
qid	statement_value	Q131448	1	1
qid	statement_value	Q131453752	9	9
qid	statement_value	Q13145676	1	1
qid	statement_value	Q13146329	1	1
qid	statement_value	Q13147	1	1
qid	statement_value	Q131476	1	1
qid	statement_value	Q13147896	1	1
qid	statement_value	Q131480	1	1
qid	statement_value	Q1315	2	2
qid	statement_value	Q131505	3	3
qid	statement_value	Q131512	3	3
qid	statement_value	Q131514	1	1
qid	statement_value	Q131517	1	1
qid	statement_value	Q131524	1	1
qid	statement_value	Q131539	2	2
qid	statement_value	Q131557	1	1
qid	statement_value	Q131559	1	1
qid	statement_value	Q1315647	1	1
qid	statement_value	Q131567	1	1
qid	statement_value	Q131572	3	3
qid	statement_value	Q131574	1	1
qid	statement_value	Q13157735	1	1
qid	statement_value	Q13158	1	1
qid	statement_value	Q131582	1	1
qid	statement_value	Q1315911	1	1
qid	statement_value	Q131596	3	3
qid	statement_value	Q13159882	1	1
qid	statement_value	Q1316027	1	1
qid	statement_value	Q131605	1	1
qid	statement_value	Q131612	1	1
qid	statement_value	Q131625766	1	1
qid	statement_value	Q131625983	1	1
qid	statement_value	Q131626204	6	6
qid	statement_value	Q13163738	1	1
qid	statement_value	Q13164396	1	1
qid	statement_value	Q13164546	1	1
qid	statement_value	Q131647	1	1
qid	statement_value	Q131668	1	1
qid	statement_value	Q131677	2	2
qid	statement_value	Q131681	1	1
qid	statement_value	Q131684213	1	1
qid	statement_value	Q131696	1	1
qid	statement_value	Q131704	1	1
qid	statement_value	Q131734	1	1
qid	statement_value	Q131740	1	1
qid	statement_value	Q131746	1	1
qid	statement_value	Q131749	1	1
qid	statement_value	Q1317637	1	1
qid	statement_value	Q131767	2	2
qid	statement_value	Q131779	2	2
qid	statement_value	Q13178	1	1
qid	statement_value	Q1317831	1	1
qid	statement_value	Q1317893	1	1
qid	statement_value	Q13179	1	1
qid	statement_value	Q13179187	1	1
qid	statement_value	Q1318043	1	1
qid	statement_value	Q131815959	1	1
qid	statement_value	Q1318295	4	4
qid	statement_value	Q13183045	1	1
qid	statement_value	Q13184	1	1
qid	statement_value	Q131841	2	2
qid	statement_value	Q131841497	1	1
qid	statement_value	Q1318423	2	2
qid	statement_value	Q131855	1	1
qid	statement_value	Q1318578	1	1
qid	statement_value	Q13186	2	2
qid	statement_value	Q13187	1	1
qid	statement_value	Q1318740	1	1
qid	statement_value	Q13188	1	1
qid	statement_value	Q13188923	2	2
qid	statement_value	Q13189	1	1
qid	statement_value	Q13191	2	2
qid	statement_value	Q131935360	1	1
qid	statement_value	Q13194	1	1
qid	statement_value	Q1319434	1	1
qid	statement_value	Q13194939	2	2
qid	statement_value	Q13195	1	1
qid	statement_value	Q13196193	2	2
qid	statement_value	Q13197791	2	2
qid	statement_value	Q132	1	1
qid	statement_value	Q13201	2	2
qid	statement_value	Q1320101	1	1
qid	statement_value	Q13202263	1	1
qid	statement_value	Q13204	1	1
qid	statement_value	Q132041	1	1
qid	statement_value	Q13204680	1	1
qid	statement_value	Q132050	1	1
qid	statement_value	Q1320735	1	1
qid	statement_value	Q13209138	1	1
qid	statement_value	Q1321	1	1
qid	statement_value	Q132116	1	1
qid	statement_value	Q132120	1	1
qid	statement_value	Q1321220	1	1
qid	statement_value	Q132137	1	1
qid	statement_value	Q1321488	1	1
qid	statement_value	Q1321686	1	1
qid	statement_value	Q1321760	1	1
qid	statement_value	Q13219273	1	1
qid	statement_value	Q13219587	1	1
qid	statement_value	Q132196	1	1
qid	statement_value	Q13219637	2	2
qid	statement_value	Q1321995	1	1
qid	statement_value	Q1322005	3	3
qid	statement_value	Q1322134	1	1
qid	statement_value	Q13221843	1	1
qid	statement_value	Q13222088	1	1
qid	statement_value	Q1322323	1	1
qid	statement_value	Q13223298	1	1
qid	statement_value	Q132241	1	1
qid	statement_value	Q13226383	2	2
qid	statement_value	Q13228	2	2
qid	statement_value	Q13233	3	3
qid	statement_value	Q1323314	3	3
qid	statement_value	Q1323421	1	1
qid	statement_value	Q13235160	4	4
qid	statement_value	Q132397	1	1
qid	statement_value	Q13241	1	1
qid	statement_value	Q1324818	1	1
qid	statement_value	Q1324934	1	1
qid	statement_value	Q132510	2	2
qid	statement_value	Q13258171	1	1
qid	statement_value	Q1326028	1	1
qid	statement_value	Q13261	3	3
qid	statement_value	Q132612	1	1
qid	statement_value	Q1326198	1	1
qid	statement_value	Q132621	1	1
qid	statement_value	Q132624	1	1
qid	statement_value	Q1326278	1	1
qid	statement_value	Q1326512	1	1
qid	statement_value	Q13266	2	2
qid	statement_value	Q1326886	1	1
qid	statement_value	Q1326956	1	1
qid	statement_value	Q13270	1	1
qid	statement_value	Q1327007	1	1
qid	statement_value	Q1327130	1	1
qid	statement_value	Q1327260	1	1
qid	statement_value	Q132744	1	1
qid	statement_value	Q132744235	4	4
qid	statement_value	Q1327538	1	1
qid	statement_value	Q13276	2	2
qid	statement_value	Q1327706	1	1
qid	statement_value	Q1327750	1	1
qid	statement_value	Q132781	1	1
qid	statement_value	Q1328002	1	1
qid	statement_value	Q1328068	1	1
qid	statement_value	Q132814	1	1
qid	statement_value	Q132816845	1	1
qid	statement_value	Q132821	2	2
qid	statement_value	Q1328323	1	1
qid	statement_value	Q132834	1	1
qid	statement_value	Q132851	1	1
qid	statement_value	Q1328518	1	1
qid	statement_value	Q13290	1	1
qid	statement_value	Q132911	2	2
qid	statement_value	Q1329462	1	1
qid	statement_value	Q13298	1	1
qid	statement_value	Q1329910	1	1
qid	statement_value	Q1330402	1	1
qid	statement_value	Q133056	1	1
qid	statement_value	Q133080	1	1
qid	statement_value	Q133105	1	1
qid	statement_value	Q133128	1	1
qid	statement_value	Q133143202	1	1
qid	statement_value	Q133143655	1	1
qid	statement_value	Q133143995	1	1
qid	statement_value	Q133145	1	1
qid	statement_value	Q133156	1	1
qid	statement_value	Q133163	1	1
qid	statement_value	Q13317	1	1
qid	statement_value	Q133182	1	1
qid	statement_value	Q1332059	3	3
qid	statement_value	Q133212	1	1
qid	statement_value	Q133215	5	5
qid	statement_value	Q1332221	1	1
qid	statement_value	Q13323	1	1
qid	statement_value	Q1332343	1	1
qid	statement_value	Q133235	3	3
qid	statement_value	Q133236195	2	2
qid	statement_value	Q133237428	2	2
qid	statement_value	Q133244	1	1
qid	statement_value	Q133250	2	2
qid	statement_value	Q133255	1	1
qid	statement_value	Q133264036	1	1
qid	statement_value	Q133264074	1	1
qid	statement_value	Q133264348	1	1
qid	statement_value	Q133275294	1	1
qid	statement_value	Q133275307	1	1
qid	statement_value	Q133279	1	1
qid	statement_value	Q133287569	2	2
qid	statement_value	Q133297011	1	1
qid	statement_value	Q1332978	1	1
qid	statement_value	Q133310885	1	1
qid	statement_value	Q133311	1	1
qid	statement_value	Q133327	1	1
qid	statement_value	Q133346	1	1
qid	statement_value	Q1333813	1	1
qid	statement_value	Q1334091	1	1
qid	statement_value	Q1334097	1	1
qid	statement_value	Q1334343	1	1
qid	statement_value	Q1334379	1	1
qid	statement_value	Q133442	1	1
qid	statement_value	Q133455580	11	11
qid	statement_value	Q133462	1	1
qid	statement_value	Q133485	1	1
qid	statement_value	Q133492	1	1
qid	statement_value	Q133500	4	4
qid	statement_value	Q1335171	2	2
qid	statement_value	Q1335296	1	1
qid	statement_value	Q1335691	1	1
qid	statement_value	Q13358519	1	1
qid	statement_value	Q13360264	1	1
qid	statement_value	Q13360268	1	1
qid	statement_value	Q133673	1	1
qid	statement_value	Q133730446	1	1
qid	statement_value	Q133732200	1	1
qid	statement_value	Q133756654	1	1
qid	statement_value	Q133772	2	2
qid	statement_value	Q133780	1	1
qid	statement_value	Q133792	1	1
qid	statement_value	Q133800327	4	4
qid	statement_value	Q133805	1	1
qid	statement_value	Q13381458	1	1
qid	statement_value	Q133816954	1	1
qid	statement_value	Q133817982	2	2
qid	statement_value	Q13381863	1	1
qid	statement_value	Q133821943	3	3
qid	statement_value	Q133822102	9	9
qid	statement_value	Q133822104	1	1
qid	statement_value	Q13382460	1	1
qid	statement_value	Q13382566	3	3
qid	statement_value	Q13382576	3	3
qid	statement_value	Q133828508	3	3
qid	statement_value	Q133835326	1	1
qid	statement_value	Q133835517	2	2
qid	statement_value	Q133838692	1	1
qid	statement_value	Q133846053	3	3
qid	statement_value	Q133846548	1	1
qid	statement_value	Q13384978	1	1
qid	statement_value	Q133858060	1	1
qid	statement_value	Q133858230	1	1
qid	statement_value	Q133863989	1	1
qid	statement_value	Q133868879	2	2
qid	statement_value	Q133868917	1	1
qid	statement_value	Q133871026	1	1
qid	statement_value	Q133879930	1	1
qid	statement_value	Q133883112	6	6
qid	statement_value	Q133885949	4	4
qid	statement_value	Q133895	1	1
qid	statement_value	Q13389713	1	1
qid	statement_value	Q133900	1	1
qid	statement_value	Q1339195	1	1
qid	statement_value	Q1339255	1	1
qid	statement_value	Q1339338	1	1
qid	statement_value	Q1339582	1	1
qid	statement_value	Q133971121	1	1
qid	statement_value	Q1339847	1	1
qid	statement_value	Q133999657	2	2
qid	statement_value	Q134	1	1
qid	statement_value	Q134005707	1	1
qid	statement_value	Q13400960	1	1
qid	statement_value	Q134015	1	1
qid	statement_value	Q1340255	1	1
qid	statement_value	Q134026476	3	3
qid	statement_value	Q13402947	1	1
qid	statement_value	Q13402959	1	1
qid	statement_value	Q134041	1	1
qid	statement_value	Q1340504	1	1
qid	statement_value	Q13405640	1	1
qid	statement_value	Q134061	1	1
qid	statement_value	Q1340643	1	1
qid	statement_value	Q13408062	1	1
qid	statement_value	Q134082114	1	1
qid	statement_value	Q134082181	2	2
qid	statement_value	Q13411117	1	1
qid	statement_value	Q1341244	1	1
qid	statement_value	Q134124685	1	1
qid	statement_value	Q1341376	1	1
qid	statement_value	Q1341406	1	1
qid	statement_value	Q1341429	3	3
qid	statement_value	Q1341477	1	1
qid	statement_value	Q1341478	1	1
qid	statement_value	Q13414944	1	1
qid	statement_value	Q13414953	1	1
qid	statement_value	Q13415123	1	1
qid	statement_value	Q13415428	1	1
qid	statement_value	Q134161	1	1
qid	statement_value	Q13416354	1	1
qid	statement_value	Q134167	1	1
qid	statement_value	Q13416790	1	1
qid	statement_value	Q13417087	1	1
qid	statement_value	Q13417114	1	1
qid	statement_value	Q1341763	1	1
qid	statement_value	Q13418253	2	2
qid	statement_value	Q13418847	1	1
qid	statement_value	Q134192	1	1
qid	statement_value	Q13420330	2	2
qid	statement_value	Q134205	1	1
qid	statement_value	Q134211	1	1
qid	statement_value	Q13422881	1	1
qid	statement_value	Q1342315	1	1
qid	statement_value	Q134237	4	4
qid	statement_value	Q134269008	6	6
qid	statement_value	Q134271773	1	1
qid	statement_value	Q13427241	1	1
qid	statement_value	Q134273738	1	1
qid	statement_value	Q134283	1	1
qid	statement_value	Q13428325	1	1
qid	statement_value	Q1342838	1	1
qid	statement_value	Q134291046	2	2
qid	statement_value	Q1343007	1	1
qid	statement_value	Q134303786	1	1
qid	statement_value	Q134306953	1	1
qid	statement_value	Q134307	1	1
qid	statement_value	Q134366854	2	2
qid	statement_value	Q134385	1	1
qid	statement_value	Q134385994	1	1
qid	statement_value	Q134388	1	1
qid	statement_value	Q134394	1	1
qid	statement_value	Q134398	1	1
qid	statement_value	Q1343997	1	1
qid	statement_value	Q1344	1	1
qid	statement_value	Q13443879	1	1
qid	statement_value	Q134444306	1	1
qid	statement_value	Q1344452	1	1
qid	statement_value	Q134447	1	1
qid	statement_value	Q134468702	1	1
qid	statement_value	Q1344851	1	1
qid	statement_value	Q134494	1	1
qid	statement_value	Q1344963	1	1
qid	statement_value	Q1345	1	1
qid	statement_value	Q1345001	1	1
qid	statement_value	Q134504747	2	2
qid	statement_value	Q134528004	1	1
qid	statement_value	Q134528321	1	1
qid	statement_value	Q1345473	1	1
qid	statement_value	Q134560	1	1
qid	statement_value	Q134563047	1	1
qid	statement_value	Q134566	1	1
qid	statement_value	Q1345671	1	1
qid	statement_value	Q134570257	1	1
qid	statement_value	Q134574	1	1
qid	statement_value	Q1345840	1	1
qid	statement_value	Q1346054	1	1
qid	statement_value	Q134607753	1	1
qid	statement_value	Q134609	1	1
qid	statement_value	Q1346149	1	1
qid	statement_value	Q134703426	1	1
qid	statement_value	Q13471665	1	1
qid	statement_value	Q1347355	1	1
qid	statement_value	Q1347367	4	4
qid	statement_value	Q13475484	2	2
qid	statement_value	Q1347572	1	1
qid	statement_value	Q134768	1	1
qid	statement_value	Q13479982	1	1
qid	statement_value	Q134808	1	1
qid	statement_value	Q1348223	2	2
qid	statement_value	Q134830	1	1
qid	statement_value	Q1348305	1	1
qid	statement_value	Q1348385	1	1
qid	statement_value	Q134847	1	1
qid	statement_value	Q1348523	1	1
qid	statement_value	Q1348589	3	3
qid	statement_value	Q1348773	1	1
qid	statement_value	Q1348968	1	1
qid	statement_value	Q1349227	1	1
qid	statement_value	Q1349305	1	1
qid	statement_value	Q1349335	1	1
qid	statement_value	Q1349660	1	1
qid	statement_value	Q134975097	1	1
qid	statement_value	Q1349765	1	1
qid	statement_value	Q134985	1	1
qid	statement_value	Q1349904	1	1
qid	statement_value	Q134992355	1	1
qid	statement_value	Q134992740	1	1
qid	statement_value	Q1349983	2	2
qid	statement_value	Q135	1	1
qid	statement_value	Q135006594	5	5
qid	statement_value	Q1350189	2	2
qid	statement_value	Q1350385	1	1
qid	statement_value	Q135095761	1	1
qid	statement_value	Q13512116	1	1
qid	statement_value	Q13516686	1	1
qid	statement_value	Q135189305	1	1
qid	statement_value	Q1352777	1	1
qid	statement_value	Q1353390	1	1
qid	statement_value	Q13534337	1	1
qid	statement_value	Q1353779	1	1
qid	statement_value	Q13539802	1	1
qid	statement_value	Q135403363	1	1
qid	statement_value	Q1354040	1	1
qid	statement_value	Q1354303	1	1
qid	statement_value	Q135485838	1	1
qid	statement_value	Q1354987	1	1
qid	statement_value	Q1355298	2	2
qid	statement_value	Q1355387	1	1
qid	statement_value	Q1355652	2	2
qid	statement_value	Q1355665	1	1
qid	statement_value	Q13557414	1	1
qid	statement_value	Q13560282	1	1
qid	statement_value	Q135615716	1	1
qid	statement_value	Q1356411	1	1
qid	statement_value	Q1357	1	1
qid	statement_value	Q13570122	1	1
qid	statement_value	Q13570226	1	1
qid	statement_value	Q1357284	6	6
qid	statement_value	Q13578154	1	1
qid	statement_value	Q1358138	1	1
qid	statement_value	Q1358239	1	1
qid	statement_value	Q13582404	1	1
qid	statement_value	Q13582652	1	1
qid	statement_value	Q13582682	1	1
qid	statement_value	Q13586493	1	1
qid	statement_value	Q1358789	7	7
qid	statement_value	Q1358981	2	2
qid	statement_value	Q13590141	1	1
qid	statement_value	Q135908366	1	1
qid	statement_value	Q1359207	1	1
qid	statement_value	Q1359655	1	1
qid	statement_value	Q135983945	1	1
qid	statement_value	Q136	2	2
qid	statement_value	Q1360	1	1
qid	statement_value	Q13601825	1	1
qid	statement_value	Q136037963	1	1
qid	statement_value	Q13604751	2	2
qid	statement_value	Q13610143	1	1
qid	statement_value	Q1361086	2	2
qid	statement_value	Q1361181	1	1
qid	statement_value	Q1361577	1	1
qid	statement_value	Q13616188	1	1
qid	statement_value	Q1361661	1	1
qid	statement_value	Q1361864	1	1
qid	statement_value	Q1361939	1	1
qid	statement_value	Q1362030	1	1
qid	statement_value	Q13622	1	1
qid	statement_value	Q1362225	1	1
qid	statement_value	Q1362308	1	1
qid	statement_value	Q1362553	1	1
qid	statement_value	Q1363068	1	1
qid	statement_value	Q1363241	1	1
qid	statement_value	Q1363305	1	1
qid	statement_value	Q13634668	1	1
qid	statement_value	Q13634881	1	1
qid	statement_value	Q1363492	1	1
qid	statement_value	Q1363568	1	1
qid	statement_value	Q1363634	1	1
qid	statement_value	Q1363686	1	1
qid	statement_value	Q1363750	1	1
qid	statement_value	Q1363768	1	1
qid	statement_value	Q1363815	1	1
qid	statement_value	Q13638192	1	1
qid	statement_value	Q1364	1	1
qid	statement_value	Q1364192	1	1
qid	statement_value	Q1364467	1	1
qid	statement_value	Q1364476	1	1
qid	statement_value	Q1364507	1	1
qid	statement_value	Q1364556	1	1
qid	statement_value	Q13647280	1	1
qid	statement_value	Q13648784	1	1
qid	statement_value	Q1364910	1	1
qid	statement_value	Q13649246	2	2
qid	statement_value	Q1365018	1	1
qid	statement_value	Q1365155	1	1
qid	statement_value	Q1365214	2	2
qid	statement_value	Q1365416	1	1
qid	statement_value	Q136544630	1	1
qid	statement_value	Q1365560	1	1
qid	statement_value	Q1365619	1	1
qid	statement_value	Q1365730	1	1
qid	statement_value	Q1365891	1	1
qid	statement_value	Q1366002	1	1
qid	statement_value	Q1366302	1	1
qid	statement_value	Q1366367	1	1
qid	statement_value	Q1366643	1	1
qid	statement_value	Q1367	1	1
qid	statement_value	Q1367353	2	2
qid	statement_value	Q1367530	1	1
qid	statement_value	Q1367934	1	1
qid	statement_value	Q1368	11	11
qid	statement_value	Q136815681	1	1
qid	statement_value	Q1368409	1	1
qid	statement_value	Q1368573	1	1
qid	statement_value	Q1368944	1	1
qid	statement_value	Q1369002	1	1
qid	statement_value	Q1369158	2	2
qid	statement_value	Q1369403	1	1
qid	statement_value	Q1369650	1	1
qid	statement_value	Q1369663	1	1
qid	statement_value	Q1369832	5	5
qid	statement_value	Q1369862	1	1
qid	statement_value	Q137	1	1
qid	statement_value	Q1370468	1	1
qid	statement_value	Q1370484	1	1
qid	statement_value	Q137056	1	1
qid	statement_value	Q137073	1	1
qid	statement_value	Q1370895	5	5
qid	statement_value	Q1371023	1	1
qid	statement_value	Q1371279	1	1
qid	statement_value	Q1371378	1	1
qid	statement_value	Q1371405	1	1
qid	statement_value	Q1371499	1	1
qid	statement_value	Q1371789	1	1
qid	statement_value	Q1371819	1	1
qid	statement_value	Q1371902	1	1
qid	statement_value	Q1371954	1	1
qid	statement_value	Q1372565	1	1
qid	statement_value	Q13729047	1	1
qid	statement_value	Q1373131	1	1
qid	statement_value	Q137350	1	1
qid	statement_value	Q1373747	1	1
qid	statement_value	Q1374338	1	1
qid	statement_value	Q13743995	1	1
qid	statement_value	Q137463090	1	1
qid	statement_value	Q1375049	1	1
qid	statement_value	Q1375427	1	1
qid	statement_value	Q1376161	2	2
qid	statement_value	Q1376230	1	1
qid	statement_value	Q1376265	1	1
qid	statement_value	Q137639515	1	1
qid	statement_value	Q137639517	1	1
qid	statement_value	Q137685	1	1
qid	statement_value	Q1377338	1	1
qid	statement_value	Q1377716	1	1
qid	statement_value	Q1377840	2	2
qid	statement_value	Q1378136	3	3
qid	statement_value	Q1378260	1	1
qid	statement_value	Q1378400	1	1
qid	statement_value	Q137849	1	1
qid	statement_value	Q1378670	1	1
qid	statement_value	Q1378736	2	2
qid	statement_value	Q1378949	1	1
qid	statement_value	Q1379273	1	1
qid	statement_value	Q1379672	1	1
qid	statement_value	Q138	1	1
qid	statement_value	Q138045	1	1
qid	statement_value	Q1381925	1	1
qid	statement_value	Q1382423	1	1
qid	statement_value	Q138246	1238	1238
qid	statement_value	Q1383	1	1
qid	statement_value	Q1383362	1	1
qid	statement_value	Q138340	1	1
qid	statement_value	Q1383633	1	1
qid	statement_value	Q1384187	1	1
qid	statement_value	Q1384726	1	1
qid	statement_value	Q13848274	1	1
qid	statement_value	Q1385	2	2
qid	statement_value	Q1385469	1	1
qid	statement_value	Q1386	1	1
qid	statement_value	Q138737083	1	1
qid	statement_value	Q138754	1	1
qid	statement_value	Q138756	1	1
qid	statement_value	Q138758272	2	2
qid	statement_value	Q1387659	1	1
qid	statement_value	Q138796	1	1
qid	statement_value	Q1388	1	1
qid	statement_value	Q138811	1	1
qid	statement_value	Q138850065	3	3
qid	statement_value	Q138862052	2	2
qid	statement_value	Q138862135	2	2
qid	statement_value	Q1388801	1	1
qid	statement_value	Q1388910	1	1
qid	statement_value	Q13890	1	1
qid	statement_value	Q1389310	1	1
qid	statement_value	Q138937	2	2
qid	statement_value	Q139	2	2
qid	statement_value	Q1390	1	1
qid	statement_value	Q13903	1	1
qid	statement_value	Q139106	1	1
qid	statement_value	Q1391125	1	1
qid	statement_value	Q1391145	1	1
qid	statement_value	Q1391420	1	1
qid	statement_value	Q1391465	1	1
qid	statement_value	Q1391494	1	1
qid	statement_value	Q1391831	1	1
qid	statement_value	Q1392287	1	1
qid	statement_value	Q13923748	1	1
qid	statement_value	Q1392376	1	1
qid	statement_value	Q1392534	1	1
qid	statement_value	Q1392553	1	1
qid	statement_value	Q1392581	1	1
qid	statement_value	Q1392714	1	1
qid	statement_value	Q1394657	1	1
qid	statement_value	Q1394877	1	1
qid	statement_value	Q1395324	1	1
qid	statement_value	Q13955	1	1
qid	statement_value	Q1395509	1	1
qid	statement_value	Q1395534	1	1
qid	statement_value	Q1395552	1	1
qid	statement_value	Q1396	1	1
qid	statement_value	Q13964	1	1
qid	statement_value	Q1396432	2	2
qid	statement_value	Q1396482	1	1
qid	statement_value	Q1396798	1	1
qid	statement_value	Q1397	1	1
qid	statement_value	Q1397073	1	1
qid	statement_value	Q13972	1	1
qid	statement_value	Q1397576	1	1
qid	statement_value	Q139800357	1	1
qid	statement_value	Q139813117	1	1
qid	statement_value	Q139813993	1	1
qid	statement_value	Q139845589	1	1
qid	statement_value	Q139861045	1	1
qid	statement_value	Q13989	1	1
qid	statement_value	Q139894117	1	1
qid	statement_value	Q139894228	1	1
qid	statement_value	Q1399402	1	1
qid	statement_value	Q139941267	1	1
qid	statement_value	Q1399692	1	1
qid	statement_value	Q140	1	1
qid	statement_value	Q1400189	1	1
qid	statement_value	Q140032238	2	2
qid	statement_value	Q140033459	3	3
qid	statement_value	Q140046538	1	1
qid	statement_value	Q140047306	1	1
qid	statement_value	Q1400745	1	1
qid	statement_value	Q1400844	1	1
qid	statement_value	Q1400881	2	2
qid	statement_value	Q1401416	1	1
qid	statement_value	Q1401417	1	1
qid	statement_value	Q1401621	1	1
qid	statement_value	Q140164444	1	1
qid	statement_value	Q140187698	1	1
qid	statement_value	Q140188128	1	1
qid	statement_value	Q1401935	1	1
qid	statement_value	Q1402059	1	1
qid	statement_value	Q1402543	1	1
qid	statement_value	Q1402561	1	1
qid	statement_value	Q1402592	1	1
qid	statement_value	Q1402601	1	1
qid	statement_value	Q1402709	1	1
qid	statement_value	Q1402736	1	1
qid	statement_value	Q1402881	1	1
qid	statement_value	Q1402889	1	1
qid	statement_value	Q1403016	4	4
qid	statement_value	Q1403426	1	1
qid	statement_value	Q140370941	1	1
qid	statement_value	Q140371009	1	1
qid	statement_value	Q140373906	1	1
qid	statement_value	Q14038597	1	1
qid	statement_value	Q1404101	1	1
qid	statement_value	Q1404150	2	2
qid	statement_value	Q1404207	1	1
qid	statement_value	Q1404417	1	1
qid	statement_value	Q140588	1	1
qid	statement_value	Q1406400	1	1
qid	statement_value	Q1407245	1	1
qid	statement_value	Q14076	3	3
qid	statement_value	Q140806	1	1
qid	statement_value	Q140811	1	1
qid	statement_value	Q140813	1	1
qid	statement_value	Q1408286	1	1
qid	statement_value	Q1408288	2	2
qid	statement_value	Q14083	1	1
qid	statement_value	Q14088	1	1
qid	statement_value	Q1408801	1	1
qid	statement_value	Q1409015	1	1
qid	statement_value	Q14092	1	1
qid	statement_value	Q1409226	1	1
qid	statement_value	Q1409295	1	1
qid	statement_value	Q1409462	1	1
qid	statement_value	Q1410	1	1
qid	statement_value	Q1410440	1	1
qid	statement_value	Q1410477	1	1
qid	statement_value	Q1410881	1	1
qid	statement_value	Q141090	2	2
qid	statement_value	Q1411725	1	1
qid	statement_value	Q1411808	1	1
qid	statement_value	Q1411871	1	1
qid	statement_value	Q1412	1	1
qid	statement_value	Q1412097	1	1
qid	statement_value	Q1412160	2	2
qid	statement_value	Q1412242	1	1
qid	statement_value	Q1412461	1	1
qid	statement_value	Q1412498	1	1
qid	statement_value	Q14125	1	1
qid	statement_value	Q1412501	1	1
qid	statement_value	Q1412674	1	1
qid	statement_value	Q1412778	1	1
qid	statement_value	Q1412822	2	2
qid	statement_value	Q1412931	1	1
qid	statement_value	Q1412952	1	1
qid	statement_value	Q1412961	1	1
qid	statement_value	Q1413083	1	1
qid	statement_value	Q1413086	1	1
qid	statement_value	Q1413170	1	1
qid	statement_value	Q1413228	1	1
qid	statement_value	Q1413235	1	1
qid	statement_value	Q1413646	1	1
qid	statement_value	Q1413677	1	1
qid	statement_value	Q1413705	1	1
qid	statement_value	Q1413824	1	1
qid	statement_value	Q1413914	1	1
qid	statement_value	Q1413974	1	1
qid	statement_value	Q1413983	1	1
qid	statement_value	Q1414135	1	1
qid	statement_value	Q1414303	1	1
qid	statement_value	Q1414362	1	1
qid	statement_value	Q1414443	1	1
qid	statement_value	Q1414531	3	3
qid	statement_value	Q1414672	1	1
qid	statement_value	Q141488	1	1
qid	statement_value	Q141495	1	1
qid	statement_value	Q1414991	1	1
qid	statement_value	Q1415080	1	1
qid	statement_value	Q1415090	1	1
qid	statement_value	Q1415299	1	1
qid	statement_value	Q1415338	1	1
qid	statement_value	Q1415372	1	1
qid	statement_value	Q1415628	2	2
qid	statement_value	Q1415691	1	1
qid	statement_value	Q1415781	1	1
qid	statement_value	Q1415859	2	2
qid	statement_value	Q1415886	1	1
qid	statement_value	Q14159020	1	1
qid	statement_value	Q1416078	1	1
qid	statement_value	Q1416296	1	1
qid	statement_value	Q1416670	2	2
qid	statement_value	Q1416898	1	1
qid	statement_value	Q14169499	1	1
qid	statement_value	Q1417099	1	1
qid	statement_value	Q1417763	1	1
qid	statement_value	Q1418065	1	1
qid	statement_value	Q1418287	1	1
qid	statement_value	Q141830	1	1
qid	statement_value	Q14185	1	1
qid	statement_value	Q1418712	1	1
qid	statement_value	Q1418725	1	1
qid	statement_value	Q14189	1	1
qid	statement_value	Q141898	1	1
qid	statement_value	Q1419079	1	1
qid	statement_value	Q1419215	1	1
qid	statement_value	Q1419245	2	2
qid	statement_value	Q1419347	1	1
qid	statement_value	Q1419447	1	1
qid	statement_value	Q14196	1	1
qid	statement_value	Q1419997	1	1
qid	statement_value	Q142	6	6
qid	statement_value	Q1420	12	12
qid	statement_value	Q1420024	1	1
qid	statement_value	Q1420027	1	1
qid	statement_value	Q1420050	1	1
qid	statement_value	Q14201393	1	1
qid	statement_value	Q1420266	1	1
qid	statement_value	Q142043	1	1
qid	statement_value	Q1420441	1	1
qid	statement_value	Q1421262	1	1
qid	statement_value	Q1421268	1	1
qid	statement_value	Q1421347	1	1
qid	statement_value	Q1421432	1	1
qid	statement_value	Q1421842	1	1
qid	statement_value	Q1421844	1	1
qid	statement_value	Q1422299	1	1
qid	statement_value	Q1422576	1	1
qid	statement_value	Q1422583	1	1
qid	statement_value	Q142274	2	2
qid	statement_value	Q1423044	1	1
qid	statement_value	Q1423674	1	1
qid	statement_value	Q1423725	1	1
qid	statement_value	Q1424019	1	1
qid	statement_value	Q1424449	1	1
qid	statement_value	Q1424551	1	1
qid	statement_value	Q1424805	1	1
qid	statement_value	Q1425056	1	1
qid	statement_value	Q1425089	1	1
qid	statement_value	Q1425111	1	1
qid	statement_value	Q1425190	1	1
qid	statement_value	Q1425292	1	1
qid	statement_value	Q14254276	1	1
qid	statement_value	Q142554	1	1
qid	statement_value	Q1425577	1	1
qid	statement_value	Q1425625	1	1
qid	statement_value	Q1425791	1	1
qid	statement_value	Q1426710	1	1
qid	statement_value	Q142690	2	2
qid	statement_value	Q1427103	1	1
qid	statement_value	Q1427106	1	1
qid	statement_value	Q1427116	2	2
qid	statement_value	Q142714	4	4
qid	statement_value	Q1427140	1	1
qid	statement_value	Q1427245	1	1
qid	statement_value	Q1427544	1	1
qid	statement_value	Q14277243	1	1
qid	statement_value	Q1428108	1	1
qid	statement_value	Q1428299	1	1
qid	statement_value	Q1428501	1	1
qid	statement_value	Q1429339	1	1
qid	statement_value	Q1429491	1	1
qid	statement_value	Q14298	1	1
qid	statement_value	Q143	1	1
qid	statement_value	Q1430136	3	3
qid	statement_value	Q1430579	1	1
qid	statement_value	Q1430622	1	1
qid	statement_value	Q1430676	1	1
qid	statement_value	Q1430809	1	1
qid	statement_value	Q1431222	1	1
qid	statement_value	Q1431458	1	1
qid	statement_value	Q1431523	1	1
qid	statement_value	Q1431896	1	1
qid	statement_value	Q1432049	1	1
qid	statement_value	Q143217	1	1
qid	statement_value	Q1432201	1	1
qid	statement_value	Q143252	1	1
qid	statement_value	Q1433006	1	1
qid	statement_value	Q1433317	1	1
qid	statement_value	Q14333256	1	1
qid	statement_value	Q1433633	4	4
qid	statement_value	Q1434139	1	1
qid	statement_value	Q1434274	1	1
qid	statement_value	Q143429	1	1
qid	statement_value	Q1434313	1	1
qid	statement_value	Q1434707	1	1
qid	statement_value	Q1434713	1	1
qid	statement_value	Q1434746	1	1
qid	statement_value	Q1434829	1	1
qid	statement_value	Q1434831	1	1
qid	statement_value	Q1434924	1	1
qid	statement_value	Q14349455	1	1
qid	statement_value	Q1435	2	2
qid	statement_value	Q1435005	1	1
qid	statement_value	Q1435575	1	1
qid	statement_value	Q1435588	1	1
qid	statement_value	Q1436016	1	1
qid	statement_value	Q14360633	1	1
qid	statement_value	Q1436264	1	1
qid	statement_value	Q1436482	1	1
qid	statement_value	Q14366	1	1
qid	statement_value	Q1436715	1	1
qid	statement_value	Q1436734	1	1
qid	statement_value	Q1437299	1	1
qid	statement_value	Q14373	4	4
qid	statement_value	Q1437361	1	1
qid	statement_value	Q143739	1	1
qid	statement_value	Q143746	1	1
qid	statement_value	Q1438105	1	1
qid	statement_value	Q143873	1	1
qid	statement_value	Q1438896	1	1
qid	statement_value	Q1439	1	1
qid	statement_value	Q143942	1	1
qid	statement_value	Q1439700	1	1
qid	statement_value	Q143977	1	1
qid	statement_value	Q143978	1	1
qid	statement_value	Q144	11	11
qid	statement_value	Q1440238	1	1
qid	statement_value	Q1440344	1	1
qid	statement_value	Q1440453	1	1
qid	statement_value	Q1440595	1	1
qid	statement_value	Q1440696	1	1
qid	statement_value	Q1441459	1	1
qid	statement_value	Q14415	1	1
qid	statement_value	Q1441616	1	1
qid	statement_value	Q1441983	1	1
qid	statement_value	Q1442568	1	1
qid	statement_value	Q1444	1	1
qid	statement_value	Q1444210	1	1
qid	statement_value	Q1445211	1	1
qid	statement_value	Q1445650	3	3
qid	statement_value	Q1445712	1	1
qid	statement_value	Q14458220	1	1
qid	statement_value	Q1446290	1	1
qid	statement_value	Q14466416	1	1
qid	statement_value	Q14467526	4	4
qid	statement_value	Q144700	1	1
qid	statement_value	Q14475832	1	1
qid	statement_value	Q1448281	1	1
qid	statement_value	Q145	2	2
qid	statement_value	Q14513308	1	1
qid	statement_value	Q1451622	1	1
qid	statement_value	Q14516546	1	1
qid	statement_value	Q145201	1	1
qid	statement_value	Q145205	1	1
qid	statement_value	Q1452104	1	1
qid	statement_value	Q1452217	1	1
qid	statement_value	Q14523331	1	1
qid	statement_value	Q14523545	1	1
qid	statement_value	Q14523576	1	1
qid	statement_value	Q14523778	1	1
qid	statement_value	Q14524493	1	1
qid	statement_value	Q14531658	1	1
qid	statement_value	Q1453817	1	1
qid	statement_value	Q1453840	1	1
qid	statement_value	Q1454188	1	1
qid	statement_value	Q14549114	1	1
qid	statement_value	Q1454974	1	1
qid	statement_value	Q1455	1	1
qid	statement_value	Q1455182	1	1
qid	statement_value	Q14551995	1	1
qid	statement_value	Q14554973	1	1
qid	statement_value	Q1455803	1	1
qid	statement_value	Q1455871	1	1
qid	statement_value	Q145599	64	64
qid	statement_value	Q14560	1	1
qid	statement_value	Q14565199	1	1
qid	statement_value	Q1456936	1	1
qid	statement_value	Q1457145	1	1
qid	statement_value	Q1457501	1	1
qid	statement_value	Q145825	1	1
qid	statement_value	Q145863	1	1
qid	statement_value	Q145874	1	1
qid	statement_value	Q1458916	1	1
qid	statement_value	Q145903	1	1
qid	statement_value	Q145930	1	1
qid	statement_value	Q1459435	1	1
qid	statement_value	Q1459574	1	1
qid	statement_value	Q1459589	1	1
qid	statement_value	Q146	5	5
qid	statement_value	Q1460420	1	1
qid	statement_value	Q146078	37	37
qid	statement_value	Q146095	1	1
qid	statement_value	Q1461597	1	1
qid	statement_value	Q146174	1	1
qid	statement_value	Q1462	3	3
qid	statement_value	Q14620	3	3
qid	statement_value	Q146233	124	124
qid	statement_value	Q14623823	1	1
qid	statement_value	Q1462531	1	1
qid	statement_value	Q14626626	1	1
qid	statement_value	Q1463565	1	1
qid	statement_value	Q146481	1	1
qid	statement_value	Q1464943	1	1
qid	statement_value	Q1464987	1	1
qid	statement_value	Q146505	1	1
qid	statement_value	Q1465133	1	1
qid	statement_value	Q1465588	1	1
qid	statement_value	Q146575	1	1
qid	statement_value	Q14659	1	1
qid	statement_value	Q14660	2	2
qid	statement_value	Q146641	1	1
qid	statement_value	Q146701	1	1
qid	statement_value	Q14673	3	3
qid	statement_value	Q14674	1	1
qid	statement_value	Q146786	9	9
qid	statement_value	Q14683	2	2
qid	statement_value	Q146841	1	1
qid	statement_value	Q146850	1	1
qid	statement_value	Q1468524	4	4
qid	statement_value	Q146863	1	1
qid	statement_value	Q146878	1	1
qid	statement_value	Q1468920	1	1
qid	statement_value	Q146893	1	1
qid	statement_value	Q1469420	1	1
qid	statement_value	Q147	1	1
qid	statement_value	Q147075	1	1
qid	statement_value	Q1470757	2	2
qid	statement_value	Q1471069	1	1
qid	statement_value	Q147114	1	1
qid	statement_value	Q147128	1	1
qid	statement_value	Q1471353	1	1
qid	statement_value	Q1471432	2	2
qid	statement_value	Q147149	1	1
qid	statement_value	Q147202	1	1
qid	statement_value	Q1472199	1	1
qid	statement_value	Q1472399	1	1
qid	statement_value	Q1472481	2	2
qid	statement_value	Q147276	1	1
qid	statement_value	Q147278	2	2
qid	statement_value	Q1473099	1	1
qid	statement_value	Q147316	1	1
qid	statement_value	Q1473480	1	1
qid	statement_value	Q1473823	1	1
qid	statement_value	Q1474001	1	1
qid	statement_value	Q1474341	1	1
qid	statement_value	Q14745	2	2
qid	statement_value	Q14746	1	1
qid	statement_value	Q1474636	1	1
qid	statement_value	Q14748	2	2
qid	statement_value	Q1474956	2	2
qid	statement_value	Q147538	2	2
qid	statement_value	Q1475403	1	1
qid	statement_value	Q14754454	1	1
qid	statement_value	Q1476215	1	1
qid	statement_value	Q14762596	1	1
qid	statement_value	Q147651	1	1
qid	statement_value	Q147690	1	1
qid	statement_value	Q1477172	1	1
qid	statement_value	Q14773	1	1
qid	statement_value	Q14776873	1	1
qid	statement_value	Q1477917	1	1
qid	statement_value	Q14784328	1	1
qid	statement_value	Q1478443	1	1
qid	statement_value	Q1478783	1	1
qid	statement_value	Q1479	1	1
qid	statement_value	Q1479406	3	3
qid	statement_value	Q147950	1	1
qid	statement_value	Q148	5	5
qid	statement_value	Q1480230	1	1
qid	statement_value	Q1480958	1	1
qid	statement_value	Q1481202	1	1
qid	statement_value	Q148196	1	1
qid	statement_value	Q14819850	1	1
qid	statement_value	Q14819852	1	1
qid	statement_value	Q14821	1	1
qid	statement_value	Q148319	1	1
qid	statement_value	Q14834627	1	1
qid	statement_value	Q1483503	1	1
qid	statement_value	Q148396	1	1
qid	statement_value	Q148401	6	6
qid	statement_value	Q1484022	1	1
qid	statement_value	Q1484227	1	1
qid	statement_value	Q148442	1	1
qid	statement_value	Q148443	1	1
qid	statement_value	Q148465	1	1
qid	statement_value	Q148493	1	1
qid	statement_value	Q14852003	1	1
qid	statement_value	Q1485271	1	1
qid	statement_value	Q1485470	1	1
qid	statement_value	Q1485500	1	1
qid	statement_value	Q148571	1	1
qid	statement_value	Q148578	1	1
qid	statement_value	Q14861089	1	1
qid	statement_value	Q1486179	1	1
qid	statement_value	Q1487347	1	1
qid	statement_value	Q14875255	1	1
qid	statement_value	Q1488141	1	1
qid	statement_value	Q1488188	1	1
qid	statement_value	Q1488232	1	1
qid	statement_value	Q148877	1	1
qid	statement_value	Q1489	1	1
qid	statement_value	Q14890	1	1
qid	statement_value	Q148901	1	1
qid	statement_value	Q14890574	1	1
qid	statement_value	Q148942	1	1
qid	statement_value	Q148958	1	1
qid	statement_value	Q148968	1	1
qid	statement_value	Q148993	1	1
qid	statement_value	Q1490	5	5
qid	statement_value	Q149010	1	1
qid	statement_value	Q14902	1	1
qid	statement_value	Q14905957	1	1
qid	statement_value	Q14906	1	1
qid	statement_value	Q14906342	2	2
qid	statement_value	Q14906886	1	1
qid	statement_value	Q14909	1	1
qid	statement_value	Q149103	1	1
qid	statement_value	Q14915034	1	1
qid	statement_value	Q14915627	1	1
qid	statement_value	Q14915751	10	10
qid	statement_value	Q14916053	1	1
qid	statement_value	Q1491852	1	1
qid	statement_value	Q1492	1	1
qid	statement_value	Q149211	1	1
qid	statement_value	Q1492156	1	1
qid	statement_value	Q1492624	1	1
qid	statement_value	Q1493	1	1
qid	statement_value	Q1493250	1	1
qid	statement_value	Q14936604	1	1
qid	statement_value	Q14936686	1	1
qid	statement_value	Q1493752	1	1
qid	statement_value	Q1493872	1	1
qid	statement_value	Q14942517	1	1
qid	statement_value	Q1494409	1	1
qid	statement_value	Q14944328	1	1
qid	statement_value	Q1494537	1	1
qid	statement_value	Q14946528	1	1
qid	statement_value	Q1494661	1	1
qid	statement_value	Q14947863	1	1
qid	statement_value	Q1495413	1	1
qid	statement_value	Q1495428	2	2
qid	statement_value	Q149566	1	1
qid	statement_value	Q14959225	2	2
qid	statement_value	Q14960	1	1
qid	statement_value	Q1496019	1	1
qid	statement_value	Q1496089	1	1
qid	statement_value	Q149621	1	1
qid	statement_value	Q1497006	1	1
qid	statement_value	Q1497011	1	1
qid	statement_value	Q1497067	1	1
qid	statement_value	Q1497090	1	1
qid	statement_value	Q14972848	3	3
qid	statement_value	Q1497335	1	1
qid	statement_value	Q149757	2	2
qid	statement_value	Q149758	1	1
qid	statement_value	Q149766	1	1
qid	statement_value	Q1497781	1	1
qid	statement_value	Q14982	1	1
qid	statement_value	Q14983	1	1
qid	statement_value	Q1498321	1	1
qid	statement_value	Q149865	1	1
qid	statement_value	Q1499073	1	1
qid	statement_value	Q149908	1	1
qid	statement_value	Q1499548	1	1
qid	statement_value	Q1499811	2	2
qid	statement_value	Q1499928	1	1
qid	statement_value	Q149999	1	1
qid	statement_value	Q15	2	2
qid	statement_value	Q150	1	1
qid	statement_value	Q1500094	1	1
qid	statement_value	Q1500185	1	1
qid	statement_value	Q15003	1	1
qid	statement_value	Q1500667	3	3
qid	statement_value	Q1500696	1	1
qid	statement_value	Q150093	1	1
qid	statement_value	Q1500964	1	1
qid	statement_value	Q1501	1	1
qid	statement_value	Q1501161	4	4
qid	statement_value	Q1501244	1	1
qid	statement_value	Q1501248	1	1
qid	statement_value	Q1501257	1	1
qid	statement_value	Q1501357	1	1
qid	statement_value	Q150139	1	1
qid	statement_value	Q1501797	1	1
qid	statement_value	Q1501800	1	1
qid	statement_value	Q1501855	1	1
qid	statement_value	Q1502025	1	1
qid	statement_value	Q1502247	2	2
qid	statement_value	Q15026	2	2
qid	statement_value	Q15028038	1	1
qid	statement_value	Q1503438	1	1
qid	statement_value	Q150352	1	1
qid	statement_value	Q1504300	1	1
qid	statement_value	Q15043636	1	1
qid	statement_value	Q150440	1	1
qid	statement_value	Q1504604	1	1
qid	statement_value	Q15046077	1	1
qid	statement_value	Q150463	1	1
qid	statement_value	Q15051339	1	1
qid	statement_value	Q1505189	1	1
qid	statement_value	Q1505819	2	2
qid	statement_value	Q1506083	1	1
qid	statement_value	Q15063088	1	1
qid	statement_value	Q15067276	1	1
qid	statement_value	Q150681	1	1
qid	statement_value	Q1506829	1	1
qid	statement_value	Q150737	1	1
qid	statement_value	Q15075189	1	1
qid	statement_value	Q15075764	1	1
qid	statement_value	Q15076965	1	1
qid	statement_value	Q15077007	2	2
qid	statement_value	Q15077368	1	1
qid	statement_value	Q150784	1	1
qid	statement_value	Q15078788	1	1
qid	statement_value	Q15079401	1	1
qid	statement_value	Q15079786	1	1
qid	statement_value	Q1508518	1	1
qid	statement_value	Q1508646	1	1
qid	statement_value	Q15088658	1	1
qid	statement_value	Q1508902	1	1
qid	statement_value	Q1509	1	1
qid	statement_value	Q1509084	1	1
qid	statement_value	Q15093331	1	1
qid	statement_value	Q1509440	1	1
qid	statement_value	Q1509593	1	1
qid	statement_value	Q15097084	1	1
qid	statement_value	Q150971	1	1
qid	statement_value	Q1509725	1	1
qid	statement_value	Q15098051	1	1
qid	statement_value	Q1509829	2	2
qid	statement_value	Q1509934	1	1
qid	statement_value	Q151	4	4
qid	statement_value	Q1510115	1	1
qid	statement_value	Q1510380	1	1
qid	statement_value	Q15104915	1	1
qid	statement_value	Q151070	2	2
qid	statement_value	Q15112254	2	2
qid	statement_value	Q15115271	1	1
qid	statement_value	Q15116915	1	1
qid	statement_value	Q1511692	1	1
qid	statement_value	Q15117302	1	1
qid	statement_value	Q1512054	1	1
qid	statement_value	Q1512337	1	1
qid	statement_value	Q15124	6	6
qid	statement_value	Q15126831	1	1
qid	statement_value	Q1513116	1	1
qid	statement_value	Q151324	1	1
qid	statement_value	Q151366	1	1
qid	statement_value	Q1514092	1	1
qid	statement_value	Q1514094	1	1
qid	statement_value	Q1514097	1	1
qid	statement_value	Q1514099	1	1
qid	statement_value	Q151411	1	1
qid	statement_value	Q15141723	1	1
qid	statement_value	Q15141724	1	1
qid	statement_value	Q1514190	1	1
qid	statement_value	Q15143181	1	1
qid	statement_value	Q1514415	1	1
qid	statement_value	Q15145593	1	1
qid	statement_value	Q151471	1	1
qid	statement_value	Q15149436	1	1
qid	statement_value	Q151511	1	1
qid	statement_value	Q1515131	1	1
qid	statement_value	Q1515156	2	2
qid	statement_value	Q151522	1	1
qid	statement_value	Q151544	1	1
qid	statement_value	Q1515577	1	1
qid	statement_value	Q1515727	1	1
qid	statement_value	Q1516079	1	1
qid	statement_value	Q1516423	1	1
qid	statement_value	Q1516917	1	1
qid	statement_value	Q15173	1	1
qid	statement_value	Q151740	1	1
qid	statement_value	Q15177	1	1
qid	statement_value	Q151771	1	1
qid	statement_value	Q15177651	1	1
qid	statement_value	Q1517781	1	1
qid	statement_value	Q1517802	1	1
qid	statement_value	Q1517851	1	1
qid	statement_value	Q15179	1	1
qid	statement_value	Q1517948	1	1
qid	statement_value	Q15180	1	1
qid	statement_value	Q15181	1	1
qid	statement_value	Q1518324	1	1
qid	statement_value	Q1518593	1	1
qid	statement_value	Q151885	2	2
qid	statement_value	Q151897	1	1
qid	statement_value	Q151900	1	1
qid	statement_value	Q1519190	1	1
qid	statement_value	Q1519259	1	1
qid	statement_value	Q151942	1	1
qid	statement_value	Q1519436	1	1
qid	statement_value	Q1519454	1	1
qid	statement_value	Q1519476	3	3
qid	statement_value	Q1519541	3	3
qid	statement_value	Q1519566	1	1
qid	statement_value	Q1519843	1	1
qid	statement_value	Q152	1	1
qid	statement_value	Q152002	1	1
qid	statement_value	Q1520033	5	5
qid	statement_value	Q152005	1	1
qid	statement_value	Q1520130	1	1
qid	statement_value	Q152024	1	1
qid	statement_value	Q1520294	1	1
qid	statement_value	Q152036	1	1
qid	statement_value	Q1520756	1	1
qid	statement_value	Q152079	1	1
qid	statement_value	Q152088	3	3
qid	statement_value	Q1521067	1	1
qid	statement_value	Q1521337	1	1
qid	statement_value	Q15214752	1	1
qid	statement_value	Q1521634	19	19
qid	statement_value	Q1522225	1	1
qid	statement_value	Q15223654	1	1
qid	statement_value	Q1522423	3	3
qid	statement_value	Q1522424	1	1
qid	statement_value	Q152243	1	1
qid	statement_value	Q152247	4	4
qid	statement_value	Q15224724	1	1
qid	statement_value	Q152263	1	1
qid	statement_value	Q152285	3	3
qid	statement_value	Q152355	4	4
qid	statement_value	Q1523791	1	1
qid	statement_value	Q15238777	1	1
qid	statement_value	Q152392	3	3
qid	statement_value	Q1524	3	3
qid	statement_value	Q152400	1	1
qid	statement_value	Q15240969	1	1
qid	statement_value	Q152466	1	1
qid	statement_value	Q152484	1	1
qid	statement_value	Q152526	2	2
qid	statement_value	Q15253354	1	1
qid	statement_value	Q15253558	2	2
qid	statement_value	Q15253706	1	1
qid	statement_value	Q15255771	1	1
qid	statement_value	Q152563	1	1
qid	statement_value	Q1525706	1	1
qid	statement_value	Q152574	1	1
qid	statement_value	Q152596	1	1
qid	statement_value	Q15260613	1	1
qid	statement_value	Q15267437	1	1
qid	statement_value	Q1527567	1	1
qid	statement_value	Q1527589	1	1
qid	statement_value	Q15277	1	1
qid	statement_value	Q15277196	1	1
qid	statement_value	Q1527772	1	1
qid	statement_value	Q1527956	1	1
qid	statement_value	Q152810	1	1
qid	statement_value	Q152833	2	2
qid	statement_value	Q152834	2	2
qid	statement_value	Q15284	1	1
qid	statement_value	Q152841	1	1
qid	statement_value	Q152862	1	1
qid	statement_value	Q1528703	1	1
qid	statement_value	Q15290	1	1
qid	statement_value	Q15292	1	1
qid	statement_value	Q1529308	1	1
qid	statement_value	Q152964	3	3
qid	statement_value	Q15296811	2	2
qid	statement_value	Q152981	1	1
qid	statement_value	Q153	1	1
qid	statement_value	Q1530022	1	1
qid	statement_value	Q1530092	1	1
qid	statement_value	Q153059	1	1
qid	statement_value	Q15306067	1	1
qid	statement_value	Q1530636	1	1
qid	statement_value	Q153126	1	1
qid	statement_value	Q15312935	1	1
qid	statement_value	Q153134	1	1
qid	statement_value	Q1531349	1	1
qid	statement_value	Q1531435	1	1
qid	statement_value	Q1531514	1	1
qid	statement_value	Q15318	1	1
qid	statement_value	Q1532193	1	1
qid	statement_value	Q1532394	1	1
qid	statement_value	Q15324	1	1
qid	statement_value	Q15328	1	1
qid	statement_value	Q15331	1	1
qid	statement_value	Q15332375	1	1
qid	statement_value	Q15332388	1	1
qid	statement_value	Q1533831	1	1
qid	statement_value	Q1533951	1	1
qid	statement_value	Q1534839	1	1
qid	statement_value	Q1535312	1	1
qid	statement_value	Q1535396	1	1
qid	statement_value	Q153562	1	1
qid	statement_value	Q1535680	1	1
qid	statement_value	Q1536253	1	1
qid	statement_value	Q153641	1	1
qid	statement_value	Q153681	2	2
qid	statement_value	Q153697	1	1
qid	statement_value	Q1537	1	1
qid	statement_value	Q153809	1	1
qid	statement_value	Q153813	3	3
qid	statement_value	Q153936	1	1
qid	statement_value	Q153957	1	1
qid	statement_value	Q153988	3	3
qid	statement_value	Q154013	1	1
qid	statement_value	Q15401728	1	1
qid	statement_value	Q15407657	1	1
qid	statement_value	Q1540897	1	1
qid	statement_value	Q1541002	1	1
qid	statement_value	Q1541064	5	5
qid	statement_value	Q15416	1	1
qid	statement_value	Q154166	1	1
qid	statement_value	Q154168	1	1
qid	statement_value	Q154210	1	1
qid	statement_value	Q154242	1	1
qid	statement_value	Q154365	1	1
qid	statement_value	Q1543778	1	1
qid	statement_value	Q1543881	1	1
qid	statement_value	Q1543909	2	2
qid	statement_value	Q1544004	1	1
qid	statement_value	Q154411	1	1
qid	statement_value	Q1544175	1	1
qid	statement_value	Q154425	2	2
qid	statement_value	Q154482	1	1
qid	statement_value	Q154547	1	1
qid	statement_value	Q154626	1	1
qid	statement_value	Q1546382	1	1
qid	statement_value	Q15464334	1	1
qid	statement_value	Q1546830	2	2
qid	statement_value	Q1546995	1	1
qid	statement_value	Q15472169	1	1
qid	statement_value	Q1547546	1	1
qid	statement_value	Q1547883	1	1
qid	statement_value	Q154797	1	1
qid	statement_value	Q1548030	2	2
qid	statement_value	Q1548164	1	1
qid	statement_value	Q154897	1	1
qid	statement_value	Q1549395	1	1
qid	statement_value	Q1549475	1	1
qid	statement_value	Q1549591	1	1
qid	statement_value	Q155	4	4
qid	statement_value	Q1550781	1	1
qid	statement_value	Q1551574	1	1
qid	statement_value	Q1551965	1	1
qid	statement_value	Q155231	1	1
qid	statement_value	Q1552740	1	1
qid	statement_value	Q155281	1	1
qid	statement_value	Q1553123	1	1
qid	statement_value	Q1553339	1	1
qid	statement_value	Q1554010	1	1
qid	statement_value	Q1554231	1	1
qid	statement_value	Q15546415	1	1
qid	statement_value	Q155511	1	1
qid	statement_value	Q1555419	1	1
qid	statement_value	Q1555610	1	1
qid	statement_value	Q1555938	1	1
qid	statement_value	Q1556140	1	1
qid	statement_value	Q155647	2	2
qid	statement_value	Q155656	1	1
qid	statement_value	Q1557775	1	1
qid	statement_value	Q15580856	1	1
qid	statement_value	Q155813	1	1
qid	statement_value	Q155814	1	1
qid	statement_value	Q1558788	1	1
qid	statement_value	Q155925	1	1
qid	statement_value	Q155930	5	5
qid	statement_value	Q155953	1	1
qid	statement_value	Q1559781	1	1
qid	statement_value	Q155997	1	1
qid	statement_value	Q15603247	1	1
qid	statement_value	Q156036	4	4
qid	statement_value	Q156037	1	1
qid	statement_value	Q156104	1	1
qid	statement_value	Q15614122	1	1
qid	statement_value	Q15615001	1	1
qid	statement_value	Q1561657	1	1
qid	statement_value	Q1561862	1	1
qid	statement_value	Q156223	1	1
qid	statement_value	Q15622897	1	1
qid	statement_value	Q156250	1	1
qid	statement_value	Q156267	1	1
qid	statement_value	Q1562684	1	1
qid	statement_value	Q15627169	1	1
qid	statement_value	Q15629245	1	1
qid	statement_value	Q1563081	1	1
qid	statement_value	Q15630878	1	1
qid	statement_value	Q15630906	1	1
qid	statement_value	Q15633604	2	2
qid	statement_value	Q15634281	1	1
qid	statement_value	Q156351	1	1
qid	statement_value	Q15635254	1	1
qid	statement_value	Q156354	1	1
qid	statement_value	Q15635757	1	1
qid	statement_value	Q15636255	1	1
qid	statement_value	Q156389	1	1
qid	statement_value	Q15640053	1	1
qid	statement_value	Q156424	1	1
qid	statement_value	Q156428	1	1
qid	statement_value	Q15645384	1	1
qid	statement_value	Q15650394	1	1
qid	statement_value	Q156533	1	1
qid	statement_value	Q15657883	1	1
qid	statement_value	Q15658815	2	2
qid	statement_value	Q1566	2	2
qid	statement_value	Q1566584	1	1
qid	statement_value	Q156767	1	1
qid	statement_value	Q1567764	1	1
qid	statement_value	Q156828	1	1
qid	statement_value	Q1568346	1	1
qid	statement_value	Q156839	4	4
qid	statement_value	Q156859	1	1
qid	statement_value	Q15686806	1	1
qid	statement_value	Q156871	1	1
qid	statement_value	Q156882	1	1
qid	statement_value	Q156895	1	1
qid	statement_value	Q156944	1	1
qid	statement_value	Q1569550	1	1
qid	statement_value	Q1569742	1	1
qid	statement_value	Q156986	1	1
qid	statement_value	Q1570101	1	1
qid	statement_value	Q157011	2	2
qid	statement_value	Q157018	1	1
qid	statement_value	Q1570282	1	1
qid	statement_value	Q157031	1	1
qid	statement_value	Q1570397	1	1
qid	statement_value	Q1570466	1	1
qid	statement_value	Q15706035	1	1
qid	statement_value	Q1570700	2	2
qid	statement_value	Q1570717	1	1
qid	statement_value	Q157087	1	1
qid	statement_value	Q1570882	1	1
qid	statement_value	Q15711817	1	1
qid	statement_value	Q1571226	1	1
qid	statement_value	Q157124	1	1
qid	statement_value	Q157142	1	1
qid	statement_value	Q157148	1	1
qid	statement_value	Q15715796	1	1
qid	statement_value	Q157165	1	1
qid	statement_value	Q157171	1	1
qid	statement_value	Q15719234	1	1
qid	statement_value	Q157195	6	6
qid	statement_value	Q15720476	1	1
qid	statement_value	Q1572205	2	2
qid	statement_value	Q1572278	1	1
qid	statement_value	Q1572702	2	2
qid	statement_value	Q15727660	1	1
qid	statement_value	Q15727905	1	1
qid	statement_value	Q15728996	1	1
qid	statement_value	Q15729017	1	1
qid	statement_value	Q15729076	1	1
qid	statement_value	Q15731356	1	1
qid	statement_value	Q15731830	1	1
qid	statement_value	Q157393	1	1
qid	statement_value	Q15740391	1	1
qid	statement_value	Q1574099	1	1
qid	statement_value	Q157449	1	1
qid	statement_value	Q157470	1	1
qid	statement_value	Q1574734	2	2
qid	statement_value	Q1574912	1	1
qid	statement_value	Q1574963	1	1
qid	statement_value	Q1575012	2	2
qid	statement_value	Q1575079	1	1
qid	statement_value	Q157509	1	1
qid	statement_value	Q15751203	1	1
qid	statement_value	Q1575202	1	1
qid	statement_value	Q1575231	1	1
qid	statement_value	Q1576	1	1
qid	statement_value	Q15761	1	1
qid	statement_value	Q1576384	1	1
qid	statement_value	Q1576430	1	1
qid	statement_value	Q1576780	1	1
qid	statement_value	Q157684	1	1
qid	statement_value	Q157706	1	1
qid	statement_value	Q1577470	1	1
qid	statement_value	Q1577547	1	1
qid	statement_value	Q157798	1	1
qid	statement_value	Q1578	1	1
qid	statement_value	Q157811	1	1
qid	statement_value	Q1578239	1	1
qid	statement_value	Q15782478	1	1
qid	statement_value	Q15782973	1	1
qid	statement_value	Q15783433	1	1
qid	statement_value	Q15783513	1	1
qid	statement_value	Q15783838	1	1
qid	statement_value	Q15784398	1	1
qid	statement_value	Q15784781	1	1
qid	statement_value	Q15785413	43	43
qid	statement_value	Q15787513	1	1
qid	statement_value	Q1578755	1	1
qid	statement_value	Q15788066	1	1
qid	statement_value	Q15791824	1	1
qid	statement_value	Q15792212	1	1
qid	statement_value	Q1579384	1	1
qid	statement_value	Q157963	1	1
qid	statement_value	Q1579878	1	1
qid	statement_value	Q1580444	1	1
qid	statement_value	Q15804622	1	1
qid	statement_value	Q15805655	1	1
qid	statement_value	Q158066	1	1
qid	statement_value	Q15807	1	1
qid	statement_value	Q15807215	1	1
qid	statement_value	Q15808	2	2
qid	statement_value	Q15809218	1	1
qid	statement_value	Q15809226	2	2
qid	statement_value	Q15809262	1	1
qid	statement_value	Q15809898	1	1
qid	statement_value	Q15809982	1	1
qid	statement_value	Q15810910	1	1
qid	statement_value	Q15811980	1	1
qid	statement_value	Q15812029	1	1
qid	statement_value	Q15816836	1	1
qid	statement_value	Q15818944	1	1
qid	statement_value	Q15820058	1	1
qid	statement_value	Q15820239	1	1
qid	statement_value	Q15822509	1	1
qid	statement_value	Q15823193	1	1
qid	statement_value	Q15823525	1	1
qid	statement_value	Q15823531	1	1
qid	statement_value	Q15823566	1	1
qid	statement_value	Q15823640	1	1
qid	statement_value	Q15824240	1	1
qid	statement_value	Q15824275	1	1
qid	statement_value	Q15824768	1	1
qid	statement_value	Q15825234	1	1
qid	statement_value	Q15834118	1	1
qid	statement_value	Q15837069	1	1
qid	statement_value	Q1583807	1	1
qid	statement_value	Q158382	1	1
qid	statement_value	Q15840798	1	1
qid	statement_value	Q15841062	1	1
qid	statement_value	Q1584378	1	1
qid	statement_value	Q158438	1	1
qid	statement_value	Q15847247	1	1
qid	statement_value	Q15847935	1	1
qid	statement_value	Q15848378	1	1
qid	statement_value	Q15848763	1	1
qid	statement_value	Q15848903	1	1
qid	statement_value	Q158492	1	1
qid	statement_value	Q15849563	1	1
qid	statement_value	Q15849568	1	1
qid	statement_value	Q15849893	1	1
qid	statement_value	Q15851562	1	1
qid	statement_value	Q15851570	1	1
qid	statement_value	Q15852626	1	1
qid	statement_value	Q1585282	1	1
qid	statement_value	Q15852891	1	1
qid	statement_value	Q15855449	1	1
qid	statement_value	Q15855617	1	1
qid	statement_value	Q15855621	1	1
qid	statement_value	Q15855735	1	1
qid	statement_value	Q15855765	1	1
qid	statement_value	Q15855789	1	1
qid	statement_value	Q15856851	1	1
qid	statement_value	Q158583	1	1
qid	statement_value	Q158615	1	1
qid	statement_value	Q158616	1	1
qid	statement_value	Q158631	1	1
qid	statement_value	Q158633	1	1
qid	statement_value	Q158637	1	1
qid	statement_value	Q158640	1	1
qid	statement_value	Q158646	1	1
qid	statement_value	Q158653	1	1
qid	statement_value	Q158655	1	1
qid	statement_value	Q158675	1	1
qid	statement_value	Q158678	1	1
qid	statement_value	Q158680	1	1
qid	statement_value	Q15868042	1	1
qid	statement_value	Q158716	1	1
qid	statement_value	Q1587185	1	1
qid	statement_value	Q158767	2	2
qid	statement_value	Q15879	1	1
qid	statement_value	Q1587903	1	1
qid	statement_value	Q1588018	1	1
qid	statement_value	Q1588072	1	1
qid	statement_value	Q15881891	6	6
qid	statement_value	Q158852	2	2
qid	statement_value	Q1589077	1	1
qid	statement_value	Q1589236	1	1
qid	statement_value	Q159	3	3
qid	statement_value	Q15901043	1	1
qid	statement_value	Q1590998	1	1
qid	statement_value	Q1591022	1	1
qid	statement_value	Q15911314	2	2
qid	statement_value	Q1591137	1	1
qid	statement_value	Q15911738	1	1
qid	statement_value	Q1591269	1	1
qid	statement_value	Q1591334	1	1
qid	statement_value	Q1591557	1	1
qid	statement_value	Q15921555	1	1
qid	statement_value	Q15924224	1	1
qid	statement_value	Q1592577	1	1
qid	statement_value	Q1593024	1	1
qid	statement_value	Q1593171	1	1
qid	statement_value	Q15936497	1	1
qid	statement_value	Q1593684	1	1
qid	statement_value	Q159375	1	1
qid	statement_value	Q159408	1	1
qid	statement_value	Q15942027	1	1
qid	statement_value	Q159426	1	1
qid	statement_value	Q15944511	1	1
qid	statement_value	Q159462	1	1
qid	statement_value	Q1594739	1	1
qid	statement_value	Q159505	1	1
qid	statement_value	Q15951606	1	1
qid	statement_value	Q1595171	1	1
qid	statement_value	Q159535	1	1
qid	statement_value	Q159536	1	1
qid	statement_value	Q15954519	1	1
qid	statement_value	Q15955568	1	1
qid	statement_value	Q159557	1	1
qid	statement_value	Q1595601	1	1
qid	statement_value	Q1595639	1	1
qid	statement_value	Q159570	1	1
qid	statement_value	Q159675	1	1
qid	statement_value	Q159683	1	1
qid	statement_value	Q159715	1	1
qid	statement_value	Q159719	1	1
qid	statement_value	Q1597273	1	1
qid	statement_value	Q15975526	1	1
qid	statement_value	Q15976270	1	1
qid	statement_value	Q159774	1	1
qid	statement_value	Q15978441	1	1
qid	statement_value	Q15978631	1	1
qid	statement_value	Q15978655	1	1
qid	statement_value	Q15980	1	1
qid	statement_value	Q15980158	1	1
qid	statement_value	Q159810	2	2
qid	statement_value	Q15981151	1	1
qid	statement_value	Q159816	1	1
qid	statement_value	Q15982656	1	1
qid	statement_value	Q15985128	1	1
qid	statement_value	Q159879	1	1
qid	statement_value	Q1599096	1	1
qid	statement_value	Q15991218	1	1
qid	statement_value	Q15991265	1	1
qid	statement_value	Q1599184	1	1
qid	statement_value	Q159964	43	43
qid	statement_value	Q159979	1	1
qid	statement_value	Q159998	1	1
qid	statement_value	Q16	3	3
qid	statement_value	Q160	2	2
qid	statement_value	Q16000119	2	2
qid	statement_value	Q160003	1	1
qid	statement_value	Q16001535	1	1
qid	statement_value	Q160020	1	1
qid	statement_value	Q16003532	1	1
qid	statement_value	Q16003605	2	2
qid	statement_value	Q16003954	1	1
qid	statement_value	Q160066	1	1
qid	statement_value	Q16007968	2	2
qid	statement_value	Q160091	2	2
qid	statement_value	Q160093	1	1
qid	statement_value	Q160108	2	2
qid	statement_value	Q1601114	1	1
qid	statement_value	Q160117	1	1
qid	statement_value	Q16012028	1	1
qid	statement_value	Q160121	1	1
qid	statement_value	Q160131	2	2
qid	statement_value	Q1601329	1	1
qid	statement_value	Q160137	2	2
qid	statement_value	Q16014789	1	1
qid	statement_value	Q160151	1	1
qid	statement_value	Q1601555	1	1
qid	statement_value	Q160208	1	1
qid	statement_value	Q16021	1	1
qid	statement_value	Q160232	2	2
qid	statement_value	Q1602656	1	1
qid	statement_value	Q160289	2	2
qid	statement_value	Q16029547	1	1
qid	statement_value	Q160329	1	1
qid	statement_value	Q16033394	1	1
qid	statement_value	Q1603416	1	1
qid	statement_value	Q160342	2	2
qid	statement_value	Q16034269	1	1
qid	statement_value	Q1603612	1	1
qid	statement_value	Q160402	4	4
qid	statement_value	Q16042592	2	2
qid	statement_value	Q16042681	1	1
qid	statement_value	Q160464	1	1
qid	statement_value	Q160483	1	1
qid	statement_value	Q160525	2	2
qid	statement_value	Q1605306	1	1
qid	statement_value	Q16055256	1	1
qid	statement_value	Q1605665	1	1
qid	statement_value	Q160576	1	1
qid	statement_value	Q160600	1	1
qid	statement_value	Q160603	1	1
qid	statement_value	Q16060693	1	1
qid	statement_value	Q16062369	1	1
qid	statement_value	Q16064162	1	1
qid	statement_value	Q160645	1	1
qid	statement_value	Q16068	1	1
qid	statement_value	Q160695	1	1
qid	statement_value	Q160738	1	1
qid	statement_value	Q160742	1	1
qid	statement_value	Q1607826	1	1
qid	statement_value	Q160814	1	1
qid	statement_value	Q160819	1	1
qid	statement_value	Q160835	1	1
qid	statement_value	Q160843	1	1
qid	statement_value	Q1608437	1	1
qid	statement_value	Q160845	1	1
qid	statement_value	Q160894	2	2
qid	statement_value	Q160976	1	1
qid	statement_value	Q1609983	1	1
qid	statement_value	Q161	1	1
qid	statement_value	Q16102139	1	1
qid	statement_value	Q161061	1	1
qid	statement_value	Q161064	1	1
qid	statement_value	Q161066	1	1
qid	statement_value	Q161071	3	3
qid	statement_value	Q161108	1	1
qid	statement_value	Q1611410	3	3
qid	statement_value	Q161157	1	1
qid	statement_value	Q161165	1	1
qid	statement_value	Q161172	1	1
qid	statement_value	Q161176	1	1
qid	statement_value	Q161179	1	1
qid	statement_value	Q161238	2	2
qid	statement_value	Q161249	1	1
qid	statement_value	Q161273	3	3
qid	statement_value	Q16128920	1	1
qid	statement_value	Q16132073	2	2
qid	statement_value	Q1613416	1	1
qid	statement_value	Q161358	1	1
qid	statement_value	Q161380	1	1
qid	statement_value	Q161386	1	1
qid	statement_value	Q161397	1	1
qid	statement_value	Q16144	1	1
qid	statement_value	Q16145150	1	1
qid	statement_value	Q16145172	1	1
qid	statement_value	Q161500	1	1
qid	statement_value	Q161519	1	1
qid	statement_value	Q161524	1	1
qid	statement_value	Q161530	1	1
qid	statement_value	Q16155102	2	2
qid	statement_value	Q1615630	1	1
qid	statement_value	Q1615964	3	3
qid	statement_value	Q1616075	1	1
qid	statement_value	Q161635	1	1
qid	statement_value	Q161652	2	2
qid	statement_value	Q1616828	1	1
qid	statement_value	Q1617	1	1
qid	statement_value	Q161701	1	1
qid	statement_value	Q161705	1	1
qid	statement_value	Q161736	1	1
qid	statement_value	Q161764	1	1
qid	statement_value	Q1617899	1	1
qid	statement_value	Q161798	1	1
qid	statement_value	Q161837	2	2
qid	statement_value	Q161851	1	1
qid	statement_value	Q161873	1	1
qid	statement_value	Q16189205	1	1
qid	statement_value	Q1619031	1	1
qid	statement_value	Q161928	1	1
qid	statement_value	Q161936	1	1
qid	statement_value	Q161973	2	2
qid	statement_value	Q1619873	1	1
qid	statement_value	Q1619986	1	1
qid	statement_value	Q1620325	1	1
qid	statement_value	Q162034	1	1
qid	statement_value	Q162044	1	1
qid	statement_value	Q1621080	1	1
qid	statement_value	Q1621139	1	1
qid	statement_value	Q162119	1	1
qid	statement_value	Q1621236	1	1
qid	statement_value	Q1621259	1	1
qid	statement_value	Q1621273	1	1
qid	statement_value	Q1621649	1	1
qid	statement_value	Q162167	1	1
qid	statement_value	Q1621672	1	1
qid	statement_value	Q162206	1	1
qid	statement_value	Q1622062	1	1
qid	statement_value	Q1622272	1	1
qid	statement_value	Q162244	2	2
qid	statement_value	Q1622547	1	1
qid	statement_value	Q162297	1	1
qid	statement_value	Q1623138	1	1
qid	statement_value	Q1623308	1	1
qid	statement_value	Q162339	1	1
qid	statement_value	Q162351	1	1
qid	statement_value	Q1623585	1	1
qid	statement_value	Q1623587	1	1
qid	statement_value	Q16237489	1	1
qid	statement_value	Q162378	1	1
qid	statement_value	Q16243822	1	1
qid	statement_value	Q1624401	1	1
qid	statement_value	Q1624738	1	1
qid	statement_value	Q16249975	1	1
qid	statement_value	Q162528	1	1
qid	statement_value	Q162555	1	1
qid	statement_value	Q162564	1	1
qid	statement_value	Q1625796	1	1
qid	statement_value	Q16258947	1	1
qid	statement_value	Q1626	1	1
qid	statement_value	Q162606	1	1
qid	statement_value	Q162633	1	1
qid	statement_value	Q162668	3	3
qid	statement_value	Q1627095	1	1
qid	statement_value	Q162714	1	1
qid	statement_value	Q1627166	1	1
qid	statement_value	Q1627196	1	1
qid	statement_value	Q1627307	1	1
qid	statement_value	Q1627377	1	1
qid	statement_value	Q16275497	1	1
qid	statement_value	Q16277712	1	1
qid	statement_value	Q1627961	1	1
qid	statement_value	Q1627992	1	1
qid	statement_value	Q16280058	1	1
qid	statement_value	Q1628262	1	1
qid	statement_value	Q162827	1	1
qid	statement_value	Q162890	1	1
qid	statement_value	Q162919	2	2
qid	statement_value	Q162927	1	1
qid	statement_value	Q16294764	2	2
qid	statement_value	Q1630100	1	1
qid	statement_value	Q16302720	2	2
qid	statement_value	Q1630279	1	1
qid	statement_value	Q1630557	1	1
qid	statement_value	Q16308156	1	1
qid	statement_value	Q16308157	1	1
qid	statement_value	Q1631120	1	1
qid	statement_value	Q1631207	1	1
qid	statement_value	Q16314361	1	1
qid	statement_value	Q16321220	1	1
qid	statement_value	Q163214	1	1
qid	statement_value	Q1632297	1	1
qid	statement_value	Q1632394	1	1
qid	statement_value	Q1632709	1	1
qid	statement_value	Q1633641	1	1
qid	statement_value	Q16338	1	1
qid	statement_value	Q1633881	1	1
qid	statement_value	Q163446	1	1
qid	statement_value	Q1635189	1	1
qid	statement_value	Q16354758	1	1
qid	statement_value	Q163563	1	1
qid	statement_value	Q16363	2	2
qid	statement_value	Q16364	2	2
qid	statement_value	Q1636444	1	1
qid	statement_value	Q163656	2	2
qid	statement_value	Q163727	1	1
qid	statement_value	Q1637371	1	1
qid	statement_value	Q163759	1	1
qid	statement_value	Q163770	1	1
qid	statement_value	Q1637706	1	1
qid	statement_value	Q1638229	2	2
qid	statement_value	Q16383004	1	1
qid	statement_value	Q1638507	1	1
qid	statement_value	Q163875	2	2
qid	statement_value	Q163886	1	1
qid	statement_value	Q16389571	1	1
qid	statement_value	Q16390140	1	1
qid	statement_value	Q1639177	1	1
qid	statement_value	Q1639236	1	1
qid	statement_value	Q1639408	1	1
qid	statement_value	Q1639520	1	1
qid	statement_value	Q163966	1	1
qid	statement_value	Q1639825	1	1
qid	statement_value	Q16399	1	1
qid	statement_value	Q164	2	2
qid	statement_value	Q1640078	1	1
qid	statement_value	Q1640824	1	1
qid	statement_value	Q1640962	2	2
qid	statement_value	Q164142	1	1
qid	statement_value	Q164160	2	2
qid	statement_value	Q1641620	1	1
qid	statement_value	Q16419555	1	1
qid	statement_value	Q16419560	1	1
qid	statement_value	Q164204	2	2
qid	statement_value	Q16422172	1	1
qid	statement_value	Q164234	1	1
qid	statement_value	Q16423586	1	1
qid	statement_value	Q1642433	1	1
qid	statement_value	Q1642590	1	1
qid	statement_value	Q1642639	2	2
qid	statement_value	Q164272	1	1
qid	statement_value	Q164280	1	1
qid	statement_value	Q16428906	1	1
qid	statement_value	Q1642980	1	1
qid	statement_value	Q1642983	1	1
qid	statement_value	Q1643092	1	1
qid	statement_value	Q1643184	3	3
qid	statement_value	Q1643308	2	2
qid	statement_value	Q1643514	1	1
qid	statement_value	Q164359	1	1
qid	statement_value	Q164361	1	1
qid	statement_value	Q164386	1	1
qid	statement_value	Q164411	1	1
qid	statement_value	Q164419	1	1
qid	statement_value	Q16442662	1	1
qid	statement_value	Q164444	1	1
qid	statement_value	Q1645406	1	1
qid	statement_value	Q1645474	2	2
qid	statement_value	Q1645498	1	1
qid	statement_value	Q164573	1	1
qid	statement_value	Q1645966	1	1
qid	statement_value	Q164606	1	1
qid	statement_value	Q1646408	1	1
qid	statement_value	Q1646582	1	1
qid	statement_value	Q164714	1	1
qid	statement_value	Q1647200	1	1
qid	statement_value	Q1648	1	1
qid	statement_value	Q1648040	1	1
qid	statement_value	Q1648213	1	1
qid	statement_value	Q164847	1	1
qid	statement_value	Q16487229	1	1
qid	statement_value	Q16491	1	1
qid	statement_value	Q164950	1	1
qid	statement_value	Q16499	1	1
qid	statement_value	Q165	2	2
qid	statement_value	Q16501	2	2
qid	statement_value	Q16502	1	1
qid	statement_value	Q1650581	1	1
qid	statement_value	Q16506	1	1
qid	statement_value	Q1650727	1	1
qid	statement_value	Q165074	1	1
qid	statement_value	Q16509017	1	1
qid	statement_value	Q1650915	1	1
qid	statement_value	Q165107	2	2
qid	statement_value	Q165112	1	1
qid	statement_value	Q1651121	1	1
qid	statement_value	Q16511984	1	1
qid	statement_value	Q16511993	1	1
qid	statement_value	Q16513426	3	3
qid	statement_value	Q165137	1	1
qid	statement_value	Q16513769	1	1
qid	statement_value	Q165145	1	1
qid	statement_value	Q16514800	1	1
qid	statement_value	Q16515105	1	1
qid	statement_value	Q16515109	1	1
qid	statement_value	Q16515248	3	3
qid	statement_value	Q165154	2	2
qid	statement_value	Q16515647	1	1
qid	statement_value	Q1651566	2	2
qid	statement_value	Q165191	1	1
qid	statement_value	Q165192	1	1
qid	statement_value	Q16519308	1	1
qid	statement_value	Q165194	1	1
qid	statement_value	Q165199	1	1
qid	statement_value	Q16520117	1	1
qid	statement_value	Q1652067	1	1
qid	statement_value	Q1652093	1	1
qid	statement_value	Q1652098	1	1
qid	statement_value	Q16521	1	1
qid	statement_value	Q1652433	1	1
qid	statement_value	Q165254	1	1
qid	statement_value	Q16525750	1	1
qid	statement_value	Q165269	1	1
qid	statement_value	Q16529344	1	1
qid	statement_value	Q1653	1	1
qid	statement_value	Q1653073	1	1
qid	statement_value	Q165308	1	1
qid	statement_value	Q16531902	1	1
qid	statement_value	Q16532287	1	1
qid	statement_value	Q16532929	2	2
qid	statement_value	Q16533	1	1
qid	statement_value	Q165363	1	1
qid	statement_value	Q165449	1	1
qid	statement_value	Q16556796	1	1
qid	statement_value	Q16560	1	1
qid	statement_value	Q1656167	1	1
qid	statement_value	Q16562419	1	1
qid	statement_value	Q165632	2	2
qid	statement_value	Q165650	1	1
qid	statement_value	Q16565592	1	1
qid	statement_value	Q165666	1	1
qid	statement_value	Q1656682	1	1
qid	statement_value	Q1657016	1	1
qid	statement_value	Q165704	1	1
qid	statement_value	Q1657093	1	1
qid	statement_value	Q1657095	1	1
qid	statement_value	Q165717	1	1
qid	statement_value	Q16572	1	1
qid	statement_value	Q1657910	1	1
qid	statement_value	Q1658231	1	1
qid	statement_value	Q165848	1	1
qid	statement_value	Q16587531	5	5
qid	statement_value	Q165896	1	1
qid	statement_value	Q1659140	1	1
qid	statement_value	Q165939	1	1
qid	statement_value	Q165950	2	2
qid	statement_value	Q165963	1	1
qid	statement_value	Q1659648	1	1
qid	statement_value	Q166039	1	1
qid	statement_value	Q166080	1	1
qid	statement_value	Q1661	1	1
qid	statement_value	Q1661108	1	1
qid	statement_value	Q166118	1	1
qid	statement_value	Q166142	2	2
qid	statement_value	Q166153	1	1
qid	statement_value	Q166154	1	1
qid	statement_value	Q1661652	1	1
qid	statement_value	Q166171	1	1
qid	statement_value	Q1662050	1	1
qid	statement_value	Q1662057	1	1
qid	statement_value	Q1662304	1	1
qid	statement_value	Q166231	1	1
qid	statement_value	Q1662466	1	1
qid	statement_value	Q16624872	1	1
qid	statement_value	Q1662561	2	2
qid	statement_value	Q1662625	1	1
qid	statement_value	Q1662735	1	1
qid	statement_value	Q16629185	1	1
qid	statement_value	Q16629569	1	1
qid	statement_value	Q1663054	1	1
qid	statement_value	Q1663557	1	1
qid	statement_value	Q16637316	1	1
qid	statement_value	Q1663795	3	3
qid	statement_value	Q1663833	1	1
qid	statement_value	Q166409	1	1
qid	statement_value	Q1664398	1	1
qid	statement_value	Q1664473	1	1
qid	statement_value	Q1664720	1	1
qid	statement_value	Q166509	1	1
qid	statement_value	Q1665268	1	1
qid	statement_value	Q1665275	1	1
qid	statement_value	Q166543	1	1
qid	statement_value	Q166564	1	1
qid	statement_value	Q166583	1	1
qid	statement_value	Q16658574	1	1
qid	statement_value	Q1666087	1	1
qid	statement_value	Q166620	1	1
qid	statement_value	Q16667258	1	1
qid	statement_value	Q16669008	1	1
qid	statement_value	Q1667082	1	1
qid	statement_value	Q1667345	1	1
qid	statement_value	Q166735	1	1
qid	statement_value	Q166764	1	1
qid	statement_value	Q16676491	1	1
qid	statement_value	Q166788	1	1
qid	statement_value	Q1668139	1	1
qid	statement_value	Q1668151	1	1
qid	statement_value	Q1668170	3	3
qid	statement_value	Q166849	2	2
qid	statement_value	Q16686448	1	1
qid	statement_value	Q166902	1	1
qid	statement_value	Q1669999	1	1
qid	statement_value	Q167	1	1
qid	statement_value	Q1670	1	1
qid	statement_value	Q1670074	1	1
qid	statement_value	Q1670297	1	1
qid	statement_value	Q167037	1	1
qid	statement_value	Q1670614	2	2
qid	statement_value	Q167078	1	1
qid	statement_value	Q167096	1	1
qid	statement_value	Q167130	1	1
qid	statement_value	Q167131	1	1
qid	statement_value	Q1671658	1	1
qid	statement_value	Q16720257	1	1
qid	statement_value	Q16722960	1	1
qid	statement_value	Q167255	1	1
qid	statement_value	Q16726164	2	2
qid	statement_value	Q167270	1	1
qid	statement_value	Q167296	6	6
qid	statement_value	Q167336	2	2
qid	statement_value	Q16735601	1	1
qid	statement_value	Q16736738	1	1
qid	statement_value	Q167412	1	1
qid	statement_value	Q167420	1	1
qid	statement_value	Q16743864	1	1
qid	statement_value	Q16744570	1	1
qid	statement_value	Q16746939	1	1
qid	statement_value	Q16747395	1	1
qid	statement_value	Q16748868	1	1
qid	statement_value	Q16751793	1	1
qid	statement_value	Q1675776	1	1
qid	statement_value	Q167633	1	1
qid	statement_value	Q167651	1	1
qid	statement_value	Q167668	1	1
qid	statement_value	Q167676	1	1
qid	statement_value	Q1677320	1	1
qid	statement_value	Q167751	1	1
qid	statement_value	Q167755	1	1
qid	statement_value	Q167810	1	1
qid	statement_value	Q167893	2	2
qid	statement_value	Q167896	1	1
qid	statement_value	Q167918	1	1
qid	statement_value	Q167947	1	1
qid	statement_value	Q168	1	1
qid	statement_value	Q1681122	1	1
qid	statement_value	Q168182	1	1
qid	statement_value	Q1682108	1	1
qid	statement_value	Q16823155	1	1
qid	statement_value	Q168247	1	1
qid	statement_value	Q168291	1	1
qid	statement_value	Q16830339	1	1
qid	statement_value	Q16831523	1	1
qid	statement_value	Q16831578	1	1
qid	statement_value	Q16831714	1	1
qid	statement_value	Q16832349	1	1
qid	statement_value	Q168432	1	1
qid	statement_value	Q1684430	1	1
qid	statement_value	Q1684522	1	1
qid	statement_value	Q168456	1	1
qid	statement_value	Q168473	1	1
qid	statement_value	Q16847489	1	1
qid	statement_value	Q16849727	1	1
qid	statement_value	Q168514	1	1
qid	statement_value	Q168525	1	1
qid	statement_value	Q1686000	1	1
qid	statement_value	Q16860920	1	1
qid	statement_value	Q16861482	1	1
qid	statement_value	Q16861871	2	2
qid	statement_value	Q168639	1	1
qid	statement_value	Q168658	1	1
qid	statement_value	Q16869	1	1
qid	statement_value	Q16871604	1	1
qid	statement_value	Q16877244	1	1
qid	statement_value	Q16877783	1	1
qid	statement_value	Q1687904	1	1
qid	statement_value	Q16880249	1	1
qid	statement_value	Q168838	1	1
qid	statement_value	Q168845	1	1
qid	statement_value	Q16884952	1	1
qid	statement_value	Q16887380	2	2
qid	statement_value	Q16889133	1	1
qid	statement_value	Q1689121	1	1
qid	statement_value	Q168983	1	1
qid	statement_value	Q169	1	1
qid	statement_value	Q169019	1	1
qid	statement_value	Q169031	1	1
qid	statement_value	Q16908439	1	1
qid	statement_value	Q1690874	1	1
qid	statement_value	Q1690958	1	1
qid	statement_value	Q16909917	1	1
qid	statement_value	Q1691016	1	1
qid	statement_value	Q16912820	1	1
qid	statement_value	Q16917	1	1
qid	statement_value	Q16920157	1	1
qid	statement_value	Q169207	2	2
qid	statement_value	Q16920758	1	1
qid	statement_value	Q169251	2	2
qid	statement_value	Q1693	1	1
qid	statement_value	Q169313	1	1
qid	statement_value	Q169336	1	1
qid	statement_value	Q1693376	1	1
qid	statement_value	Q169342	2	2
qid	statement_value	Q1693527	1	1
qid	statement_value	Q16937917	2	2
qid	statement_value	Q16938807	1	1
qid	statement_value	Q169390	1	1
qid	statement_value	Q16944487	1	1
qid	statement_value	Q169470	2	2
qid	statement_value	Q16947618	1	1
qid	statement_value	Q16947657	1	1
qid	statement_value	Q169545	1	1
qid	statement_value	Q16957	2	2
qid	statement_value	Q169599	1	1
qid	statement_value	Q1696253	1	1
qid	statement_value	Q16966	1	1
qid	statement_value	Q16970	1	1
qid	statement_value	Q1697305	1	1
qid	statement_value	Q16979650	1	1
qid	statement_value	Q1698170	1	1
qid	statement_value	Q1698619	2	2
qid	statement_value	Q169872	1	1
qid	statement_value	Q169890	1	1
qid	statement_value	Q169940	1	1
qid	statement_value	Q169950	1	1
qid	statement_value	Q16996284	1	1
qid	statement_value	Q169973	1	1
qid	statement_value	Q17	4	4
qid	statement_value	Q170002	1	1
qid	statement_value	Q17000321	1	1
qid	statement_value	Q1700154	1	1
qid	statement_value	Q1700214	1	1
qid	statement_value	Q170065	1	1
qid	statement_value	Q170081	1	1
qid	statement_value	Q170087	1	1
qid	statement_value	Q1700929	1	1
qid	statement_value	Q170097	1	1
qid	statement_value	Q17012	1	1
qid	statement_value	Q170124	2	2
qid	statement_value	Q17014143	1	1
qid	statement_value	Q1701625	1	1
qid	statement_value	Q170173	1	1
qid	statement_value	Q17018380	1	1
qid	statement_value	Q1701952	1	1
qid	statement_value	Q170196	2	2
qid	statement_value	Q170198	1	1
qid	statement_value	Q170201	1	1
qid	statement_value	Q170212	13	13
qid	statement_value	Q170217	1	1
qid	statement_value	Q170219	1	1
qid	statement_value	Q170239	7	7
qid	statement_value	Q170258	1	1
qid	statement_value	Q17028020	1	1
qid	statement_value	Q170284	1	1
qid	statement_value	Q170285	1	1
qid	statement_value	Q17030482	1	1
qid	statement_value	Q170379	2	2
qid	statement_value	Q170382	1	1
qid	statement_value	Q17039031	1	1
qid	statement_value	Q170393	1	1
qid	statement_value	Q170406	1	1
qid	statement_value	Q170412	1	1
qid	statement_value	Q17041678	1	1
qid	statement_value	Q170439	1	1
qid	statement_value	Q170449	1	1
qid	statement_value	Q170475	2	2
qid	statement_value	Q17047527	1	1
qid	statement_value	Q170477	1	1
qid	statement_value	Q170483	1	1
qid	statement_value	Q170486	1	1
qid	statement_value	Q170494	2	2
qid	statement_value	Q170518	1	1
qid	statement_value	Q17052123	1	1
qid	statement_value	Q170539	1	1
qid	statement_value	Q17054	1	1
qid	statement_value	Q170552	1	1
qid	statement_value	Q170579	2	2
qid	statement_value	Q170584	1	1
qid	statement_value	Q170591	1	1
qid	statement_value	Q170595	1	1
qid	statement_value	Q170658	1	1
qid	statement_value	Q1707	2	2
qid	statement_value	Q170731	1	1
qid	statement_value	Q17073916	1	1
qid	statement_value	Q170754	1	1
qid	statement_value	Q1707568	1	1
qid	statement_value	Q170758	1	1
qid	statement_value	Q170774	1	1
qid	statement_value	Q1707847	1	1
qid	statement_value	Q170790	2	2
qid	statement_value	Q170826	1	1
qid	statement_value	Q170831	1	1
qid	statement_value	Q1709	1	1
qid	statement_value	Q1709080	3	3
qid	statement_value	Q170912	1	1
qid	statement_value	Q170924	1	1
qid	statement_value	Q1709306	1	1
qid	statement_value	Q17095725	1	1
qid	statement_value	Q1709804	1	1
qid	statement_value	Q170984	1	1
qid	statement_value	Q171	1	1
qid	statement_value	Q17102802	1	1
qid	statement_value	Q1710397	1	1
qid	statement_value	Q171043	1	1
qid	statement_value	Q171058	1	1
qid	statement_value	Q1711	1	1
qid	statement_value	Q1711291	1	1
qid	statement_value	Q171141	15	15
qid	statement_value	Q1711697	1	1
qid	statement_value	Q171171	1	1
qid	statement_value	Q171178	1	1
qid	statement_value	Q171180	1	1
qid	statement_value	Q171187	2	2
qid	statement_value	Q17119297	1	1
qid	statement_value	Q1712140	5	5
qid	statement_value	Q17122325	1	1
qid	statement_value	Q17123180	1	1
qid	statement_value	Q17127263	1	1
qid	statement_value	Q17127808	1	1
qid	statement_value	Q1713	3	3
qid	statement_value	Q17131062	1	1
qid	statement_value	Q17131110	1	1
qid	statement_value	Q171318	1	1
qid	statement_value	Q171336	1	1
qid	statement_value	Q1713843	1	1
qid	statement_value	Q1713914	1	1
qid	statement_value	Q1714036	1	1
qid	statement_value	Q1714329	1	1
qid	statement_value	Q171441	1	1
qid	statement_value	Q171446	1	1
qid	statement_value	Q171448	1	1
qid	statement_value	Q17147	2	2
qid	statement_value	Q1714828	1	1
qid	statement_value	Q17148708	1	1
qid	statement_value	Q171497	1	1
qid	statement_value	Q1715	1	1
qid	statement_value	Q17152495	1	1
qid	statement_value	Q171529	1	1
qid	statement_value	Q171558	1	1
qid	statement_value	Q17156810	1	1
qid	statement_value	Q17159	1	1
qid	statement_value	Q1715951	1	1
qid	statement_value	Q1716571	1	1
qid	statement_value	Q17167049	1	1
qid	statement_value	Q17170	1	1
qid	statement_value	Q1717246	2	2
qid	statement_value	Q171751	1	1
qid	statement_value	Q17176533	1	1
qid	statement_value	Q1718	2	2
qid	statement_value	Q171888	2	2
qid	statement_value	Q171892	1	1
qid	statement_value	Q171899	2	2
qid	statement_value	Q171917	2	2
qid	statement_value	Q172	1	1
qid	statement_value	Q1720	2	2
qid	statement_value	Q172008	1	1
qid	statement_value	Q1720351	1	1
qid	statement_value	Q1720648	2	2
qid	statement_value	Q1721	2	2
qid	statement_value	Q17210	1	1
qid	statement_value	Q1721035	1	1
qid	statement_value	Q1722	1	1
qid	statement_value	Q172226	1	1
qid	statement_value	Q1722586	1	1
qid	statement_value	Q17232201	1	1
qid	statement_value	Q1723359	1	1
qid	statement_value	Q1723884	1	1
qid	statement_value	Q17244465	1	1
qid	statement_value	Q1724702	1	1
qid	statement_value	Q1724915	5	5
qid	statement_value	Q17252	1	1
qid	statement_value	Q1725382	1	1
qid	statement_value	Q1725788	2	2
qid	statement_value	Q172587	1	1
qid	statement_value	Q1726	4	4
qid	statement_value	Q172605	1	1
qid	statement_value	Q1726340	1	1
qid	statement_value	Q172640	1	1
qid	statement_value	Q1726864	1	1
qid	statement_value	Q1726903	1	1
qid	statement_value	Q1727131	2	2
qid	statement_value	Q17278	1	1
qid	statement_value	Q1728256	1	1
qid	statement_value	Q172833	2	2
qid	statement_value	Q172839	1	1
qid	statement_value	Q17285	1	1
qid	statement_value	Q172858	1	1
qid	statement_value	Q17285911	1	1
qid	statement_value	Q172867	1	1
qid	statement_value	Q172872	1	1
qid	statement_value	Q1728774	2	2
qid	statement_value	Q172964	8	8
qid	statement_value	Q17297777	5	5
qid	statement_value	Q17305524	1	1
qid	statement_value	Q17307272	1	1
qid	statement_value	Q173096	1	1
qid	statement_value	Q1731	2	2
qid	statement_value	Q17310152	1	1
qid	statement_value	Q173156	1	1
qid	statement_value	Q173242	1	1
qid	statement_value	Q173253	1	1
qid	statement_value	Q17326490	1	1
qid	statement_value	Q17326725	1	1
qid	statement_value	Q17326923	1	1
qid	statement_value	Q1733	2	2
qid	statement_value	Q173318	1	1
qid	statement_value	Q17334923	3	3
qid	statement_value	Q173387	3	3
qid	statement_value	Q1734	1	1
qid	statement_value	Q1734138	1	1
qid	statement_value	Q17345122	2	2
qid	statement_value	Q173453	1	1
qid	statement_value	Q1734562	1	1
qid	statement_value	Q1734603	1	1
qid	statement_value	Q1734662	2	2
qid	statement_value	Q1735	1	1
qid	statement_value	Q17351648	1	1
qid	statement_value	Q17351672	1	1
qid	statement_value	Q1735282	1	1
qid	statement_value	Q1735284	1	1
qid	statement_value	Q17354211	1	1
qid	statement_value	Q17355583	1	1
qid	statement_value	Q1735639	1	1
qid	statement_value	Q17361147	1	1
qid	statement_value	Q17362054	1	1
qid	statement_value	Q1736298	2	2
qid	statement_value	Q1736897	1	1
qid	statement_value	Q1736924	1	1
qid	statement_value	Q1737	3	3
qid	statement_value	Q173710	1	1
qid	statement_value	Q1737198	2	2
qid	statement_value	Q173725	1	1
qid	statement_value	Q173799	2	2
qid	statement_value	Q173801	1	1
qid	statement_value	Q173817	1	1
qid	statement_value	Q173950	1	1
qid	statement_value	Q1739536	1	1
qid	statement_value	Q1739969	1	1
qid	statement_value	Q1740026	1	1
qid	statement_value	Q1741	2	2
qid	statement_value	Q174102	1	1
qid	statement_value	Q174165	2	2
qid	statement_value	Q1741735	1	1
qid	statement_value	Q1741771	1	1
qid	statement_value	Q1741781	1	1
qid	statement_value	Q1741806	2	2
qid	statement_value	Q1741823	1	1
qid	statement_value	Q1741825	1	1
qid	statement_value	Q1741840	1	1
qid	statement_value	Q1741876	1	1
qid	statement_value	Q1741898	8	8
qid	statement_value	Q1741932	1	1
qid	statement_value	Q1741933	1	1
qid	statement_value	Q1741939	2	2
qid	statement_value	Q1741951	1	1
qid	statement_value	Q1742041	1	1
qid	statement_value	Q1742059	1	1
qid	statement_value	Q174219	2	2
qid	statement_value	Q1742381	1	1
qid	statement_value	Q174273	1	1
qid	statement_value	Q1743122	1	1
qid	statement_value	Q1743368	1	1
qid	statement_value	Q1743525	1	1
qid	statement_value	Q1743788	1	1
qid	statement_value	Q1743952	1	1
qid	statement_value	Q174396	2	2
qid	statement_value	Q174416	1	1
qid	statement_value	Q1744309	1	1
qid	statement_value	Q1744391	2	2
qid	statement_value	Q1744703	1	1
qid	statement_value	Q174526	1	1
qid	statement_value	Q174583	1	1
qid	statement_value	Q1746163	1	1
qid	statement_value	Q174647	2	2
qid	statement_value	Q174705	1	1
qid	statement_value	Q1747066	1	1
qid	statement_value	Q1747121	2	2
qid	statement_value	Q174728	1	1
qid	statement_value	Q174736	2	2
qid	statement_value	Q174782	1	1
qid	statement_value	Q174789	1	1
qid	statement_value	Q1748	1	1
qid	statement_value	Q1748361	1	1
qid	statement_value	Q174876	3	3
qid	statement_value	Q174921	1	1
qid	statement_value	Q174923	1	1
qid	statement_value	Q1749541	1	1
qid	statement_value	Q1749879	2	2
qid	statement_value	Q175026	1	1
qid	statement_value	Q17504707	1	1
qid	statement_value	Q17505024	3	3
qid	statement_value	Q1750879	1	1
qid	statement_value	Q175089	1	1
qid	statement_value	Q175112	1	1
qid	statement_value	Q1751296	1	1
qid	statement_value	Q175151	1	1
qid	statement_value	Q1751528	1	1
qid	statement_value	Q1751668	1	1
qid	statement_value	Q17517	3	3
qid	statement_value	Q17518870	1	1
qid	statement_value	Q1751943	1	1
qid	statement_value	Q1752004	1	1
qid	statement_value	Q17521458	1	1
qid	statement_value	Q17522177	1	1
qid	statement_value	Q175233	1	1
qid	statement_value	Q1752346	1	1
qid	statement_value	Q1752459	1	1
qid	statement_value	Q1752545	1	1
qid	statement_value	Q1752862	1	1
qid	statement_value	Q1753063	1	1
qid	statement_value	Q175331	2	2
qid	statement_value	Q1753602	2	2
qid	statement_value	Q1754	1	1
qid	statement_value	Q17540959	1	1
qid	statement_value	Q175449	1	1
qid	statement_value	Q1754546	1	1
qid	statement_value	Q1754697	1	1
qid	statement_value	Q17550579	1	1
qid	statement_value	Q1755179	1	1
qid	statement_value	Q1755343	1	1
qid	statement_value	Q17553608	1	1
qid	statement_value	Q1755420	2	2
qid	statement_value	Q17561028	1	1
qid	statement_value	Q1756277	1	1
qid	statement_value	Q1756348	1	1
qid	statement_value	Q1756416	1	1
qid	statement_value	Q1756907	1	1
qid	statement_value	Q1757	1	1
qid	statement_value	Q1757008	1	1
qid	statement_value	Q1757063	1	1
qid	statement_value	Q1757074	1	1
qid	statement_value	Q17573152	1	1
qid	statement_value	Q175743	1	1
qid	statement_value	Q1757562	1	1
qid	statement_value	Q175821	1	1
qid	statement_value	Q1758228	1	1
qid	statement_value	Q1758354	2	2
qid	statement_value	Q175854	1	1
qid	statement_value	Q1758559	1	1
qid	statement_value	Q1758746	1	1
qid	statement_value	Q1758798	2	2
qid	statement_value	Q1758839	1	1
qid	statement_value	Q1759104	1	1
qid	statement_value	Q1759167	1	1
qid	statement_value	Q17592	1	1
qid	statement_value	Q17592382	1	1
qid	statement_value	Q17592649	1	1
qid	statement_value	Q1759270	2	2
qid	statement_value	Q17598913	1	1
qid	statement_value	Q176063	1	1
qid	statement_value	Q1760637	1	1
qid	statement_value	Q1760704	1	1
qid	statement_value	Q176088	1	1
qid	statement_value	Q17611534	1	1
qid	statement_value	Q1761269	1	1
qid	statement_value	Q1761621	1	1
qid	statement_value	Q1761830	1	1
qid	statement_value	Q1762010	1	1
qid	statement_value	Q1762022	1	1
qid	statement_value	Q1762398	1	1
qid	statement_value	Q1762457	1	1
qid	statement_value	Q1762621	1	1
qid	statement_value	Q1762933	1	1
qid	statement_value	Q1762975	1	1
qid	statement_value	Q176318	1	1
qid	statement_value	Q17635290	1	1
qid	statement_value	Q176353	1	1
qid	statement_value	Q176377	1	1
qid	statement_value	Q1763828	1	1
qid	statement_value	Q17638951	1	1
qid	statement_value	Q176440	1	1
qid	statement_value	Q176501	2	2
qid	statement_value	Q1765371	1	1
qid	statement_value	Q176555	1	1
qid	statement_value	Q1765879	1	1
qid	statement_value	Q1765919	2	2
qid	statement_value	Q176640	1	1
qid	statement_value	Q1766807	2	2
qid	statement_value	Q176763	1	1
qid	statement_value	Q1768566	1	1
qid	statement_value	Q17689481	1	1
qid	statement_value	Q1769523	1	1
qid	statement_value	Q176996	1	1
qid	statement_value	Q177	1	1
qid	statement_value	Q1770	1	1
qid	statement_value	Q177002	1	1
qid	statement_value	Q1771029	1	1
qid	statement_value	Q1771903	1	1
qid	statement_value	Q177220	2	2
qid	statement_value	Q17723	1	1
qid	statement_value	Q177232	3	3
qid	statement_value	Q1772386	1	1
qid	statement_value	Q177257	1	1
qid	statement_value	Q1772698	1	1
qid	statement_value	Q1773	1	1
qid	statement_value	Q177332	1	1
qid	statement_value	Q17737	1	1
qid	statement_value	Q177378	1	1
qid	statement_value	Q1773885	1	1
qid	statement_value	Q1773918	1	1
qid	statement_value	Q1774	1	1
qid	statement_value	Q177413	1	1
qid	statement_value	Q1774143	1	1
qid	statement_value	Q1774320	1	1
qid	statement_value	Q1774397	2	2
qid	statement_value	Q1774424	2	2
qid	statement_value	Q1774427	1	1
qid	statement_value	Q177449	1	1
qid	statement_value	Q177463	1	1
qid	statement_value	Q1774898	1	1
qid	statement_value	Q177540	1	1
qid	statement_value	Q1775415	79804	79804
qid	statement_value	Q1775461	39770	39770
qid	statement_value	Q1775712	1	1
qid	statement_value	Q177600	1	1
qid	statement_value	Q177634	1	1
qid	statement_value	Q17765518	1	1
qid	statement_value	Q177691	1	1
qid	statement_value	Q17769526	1	1
qid	statement_value	Q1776979	1	1
qid	statement_value	Q177716	1	1
qid	statement_value	Q177719	1	1
qid	statement_value	Q1777257	1	1
qid	statement_value	Q1777482	1	1
qid	statement_value	Q177749	1	1
qid	statement_value	Q1777515	1	1
qid	statement_value	Q177777	2	2
qid	statement_value	Q1777951	1	1
qid	statement_value	Q1778074	1	1
qid	statement_value	Q1778168	1	1
qid	statement_value	Q17781833	2	2
qid	statement_value	Q1778517	1	1
qid	statement_value	Q1778615	1	1
qid	statement_value	Q177900	1	1
qid	statement_value	Q1779157	1	1
qid	statement_value	Q177932	1	1
qid	statement_value	Q1779342	1	1
qid	statement_value	Q1779527	2	2
qid	statement_value	Q1779650	2	2
qid	statement_value	Q177974	1	1
qid	statement_value	Q1779838	1	1
qid	statement_value	Q178	2	2
qid	statement_value	Q1780	1	1
qid	statement_value	Q1780020	1	1
qid	statement_value	Q1780133	1	1
qid	statement_value	Q178022	1	1
qid	statement_value	Q178024	1	1
qid	statement_value	Q1780478	1	1
qid	statement_value	Q1780495	1	1
qid	statement_value	Q1780847	1	1
qid	statement_value	Q1781	2	2
qid	statement_value	Q1781198	1	1
qid	statement_value	Q178122	1	1
qid	statement_value	Q1781247	1	1
qid	statement_value	Q178143	1	1
qid	statement_value	Q1781430	1	1
qid	statement_value	Q178146	1	1
qid	statement_value	Q1781513	1	1
qid	statement_value	Q178192	1	1
qid	statement_value	Q178193	1	1
qid	statement_value	Q1782301	1	1
qid	statement_value	Q1782584	1	1
qid	statement_value	Q178266	1	1
qid	statement_value	Q178296	1	1
qid	statement_value	Q1783115	2	2
qid	statement_value	Q1783255	1	1
qid	statement_value	Q1783292	1	1
qid	statement_value	Q178342	1	1
qid	statement_value	Q178354	1	1
qid	statement_value	Q1783547	1	1
qid	statement_value	Q1783551	1	1
qid	statement_value	Q178359	1	1
qid	statement_value	Q1783714	1	1
qid	statement_value	Q1783823	1	1
qid	statement_value	Q1784021	2	2
qid	statement_value	Q1784238	1	1
qid	statement_value	Q178433	1	1
qid	statement_value	Q178446	1	1
qid	statement_value	Q178459	1	1
qid	statement_value	Q178488	1	1
qid	statement_value	Q178492	1	1
qid	statement_value	Q178512	1	1
qid	statement_value	Q178521	1	1
qid	statement_value	Q17853087	2	2
qid	statement_value	Q1785467	1	1
qid	statement_value	Q178559	1	1
qid	statement_value	Q178561	1	1
qid	statement_value	Q178582	1	1
qid	statement_value	Q178588	1	1
qid	statement_value	Q178593	1	1
qid	statement_value	Q1785974	1	1
qid	statement_value	Q178600	1	1
qid	statement_value	Q1786125	1	1
qid	statement_value	Q178630	1	1
qid	statement_value	Q178651	1	1
qid	statement_value	Q1786540	1	1
qid	statement_value	Q1786562	1	1
qid	statement_value	Q178659	1	1
qid	statement_value	Q178674	1	1
qid	statement_value	Q1786828	1	1
qid	statement_value	Q1786938	1	1
qid	statement_value	Q178706	1	1
qid	statement_value	Q178715	1	1
qid	statement_value	Q178743	1	1
qid	statement_value	Q178748	1	1
qid	statement_value	Q1787896	1	1
qid	statement_value	Q178790	1	1
qid	statement_value	Q178794	2	2
qid	statement_value	Q178801	1	1
qid	statement_value	Q178816	2	2
qid	statement_value	Q1788166	1	1
qid	statement_value	Q17884	3	3
qid	statement_value	Q178843	1	1
qid	statement_value	Q1788454	1	1
qid	statement_value	Q1788657	1	1
qid	statement_value	Q178885	1	1
qid	statement_value	Q178890	1	1
qid	statement_value	Q178898	1	1
qid	statement_value	Q1789027	1	1
qid	statement_value	Q178921	1	1
qid	statement_value	Q178928	1	1
qid	statement_value	Q178942	1	1
qid	statement_value	Q1789452	2	2
qid	statement_value	Q1789604	1	1
qid	statement_value	Q1789761	1	1
qid	statement_value	Q178977	1	1
qid	statement_value	Q1789819	1	1
qid	statement_value	Q178985	1	1
qid	statement_value	Q178995	1	1
qid	statement_value	Q179010	3	3
qid	statement_value	Q1790144	1	1
qid	statement_value	Q1790295	1	1
qid	statement_value	Q179049	1	1
qid	statement_value	Q1790577	1	1
qid	statement_value	Q179076	2	2
qid	statement_value	Q179080	1	1
qid	statement_value	Q179115	1	1
qid	statement_value	Q1791683	1	1
qid	statement_value	Q1792	1	1
qid	statement_value	Q179230	1	1
qid	statement_value	Q1792450	1	1
qid	statement_value	Q179248	1	1
qid	statement_value	Q179254	1	1
qid	statement_value	Q1792623	1	1
qid	statement_value	Q179304	1	1
qid	statement_value	Q179310	2	2
qid	statement_value	Q1794	2	2
qid	statement_value	Q179430	1	1
qid	statement_value	Q179448	3	3
qid	statement_value	Q17945	1	1
qid	statement_value	Q1795024	2	2
qid	statement_value	Q17951	4	4
qid	statement_value	Q179522	1	1
qid	statement_value	Q1795334	1	1
qid	statement_value	Q1795352	1	1
qid	statement_value	Q17955	2	2
qid	statement_value	Q179550	2	2
qid	statement_value	Q179600	1	1
qid	statement_value	Q179661	1	1
qid	statement_value	Q179671	1	1
qid	statement_value	Q1796826	1	1
qid	statement_value	Q1796864	1	1
qid	statement_value	Q1796966	1	1
qid	statement_value	Q179700	1	1
qid	statement_value	Q179723	1	1
qid	statement_value	Q179731	1	1
qid	statement_value	Q179742	1	1
qid	statement_value	Q179789	2	2
qid	statement_value	Q179797	1	1
qid	statement_value	Q179830	1	1
qid	statement_value	Q179831	1	1
qid	statement_value	Q1798603	1	1
qid	statement_value	Q179875	1	1
qid	statement_value	Q17987561	1	1
qid	statement_value	Q17987564	1	1
qid	statement_value	Q1799	1	1
qid	statement_value	Q179904	1	1
qid	statement_value	Q1799072	3	3
qid	statement_value	Q17991521	1	1
qid	statement_value	Q17994098	1	1
qid	statement_value	Q1799493	1	1
qid	statement_value	Q17996169	1	1
qid	statement_value	Q1799761	1	1
qid	statement_value	Q179985	1	1
qid	statement_value	Q18	1	1
qid	statement_value	Q1800037	7	7
qid	statement_value	Q18001597	1	1
qid	statement_value	Q1800226	1	1
qid	statement_value	Q18002399	1	1
qid	statement_value	Q18002623	1	1
qid	statement_value	Q18003170	1	1
qid	statement_value	Q1800439	1	1
qid	statement_value	Q180044	1	1
qid	statement_value	Q180046	1	1
qid	statement_value	Q1801	1	1
qid	statement_value	Q18011418	1	1
qid	statement_value	Q18012374	1	1
qid	statement_value	Q18012503	1	1
qid	statement_value	Q18012526	1	1
qid	statement_value	Q180139	1	1
qid	statement_value	Q180160	1	1
qid	statement_value	Q180184	1	1
qid	statement_value	Q18019200	1	1
qid	statement_value	Q180204	3	3
qid	statement_value	Q180208	2	2
qid	statement_value	Q1802122	1	1
qid	statement_value	Q1802145	1	1
qid	statement_value	Q18021646	1	1
qid	statement_value	Q1802367	1	1
qid	statement_value	Q180253	1	1
qid	statement_value	Q180284	1	1
qid	statement_value	Q18028491	1	1
qid	statement_value	Q180289	2	2
qid	statement_value	Q1802963	1	1
qid	statement_value	Q18029644	1	1
qid	statement_value	Q180309	1	1
qid	statement_value	Q18031774	1	1
qid	statement_value	Q180323	1	1
qid	statement_value	Q180388	1	1
qid	statement_value	Q18043413	1	1
qid	statement_value	Q180472	1	1
qid	statement_value	Q180516	8	8
qid	statement_value	Q180538	1	1
qid	statement_value	Q1805393	1	1
qid	statement_value	Q180544	1	1
qid	statement_value	Q1805775	1	1
qid	statement_value	Q180600	1	1
qid	statement_value	Q180614	1	1
qid	statement_value	Q180623	1	1
qid	statement_value	Q1806590	1	1
qid	statement_value	Q180684	2	2
qid	statement_value	Q180692	1	1
qid	statement_value	Q1807108	1	1
qid	statement_value	Q180712	2	2
qid	statement_value	Q1807128	1	1
qid	statement_value	Q1807269	3	3
qid	statement_value	Q180733	1	1
qid	statement_value	Q180744	1	1
qid	statement_value	Q1807598	1	1
qid	statement_value	Q180774	1	1
qid	statement_value	Q180778	1	1
qid	statement_value	Q180846	1	1
qid	statement_value	Q180884	1	1
qid	statement_value	Q18089021	1	1
qid	statement_value	Q18089644	2	2
qid	statement_value	Q1809	1	1
qid	statement_value	Q180910	1	1
qid	statement_value	Q180912	1	1
qid	statement_value	Q180958	1	1
qid	statement_value	Q18097	3	3
qid	statement_value	Q1810004	1	1
qid	statement_value	Q181008	1	1
qid	statement_value	Q181040	2	2
qid	statement_value	Q181055	1	1
qid	statement_value	Q18105736	1	1
qid	statement_value	Q1811014	1	1
qid	statement_value	Q181133	1	1
qid	statement_value	Q181191	1	1
qid	statement_value	Q18120378	1	1
qid	statement_value	Q181232	1	1
qid	statement_value	Q181247	1	1
qid	statement_value	Q18125	1	1
qid	statement_value	Q1812627	1	1
qid	statement_value	Q18127	1	1
qid	statement_value	Q1812977	1	1
qid	statement_value	Q18131152	1	1
qid	statement_value	Q181319	2	2
qid	statement_value	Q181322	1	1
qid	statement_value	Q18133228	1	1
qid	statement_value	Q181339	1	1
qid	statement_value	Q1813455	1	1
qid	statement_value	Q181354	1	1
qid	statement_value	Q181388	1	1
qid	statement_value	Q181391	1	1
qid	statement_value	Q181394	1	1
qid	statement_value	Q181395	1	1
qid	statement_value	Q18142	1	1
qid	statement_value	Q18145066	1	1
qid	statement_value	Q18145374	1	1
qid	statement_value	Q18145728	1	1
qid	statement_value	Q18145837	1	1
qid	statement_value	Q18145860	1	1
qid	statement_value	Q1814820	1	1
qid	statement_value	Q181485	1	1
qid	statement_value	Q1814941	1	1
qid	statement_value	Q1814990	4	4
qid	statement_value	Q1815307	1	1
qid	statement_value	Q1815315	1	1
qid	statement_value	Q1815386	1	1
qid	statement_value	Q1815494	1	1
qid	statement_value	Q18156186	1	1
qid	statement_value	Q181576	1	1
qid	statement_value	Q1815949	1	1
qid	statement_value	Q181600	1	1
qid	statement_value	Q181623	1	1
qid	statement_value	Q181634	1	1
qid	statement_value	Q1816577	1	1
qid	statement_value	Q1816679	1	1
qid	statement_value	Q1816844	4	4
qid	statement_value	Q18168594	1	1
qid	statement_value	Q18171830	1	1
qid	statement_value	Q1817208	1	1
qid	statement_value	Q181741	2	2
qid	statement_value	Q18175632	1	1
qid	statement_value	Q181767	1	1
qid	statement_value	Q18177026	1	1
qid	statement_value	Q18177136	1	1
qid	statement_value	Q18177321	1	1
qid	statement_value	Q18177338	1	1
qid	statement_value	Q181787	3	3
qid	statement_value	Q181791	1	1
qid	statement_value	Q181802	1	1
qid	statement_value	Q18180401	1	1
qid	statement_value	Q18182622	1	1
qid	statement_value	Q181839	1	1
qid	statement_value	Q18185	1	1
qid	statement_value	Q181865	1	1
qid	statement_value	Q1818899	1	1
qid	statement_value	Q1819	1	1
qid	statement_value	Q18191106	1	1
qid	statement_value	Q181923	3	3
qid	statement_value	Q18193	1	1
qid	statement_value	Q18193663	1	1
qid	statement_value	Q181947	1	1
qid	statement_value	Q181970	34	34
qid	statement_value	Q182015	1	1
qid	statement_value	Q182020	2	2
qid	statement_value	Q182037	1	1
qid	statement_value	Q18204	1	1
qid	statement_value	Q182045	1	1
qid	statement_value	Q182060	3	3
qid	statement_value	Q1820650	1	1
qid	statement_value	Q1820694	1	1
qid	statement_value	Q18207787	1	1
qid	statement_value	Q182098	1	1
qid	statement_value	Q1821009	1	1
qid	statement_value	Q182154	1	1
qid	statement_value	Q182180	1	1
qid	statement_value	Q182186	1	1
qid	statement_value	Q18219090	1	1
qid	statement_value	Q182221	1	1
qid	statement_value	Q182242	2	2
qid	statement_value	Q182290	1	1
qid	statement_value	Q182311	1	1
qid	statement_value	Q1823258	1	1
qid	statement_value	Q1824203	1	1
qid	statement_value	Q1824206	1	1
qid	statement_value	Q18242306	1	1
qid	statement_value	Q182436	2	2
qid	statement_value	Q18245236	1	1
qid	statement_value	Q18245781	1	1
qid	statement_value	Q182458	1	1
qid	statement_value	Q18250160	1	1
qid	statement_value	Q1825517	1	1
qid	statement_value	Q182581	1	1
qid	statement_value	Q182587	3	3
qid	statement_value	Q1826001	1	1
qid	statement_value	Q182612	1	1
qid	statement_value	Q182659	1	1
qid	statement_value	Q182661	1	1
qid	statement_value	Q182676	1	1
qid	statement_value	Q1827	1	1
qid	statement_value	Q1827035	1	1
qid	statement_value	Q182722	1	1
qid	statement_value	Q18272436	1	1
qid	statement_value	Q182751	1	1
qid	statement_value	Q182767	1	1
qid	statement_value	Q18278	1	1
qid	statement_value	Q182780	1	1
qid	statement_value	Q182790	1	1
qid	statement_value	Q18281	1	1
qid	statement_value	Q182832	3	3
qid	statement_value	Q182854	1	1
qid	statement_value	Q18286246	1	1
qid	statement_value	Q182868	1	1
qid	statement_value	Q182899	1	1
qid	statement_value	Q1829	1	1
qid	statement_value	Q182940	3	3
qid	statement_value	Q182995	1	1
qid	statement_value	Q183	12	12
qid	statement_value	Q183046	1	1
qid	statement_value	Q183061	1	1
qid	statement_value	Q1832	1	1
qid	statement_value	Q183225	1	1
qid	statement_value	Q183252	1	1
qid	statement_value	Q183287	1	1
qid	statement_value	Q183318	1	1
qid	statement_value	Q183319	1	1
qid	statement_value	Q18333556	1	1
qid	statement_value	Q18334	1	1
qid	statement_value	Q18334345	1	1
qid	statement_value	Q18335	1	1
qid	statement_value	Q183350	1	1
qid	statement_value	Q18335820	1	1
qid	statement_value	Q18336	8	8
qid	statement_value	Q183366	1	1
qid	statement_value	Q183368	1	1
qid	statement_value	Q18338226	1	1
qid	statement_value	Q18338317	1	1
qid	statement_value	Q183413	1	1
qid	statement_value	Q18342151	1	1
qid	statement_value	Q183425	2	2
qid	statement_value	Q18342671	1	1
qid	statement_value	Q183427	3	3
qid	statement_value	Q183464	12	12
qid	statement_value	Q18352682	1	1
qid	statement_value	Q183605	1	1
qid	statement_value	Q18361829	1	1
qid	statement_value	Q183635	1	1
qid	statement_value	Q183660	1	1
qid	statement_value	Q18366588	1	1
qid	statement_value	Q183670	1	1
qid	statement_value	Q1837636	1	1
qid	statement_value	Q18377123	1	1
qid	statement_value	Q18378367	1	1
qid	statement_value	Q1838	1	1
qid	statement_value	Q183816	1	1
qid	statement_value	Q183888	1	1
qid	statement_value	Q183945	1	1
qid	statement_value	Q183951	1	1
qid	statement_value	Q183959	1	1
qid	statement_value	Q184	8	8
qid	statement_value	Q18401607	1	1
qid	statement_value	Q18408740	1	1
qid	statement_value	Q18410278	1	1
qid	statement_value	Q18410587	1	1
qid	statement_value	Q18411763	1	1
qid	statement_value	Q184148	2	2
qid	statement_value	Q18415478	1	1
qid	statement_value	Q184191	1	1
qid	statement_value	Q184197	1	1
qid	statement_value	Q184199	1	1
qid	statement_value	Q184231	1	1
qid	statement_value	Q1843	1	1
qid	statement_value	Q184303	6	6
qid	statement_value	Q18433212	1	1
qid	statement_value	Q184356	1	1
qid	statement_value	Q184357	1	1
qid	statement_value	Q184377	1	1
qid	statement_value	Q184395	1	1
qid	statement_value	Q184418	1	1
qid	statement_value	Q184421	2	2
qid	statement_value	Q184439	8	8
qid	statement_value	Q184453	1	1
qid	statement_value	Q1845	4	4
qid	statement_value	Q184511	2	2
qid	statement_value	Q18451251	1	1
qid	statement_value	Q184524	1	1
qid	statement_value	Q184567	1	1
qid	statement_value	Q1846	1	1
qid	statement_value	Q184611	1	1
qid	statement_value	Q184624	1	1
qid	statement_value	Q184625	1	1
qid	statement_value	Q184630	1	1
qid	statement_value	Q184644	1	1
qid	statement_value	Q184651	1	1
qid	statement_value	Q184753	1	1
qid	statement_value	Q18478758	1	1
qid	statement_value	Q184817	1	1
qid	statement_value	Q1848238	1	1
qid	statement_value	Q184848	1	1
qid	statement_value	Q184872	1	1
qid	statement_value	Q18488805	1	1
qid	statement_value	Q1848900	1	1
qid	statement_value	Q18489480	1	1
qid	statement_value	Q1849	1	1
qid	statement_value	Q1849012	1	1
qid	statement_value	Q18491139	1	1
qid	statement_value	Q184914	2	2
qid	statement_value	Q1849277	1	1
qid	statement_value	Q184932	1	1
qid	statement_value	Q18498	1	1
qid	statement_value	Q185003	1	1
qid	statement_value	Q185009	3	3
qid	statement_value	Q185016	1	1
qid	statement_value	Q185056	1	1
qid	statement_value	Q185077	1	1
qid	statement_value	Q185091	1	1
qid	statement_value	Q185138	1	1
qid	statement_value	Q18514	1	1
qid	statement_value	Q185154	1	1
qid	statement_value	Q18515951	1	1
qid	statement_value	Q1851710	1	1
qid	statement_value	Q1851760	1	1
qid	statement_value	Q185187	1	1
qid	statement_value	Q185196	6	6
qid	statement_value	Q185215	1	1
qid	statement_value	Q185217	1	1
qid	statement_value	Q185220	1	1
qid	statement_value	Q185243	1	1
qid	statement_value	Q1853	1	1
qid	statement_value	Q18530	1	1
qid	statement_value	Q18531	2	2
qid	statement_value	Q185317	1	1
qid	statement_value	Q18534	2	2
qid	statement_value	Q185351	1	1
qid	statement_value	Q185357	1	1
qid	statement_value	Q185363	1	1
qid	statement_value	Q18536342	1	1
qid	statement_value	Q18537	1	1
qid	statement_value	Q18538	1	1
qid	statement_value	Q185387	2	2
qid	statement_value	Q18543139	2	2
qid	statement_value	Q18545	3	3
qid	statement_value	Q185451	1	1
qid	statement_value	Q1854639	1	1
qid	statement_value	Q1855	1	1
qid	statement_value	Q1855011	2	2
qid	statement_value	Q185529	6	6
qid	statement_value	Q185552	1	1
qid	statement_value	Q18556	1	1
qid	statement_value	Q185583	1	1
qid	statement_value	Q185598	1	1
qid	statement_value	Q18560095	1	1
qid	statement_value	Q185674	1	1
qid	statement_value	Q1857	3	3
qid	statement_value	Q185706	1	1
qid	statement_value	Q185716	2	2
qid	statement_value	Q18574339	1	1
qid	statement_value	Q185744	1	1
qid	statement_value	Q18574935	1	1
qid	statement_value	Q185759	1	1
qid	statement_value	Q185784	1	1
qid	statement_value	Q185789	2	2
qid	statement_value	Q18579258	1	1
qid	statement_value	Q185837	1	1
qid	statement_value	Q185863	1	1
qid	statement_value	Q185957	2	2
qid	statement_value	Q185959	1	1
qid	statement_value	Q185961	1	1
qid	statement_value	Q1860	1	1
qid	statement_value	Q18600381	1	1
qid	statement_value	Q186032	1	1
qid	statement_value	Q186075	1	1
qid	statement_value	Q186081	1	1
qid	statement_value	Q18609543	1	1
qid	statement_value	Q1861	1	1
qid	statement_value	Q186102	1	1
qid	statement_value	Q186117	1	1
qid	statement_value	Q18611810	1	1
qid	statement_value	Q186150	2	2
qid	statement_value	Q186152	1	1
qid	statement_value	Q18615934	1	1
qid	statement_value	Q18615959	1	1
qid	statement_value	Q18615961	1	1
qid	statement_value	Q18615966	1	1
qid	statement_value	Q18615968	1	1
qid	statement_value	Q18616897	1	1
qid	statement_value	Q186192	1	1
qid	statement_value	Q186206	1	1
qid	statement_value	Q186228	1	1
qid	statement_value	Q18625295	3	3
qid	statement_value	Q186263	1	1
qid	statement_value	Q186272	1	1
qid	statement_value	Q186290	1	1
qid	statement_value	Q1863064	1	1
qid	statement_value	Q1863113	1	1
qid	statement_value	Q18631225	1	1
qid	statement_value	Q18632688	1	1
qid	statement_value	Q1863288	1	1
qid	statement_value	Q186360	8	8
qid	statement_value	Q186361	2	2
qid	statement_value	Q18638496	1	1
qid	statement_value	Q186385	1	1
qid	statement_value	Q186386	2	2
qid	statement_value	Q1864008	1	1
qid	statement_value	Q186401	1	1
qid	statement_value	Q186408	3	3
qid	statement_value	Q186414	1	1
qid	statement_value	Q186431	1	1
qid	statement_value	Q186437	1	1
qid	statement_value	Q186474	1	1
qid	statement_value	Q18647897	1	1
qid	statement_value	Q186506	1	1
qid	statement_value	Q1865123	1	1
qid	statement_value	Q186516	1	1
qid	statement_value	Q1865281	1	1
qid	statement_value	Q1865992	1	1
qid	statement_value	Q18661358	1	1
qid	statement_value	Q186619	1	1
qid	statement_value	Q1866347	1	1
qid	statement_value	Q186637	1	1
qid	statement_value	Q186649	1	1
qid	statement_value	Q1866686	1	1
qid	statement_value	Q186676	1	1
qid	statement_value	Q18668582	1	1
qid	statement_value	Q186693	1	1
qid	statement_value	Q1867	1	1
qid	statement_value	Q18671735	1	1
qid	statement_value	Q18674452	1	1
qid	statement_value	Q18674739	1	1
qid	statement_value	Q186817	2	2
qid	statement_value	Q186819	1	1
qid	statement_value	Q18690969	1	1
qid	statement_value	Q18692717	1	1
qid	statement_value	Q1869874	1	1
qid	statement_value	Q18699055	1	1
qid	statement_value	Q1869909	1	1
qid	statement_value	Q187044	2	2
qid	statement_value	Q187084	1	1
qid	statement_value	Q187094	1	1
qid	statement_value	Q187097	1	1
qid	statement_value	Q187115	1	1
qid	statement_value	Q187117	1	1
qid	statement_value	Q18715859	1	1
qid	statement_value	Q187181	1	1
qid	statement_value	Q1872	1	1
qid	statement_value	Q187223	1	1
qid	statement_value	Q187359	1	1
qid	statement_value	Q187408	1	1
qid	statement_value	Q187436	2	2
qid	statement_value	Q187456	1	1
qid	statement_value	Q1874605	1	1
qid	statement_value	Q187466	1	1
qid	statement_value	Q18748141	2	2
qid	statement_value	Q18749628	1	1
qid	statement_value	Q187510	1	1
qid	statement_value	Q18751767	1	1
qid	statement_value	Q18752255	1	1
qid	statement_value	Q187526	1	1
qid	statement_value	Q1875615	1	1
qid	statement_value	Q1875780	1	1
qid	statement_value	Q1876	1	1
qid	statement_value	Q18761202	1	1
qid	statement_value	Q187616	1	1
qid	statement_value	Q187657	1	1
qid	statement_value	Q187668	1	1
qid	statement_value	Q187670	1	1
qid	statement_value	Q187685	1	1
qid	statement_value	Q18776	1	1
qid	statement_value	Q187819	1	1
qid	statement_value	Q187829	1	1
qid	statement_value	Q1878464	1	1
qid	statement_value	Q187851	1	1
qid	statement_value	Q187860	1	1
qid	statement_value	Q187865	2	2
qid	statement_value	Q187868	2	2
qid	statement_value	Q187882	1	1
qid	statement_value	Q18789	1	1
qid	statement_value	Q1879007	1	1
qid	statement_value	Q187931	1	1
qid	statement_value	Q187934	1	1
qid	statement_value	Q187939	1	1
qid	statement_value	Q187947	1	1
qid	statement_value	Q1879813	1	1
qid	statement_value	Q187985	1	1
qid	statement_value	Q187997	1	1
qid	statement_value	Q188	2	2
qid	statement_value	Q188007	1	1
qid	statement_value	Q188009	1	1
qid	statement_value	Q188025	1	1
qid	statement_value	Q188040	1	1
qid	statement_value	Q18805	2	2
qid	statement_value	Q188055	1	1
qid	statement_value	Q1880737	1	1
qid	statement_value	Q188075	1	1
qid	statement_value	Q188078	1	1
qid	statement_value	Q18808	1	1
qid	statement_value	Q188094	1	1
qid	statement_value	Q18809854	2	2
qid	statement_value	Q18810049	2	2
qid	statement_value	Q18810062	1	1
qid	statement_value	Q18812548	1	1
qid	statement_value	Q188191	1	1
qid	statement_value	Q1882	1	1
qid	statement_value	Q188209	1	1
qid	statement_value	Q188215	1	1
qid	statement_value	Q188251	1	1
qid	statement_value	Q1882685	1	1
qid	statement_value	Q188285	1	1
qid	statement_value	Q1882876	1	1
qid	statement_value	Q18840	1	1
qid	statement_value	Q188447	1	1
qid	statement_value	Q18845	1	1
qid	statement_value	Q1884503	1	1
qid	statement_value	Q188463	1	1
qid	statement_value	Q188475	1	1
qid	statement_value	Q188497	1	1
qid	statement_value	Q188507	3	3
qid	statement_value	Q188509	2	2
qid	statement_value	Q188518	1	1
qid	statement_value	Q188527	1	1
qid	statement_value	Q188572	3	3
qid	statement_value	Q1885881	1	1
qid	statement_value	Q18859	1	1
qid	statement_value	Q188619	1	1
qid	statement_value	Q1886349	1	1
qid	statement_value	Q188641	4	4
qid	statement_value	Q1886570	1	1
qid	statement_value	Q188666	1	1
qid	statement_value	Q188672	1	1
qid	statement_value	Q188675	1	1
qid	statement_value	Q188688	1	1
qid	statement_value	Q188691	1	1
qid	statement_value	Q188714	1	1
qid	statement_value	Q188717	1	1
qid	statement_value	Q188725	1	1
qid	statement_value	Q188736	2	2
qid	statement_value	Q188739	1	1
qid	statement_value	Q188748	1	1
qid	statement_value	Q188761	1	1
qid	statement_value	Q188779	1	1
qid	statement_value	Q1888	1	1
qid	statement_value	Q1888109	1	1
qid	statement_value	Q188823	1	1
qid	statement_value	Q188828	1	1
qid	statement_value	Q188830	3	3
qid	statement_value	Q188840	1	1
qid	statement_value	Q188847	1	1
qid	statement_value	Q1888593	3	3
qid	statement_value	Q188860	1	1
qid	statement_value	Q188866	1	1
qid	statement_value	Q188869	3	3
qid	statement_value	Q188889	1	1
qid	statement_value	Q1889	1	1
qid	statement_value	Q18891017	1	1
qid	statement_value	Q188913	1	1
qid	statement_value	Q188938	1	1
qid	statement_value	Q188952	1	1
qid	statement_value	Q188968	1	1
qid	statement_value	Q188989	1	1
qid	statement_value	Q189	3	3
qid	statement_value	Q189004	1	1
qid	statement_value	Q189010	1	1
qid	statement_value	Q189034	2	2
qid	statement_value	Q1890406	1	1
qid	statement_value	Q18907508	1	1
qid	statement_value	Q189097	1	1
qid	statement_value	Q1891074	1	1
qid	statement_value	Q189114	1	1
qid	statement_value	Q189131	1	1
qid	statement_value	Q189166	1	1
qid	statement_value	Q1891888	1	1
qid	statement_value	Q1892	1	1
qid	statement_value	Q189201	1	1
qid	statement_value	Q189211	1	1
qid	statement_value	Q189214	2	2
qid	statement_value	Q189218	1	1
qid	statement_value	Q189222	1	1
qid	statement_value	Q189233	1	1
qid	statement_value	Q1892385	1	1
qid	statement_value	Q189290	1	1
qid	statement_value	Q189293	2	2
qid	statement_value	Q189299	1	1
qid	statement_value	Q189310	1	1
qid	statement_value	Q18931911	1	1
qid	statement_value	Q1893407	1	1
qid	statement_value	Q189349	1	1
qid	statement_value	Q1893641	1	1
qid	statement_value	Q1893675	1	1
qid	statement_value	Q189409	7	7
qid	statement_value	Q189524	1	1
qid	statement_value	Q1895303	1	1
qid	statement_value	Q189561	1	1
qid	statement_value	Q1896	1	1
qid	statement_value	Q18960	1	1
qid	statement_value	Q18965	1	1
qid	statement_value	Q189656	1	1
qid	statement_value	Q189720	1	1
qid	statement_value	Q189724	1	1
qid	statement_value	Q18973	1	1
qid	statement_value	Q189743	1	1
qid	statement_value	Q189746	1	1
qid	statement_value	Q189756	1	1
qid	statement_value	Q189760	7	7
qid	statement_value	Q189771	1	1
qid	statement_value	Q189783	1	1
qid	statement_value	Q189796	1	1
qid	statement_value	Q1898	1	1
qid	statement_value	Q189800	1	1
qid	statement_value	Q189814	1	1
qid	statement_value	Q1898184	3	3
qid	statement_value	Q1898246	1	1
qid	statement_value	Q189833	1	1
qid	statement_value	Q189838	1	1
qid	statement_value	Q189868	1	1
qid	statement_value	Q189888	1	1
qid	statement_value	Q1899	1	1
qid	statement_value	Q189900	1	1
qid	statement_value	Q1899093	1	1
qid	statement_value	Q18991396	1	1
qid	statement_value	Q189940	2	2
qid	statement_value	Q189961	1	1
qid	statement_value	Q189962	1	1
qid	statement_value	Q189964	1	1
qid	statement_value	Q1899749	1	1
qid	statement_value	Q1899980	1	1
qid	statement_value	Q19	3	3
qid	statement_value	Q190	2	2
qid	statement_value	Q190007	1	1
qid	statement_value	Q1900167	2	2
qid	statement_value	Q190024	1	1
qid	statement_value	Q1900281	1	1
qid	statement_value	Q190029	1	1
qid	statement_value	Q1900326	1	1
qid	statement_value	Q190042	1	1
qid	statement_value	Q1900600	1	1
qid	statement_value	Q1901	1	1
qid	statement_value	Q190100	1	1
qid	statement_value	Q190107	1	1
qid	statement_value	Q190109	1	1
qid	statement_value	Q190117	1	1
qid	statement_value	Q190120	1	1
qid	statement_value	Q190122	1	1
qid	statement_value	Q190172	1	1
qid	statement_value	Q19020	1	1
qid	statement_value	Q190200	3	3
qid	statement_value	Q190212	2	2
qid	statement_value	Q190258	1	1
qid	statement_value	Q19029	1	1
qid	statement_value	Q190312	1	1
qid	statement_value	Q190426	1	1
qid	statement_value	Q190429	3	3
qid	statement_value	Q190474	1	1
qid	statement_value	Q1905	1	1
qid	statement_value	Q190507	2	2
qid	statement_value	Q190539	1	1
qid	statement_value	Q190581	1	1
qid	statement_value	Q1906157	1	1
qid	statement_value	Q1906552	1	1
qid	statement_value	Q190660	1	1
qid	statement_value	Q190672	1	1
qid	statement_value	Q1906857	1	1
qid	statement_value	Q1907525	1	1
qid	statement_value	Q190771	2	2
qid	statement_value	Q190812	1	1
qid	statement_value	Q190865	1	1
qid	statement_value	Q190868	4	4
qid	statement_value	Q190878	1	1
qid	statement_value	Q190901	1	1
qid	statement_value	Q190915	1	1
qid	statement_value	Q190928	1	1
qid	statement_value	Q1909317	1	1
qid	statement_value	Q190946	1	1
qid	statement_value	Q190965	1	1
qid	statement_value	Q190975	1	1
qid	statement_value	Q190977	1	1
qid	statement_value	Q190991	1	1
qid	statement_value	Q190995	1	1
qid	statement_value	Q191	5	5
qid	statement_value	Q19100	2	2
qid	statement_value	Q191022	1	1
qid	statement_value	Q191059	1	1
qid	statement_value	Q191062	2	2
qid	statement_value	Q191067	1	1
qid	statement_value	Q191069	1	1
qid	statement_value	Q191077	2	2
qid	statement_value	Q19108	2	2
qid	statement_value	Q191081	1	1
qid	statement_value	Q191086	1	1
qid	statement_value	Q191089	1	1
qid	statement_value	Q19109	1	1
qid	statement_value	Q1910983	1	1
qid	statement_value	Q191118	1	1
qid	statement_value	Q191120	1	1
qid	statement_value	Q19115	1	1
qid	statement_value	Q191159	1	1
qid	statement_value	Q191163	1	1
qid	statement_value	Q191169	1	1
qid	statement_value	Q19124573	2	2
qid	statement_value	Q19125	1	1
qid	statement_value	Q19130514	1	1
qid	statement_value	Q191316	1	1
qid	statement_value	Q191356	1	1
qid	statement_value	Q191413	1	1
qid	statement_value	Q191421	1	1
qid	statement_value	Q1914636	2	2
qid	statement_value	Q191493	1	1
qid	statement_value	Q191503	1	1
qid	statement_value	Q191529	1	1
qid	statement_value	Q191536	1	1
qid	statement_value	Q191546	1	1
qid	statement_value	Q1915901	1	1
qid	statement_value	Q191600	1	1
qid	statement_value	Q191655	1	1
qid	statement_value	Q191733	1	1
qid	statement_value	Q191747	1	1
qid	statement_value	Q1917481	1	1
qid	statement_value	Q191768	2	2
qid	statement_value	Q191780	2	2
qid	statement_value	Q191797	1	1
qid	statement_value	Q191808	1	1
qid	statement_value	Q191851	1	1
qid	statement_value	Q1919207	1	1
qid	statement_value	Q191928	1	1
qid	statement_value	Q191931	1	1
qid	statement_value	Q191939	2	2
qid	statement_value	Q1919436	1	1
qid	statement_value	Q19202067	1	1
qid	statement_value	Q192042	1	1
qid	statement_value	Q1920566	1	1
qid	statement_value	Q192077	1	1
qid	statement_value	Q192096	1	1
qid	statement_value	Q192110	2	2
qid	statement_value	Q192130	1	1
qid	statement_value	Q192152	1	1
qid	statement_value	Q1921606	1	1
qid	statement_value	Q192161	1	1
qid	statement_value	Q1921787	1	1
qid	statement_value	Q1921825	1	1
qid	statement_value	Q192196	1	1
qid	statement_value	Q19219752	1	1
qid	statement_value	Q1922338	1	1
qid	statement_value	Q192249	2	2
qid	statement_value	Q192270	1	1
qid	statement_value	Q192274	1	1
qid	statement_value	Q192276	1	1
qid	statement_value	Q192298	1	1
qid	statement_value	Q1923028	1	1
qid	statement_value	Q192350	1	1
qid	statement_value	Q192386	1	1
qid	statement_value	Q192411	1	1
qid	statement_value	Q1924158	1	1
qid	statement_value	Q192425	2	2
qid	statement_value	Q19244150	1	1
qid	statement_value	Q192483	1	1
qid	statement_value	Q1924906	1	1
qid	statement_value	Q1925008	1	1
qid	statement_value	Q192503	1	1
qid	statement_value	Q192504	1	1
qid	statement_value	Q192571	1	1
qid	statement_value	Q192576	1	1
qid	statement_value	Q192581	4	4
qid	statement_value	Q1925963	1	1
qid	statement_value	Q192611	1	1
qid	statement_value	Q192620	1	1
qid	statement_value	Q192628	2	2
qid	statement_value	Q192630	1	1
qid	statement_value	Q192692	3	3
qid	statement_value	Q192704	1	1
qid	statement_value	Q19274842	1	1
qid	statement_value	Q192754	1	1
qid	statement_value	Q192781	1	1
qid	statement_value	Q192783	1	1
qid	statement_value	Q1927865	1	1
qid	statement_value	Q19279214	1	1
qid	statement_value	Q19279529	1	1
qid	statement_value	Q192810	1	1
qid	statement_value	Q192822	1	1
qid	statement_value	Q192852	1	1
qid	statement_value	Q19286110	1	1
qid	statement_value	Q192874	1	1
qid	statement_value	Q1928925	1	1
qid	statement_value	Q192906	1	1
qid	statement_value	Q192909	1	1
qid	statement_value	Q192930	1	1
qid	statement_value	Q1929501	1	1
qid	statement_value	Q192995	3	3
qid	statement_value	Q192997	1	1
qid	statement_value	Q193	1	1
qid	statement_value	Q193017	1	1
qid	statement_value	Q1930187	2	2
qid	statement_value	Q193036	1	1
qid	statement_value	Q1930471	1	1
qid	statement_value	Q1930668	1	1
qid	statement_value	Q193078	1	1
qid	statement_value	Q19310187	1	1
qid	statement_value	Q1931051	1	1
qid	statement_value	Q193110	1	1
qid	statement_value	Q1931107	1	1
qid	statement_value	Q19311234	1	1
qid	statement_value	Q1931155	1	1
qid	statement_value	Q193140	1	1
qid	statement_value	Q193142	1	1
qid	statement_value	Q193150	2	2
qid	statement_value	Q193168	2	2
qid	statement_value	Q193181	1	1
qid	statement_value	Q1932016	1	1
qid	statement_value	Q193210	1	1
qid	statement_value	Q193219	1	1
qid	statement_value	Q1932283	1	1
qid	statement_value	Q193234	1	1
qid	statement_value	Q1932461	1	1
qid	statement_value	Q193279	1	1
qid	statement_value	Q193291	1	1
qid	statement_value	Q193294	1	1
qid	statement_value	Q193337	1	1
qid	statement_value	Q193340	2	2
qid	statement_value	Q1933500	1	1
qid	statement_value	Q193358	1	1
qid	statement_value	Q193364	1	1
qid	statement_value	Q193378	1	1
qid	statement_value	Q193379	1	1
qid	statement_value	Q1933849	1	1
qid	statement_value	Q193391	2	2
qid	statement_value	Q193423	1	1
qid	statement_value	Q193432	4	4
qid	statement_value	Q193434	1	1
qid	statement_value	Q1934440	1	1
qid	statement_value	Q1934482	1	1
qid	statement_value	Q193466	1	1
qid	statement_value	Q1934684	1	1
qid	statement_value	Q193472	2	2
qid	statement_value	Q193478	1	1
qid	statement_value	Q193495	1	1
qid	statement_value	Q1934967	1	1
qid	statement_value	Q193498	1	1
qid	statement_value	Q193514	1	1
qid	statement_value	Q1935155	2	2
qid	statement_value	Q1935156	1	1
qid	statement_value	Q193543	1	1
qid	statement_value	Q193544	1	1
qid	statement_value	Q193572	2	2
qid	statement_value	Q19357492	1	1
qid	statement_value	Q19358049	1	1
qid	statement_value	Q193592	1	1
qid	statement_value	Q19359564	1	1
qid	statement_value	Q1935974	1	1
qid	statement_value	Q193607	11	11
qid	statement_value	Q1936217	1	1
qid	statement_value	Q1936341	1	1
qid	statement_value	Q193642	1	1
qid	statement_value	Q1936750	1	1
qid	statement_value	Q193692	1	1
qid	statement_value	Q193719	1	1
qid	statement_value	Q19374090	1	1
qid	statement_value	Q1937431	1	1
qid	statement_value	Q193760	1	1
qid	statement_value	Q193762	1	1
qid	statement_value	Q1937628	1	1
qid	statement_value	Q1937700	1	1
qid	statement_value	Q19377727	1	1
qid	statement_value	Q19381254	1	1
qid	statement_value	Q193818	1	1
qid	statement_value	Q193823	1	1
qid	statement_value	Q193837	4	4
qid	statement_value	Q19385033	1	1
qid	statement_value	Q19385373	1	1
qid	statement_value	Q1938597	1	1
qid	statement_value	Q19386377	1	1
qid	statement_value	Q193897	1	1
qid	statement_value	Q193905	1	1
qid	statement_value	Q193934	1	1
qid	statement_value	Q193935	1	1
qid	statement_value	Q19394032	1	1
qid	statement_value	Q193970	1	1
qid	statement_value	Q193977	1	1
qid	statement_value	Q193983	1	1
qid	statement_value	Q194	1	1
qid	statement_value	Q1940083	1	1
qid	statement_value	Q1940287	1	1
qid	statement_value	Q1940345	1	1
qid	statement_value	Q194061	1	1
qid	statement_value	Q19408	1	1
qid	statement_value	Q194105	1	1
qid	statement_value	Q194166	1	1
qid	statement_value	Q1941820	1	1
qid	statement_value	Q194188	2	2
qid	statement_value	Q194189	3	3
qid	statement_value	Q194195	2	2
qid	statement_value	Q1942112	1	1
qid	statement_value	Q1942237	1	1
qid	statement_value	Q19426	1	1
qid	statement_value	Q194274	3	3
qid	statement_value	Q194281	1	1
qid	statement_value	Q1943034	1	1
qid	statement_value	Q1943463	1	1
qid	statement_value	Q194356	2	2
qid	statement_value	Q1944124	1	1
qid	statement_value	Q194428	1	1
qid	statement_value	Q194431	1	1
qid	statement_value	Q194448	1	1
qid	statement_value	Q1944586	1	1
qid	statement_value	Q194465	1	1
qid	statement_value	Q194489	5	5
qid	statement_value	Q1945090	1	1
qid	statement_value	Q1945555	1	1
qid	statement_value	Q1947038	1	1
qid	statement_value	Q1947041	1	1
qid	statement_value	Q1947711	1	1
qid	statement_value	Q1947714	1	1
qid	statement_value	Q1948379	1	1
qid	statement_value	Q195	2	2
qid	statement_value	Q1950905	1	1
qid	statement_value	Q1951	1	1
qid	statement_value	Q1951220	1	1
qid	statement_value	Q1953597	1	1
qid	statement_value	Q19537	1	1
qid	statement_value	Q19546	1	1
qid	statement_value	Q1955205	1	1
qid	statement_value	Q1955251	1	1
qid	statement_value	Q1955278	1	1
qid	statement_value	Q1955280	1	1
qid	statement_value	Q1955293	2	2
qid	statement_value	Q1955326	1	1
qid	statement_value	Q195651	1	1
qid	statement_value	Q19570931	1	1
qid	statement_value	Q19571328	1	1
qid	statement_value	Q1957296	1	1
qid	statement_value	Q1958375	1	1
qid	statement_value	Q19588	1	1
qid	statement_value	Q1959325	1	1
qid	statement_value	Q19599641	1	1
qid	statement_value	Q196	1	1
qid	statement_value	Q1960395	1	1
qid	statement_value	Q196068	1	1
qid	statement_value	Q19609	1	1
qid	statement_value	Q1962593	1	1
qid	statement_value	Q1963534	1	1
qid	statement_value	Q1963547	1	1
qid	statement_value	Q1963768	1	1
qid	statement_value	Q196538	1	1
qid	statement_value	Q1965646	1	1
qid	statement_value	Q196600	1	1
qid	statement_value	Q196626	1	1
qid	statement_value	Q19664967	1	1
qid	statement_value	Q196668	1	1
qid	statement_value	Q196672	1	1
qid	statement_value	Q19680017	1	1
qid	statement_value	Q19682183	1	1
qid	statement_value	Q1968293	1	1
qid	statement_value	Q19688437	1	1
qid	statement_value	Q19689	1	1
qid	statement_value	Q19689439	1	1
qid	statement_value	Q19689463	1	1
qid	statement_value	Q1968967	2	2
qid	statement_value	Q196939	2	2
qid	statement_value	Q1969448	1	1
qid	statement_value	Q196988	1	1
qid	statement_value	Q197	3	3
qid	statement_value	Q19713425	1	1
qid	statement_value	Q1971570	1	1
qid	statement_value	Q197204	1	1
qid	statement_value	Q19721032	1	1
qid	statement_value	Q1972140	1	1
qid	statement_value	Q1972654	1	1
qid	statement_value	Q19729565	1	1
qid	statement_value	Q1973949	1	1
qid	statement_value	Q19740031	3	3
qid	statement_value	Q1974641	1	1
qid	statement_value	Q1975480	1	1
qid	statement_value	Q1975539	1	1
qid	statement_value	Q19756330	3	3
qid	statement_value	Q1975692	1	1
qid	statement_value	Q1975772	1	1
qid	statement_value	Q1975981	1	1
qid	statement_value	Q19773264	1	1
qid	statement_value	Q1977560	1	1
qid	statement_value	Q19776345	1	1
qid	statement_value	Q19776675	1	1
qid	statement_value	Q19782	1	1
qid	statement_value	Q1978388	1	1
qid	statement_value	Q1978718	1	1
qid	statement_value	Q1979154	1	1
qid	statement_value	Q1979261	1	1
qid	statement_value	Q19793	1	1
qid	statement_value	Q198	4	4
qid	statement_value	Q19809	2	2
qid	statement_value	Q19816504	1	1
qid	statement_value	Q19821	1	1
qid	statement_value	Q19822352	3	3
qid	statement_value	Q19822354	1	1
qid	statement_value	Q19829510	1	1
qid	statement_value	Q1983062	1	1
qid	statement_value	Q19831149	4	4
qid	statement_value	Q19831559	1	1
qid	statement_value	Q19833559	2	2
qid	statement_value	Q19840401	2	2
qid	statement_value	Q19841649	1	1
qid	statement_value	Q19842123	1	1
qid	statement_value	Q19842373	1	1
qid	statement_value	Q1984758	1	1
qid	statement_value	Q1985538	1	1
qid	statement_value	Q1985622	2	2
qid	statement_value	Q198568	1	1
qid	statement_value	Q19860	1	1
qid	statement_value	Q1986098	1	1
qid	statement_value	Q1986893	2	2
qid	statement_value	Q19873	1	1
qid	statement_value	Q198763	2	2
qid	statement_value	Q198815	1	1
qid	statement_value	Q19887958	1	1
qid	statement_value	Q19888339	1	1
qid	statement_value	Q1989288	1	1
qid	statement_value	Q198933	1	1
qid	statement_value	Q199	2	2
qid	statement_value	Q1990010	1	1
qid	statement_value	Q199027	1	1
qid	statement_value	Q1993273	1	1
qid	statement_value	Q199349	2	2
qid	statement_value	Q199388	1	1
qid	statement_value	Q19939	1	1
qid	statement_value	Q1994782	1	1
qid	statement_value	Q19953046	1	1
qid	statement_value	Q1995772	1	1
qid	statement_value	Q199602	2	2
qid	statement_value	Q199655	2	2
qid	statement_value	Q199657	2	2
qid	statement_value	Q1996635	2	2
qid	statement_value	Q19967570	1	1
qid	statement_value	Q19967801	3	3
qid	statement_value	Q19969675	1	1
qid	statement_value	Q1997	3	3
qid	statement_value	Q199701	2	2
qid	statement_value	Q19971269	1	1
qid	statement_value	Q199714	1	1
qid	statement_value	Q1997469	1	1
qid	statement_value	Q199771	1	1
qid	statement_value	Q19977811	1	1
qid	statement_value	Q1997853	1	1
qid	statement_value	Q1998428	1	1
qid	statement_value	Q1998672	1	1
qid	statement_value	Q1998676	1	1
qid	statement_value	Q1998693	1	1
qid	statement_value	Q1999796	2	2
qid	statement_value	Q1999831	1	1
qid	statement_value	Q1999862	1	1
qid	statement_value	Q199990	1	1
qid	statement_value	Q2	3	3
qid	statement_value	Q20	4	4
qid	statement_value	Q200	4	4
qid	statement_value	Q20000773	1	1
qid	statement_value	Q200023	1	1
qid	statement_value	Q2000344	1	1
qid	statement_value	Q200042	1	1
qid	statement_value	Q200092	1	1
qid	statement_value	Q20011241	1	1
qid	statement_value	Q20012576	1	1
qid	statement_value	Q20012782	1	1
qid	statement_value	Q2001588	1	1
qid	statement_value	Q2001676	1	1
qid	statement_value	Q200184	1	1
qid	statement_value	Q2001982	1	1
qid	statement_value	Q200199	1	1
qid	statement_value	Q20022421	1	1
qid	statement_value	Q2002342	1	1
qid	statement_value	Q200250	2	2
qid	statement_value	Q2002583	1	1
qid	statement_value	Q200266	1	1
qid	statement_value	Q2002752	1	1
qid	statement_value	Q2002915	1	1
qid	statement_value	Q200297	1	1
qid	statement_value	Q200303	1	1
qid	statement_value	Q200323	1	1
qid	statement_value	Q200334	1	1
qid	statement_value	Q2003497	1	1
qid	statement_value	Q2003749	1	1
qid	statement_value	Q2003852	2	2
qid	statement_value	Q200403	1	1
qid	statement_value	Q200435	1	1
qid	statement_value	Q20044346	1	1
qid	statement_value	Q20047	1	1
qid	statement_value	Q2004758	1	1
qid	statement_value	Q2004963	1	1
qid	statement_value	Q2004972	1	1
qid	statement_value	Q2005	1	1
qid	statement_value	Q200535	3	3
qid	statement_value	Q200538	9	9
qid	statement_value	Q200539	2	2
qid	statement_value	Q20055	1	1
qid	statement_value	Q2005538	1	1
qid	statement_value	Q200569	1	1
qid	statement_value	Q2005703	1	1
qid	statement_value	Q2005758	1	1
qid	statement_value	Q20058545	1	1
qid	statement_value	Q2006229	1	1
qid	statement_value	Q2006324	2	2
qid	statement_value	Q20065	1	1
qid	statement_value	Q2007190	1	1
qid	statement_value	Q200726	1	1
qid	statement_value	Q20074315	1	1
qid	statement_value	Q200764	2	2
qid	statement_value	Q200790	1	1
qid	statement_value	Q200814	1	1
qid	statement_value	Q200822	1	1
qid	statement_value	Q2008856	1	1
qid	statement_value	Q20094017	1	1
qid	statement_value	Q2009596	1	1
qid	statement_value	Q20098	1	1
qid	statement_value	Q201	2	2
qid	statement_value	Q2010275	1	1
qid	statement_value	Q2010296	1	1
qid	statement_value	Q2010326	1	1
qid	statement_value	Q201097	1	1
qid	statement_value	Q20113959	1	1
qid	statement_value	Q201175	1	1
qid	statement_value	Q201235	1	1
qid	statement_value	Q20127660	2	2
qid	statement_value	Q2013	1	1
qid	statement_value	Q201322	1	1
qid	statement_value	Q201330	9	9
qid	statement_value	Q20136	1	1
qid	statement_value	Q20137	2	2
qid	statement_value	Q2013767	1	1
qid	statement_value	Q20147	2	2
qid	statement_value	Q201486	2	2
qid	statement_value	Q2015138	1	1
qid	statement_value	Q201573	1	1
qid	statement_value	Q20158113	1	1
qid	statement_value	Q2015967	1	1
qid	statement_value	Q2016362	1	1
qid	statement_value	Q201664	1	1
qid	statement_value	Q201676	5	5
qid	statement_value	Q201701	1	1
qid	statement_value	Q201721	1	1
qid	statement_value	Q201788	2	2
qid	statement_value	Q20180614	1	1
qid	statement_value	Q20180899	1	1
qid	statement_value	Q20180908	1	1
qid	statement_value	Q20180983	1	1
qid	statement_value	Q20181428	1	1
qid	statement_value	Q20181689	1	1
qid	statement_value	Q20181773	1	1
qid	statement_value	Q20181809	1	1
qid	statement_value	Q20181881	1	1
qid	statement_value	Q20182986	1	1
qid	statement_value	Q20183138	1	1
qid	statement_value	Q2018484	1	1
qid	statement_value	Q201851	1	1
qid	statement_value	Q2018769	1	1
qid	statement_value	Q20191013	1	1
qid	statement_value	Q201948	1	1
qid	statement_value	Q202	2	2
qid	statement_value	Q202013	1	1
qid	statement_value	Q20203388	1	1
qid	statement_value	Q20204151	1	1
qid	statement_value	Q20204555	1	1
qid	statement_value	Q20204892	1	1
qid	statement_value	Q2021327	1	1
qid	statement_value	Q202142	1	1
qid	statement_value	Q2021477	1	1
qid	statement_value	Q2021643	1	1
qid	statement_value	Q20220348	1	1
qid	statement_value	Q2022532	1	1
qid	statement_value	Q202287	1	1
qid	statement_value	Q202301	1	1
qid	statement_value	Q202391	1	1
qid	statement_value	Q202406	1	1
qid	statement_value	Q202444	184	184
qid	statement_value	Q202466	1	1
qid	statement_value	Q202476	1	1
qid	statement_value	Q202478	1	1
qid	statement_value	Q202492	1	1
qid	statement_value	Q2025	1	1
qid	statement_value	Q202501	2	2
qid	statement_value	Q202539	1	1
qid	statement_value	Q2025905	1	1
qid	statement_value	Q2025906	1	1
qid	statement_value	Q2026188	1	1
qid	statement_value	Q202637	1	1
qid	statement_value	Q202642	1	1
qid	statement_value	Q202648	1	1
qid	statement_value	Q2026556	1	1
qid	statement_value	Q2026706	1	1
qid	statement_value	Q202763	1	1
qid	statement_value	Q202771	1	1
qid	statement_value	Q202785	1	1
qid	statement_value	Q2028	1	1
qid	statement_value	Q202864	1	1
qid	statement_value	Q202866	2	2
qid	statement_value	Q202875	7	7
qid	statement_value	Q202883	2	2
qid	statement_value	Q202994	1	1
qid	statement_value	Q203	2	2
qid	statement_value	Q203005	1	1
qid	statement_value	Q2030738	1	1
qid	statement_value	Q2030767	1	1
qid	statement_value	Q203161	1	1
qid	statement_value	Q203290	1	1
qid	statement_value	Q203443	1	1
qid	statement_value	Q203494	1	1
qid	statement_value	Q2035357	2	2
qid	statement_value	Q203540	1	1
qid	statement_value	Q203607	1	1
qid	statement_value	Q2036110	1	1
qid	statement_value	Q2037215	1	1
qid	statement_value	Q2037754	1	1
qid	statement_value	Q203788	1	1
qid	statement_value	Q203789	1	1
qid	statement_value	Q203834	1	1
qid	statement_value	Q203857	1	1
qid	statement_value	Q203872	1	1
qid	statement_value	Q203994	1	1
qid	statement_value	Q2039972	2	2
qid	statement_value	Q204	2	2
qid	statement_value	Q204028	1	1
qid	statement_value	Q204043	2	2
qid	statement_value	Q204107	1	1
qid	statement_value	Q2041172	2	2
qid	statement_value	Q204170	1	1
qid	statement_value	Q204260	1	1
qid	statement_value	Q2043282	1	1
qid	statement_value	Q204335	1	1
qid	statement_value	Q204368	1	1
qid	statement_value	Q2044	1	1
qid	statement_value	Q2044369	1	1
qid	statement_value	Q204461	1	1
qid	statement_value	Q204469	1	1
qid	statement_value	Q2045138	1	1
qid	statement_value	Q20459	2	2
qid	statement_value	Q20460	1	1
qid	statement_value	Q204606	1	1
qid	statement_value	Q2046167	1	1
qid	statement_value	Q204618	1	1
qid	statement_value	Q204686	1	1
qid	statement_value	Q2047471	5	5
qid	statement_value	Q2047589	1	1
qid	statement_value	Q204776	1	1
qid	statement_value	Q204826	1	1
qid	statement_value	Q2048319	1	1
qid	statement_value	Q204832	1	1
qid	statement_value	Q204850	1	1
qid	statement_value	Q204854	3	3
qid	statement_value	Q204885	1	1
qid	statement_value	Q204903	1	1
qid	statement_value	Q204917	1	1
qid	statement_value	Q204948	1	1
qid	statement_value	Q204992	1	1
qid	statement_value	Q205	1	1
qid	statement_value	Q20502	3	3
qid	statement_value	Q2050662	1	1
qid	statement_value	Q205077	1	1
qid	statement_value	Q20514253	1	1
qid	statement_value	Q2051610	1	1
qid	statement_value	Q2052084	1	1
qid	statement_value	Q205234	1	1
qid	statement_value	Q205252	1	1
qid	statement_value	Q205276	1	1
qid	statement_value	Q2052767	1	1
qid	statement_value	Q205375	1	1
qid	statement_value	Q205397	1	1
qid	statement_value	Q2054377	1	1
qid	statement_value	Q205451	1	1
qid	statement_value	Q205495	1	1
qid	statement_value	Q2055046	1	1
qid	statement_value	Q205531	1	1
qid	statement_value	Q205555	1	1
qid	statement_value	Q2055880	2	2
qid	statement_value	Q205660	1	1
qid	statement_value	Q205663	1	1
qid	statement_value	Q205762	1	1
qid	statement_value	Q2057971	1	1
qid	statement_value	Q205835	1	1
qid	statement_value	Q205878	1	1
qid	statement_value	Q205879	1	1
qid	statement_value	Q205880	1	1
qid	statement_value	Q205985	1	1
qid	statement_value	Q206021	2	2
qid	statement_value	Q206049	1	1
qid	statement_value	Q206060	1	1
qid	statement_value	Q206077	2	2
qid	statement_value	Q2061186	1	1
qid	statement_value	Q2061246	1	1
qid	statement_value	Q206175	1	1
qid	statement_value	Q206229	1	1
qid	statement_value	Q20623701	2	2
qid	statement_value	Q206276	1	1
qid	statement_value	Q206286	1	1
qid	statement_value	Q206287	1	1
qid	statement_value	Q206290	1	1
qid	statement_value	Q206330	1	1
qid	statement_value	Q2063516	1	1
qid	statement_value	Q206361	1	1
qid	statement_value	Q20638126	1	1
qid	statement_value	Q206454	1	1
qid	statement_value	Q2064647	1	1
qid	statement_value	Q206474	1	1
qid	statement_value	Q20650518	1	1
qid	statement_value	Q2065227	1	1
qid	statement_value	Q20652470	1	1
qid	statement_value	Q206541	1	1
qid	statement_value	Q20656443	1	1
qid	statement_value	Q2065736	1	1
qid	statement_value	Q2066	2	2
qid	statement_value	Q2066131	4	4
qid	statement_value	Q206615	1	1
qid	statement_value	Q2066166	1	1
qid	statement_value	Q2066172	1	1
qid	statement_value	Q20662590	2	2
qid	statement_value	Q2066956	1	1
qid	statement_value	Q206717	2	2
qid	statement_value	Q2067231	1	1
qid	statement_value	Q206732	1	1
qid	statement_value	Q2067349	1	1
qid	statement_value	Q206864	3	3
qid	statement_value	Q2068703	1	1
qid	statement_value	Q206887	3	3
qid	statement_value	Q2069486	1	1
qid	statement_value	Q207063	1	1
qid	statement_value	Q207101	1	1
qid	statement_value	Q207104	1	1
qid	statement_value	Q207123	2	2
qid	statement_value	Q207148	1	1
qid	statement_value	Q207174	1	1
qid	statement_value	Q207184	1	1
qid	statement_value	Q2072089	1	1
qid	statement_value	Q2072285	1	1
qid	statement_value	Q207293	1	1
qid	statement_value	Q20730692	1	1
qid	statement_value	Q207315	5	5
qid	statement_value	Q207326	1	1
qid	statement_value	Q207333	1	1
qid	statement_value	Q207334	1	1
qid	statement_value	Q207338	1	1
qid	statement_value	Q20734	2	2
qid	statement_value	Q207349	1	1
qid	statement_value	Q20746713	1	1
qid	statement_value	Q20746725	1	1
qid	statement_value	Q20746742	1	1
qid	statement_value	Q207469	1	1
qid	statement_value	Q20747106	1	1
qid	statement_value	Q20748094	1	1
qid	statement_value	Q20749305	1	1
qid	statement_value	Q2075301	1	1
qid	statement_value	Q207546	1	1
qid	statement_value	Q2075708	1	1
qid	statement_value	Q207574	1	1
qid	statement_value	Q2076337	1	1
qid	statement_value	Q207645	1	1
qid	statement_value	Q207652	1	1
qid	statement_value	Q20767168	1	1
qid	statement_value	Q207686	1	1
qid	statement_value	Q207694	1	1
qid	statement_value	Q207707	1	1
qid	statement_value	Q207714	2	2
qid	statement_value	Q207733	1	1
qid	statement_value	Q207742	1	1
qid	statement_value	Q207761	1	1
qid	statement_value	Q207763	1	1
qid	statement_value	Q207766	1	1
qid	statement_value	Q207786	1	1
qid	statement_value	Q207804	1	1
qid	statement_value	Q207822	1	1
qid	statement_value	Q207832	1	1
qid	statement_value	Q207849	1	1
qid	statement_value	Q207857	1	1
qid	statement_value	Q2079	2	2
qid	statement_value	Q207934	1	1
qid	statement_value	Q207961	2	2
qid	statement_value	Q207978	1	1
qid	statement_value	Q207989	1	1
qid	statement_value	Q208008	2	2
qid	statement_value	Q208021	1	1
qid	statement_value	Q208043	1	1
qid	statement_value	Q208045	1	1
qid	statement_value	Q2080521	1	1
qid	statement_value	Q208060	1	1
qid	statement_value	Q20807927	1	1
qid	statement_value	Q208084	1	1
qid	statement_value	Q2081159	1	1
qid	statement_value	Q208129	1	1
qid	statement_value	Q208160	1	1
qid	statement_value	Q208172	1	1
qid	statement_value	Q208195	4	4
qid	statement_value	Q20820007	1	1
qid	statement_value	Q20820025	1	1
qid	statement_value	Q20820033	1	1
qid	statement_value	Q20820058	1	1
qid	statement_value	Q20820061	1	1
qid	statement_value	Q20820100	1	1
qid	statement_value	Q20820153	1	1
qid	statement_value	Q208202	1	1
qid	statement_value	Q20820492	1	1
qid	statement_value	Q20820497	1	1
qid	statement_value	Q208217	1	1
qid	statement_value	Q208218	1	1
qid	statement_value	Q208233	1	1
qid	statement_value	Q20825727	1	1
qid	statement_value	Q20825944	1	1
qid	statement_value	Q20826189	1	1
qid	statement_value	Q20826981	1	1
qid	statement_value	Q20827063	1	1
qid	statement_value	Q20827393	1	1
qid	statement_value	Q2082774	1	1
qid	statement_value	Q20827872	1	1
qid	statement_value	Q208322	1	1
qid	statement_value	Q208342	1	1
qid	statement_value	Q208351	1	1
qid	statement_value	Q208364	1	1
qid	statement_value	Q208370	1	1
qid	statement_value	Q2083958	1	1
qid	statement_value	Q208440	1	1
qid	statement_value	Q208443	1	1
qid	statement_value	Q208450	1	1
qid	statement_value	Q208490	1	1
qid	statement_value	Q208500	1	1
qid	statement_value	Q20850561	1	1
qid	statement_value	Q2085066	1	1
qid	statement_value	Q20850671	1	1
qid	statement_value	Q20850850	1	1
qid	statement_value	Q208511	1	1
qid	statement_value	Q208528	2	2
qid	statement_value	Q20853538	1	1
qid	statement_value	Q2085381	1	1
qid	statement_value	Q208555	1	1
qid	statement_value	Q208569	1	1
qid	statement_value	Q208594	2	2
qid	statement_value	Q20861252	3	3
qid	statement_value	Q208628	1	1
qid	statement_value	Q20867	1	1
qid	statement_value	Q208674	34	34
qid	statement_value	Q208701	1	1
qid	statement_value	Q208702	1	1
qid	statement_value	Q208704	3	3
qid	statement_value	Q20873979	1	1
qid	statement_value	Q208751	1	1
qid	statement_value	Q208762	1	1
qid	statement_value	Q2087646	1	1
qid	statement_value	Q208788	1	1
qid	statement_value	Q20879352	1	1
qid	statement_value	Q208826	1	1
qid	statement_value	Q2088357	1	1
qid	statement_value	Q2088403	1	1
qid	statement_value	Q208850	1	1
qid	statement_value	Q2088639	1	1
qid	statement_value	Q2089073	1	1
qid	statement_value	Q20890881	1	1
qid	statement_value	Q2089240	1	1
qid	statement_value	Q20899	2	2
qid	statement_value	Q209	2	2
qid	statement_value	Q2090	2	2
qid	statement_value	Q20901295	1	1
qid	statement_value	Q2090195	1	1
qid	statement_value	Q209082	1	1
qid	statement_value	Q20920559	2	2
qid	statement_value	Q20921471	1	1
qid	statement_value	Q2092297	2	2
qid	statement_value	Q2093070	1	1
qid	statement_value	Q2093072	1	1
qid	statement_value	Q20932605	2	2
qid	statement_value	Q209402	1	1
qid	statement_value	Q2094039	1	1
qid	statement_value	Q209426	2	2
qid	statement_value	Q20948857	1	1
qid	statement_value	Q2094951	1	1
qid	statement_value	Q2095	5	5
qid	statement_value	Q209531	1	1
qid	statement_value	Q209554	1	1
qid	statement_value	Q2095549	1	1
qid	statement_value	Q209572	1	1
qid	statement_value	Q209663	1	1
qid	statement_value	Q2096646	1	1
qid	statement_value	Q209669	1	1
qid	statement_value	Q209671	1	1
qid	statement_value	Q209672	1	1
qid	statement_value	Q209715	1	1
qid	statement_value	Q20972637	2	2
qid	statement_value	Q209760	1	1
qid	statement_value	Q2098039	1	1
qid	statement_value	Q20980706	1	1
qid	statement_value	Q2098139	1	1
qid	statement_value	Q2098155	1	1
qid	statement_value	Q20983877	1	1
qid	statement_value	Q209889	1	1
qid	statement_value	Q2099241	1	1
qid	statement_value	Q2099272	1	1
qid	statement_value	Q2099281	1	1
qid	statement_value	Q209939	1	1
qid	statement_value	Q20997712	1	1
qid	statement_value	Q21	2	2
qid	statement_value	Q2100	1	1
qid	statement_value	Q210028	2	2
qid	statement_value	Q21004260	1	1
qid	statement_value	Q210064	1	1
qid	statement_value	Q21006424	1	1
qid	statement_value	Q2100893	1	1
qid	statement_value	Q21009864	1	1
qid	statement_value	Q21010853	1	1
qid	statement_value	Q21013267	1	1
qid	statement_value	Q210189	1	1
qid	statement_value	Q2102	1	1
qid	statement_value	Q210205	1	1
qid	statement_value	Q210272	1	1
qid	statement_value	Q21028957	1	1
qid	statement_value	Q2103	2	2
qid	statement_value	Q21040055	1	1
qid	statement_value	Q2104078	1	1
qid	statement_value	Q2104404	1	1
qid	statement_value	Q21045327	1	1
qid	statement_value	Q21050826	1	1
qid	statement_value	Q210523	1	1
qid	statement_value	Q210583	1	1
qid	statement_value	Q210588	1	1
qid	statement_value	Q2105891	1	1
qid	statement_value	Q210603	1	1
qid	statement_value	Q21060978	2	2
qid	statement_value	Q2106346	1	1
qid	statement_value	Q2107	2	2
qid	statement_value	Q210723	1	1
qid	statement_value	Q21074109	1	1
qid	statement_value	Q21074703	1	1
qid	statement_value	Q21075690	1	1
qid	statement_value	Q21075715	1	1
qid	statement_value	Q21075777	1	1
qid	statement_value	Q210882	1	1
qid	statement_value	Q21092983	1	1
qid	statement_value	Q21096945	1	1
qid	statement_value	Q21096955	1	1
qid	statement_value	Q211	3	3
qid	statement_value	Q2110096	1	1
qid	statement_value	Q211025	1	1
qid	statement_value	Q2110504	1	1
qid	statement_value	Q2111	1	1
qid	statement_value	Q21112633	1	1
qid	statement_value	Q2111434	1	1
qid	statement_value	Q2111686	1	1
qid	statement_value	Q2111958	1	1
qid	statement_value	Q211198	1	1
qid	statement_value	Q2112	2	2
qid	statement_value	Q2112289	1	1
qid	statement_value	Q211236	1	1
qid	statement_value	Q2112896	1	1
qid	statement_value	Q211340	1	1
qid	statement_value	Q211346	2	2
qid	statement_value	Q211364	1	1
qid	statement_value	Q211367	1	1
qid	statement_value	Q211391	1	1
qid	statement_value	Q211423	1	1
qid	statement_value	Q21142755	2	2
qid	statement_value	Q211439	1	1
qid	statement_value	Q2114605	1	1
qid	statement_value	Q21146257	2	2
qid	statement_value	Q21148249	1	1
qid	statement_value	Q2114846	1	1
qid	statement_value	Q2114906	2	2
qid	statement_value	Q211521	2	2
qid	statement_value	Q2115302	1	1
qid	statement_value	Q21155816	1	1
qid	statement_value	Q21157127	1	1
qid	statement_value	Q211584	3	3
qid	statement_value	Q21162	1	1
qid	statement_value	Q2116450	1	1
qid	statement_value	Q2116549	2	2
qid	statement_value	Q21167379	2	2
qid	statement_value	Q211679	1	1
qid	statement_value	Q21168708	2	2
qid	statement_value	Q21168880	1	1
qid	statement_value	Q21169216	1	1
qid	statement_value	Q21169415	1	1
qid	statement_value	Q21170235	1	1
qid	statement_value	Q21170479	1	1
qid	statement_value	Q21170490	1	1
qid	statement_value	Q21171241	2	2
qid	statement_value	Q211718	2	2
qid	statement_value	Q211728	1	1
qid	statement_value	Q2117521	1	1
qid	statement_value	Q211775	1	1
qid	statement_value	Q21179	1	1
qid	statement_value	Q211841	1	1
qid	statement_value	Q2118445	1	1
qid	statement_value	Q2118549	1	1
qid	statement_value	Q2119376	1	1
qid	statement_value	Q2119384	1	1
qid	statement_value	Q21195	3	3
qid	statement_value	Q21196	1	1
qid	statement_value	Q21198	4	4
qid	statement_value	Q21198046	1	1
qid	statement_value	Q2119819	1	1
qid	statement_value	Q212	3	3
qid	statement_value	Q21201	4	4
qid	statement_value	Q2120174	1	1
qid	statement_value	Q212071	1	1
qid	statement_value	Q212074	1	1
qid	statement_value	Q212111	1	1
qid	statement_value	Q2121360	1	1
qid	statement_value	Q212148	1	1
qid	statement_value	Q2121987	1	1
qid	statement_value	Q2122052	1	1
qid	statement_value	Q2122339	1	1
qid	statement_value	Q212238	3	3
qid	statement_value	Q2122650	1	1
qid	statement_value	Q2122699	2	2
qid	statement_value	Q2122762	2	2
qid	statement_value	Q2122839	1	1
qid	statement_value	Q2122914	1	1
qid	statement_value	Q212317	1	1
qid	statement_value	Q21233563	1	1
qid	statement_value	Q2123557	1	1
qid	statement_value	Q2123632	1	1
qid	statement_value	Q212418	1	1
qid	statement_value	Q212500	1	1
qid	statement_value	Q21255975	2	2
qid	statement_value	Q2125610	8	8
qid	statement_value	Q2125867	1	1
qid	statement_value	Q2126	1	1
qid	statement_value	Q212607	1	1
qid	statement_value	Q21263917	1	1
qid	statement_value	Q2126722	1	1
qid	statement_value	Q212743	1	1
qid	statement_value	Q212758	2	2
qid	statement_value	Q21281535	1	1
qid	statement_value	Q21286079	1	1
qid	statement_value	Q212878	2	2
qid	statement_value	Q212920	1	1
qid	statement_value	Q212933	1	1
qid	statement_value	Q212980	2	2
qid	statement_value	Q212989	1	1
qid	statement_value	Q213	3	3
qid	statement_value	Q2130587	2	2
qid	statement_value	Q213062	1	1
qid	statement_value	Q213092	1	1
qid	statement_value	Q213096	1	1
qid	statement_value	Q213142	1	1
qid	statement_value	Q2131669	1	1
qid	statement_value	Q2132068	1	1
qid	statement_value	Q2133344	1	1
qid	statement_value	Q213381	1	1
qid	statement_value	Q2134	1	1
qid	statement_value	Q213441	2	2
qid	statement_value	Q213449	6	6
qid	statement_value	Q213454	1	1
qid	statement_value	Q213477	1	1
qid	statement_value	Q2135068	1	1
qid	statement_value	Q2135469	1	1
qid	statement_value	Q213636	1	1
qid	statement_value	Q2136398	1	1
qid	statement_value	Q2136638	1	1
qid	statement_value	Q213713	1	1
qid	statement_value	Q2137311	1	1
qid	statement_value	Q2137363	1	1
qid	statement_value	Q213753	1	1
qid	statement_value	Q2137554	1	1
qid	statement_value	Q2138622	1	1
qid	statement_value	Q213926	1	1
qid	statement_value	Q2139851	1	1
qid	statement_value	Q2139855	1	1
qid	statement_value	Q214	3	3
qid	statement_value	Q214045	1	1
qid	statement_value	Q2140646	1	1
qid	statement_value	Q214096	1	1
qid	statement_value	Q2140968	1	1
qid	statement_value	Q2141096	1	1
qid	statement_value	Q2141130	1	1
qid	statement_value	Q2141207	1	1
qid	statement_value	Q2141565	1	1
qid	statement_value	Q2141583	1	1
qid	statement_value	Q2141634	1	1
qid	statement_value	Q2142257	2	2
qid	statement_value	Q21422876	1	1
qid	statement_value	Q2142675	1	1
qid	statement_value	Q2142909	1	1
qid	statement_value	Q2143005	1	1
qid	statement_value	Q2143085	1	1
qid	statement_value	Q2143346	1	1
qid	statement_value	Q2143354	1	1
qid	statement_value	Q2143500	1	1
qid	statement_value	Q2143661	1	1
qid	statement_value	Q2143762	1	1
qid	statement_value	Q214377	1	1
qid	statement_value	Q2143815	1	1
qid	statement_value	Q214382	1	1
qid	statement_value	Q2143825	1	1
qid	statement_value	Q214403	1	1
qid	statement_value	Q2144175	2	2
qid	statement_value	Q2144402	1	1
qid	statement_value	Q2144456	1	1
qid	statement_value	Q214488	1	1
qid	statement_value	Q2144962	1	1
qid	statement_value	Q2145117	1	1
qid	statement_value	Q2145277	1	1
qid	statement_value	Q2145981	1	1
qid	statement_value	Q214609	1	1
qid	statement_value	Q2146147	1	1
qid	statement_value	Q2146321	2	2
qid	statement_value	Q214638	1	1
qid	statement_value	Q2146417	1	1
qid	statement_value	Q214724	1	1
qid	statement_value	Q2147266	1	1
qid	statement_value	Q21481766	1	1
qid	statement_value	Q2148385	1	1
qid	statement_value	Q21484482	1	1
qid	statement_value	Q214912	2	2
qid	statement_value	Q214917	1	1
qid	statement_value	Q21494734	1	1
qid	statement_value	Q214961	1	1
qid	statement_value	Q21496462	2	2
qid	statement_value	Q214981	1	1
qid	statement_value	Q214995	1	1
qid	statement_value	Q215	3	3
qid	statement_value	Q215032	1	1
qid	statement_value	Q2150504	1	1
qid	statement_value	Q21507912	1	1
qid	statement_value	Q215108	1	1
qid	statement_value	Q2151613	1	1
qid	statement_value	Q2151621	1	1
qid	statement_value	Q215210	1	1
qid	statement_value	Q215348	3	3
qid	statement_value	Q215380	3	3
qid	statement_value	Q215414	1	1
qid	statement_value	Q2154210	1	1
qid	statement_value	Q21546387	1	1
qid	statement_value	Q21546392	1	1
qid	statement_value	Q2154740	1	1
qid	statement_value	Q21550633	1	1
qid	statement_value	Q21550795	1	1
qid	statement_value	Q21552830	2	2
qid	statement_value	Q215536	1	1
qid	statement_value	Q215548	1	1
qid	statement_value	Q21555202	1	1
qid	statement_value	Q215558	1	1
qid	statement_value	Q2155640	1	1
qid	statement_value	Q215571	1	1
qid	statement_value	Q215599	1	1
qid	statement_value	Q215627	2	2
qid	statement_value	Q2157687	1	1
qid	statement_value	Q215772	1	1
qid	statement_value	Q215793	1	1
qid	statement_value	Q215857	2	2
qid	statement_value	Q215864	1	1
qid	statement_value	Q21590660	1	1
qid	statement_value	Q215911	2	2
qid	statement_value	Q215915	1	1
qid	statement_value	Q215948	1	1
qid	statement_value	Q21595102	1	1
qid	statement_value	Q215972	3	3
qid	statement_value	Q2159907	3	3
qid	statement_value	Q216	1	1
qid	statement_value	Q21600439	1	1
qid	statement_value	Q216057	1	1
qid	statement_value	Q2160801	2	2
qid	statement_value	Q216107	1	1
qid	statement_value	Q216146	1	1
qid	statement_value	Q216217	1	1
qid	statement_value	Q21622405	1	1
qid	statement_value	Q216227	1	1
qid	statement_value	Q216235	1	1
qid	statement_value	Q2163153	1	1
qid	statement_value	Q2163436	1	1
qid	statement_value	Q216353	1	1
qid	statement_value	Q2164017	1	1
qid	statement_value	Q216425	1	1
qid	statement_value	Q216530	1	1
qid	statement_value	Q216584	1	1
qid	statement_value	Q21660706	1	1
qid	statement_value	Q2166722	3	3
qid	statement_value	Q216798	1	1
qid	statement_value	Q216817	1	1
qid	statement_value	Q2168243	1	1
qid	statement_value	Q216830	1	1
qid	statement_value	Q216842	1	1
qid	statement_value	Q21694268	1	1
qid	statement_value	Q21695	1	1
qid	statement_value	Q217	4	4
qid	statement_value	Q21701659	1	1
qid	statement_value	Q217030	1	1
qid	statement_value	Q217086	1	1
qid	statement_value	Q217102	1	1
qid	statement_value	Q217107	1	1
qid	statement_value	Q217123	1	1
qid	statement_value	Q21714344	5	5
qid	statement_value	Q217164	1	1
qid	statement_value	Q217295	1	1
qid	statement_value	Q217438	13	13
qid	statement_value	Q2174956	1	1
qid	statement_value	Q217541	1	1
qid	statement_value	Q217577	1	1
qid	statement_value	Q217594	1	1
qid	statement_value	Q2175964	1	1
qid	statement_value	Q217602	2	2
qid	statement_value	Q217605	1	1
qid	statement_value	Q217651	1	1
qid	statement_value	Q217678	1	1
qid	statement_value	Q217690	1	1
qid	statement_value	Q2179	1	1
qid	statement_value	Q217941	1	1
qid	statement_value	Q218	3	3
qid	statement_value	Q218005	1	1
qid	statement_value	Q2180288	1	1
qid	statement_value	Q2180428	3	3
qid	statement_value	Q21818619	1	1
qid	statement_value	Q2183753	1	1
qid	statement_value	Q2184645	1	1
qid	statement_value	Q2184704	2	2
qid	statement_value	Q21850178	1	1
qid	statement_value	Q2185614	1	1
qid	statement_value	Q2186	1	1
qid	statement_value	Q218642	1	1
qid	statement_value	Q21864306	1	1
qid	statement_value	Q2186896	1	1
qid	statement_value	Q21875910	1	1
qid	statement_value	Q218802	1	1
qid	statement_value	Q2188189	2	2
qid	statement_value	Q2188702	1	1
qid	statement_value	Q219	4	4
qid	statement_value	Q2190251	1	1
qid	statement_value	Q219059	1	1
qid	statement_value	Q219060	1	1
qid	statement_value	Q219160	2	2
qid	statement_value	Q219174	1	1
qid	statement_value	Q219184	2	2
qid	statement_value	Q219223	1	1
qid	statement_value	Q2192288	4	4
qid	statement_value	Q219239	1	1
qid	statement_value	Q219416	2	2
qid	statement_value	Q219423	1	1
qid	statement_value	Q219426	2	2
qid	statement_value	Q219477	1	1
qid	statement_value	Q2195458	1	1
qid	statement_value	Q219588	1	1
qid	statement_value	Q2197000	3	3
qid	statement_value	Q219760	2	2
qid	statement_value	Q21976260	1	1
qid	statement_value	Q2197893	1	1
qid	statement_value	Q21980641	1	1
qid	statement_value	Q219858	1	1
qid	statement_value	Q219872	1	1
qid	statement_value	Q2198779	1	1
qid	statement_value	Q2199	1	1
qid	statement_value	Q2199357	1	1
qid	statement_value	Q21995230	1	1
qid	statement_value	Q2199864	2	2
qid	statement_value	Q22	4	4
qid	statement_value	Q220	1	1
qid	statement_value	Q220016	1	1
qid	statement_value	Q220098	2	2
qid	statement_value	Q22011067	1	1
qid	statement_value	Q2201314	2	2
qid	statement_value	Q220406	1	1
qid	statement_value	Q220546	1	1
qid	statement_value	Q2205972	1	1
qid	statement_value	Q220652	1	1
qid	statement_value	Q220659	1	1
qid	statement_value	Q220662	1	1
qid	statement_value	Q2207288	1	1
qid	statement_value	Q2207370	1	1
qid	statement_value	Q220925	1	1
qid	statement_value	Q221	3	3
qid	statement_value	Q2210277	1	1
qid	statement_value	Q2210408	1	1
qid	statement_value	Q2210774	1	1
qid	statement_value	Q221173	1	1
qid	statement_value	Q2212912	1	1
qid	statement_value	Q2213838	1	1
qid	statement_value	Q221391	1	1
qid	statement_value	Q2214	1	1
qid	statement_value	Q221455	1	1
qid	statement_value	Q221488	4	4
qid	statement_value	Q2215167	2	2
qid	statement_value	Q2215841	1	1
qid	statement_value	Q2216156	1	1
qid	statement_value	Q2216187	1	1
qid	statement_value	Q2216236	3	3
qid	statement_value	Q221656	2	2
qid	statement_value	Q221706	1	1
qid	statement_value	Q221722	2	2
qid	statement_value	Q221725	1	1
qid	statement_value	Q221783	1	1
qid	statement_value	Q221911	1	1
qid	statement_value	Q221978	1	1
qid	statement_value	Q222	4	4
qid	statement_value	Q222052	1	1
qid	statement_value	Q2220621	1	1
qid	statement_value	Q2220678	1	1
qid	statement_value	Q2220733	1	1
qid	statement_value	Q2220865	1	1
qid	statement_value	Q2220900	1	1
qid	statement_value	Q2221906	1	1
qid	statement_value	Q222344	1	1
qid	statement_value	Q2223653	2	2
qid	statement_value	Q2224510	1	1
qid	statement_value	Q2225	1	1
qid	statement_value	Q2226876	2	2
qid	statement_value	Q2227033	1	1
qid	statement_value	Q2227266	1	1
qid	statement_value	Q222749	1	1
qid	statement_value	Q2227556	1	1
qid	statement_value	Q22275999	1	1
qid	statement_value	Q222836	1	1
qid	statement_value	Q223	2	2
qid	statement_value	Q223050	1	1
qid	statement_value	Q2230888	1	1
qid	statement_value	Q2231510	1	1
qid	statement_value	Q223179	1	1
qid	statement_value	Q223269	1	1
qid	statement_value	Q223270	1	1
qid	statement_value	Q2232842	1	1
qid	statement_value	Q22338337	4	4
qid	statement_value	Q2233915	1	1
qid	statement_value	Q22341663	1	1
qid	statement_value	Q2234405	1	1
qid	statement_value	Q223557	1	1
qid	statement_value	Q223571	1	1
qid	statement_value	Q223625	1	1
qid	statement_value	Q223638	1	1
qid	statement_value	Q223642	1	1
qid	statement_value	Q223655	1	1
qid	statement_value	Q2236563	1	1
qid	statement_value	Q223705	1	1
qid	statement_value	Q223807	1	1
qid	statement_value	Q2238324	1	1
qid	statement_value	Q223871	2	2
qid	statement_value	Q2238808	1	1
qid	statement_value	Q223924	1	1
qid	statement_value	Q2239243	1	1
qid	statement_value	Q223945	3	3
qid	statement_value	Q223973	1	1
qid	statement_value	Q2239785	1	1
qid	statement_value	Q223981	2	2
qid	statement_value	Q224	3	3
qid	statement_value	Q22404	1	1
qid	statement_value	Q224104	1	1
qid	statement_value	Q224169	1	1
qid	statement_value	Q2243978	1	1
qid	statement_value	Q22445448	3	3
qid	statement_value	Q2245364	1	1
qid	statement_value	Q2247208	1	1
qid	statement_value	Q2247540	1	1
qid	statement_value	Q2249676	1	1
qid	statement_value	Q225	4	4
qid	statement_value	Q2250050	1	1
qid	statement_value	Q2250224	1	1
qid	statement_value	Q2250672	2	2
qid	statement_value	Q225107	1	1
qid	statement_value	Q2251224	1	1
qid	statement_value	Q2251535	1	1
qid	statement_value	Q2251595	2	2
qid	statement_value	Q2252262	2	2
qid	statement_value	Q2252284	1	1
qid	statement_value	Q2252356	1	1
qid	statement_value	Q2253185	2	2
qid	statement_value	Q2253638	1	1
qid	statement_value	Q2255787	1	1
qid	statement_value	Q2255814	1	1
qid	statement_value	Q2256	1	1
qid	statement_value	Q2257471	1	1
qid	statement_value	Q22575725	1	1
qid	statement_value	Q2257857	1	1
qid	statement_value	Q22583225	1	1
qid	statement_value	Q2259176	1	1
qid	statement_value	Q2259950	1	1
qid	statement_value	Q2261392	1	1
qid	statement_value	Q22645	1	1
qid	statement_value	Q22647	2	2
qid	statement_value	Q22649	1	1
qid	statement_value	Q2264924	1	1
qid	statement_value	Q22652	1	1
qid	statement_value	Q2265436	1	1
qid	statement_value	Q2265438	1	1
qid	statement_value	Q22656	1	1
qid	statement_value	Q22657	1	1
qid	statement_value	Q2265780	1	1
qid	statement_value	Q22658	1	1
qid	statement_value	Q2265984	1	1
qid	statement_value	Q2266173	1	1
qid	statement_value	Q22662080	1	1
qid	statement_value	Q2266479	1	1
qid	statement_value	Q22667	2	2
qid	statement_value	Q22669139	1	1
qid	statement_value	Q22671	2	2
qid	statement_value	Q22671125	1	1
qid	statement_value	Q2267256	1	1
qid	statement_value	Q22675021	1	1
qid	statement_value	Q22676	4	4
qid	statement_value	Q2267842	1	1
qid	statement_value	Q22683250	2	2
qid	statement_value	Q2268687	1	1
qid	statement_value	Q22687	4	4
qid	statement_value	Q22688	1	1
qid	statement_value	Q2268977	1	1
qid	statement_value	Q22692	2	2
qid	statement_value	Q2269240	1	1
qid	statement_value	Q22693	1	1
qid	statement_value	Q22694	1	1
qid	statement_value	Q22698	1	1
qid	statement_value	Q22699	2	2
qid	statement_value	Q227	4	4
qid	statement_value	Q2270	1	1
qid	statement_value	Q22706	1	1
qid	statement_value	Q22716	1	1
qid	statement_value	Q22719	1	1
qid	statement_value	Q22721	1	1
qid	statement_value	Q22728	2	2
qid	statement_value	Q22731	1	1
qid	statement_value	Q2274076	1	1
qid	statement_value	Q22741872	1	1
qid	statement_value	Q22746	1	1
qid	statement_value	Q227505	1	1
qid	statement_value	Q2277026	1	1
qid	statement_value	Q227864	1	1
qid	statement_value	Q227870	1	1
qid	statement_value	Q228	3	3
qid	statement_value	Q228027	1	1
qid	statement_value	Q228039	2	2
qid	statement_value	Q22806	1	1
qid	statement_value	Q22807304	1	1
qid	statement_value	Q228090	1	1
qid	statement_value	Q2281589	2	2
qid	statement_value	Q228259	1	1
qid	statement_value	Q2282602	1	1
qid	statement_value	Q2282906	1	1
qid	statement_value	Q228388	1	1
qid	statement_value	Q228395	3	3
qid	statement_value	Q228417	1	1
qid	statement_value	Q228422	1	1
qid	statement_value	Q228487	1	1
qid	statement_value	Q2285097	1	1
qid	statement_value	Q22855	1	1
qid	statement_value	Q22856	1	1
qid	statement_value	Q228570	1	1
qid	statement_value	Q2285706	1	1
qid	statement_value	Q2285982	1	1
qid	statement_value	Q22862	1	1
qid	statement_value	Q228736	1	1
qid	statement_value	Q2288051	1	1
qid	statement_value	Q2288996	2	2
qid	statement_value	Q22890	3	3
qid	statement_value	Q229	7	7
qid	statement_value	Q2291684	1	1
qid	statement_value	Q2291925	1	1
qid	statement_value	Q229205	1	1
qid	statement_value	Q2292514	1	1
qid	statement_value	Q2292583	1	1
qid	statement_value	Q22929	1	1
qid	statement_value	Q229345	1	1
qid	statement_value	Q22936241	1	1
qid	statement_value	Q229385	1	1
qid	statement_value	Q2294	1	1
qid	statement_value	Q2294113	1	1
qid	statement_value	Q22947	1	1
qid	statement_value	Q2295061	1	1
qid	statement_value	Q2295938	1	1
qid	statement_value	Q2296092	1	1
qid	statement_value	Q2296367	1	1
qid	statement_value	Q22963901	1	1
qid	statement_value	Q22963960	1	1
qid	statement_value	Q2296401	1	1
qid	statement_value	Q22969563	1	1
qid	statement_value	Q2297001	1	1
qid	statement_value	Q22976	1	1
qid	statement_value	Q22980	1	1
qid	statement_value	Q2298412	3	3
qid	statement_value	Q2298537	1	1
qid	statement_value	Q2298569	1	1
qid	statement_value	Q22995	1	1
qid	statement_value	Q22995826	1	1
qid	statement_value	Q230	4	4
qid	statement_value	Q23001701	1	1
qid	statement_value	Q23004	11	11
qid	statement_value	Q23004361	1	1
qid	statement_value	Q230052	1	1
qid	statement_value	Q23005337	1	1
qid	statement_value	Q2300708	1	1
qid	statement_value	Q23008351	1	1
qid	statement_value	Q23009	1	1
qid	statement_value	Q23009439	2	2
qid	statement_value	Q23009870	1	1
qid	statement_value	Q230110	1	1
qid	statement_value	Q2301186	1	1
qid	statement_value	Q23012379	1	1
qid	statement_value	Q23017573	1	1
qid	statement_value	Q2302111	1	1
qid	statement_value	Q2302116	1	1
qid	statement_value	Q2302177	1	1
qid	statement_value	Q2302208	1	1
qid	statement_value	Q23022934	2	2
qid	statement_value	Q23023881	1	1
qid	statement_value	Q230262	1	1
qid	statement_value	Q2303417	1	1
qid	statement_value	Q2303697	1	1
qid	statement_value	Q23038514	1	1
qid	statement_value	Q230393	1	1
qid	statement_value	Q23041430	1	1
qid	statement_value	Q2304397	1	1
qid	statement_value	Q2304610	1	1
qid	statement_value	Q2305295	1	1
qid	statement_value	Q23058	1	1
qid	statement_value	Q2306047	1	1
qid	statement_value	Q2306091	1	1
qid	statement_value	Q230629	1	1
qid	statement_value	Q23065481	1	1
qid	statement_value	Q230752	1	1
qid	statement_value	Q230791	3	3
qid	statement_value	Q2308332	1	1
qid	statement_value	Q230855	1	1
qid	statement_value	Q2308612	1	1
qid	statement_value	Q23090513	1	1
qid	statement_value	Q230920	1	1
qid	statement_value	Q2309609	1	1
qid	statement_value	Q2309621	1	1
qid	statement_value	Q2309784	1	1
qid	statement_value	Q231002	1	1
qid	statement_value	Q2310145	2	2
qid	statement_value	Q2310211	1	1
qid	statement_value	Q2310214	1	1
qid	statement_value	Q2310357	1	1
qid	statement_value	Q2310373	1	1
qid	statement_value	Q2310416	2	2
qid	statement_value	Q231043	1	1
qid	statement_value	Q2311038	1	1
qid	statement_value	Q2311352	1	1
qid	statement_value	Q2311958	1	1
qid	statement_value	Q231250	1	1
qid	statement_value	Q2312637	1	1
qid	statement_value	Q2312917	1	1
qid	statement_value	Q2313151	1	1
qid	statement_value	Q2314	2	2
qid	statement_value	Q2314279	1	1
qid	statement_value	Q231458	1	1
qid	statement_value	Q2314751	1	1
qid	statement_value	Q2314862	1	1
qid	statement_value	Q2315537	1	1
qid	statement_value	Q231647	1	1
qid	statement_value	Q2317731	1	1
qid	statement_value	Q231823	1	1
qid	statement_value	Q2319498	1	1
qid	statement_value	Q232	3	3
qid	statement_value	Q23223	1	1
qid	statement_value	Q232254	2	2
qid	statement_value	Q232291	1	1
qid	statement_value	Q232358	1	1
qid	statement_value	Q232431	1	1
qid	statement_value	Q2324820	1	1
qid	statement_value	Q2325038	1	1
qid	statement_value	Q2325497	1	1
qid	statement_value	Q2327095	1	1
qid	statement_value	Q2327632	1	1
qid	statement_value	Q2329	21	21
qid	statement_value	Q232903	1	1
qid	statement_value	Q233	3	3
qid	statement_value	Q233040	1	1
qid	statement_value	Q23304279	1	1
qid	statement_value	Q2333151	1	1
qid	statement_value	Q233320	2	2
qid	statement_value	Q23334	1	1
qid	statement_value	Q2334804	1	1
qid	statement_value	Q23350	2	2
qid	statement_value	Q23355	2	2
qid	statement_value	Q23374	1	1
qid	statement_value	Q23384	1	1
qid	statement_value	Q23387	1	1
qid	statement_value	Q23390	1	1
qid	statement_value	Q23392	3	3
qid	statement_value	Q23397	1	1
qid	statement_value	Q23400	1	1
qid	statement_value	Q23413	1	1
qid	statement_value	Q2341443	1	1
qid	statement_value	Q2342238	1	1
qid	statement_value	Q23436	2	2
qid	statement_value	Q23442	1	1
qid	statement_value	Q23444	1	1
qid	statement_value	Q23445	1	1
qid	statement_value	Q234460	1	1
qid	statement_value	Q2345820	1	1
qid	statement_value	Q234646	1	1
qid	statement_value	Q2346525	1	1
qid	statement_value	Q234668	1	1
qid	statement_value	Q234731	1	1
qid	statement_value	Q234792	1	1
qid	statement_value	Q2348	1	1
qid	statement_value	Q23482	1	1
qid	statement_value	Q23485	1	1
qid	statement_value	Q234852	1	1
qid	statement_value	Q23488	2	2
qid	statement_value	Q23492	2	2
qid	statement_value	Q23498	4	4
qid	statement_value	Q235	3	3
qid	statement_value	Q235007	1	1
qid	statement_value	Q23501	5	5
qid	statement_value	Q235038	1	1
qid	statement_value	Q2350995	1	1
qid	statement_value	Q235113	1	1
qid	statement_value	Q235169	1	1
qid	statement_value	Q2352616	1	1
qid	statement_value	Q235329	1	1
qid	statement_value	Q2353353	1	1
qid	statement_value	Q23538	2	2
qid	statement_value	Q2353833	1	1
qid	statement_value	Q2354122	1	1
qid	statement_value	Q2354819	1	1
qid	statement_value	Q2354997	1	1
qid	statement_value	Q235544	1	1
qid	statement_value	Q235557	1	1
qid	statement_value	Q2355817	1	1
qid	statement_value	Q235585	1	1
qid	statement_value	Q2356124	1	1
qid	statement_value	Q2356892	1	1
qid	statement_value	Q2357391	1	1
qid	statement_value	Q235779	1	1
qid	statement_value	Q235783	1	1
qid	statement_value	Q2357965	1	1
qid	statement_value	Q23579700	1	1
qid	statement_value	Q23580581	1	1
qid	statement_value	Q23595	1	1
qid	statement_value	Q236	3	3
qid	statement_value	Q2360149	1	1
qid	statement_value	Q2360552	1	1
qid	statement_value	Q2360918	1	1
qid	statement_value	Q23611288	1	1
qid	statement_value	Q23621081	1	1
qid	statement_value	Q23622	1	1
qid	statement_value	Q236232	1	1
qid	statement_value	Q2362761	1	1
qid	statement_value	Q236371	3	3
qid	statement_value	Q2363857	1	1
qid	statement_value	Q23640	3	3
qid	statement_value	Q23640580	1	1
qid	statement_value	Q2364815	1	1
qid	statement_value	Q2366126	1	1
qid	statement_value	Q23664	1	1
qid	statement_value	Q23666	1	1
qid	statement_value	Q23668	1	1
qid	statement_value	Q2367101	1	1
qid	statement_value	Q236807	1	1
qid	statement_value	Q2368164	1	1
qid	statement_value	Q2369019	1	1
qid	statement_value	Q23691	1	1
qid	statement_value	Q23692101	1	1
qid	statement_value	Q237	1	1
qid	statement_value	Q2370000	1	1
qid	statement_value	Q23700466	1	1
qid	statement_value	Q2370943	2	2
qid	statement_value	Q237169	1	1
qid	statement_value	Q23718	1	1
qid	statement_value	Q2372244	1	1
qid	statement_value	Q237232	1	1
qid	statement_value	Q2374149	2	2
qid	statement_value	Q237534	2	2
qid	statement_value	Q23759131	1	1
qid	statement_value	Q23759454	1	1
qid	statement_value	Q237604	1	1
qid	statement_value	Q2376111	1	1
qid	statement_value	Q2377671	1	1
qid	statement_value	Q2378505	1	1
qid	statement_value	Q23785453	1	1
qid	statement_value	Q23786	1	1
qid	statement_value	Q2379167	1	1
qid	statement_value	Q23792	1	1
qid	statement_value	Q23797	1	1
qid	statement_value	Q238	1	1
qid	statement_value	Q2380335	2	2
qid	statement_value	Q23804016	1	1
qid	statement_value	Q238053	6	6
qid	statement_value	Q23806	2	2
qid	statement_value	Q23808	1	1
qid	statement_value	Q23810017	1	1
qid	statement_value	Q2381488	1	1
qid	statement_value	Q2381499	1	1
qid	statement_value	Q2381512	1	1
qid	statement_value	Q2381518	1	1
qid	statement_value	Q238170	1	1
qid	statement_value	Q2381752	4	4
qid	statement_value	Q23833126	1	1
qid	statement_value	Q23834	1	1
qid	statement_value	Q238354	1	1
qid	statement_value	Q23835475	1	1
qid	statement_value	Q23841	2	2
qid	statement_value	Q2385804	1	1
qid	statement_value	Q238651	1	1
qid	statement_value	Q23868497	1	1
qid	statement_value	Q2388316	1	1
qid	statement_value	Q239	1	1
qid	statement_value	Q23900107	1	1
qid	statement_value	Q23900272	1	1
qid	statement_value	Q23900578	1	1
qid	statement_value	Q23905861	1	1
qid	statement_value	Q23907	1	1
qid	statement_value	Q2390770	1	1
qid	statement_value	Q2391004	1	1
qid	statement_value	Q2392218	12	12
qid	statement_value	Q2393196	1	1
qid	statement_value	Q2393333	1	1
qid	statement_value	Q239346	2	2
qid	statement_value	Q2393642	2	2
qid	statement_value	Q2393753	1	1
qid	statement_value	Q2394710	1	1
qid	statement_value	Q239481	1	1
qid	statement_value	Q2394986	1	1
qid	statement_value	Q239526	1	1
qid	statement_value	Q239582	1	1
qid	statement_value	Q2396437	1	1
qid	statement_value	Q2396693	1	1
qid	statement_value	Q2396740	1	1
qid	statement_value	Q2396923	5	5
qid	statement_value	Q2397485	1	1
qid	statement_value	Q239788	1	1
qid	statement_value	Q2399307	1	1
qid	statement_value	Q239937	1	1
qid	statement_value	Q240026	1	1
qid	statement_value	Q2400699	1	1
qid	statement_value	Q2401749	1	1
qid	statement_value	Q2403042	1	1
qid	statement_value	Q240313	1	1
qid	statement_value	Q2403634	1	1
qid	statement_value	Q2403684	1	1
qid	statement_value	Q24038970	1	1
qid	statement_value	Q2404195	1	1
qid	statement_value	Q24045957	1	1
qid	statement_value	Q2404808	1	1
qid	statement_value	Q2405317	1	1
qid	statement_value	Q2405480	1	1
qid	statement_value	Q240673	1	1
qid	statement_value	Q240854	1	1
qid	statement_value	Q2408569	2	2
qid	statement_value	Q2409	1	1
qid	statement_value	Q2409684	1	1
qid	statement_value	Q24097670	1	1
qid	statement_value	Q241	1	1
qid	statement_value	Q241045	1	1
qid	statement_value	Q241156	1	1
qid	statement_value	Q241253	1	1
qid	statement_value	Q2413314	1	1
qid	statement_value	Q241588	1	1
qid	statement_value	Q241625	2	2
qid	statement_value	Q241673	1	1
qid	statement_value	Q2419397	1	1
qid	statement_value	Q2419551	1	1
qid	statement_value	Q2419695	1	1
qid	statement_value	Q241987	1	1
qid	statement_value	Q2419953	3	3
qid	statement_value	Q242	1	1
qid	statement_value	Q24202480	1	1
qid	statement_value	Q24208053	1	1
qid	statement_value	Q2421951	1	1
qid	statement_value	Q2422553	1	1
qid	statement_value	Q2422772	1	1
qid	statement_value	Q24229398	1	1
qid	statement_value	Q24238147	1	1
qid	statement_value	Q24238252	1	1
qid	statement_value	Q24238856	1	1
qid	statement_value	Q24238907	1	1
qid	statement_value	Q2424149	1	1
qid	statement_value	Q242419	1	1
qid	statement_value	Q24246654	1	1
qid	statement_value	Q242468	5	5
qid	statement_value	Q2424752	2	2
qid	statement_value	Q24248440	1	1
qid	statement_value	Q2425052	1	1
qid	statement_value	Q24284215	1	1
qid	statement_value	Q2428747	1	1
qid	statement_value	Q2429918	1	1
qid	statement_value	Q243	1	1
qid	statement_value	Q2431134	1	1
qid	statement_value	Q2431825	1	1
qid	statement_value	Q2432249	1	1
qid	statement_value	Q243253	1	1
qid	statement_value	Q2432776	1	1
qid	statement_value	Q243449	1	1
qid	statement_value	Q243519	1	1
qid	statement_value	Q24354	4	4
qid	statement_value	Q243570	1	1
qid	statement_value	Q2436595	1	1
qid	statement_value	Q243727	1	1
qid	statement_value	Q2437271	1	1
qid	statement_value	Q243764	1	1
qid	statement_value	Q243775	1	1
qid	statement_value	Q243817	1	1
qid	statement_value	Q24384	1	1
qid	statement_value	Q2438548	1	1
qid	statement_value	Q244	1	1
qid	statement_value	Q24410992	1	1
qid	statement_value	Q244156	3	3
qid	statement_value	Q2442108	1	1
qid	statement_value	Q2442132	1	1
qid	statement_value	Q244330	2	2
qid	statement_value	Q2443377	1	1
qid	statement_value	Q2443617	1	1
qid	statement_value	Q24439116	1	1
qid	statement_value	Q244393	1	1
qid	statement_value	Q244490	2	2
qid	statement_value	Q2445511	3	3
qid	statement_value	Q244593	1	1
qid	statement_value	Q244611	1	1
qid	statement_value	Q244617	1	1
qid	statement_value	Q2447386	2	2
qid	statement_value	Q24476018	1	1
qid	statement_value	Q244773	1	1
qid	statement_value	Q2447755	1	1
qid	statement_value	Q2447975	2	2
qid	statement_value	Q2447985	1	1
qid	statement_value	Q24489	1	1
qid	statement_value	Q2449	1	1
qid	statement_value	Q2449096	1	1
qid	statement_value	Q244914	1	1
qid	statement_value	Q2449503	1	1
qid	statement_value	Q2449752	1	1
qid	statement_value	Q245005	1	1
qid	statement_value	Q245009	2	2
qid	statement_value	Q245032	1	1
qid	statement_value	Q245041	1	1
qid	statement_value	Q245068	3	3
qid	statement_value	Q245089	1	1
qid	statement_value	Q2451094	1	1
qid	statement_value	Q2451751	1	1
qid	statement_value	Q2451766	1	1
qid	statement_value	Q245204	1	1
qid	statement_value	Q24530942	1	1
qid	statement_value	Q245423	27	27
qid	statement_value	Q2455463	1	1
qid	statement_value	Q245595	1	1
qid	statement_value	Q245596	1	1
qid	statement_value	Q245639	1	1
qid	statement_value	Q245656	1	1
qid	statement_value	Q24574678	1	1
qid	statement_value	Q245752	1	1
qid	statement_value	Q2459798	1	1
qid	statement_value	Q2459831	1	1
qid	statement_value	Q246	1	1
qid	statement_value	Q2462658	1	1
qid	statement_value	Q24634210	1	1
qid	statement_value	Q24644118	1	1
qid	statement_value	Q246514	1	1
qid	statement_value	Q2465494	2	2
qid	statement_value	Q2466917	1	1
qid	statement_value	Q2468392	1	1
qid	statement_value	Q2468572	1	1
qid	statement_value	Q2470540	1	1
qid	statement_value	Q2471487	1	1
qid	statement_value	Q247154	1	1
qid	statement_value	Q2472574	1	1
qid	statement_value	Q2472587	1	1
qid	statement_value	Q2473551	1	1
qid	statement_value	Q247792	2	2
qid	statement_value	Q2478477	1	1
qid	statement_value	Q2478523	1	1
qid	statement_value	Q2479079	1	1
qid	statement_value	Q2479726	1	1
qid	statement_value	Q2479906	1	1
qid	statement_value	Q2481488	1	1
qid	statement_value	Q248245	1	1
qid	statement_value	Q248352	1	1
qid	statement_value	Q248382	1	1
qid	statement_value	Q2483906	1	1
qid	statement_value	Q24841726	1	1
qid	statement_value	Q2484376	1	1
qid	statement_value	Q248577	1	1
qid	statement_value	Q24862	1	1
qid	statement_value	Q24869	1	1
qid	statement_value	Q24871403	1	1
qid	statement_value	Q24874	1	1
qid	statement_value	Q24879	1	1
qid	statement_value	Q2488	2	2
qid	statement_value	Q2488257	1	1
qid	statement_value	Q2488579	1	1
qid	statement_value	Q24887418	1	1
qid	statement_value	Q2488994	1	1
qid	statement_value	Q2489117	1	1
qid	statement_value	Q2489298	1	1
qid	statement_value	Q24901351	1	1
qid	statement_value	Q24903426	1	1
qid	statement_value	Q2490358	2	2
qid	statement_value	Q24905	8	8
qid	statement_value	Q2491690	1	1
qid	statement_value	Q2491722	1	1
qid	statement_value	Q24925	30	30
qid	statement_value	Q2493413	1	1
qid	statement_value	Q24950437	2	2
qid	statement_value	Q24960869	1	1
qid	statement_value	Q2496761	1	1
qid	statement_value	Q249697	1	1
qid	statement_value	Q2497987	2	2
qid	statement_value	Q2498802	1	1
qid	statement_value	Q2499609	1	1
qid	statement_value	Q250	3	3
qid	statement_value	Q2500107	1	1
qid	statement_value	Q2500620	1	1
qid	statement_value	Q2500621	2	2
qid	statement_value	Q2500638	1	1
qid	statement_value	Q25040382	1	1
qid	statement_value	Q25053849	1	1
qid	statement_value	Q2507958	1	1
qid	statement_value	Q250840	1	1
qid	statement_value	Q250869	1	1
qid	statement_value	Q2509500	1	1
qid	statement_value	Q25098893	1	1
qid	statement_value	Q25107	1	1
qid	statement_value	Q25110562	1	1
qid	statement_value	Q251106	1	1
qid	statement_value	Q25114211	2	2
qid	statement_value	Q2511898	1	1
qid	statement_value	Q2512993	1	1
qid	statement_value	Q2513517	1	1
qid	statement_value	Q2514500	1	1
qid	statement_value	Q2514663	1	1
qid	statement_value	Q251473	1	1
qid	statement_value	Q25158452	1	1
qid	statement_value	Q2515874	1	1
qid	statement_value	Q2516436	1	1
qid	statement_value	Q2516568	1	1
qid	statement_value	Q2516866	2	2
qid	statement_value	Q2517447	2	2
qid	statement_value	Q251777	1	1
qid	statement_value	Q2517807	1	1
qid	statement_value	Q251868	1	1
qid	statement_value	Q251981	1	1
qid	statement_value	Q2519914	1	1
qid	statement_value	Q252	3	3
qid	statement_value	Q252000	1	1
qid	statement_value	Q25203349	1	1
qid	statement_value	Q2520962	1	1
qid	statement_value	Q2520975	1	1
qid	statement_value	Q2520992	1	1
qid	statement_value	Q252108	2	2
qid	statement_value	Q252185	1	1
qid	statement_value	Q25220811	1	1
qid	statement_value	Q25223	1	1
qid	statement_value	Q25224	1	1
qid	statement_value	Q2522648	1	1
qid	statement_value	Q25230	1	1
qid	statement_value	Q25231	1	1
qid	statement_value	Q2523206	2	2
qid	statement_value	Q25234	2	2
qid	statement_value	Q25235	2	2
qid	statement_value	Q25236	1	1
qid	statement_value	Q25237	2	2
qid	statement_value	Q25241	1	1
qid	statement_value	Q25243	1	1
qid	statement_value	Q25250	1	1
qid	statement_value	Q25257	2	2
qid	statement_value	Q25258	1	1
qid	statement_value	Q25261	6	6
qid	statement_value	Q2526255	1	1
qid	statement_value	Q25265	1	1
qid	statement_value	Q2526778	1	1
qid	statement_value	Q25269	1	1
qid	statement_value	Q25272	1	1
qid	statement_value	Q25276	1	1
qid	statement_value	Q25279	1	1
qid	statement_value	Q252799	1	1
qid	statement_value	Q25284	1	1
qid	statement_value	Q25285	1	1
qid	statement_value	Q2528683	1	1
qid	statement_value	Q25289	1	1
qid	statement_value	Q25294	1	1
qid	statement_value	Q25295	1	1
qid	statement_value	Q253019	1	1
qid	statement_value	Q25303778	1	1
qid	statement_value	Q25307	1	1
qid	statement_value	Q25309	1	1
qid	statement_value	Q253140	1	1
qid	statement_value	Q2531579	1	1
qid	statement_value	Q2531974	2	2
qid	statement_value	Q25322	1	1
qid	statement_value	Q25325	1	1
qid	statement_value	Q25326	1	1
qid	statement_value	Q25332	1	1
qid	statement_value	Q253326	1	1
qid	statement_value	Q25334	1	1
qid	statement_value	Q2533752	1	1
qid	statement_value	Q25339110	1	1
qid	statement_value	Q25339318	1	1
qid	statement_value	Q253405	1	1
qid	statement_value	Q2534157	1	1
qid	statement_value	Q25342	1	1
qid	statement_value	Q2534206	1	1
qid	statement_value	Q25343	1	1
qid	statement_value	Q2534308	1	1
qid	statement_value	Q25345	1	1
qid	statement_value	Q25345174	1	1
qid	statement_value	Q25345384	1	1
qid	statement_value	Q25353	1	1
qid	statement_value	Q2535318	1	1
qid	statement_value	Q25354	1	1
qid	statement_value	Q253567	2	2
qid	statement_value	Q25357	1	1
qid	statement_value	Q25358	1	1
qid	statement_value	Q253623	1	1
qid	statement_value	Q2536279	1	1
qid	statement_value	Q2537	3	3
qid	statement_value	Q25372	1	1
qid	statement_value	Q25374341	3	3
qid	statement_value	Q25375	1	1
qid	statement_value	Q25377453	1	1
qid	statement_value	Q25377559	1	1
qid	statement_value	Q25379	1	1
qid	statement_value	Q25379568	1	1
qid	statement_value	Q25380	1	1
qid	statement_value	Q25381	1	1
qid	statement_value	Q25382	2	2
qid	statement_value	Q25382131	1	1
qid	statement_value	Q253829	1	1
qid	statement_value	Q25383	1	1
qid	statement_value	Q25384	1	1
qid	statement_value	Q25385	1	1
qid	statement_value	Q25391	2	2
qid	statement_value	Q25392	1	1
qid	statement_value	Q25392039	1	1
qid	statement_value	Q25392042	1	1
qid	statement_value	Q25392446	1	1
qid	statement_value	Q25392517	1	1
qid	statement_value	Q25392655	1	1
qid	statement_value	Q25393	1	1
qid	statement_value	Q25393308	1	1
qid	statement_value	Q25393575	1	1
qid	statement_value	Q25394	1	1
qid	statement_value	Q25394014	1	1
qid	statement_value	Q253941	3	3
qid	statement_value	Q25394915	1	1
qid	statement_value	Q25397729	1	1
qid	statement_value	Q25397898	1	1
qid	statement_value	Q2539936	1	1
qid	statement_value	Q25400	1	1
qid	statement_value	Q25401445	1	1
qid	statement_value	Q2540351	2	2
qid	statement_value	Q25404	1	1
qid	statement_value	Q254107	1	1
qid	statement_value	Q25414013	1	1
qid	statement_value	Q25414626	1	1
qid	statement_value	Q25418	2	2
qid	statement_value	Q25420	1	1
qid	statement_value	Q25424198	1	1
qid	statement_value	Q25424643	1	1
qid	statement_value	Q2542508	1	1
qid	statement_value	Q2542618	1	1
qid	statement_value	Q25428	1	1
qid	statement_value	Q25434	1	1
qid	statement_value	Q25439	1	1
qid	statement_value	Q25442	1	1
qid	statement_value	Q25443024	1	1
qid	statement_value	Q25444	1	1
qid	statement_value	Q25445	1	1
qid	statement_value	Q254465	1	1
qid	statement_value	Q25450279	1	1
qid	statement_value	Q2545446	1	1
qid	statement_value	Q254554	1	1
qid	statement_value	Q25457532	1	1
qid	statement_value	Q25469	1	1
qid	statement_value	Q2547819	1	1
qid	statement_value	Q2548061	1	1
qid	statement_value	Q2548405	1	1
qid	statement_value	Q25485	1	1
qid	statement_value	Q2548714	1	1
qid	statement_value	Q25488743	1	1
qid	statement_value	Q2549140	1	1
qid	statement_value	Q2549531	1	1
qid	statement_value	Q25503107	1	1
qid	statement_value	Q25505093	1	1
qid	statement_value	Q25510549	1	1
qid	statement_value	Q25517	1	1
qid	statement_value	Q25521422	1	1
qid	statement_value	Q255241	1	1
qid	statement_value	Q2553153	1	1
qid	statement_value	Q25535646	1	1
qid	statement_value	Q255358	1	1
qid	statement_value	Q25537688	1	1
qid	statement_value	Q2553861	1	1
qid	statement_value	Q25543541	1	1
qid	statement_value	Q25550691	1	1
qid	statement_value	Q2555445	1	1
qid	statement_value	Q2555488	1	1
qid	statement_value	Q2555493	1	1
qid	statement_value	Q2555640	1	1
qid	statement_value	Q25557141	1	1
qid	statement_value	Q25559402	1	1
qid	statement_value	Q255722	2	2
qid	statement_value	Q255761	1	1
qid	statement_value	Q25592213	4	4
qid	statement_value	Q256	1	1
qid	statement_value	Q256020	1	1
qid	statement_value	Q25615	1	1
qid	statement_value	Q25615920	1	1
qid	statement_value	Q2562511	1	1
qid	statement_value	Q25631289	2	2
qid	statement_value	Q25635316	2	2
qid	statement_value	Q2564009	1	1
qid	statement_value	Q256401	3	3
qid	statement_value	Q25641266	1	1
qid	statement_value	Q256458	1	1
qid	statement_value	Q256480	1	1
qid	statement_value	Q25653	1	1
qid	statement_value	Q2565440	1	1
qid	statement_value	Q2565881	3	3
qid	statement_value	Q25662	1	1
qid	statement_value	Q256699	1	1
qid	statement_value	Q256716	1	1
qid	statement_value	Q2567538	1	1
qid	statement_value	Q25678	1	1
qid	statement_value	Q2568454	1	1
qid	statement_value	Q2570643	1	1
qid	statement_value	Q2570701	1	1
qid	statement_value	Q2570803	1	1
qid	statement_value	Q257120	2	2
qid	statement_value	Q257138	1	1
qid	statement_value	Q257179	1	1
qid	statement_value	Q2572122	1	1
qid	statement_value	Q2572474	1	1
qid	statement_value	Q2572947	1	1
qid	statement_value	Q25740	1	1
qid	statement_value	Q2574750	1	1
qid	statement_value	Q2574811	1	1
qid	statement_value	Q25756	1	1
qid	statement_value	Q2576859	1	1
qid	statement_value	Q2578218	1	1
qid	statement_value	Q2578402	1	1
qid	statement_value	Q257863	1	1
qid	statement_value	Q258	3	3
qid	statement_value	Q258081	1	1
qid	statement_value	Q2583399	1	1
qid	statement_value	Q2583618	1	1
qid	statement_value	Q2583685	1	1
qid	statement_value	Q258394	1	1
qid	statement_value	Q2583942	1	1
qid	statement_value	Q2584339	1	1
qid	statement_value	Q2585006	1	1
qid	statement_value	Q2585625	1	1
qid	statement_value	Q2585693	1	1
qid	statement_value	Q25858158	1	1
qid	statement_value	Q258588	1	1
qid	statement_value	Q2585955	1	1
qid	statement_value	Q2586008	1	1
qid	statement_value	Q2588074	1	1
qid	statement_value	Q258896	1	1
qid	statement_value	Q258914	1	1
qid	statement_value	Q2589157	1	1
qid	statement_value	Q25894	1	1
qid	statement_value	Q259059	1	1
qid	statement_value	Q25907674	1	1
qid	statement_value	Q2592476	1	1
qid	statement_value	Q2594068	3	3
qid	statement_value	Q2594083	1	1
qid	statement_value	Q2594128	1	1
qid	statement_value	Q259432	1	1
qid	statement_value	Q25956	2	2
qid	statement_value	Q2596222	1	1
qid	statement_value	Q259642	2	2
qid	statement_value	Q2596569	1	1
qid	statement_value	Q2596994	1	1
qid	statement_value	Q259745	1	1
qid	statement_value	Q25984	1	1
qid	statement_value	Q259854	1	1
qid	statement_value	Q25998453	1	1
qid	statement_value	Q25999	1	1
qid	statement_value	Q26	1	1
qid	statement_value	Q2600526	1	1
qid	statement_value	Q26018	1	1
qid	statement_value	Q260417	1	1
qid	statement_value	Q26046	1	1
qid	statement_value	Q2604618	1	1
qid	statement_value	Q2604680	1	1
qid	statement_value	Q260521	1	1
qid	statement_value	Q260607	1	1
qid	statement_value	Q2606511	2	2
qid	statement_value	Q260676	1	1
qid	statement_value	Q260732	1	1
qid	statement_value	Q2608165	1	1
qid	statement_value	Q2608176	1	1
qid	statement_value	Q26084	1	1
qid	statement_value	Q260899	1	1
qid	statement_value	Q26106	1	1
qid	statement_value	Q261363	1	1
qid	statement_value	Q2613738	1	1
qid	statement_value	Q261387	1	1
qid	statement_value	Q261428	1	1
qid	statement_value	Q261485	1	1
qid	statement_value	Q2616305	2	2
qid	statement_value	Q261636	1	1
qid	statement_value	Q2618461	1	1
qid	statement_value	Q2619032	1	1
qid	statement_value	Q262	3	3
qid	statement_value	Q262046	1	1
qid	statement_value	Q26209	1	1
qid	statement_value	Q2621157	1	1
qid	statement_value	Q26213387	1	1
qid	statement_value	Q262246	1	1
qid	statement_value	Q2622721	1	1
qid	statement_value	Q262336	1	1
qid	statement_value	Q26233777	1	1
qid	statement_value	Q26237579	1	1
qid	statement_value	Q2625603	1	1
qid	statement_value	Q26256310	1	1
qid	statement_value	Q26256352	1	1
qid	statement_value	Q26256810	4	4
qid	statement_value	Q26262125	1	1
qid	statement_value	Q2626600	1	1
qid	statement_value	Q26271645	1	1
qid	statement_value	Q26271743	1	1
qid	statement_value	Q26271964	1	1
qid	statement_value	Q2627975	1	1
qid	statement_value	Q26283	1	1
qid	statement_value	Q2628582	1	1
qid	statement_value	Q262959	1	1
qid	statement_value	Q263	1	1
qid	statement_value	Q263057	1	1
qid	statement_value	Q2630687	1	1
qid	statement_value	Q263203	1	1
qid	statement_value	Q2632669	1	1
qid	statement_value	Q26329975	1	1
qid	statement_value	Q26337	1	1
qid	statement_value	Q2633778	1	1
qid	statement_value	Q2634	1	1
qid	statement_value	Q263421	1	1
qid	statement_value	Q263478	1	1
qid	statement_value	Q26349	1	1
qid	statement_value	Q2635894	1	1
qid	statement_value	Q2636162	1	1
qid	statement_value	Q263661	1	1
qid	statement_value	Q2637515	1	1
qid	statement_value	Q26377	1	1
qid	statement_value	Q2637814	1	1
qid	statement_value	Q26382	1	1
qid	statement_value	Q263873	1	1
qid	statement_value	Q26388	1	1
qid	statement_value	Q263948	1	1
qid	statement_value	Q26401	1	1
qid	statement_value	Q2640207	1	1
qid	statement_value	Q2640574	1	1
qid	statement_value	Q2640827	2	2
qid	statement_value	Q2641256	1	1
qid	statement_value	Q2642214	1	1
qid	statement_value	Q264231	1	1
qid	statement_value	Q2642727	1	1
qid	statement_value	Q2642826	1	1
qid	statement_value	Q2643280	1	1
qid	statement_value	Q2643890	2	2
qid	statement_value	Q264441	1	1
qid	statement_value	Q2646372	1	1
qid	statement_value	Q264661	2	2
qid	statement_value	Q2647254	1	1
qid	statement_value	Q2647488	4	4
qid	statement_value	Q2648051	1	1
qid	statement_value	Q264922	1	1
qid	statement_value	Q265	3	3
qid	statement_value	Q26529	2	2
qid	statement_value	Q26533	1	1
qid	statement_value	Q2653450	1	1
qid	statement_value	Q26540	3	3
qid	statement_value	Q26545	1	1
qid	statement_value	Q2656	1	1
qid	statement_value	Q2656762	1	1
qid	statement_value	Q2656967	1	1
qid	statement_value	Q26578	1	1
qid	statement_value	Q2658561	1	1
qid	statement_value	Q265868	1	1
qid	statement_value	Q265878	1	1
qid	statement_value	Q2659217	1	1
qid	statement_value	Q26600	1	1
qid	statement_value	Q2660205	1	1
qid	statement_value	Q26617	1	1
qid	statement_value	Q26626	1	1
qid	statement_value	Q2662870	1	1
qid	statement_value	Q2663273	3	3
qid	statement_value	Q2663692	1	1
qid	statement_value	Q2663712	1	1
qid	statement_value	Q266564	1	1
qid	statement_value	Q26663	1	1
qid	statement_value	Q266675	1	1
qid	statement_value	Q2666904	1	1
qid	statement_value	Q2667413	1	1
qid	statement_value	Q2668072	1	1
qid	statement_value	Q26686	1	1
qid	statement_value	Q26697254	2	2
qid	statement_value	Q2670311	1	1
qid	statement_value	Q26703203	1	1
qid	statement_value	Q26707610	1	1
qid	statement_value	Q2672163	1	1
qid	statement_value	Q26726	1	1
qid	statement_value	Q267290	1	1
qid	statement_value	Q267298	1	1
qid	statement_value	Q26736	1	1
qid	statement_value	Q2674774	1	1
qid	statement_value	Q267497	2	2
qid	statement_value	Q267505	2	2
qid	statement_value	Q2675537	1	1
qid	statement_value	Q2675801	24	24
qid	statement_value	Q267628	1	1
qid	statement_value	Q26766731	1	1
qid	statement_value	Q26772372	1	1
qid	statement_value	Q26772977	1	1
qid	statement_value	Q267734	1	1
qid	statement_value	Q2678338	1	1
qid	statement_value	Q267917	1	1
qid	statement_value	Q268082	2	2
qid	statement_value	Q268190	1	1
qid	statement_value	Q26823384	1	1
qid	statement_value	Q268292	1	1
qid	statement_value	Q2683596	1	1
qid	statement_value	Q26836219	1	1
qid	statement_value	Q268378	2	2
qid	statement_value	Q2684232	1	1
qid	statement_value	Q26843	1	1
qid	statement_value	Q26844	1	1
qid	statement_value	Q2684591	1	1
qid	statement_value	Q268547	2	2
qid	statement_value	Q268592	1	1
qid	statement_value	Q2686051	1	1
qid	statement_value	Q268617	1	1
qid	statement_value	Q268626	1	1
qid	statement_value	Q26868	1	1
qid	statement_value	Q26876993	1	1
qid	statement_value	Q26877750	1	1
qid	statement_value	Q26877759	1	1
qid	statement_value	Q26879661	1	1
qid	statement_value	Q26882416	1	1
qid	statement_value	Q26882588	1	1
qid	statement_value	Q26897126	1	1
qid	statement_value	Q26897133	1	1
qid	statement_value	Q26899	2	2
qid	statement_value	Q269	1	1
qid	statement_value	Q26911	1	1
qid	statement_value	Q26913	1	1
qid	statement_value	Q2691471	1	1
qid	statement_value	Q2691798	1	1
qid	statement_value	Q2691960	1	1
qid	statement_value	Q269345	1	1
qid	statement_value	Q26944966	1	1
qid	statement_value	Q2695280	1	1
qid	statement_value	Q269568	1	1
qid	statement_value	Q26965868	1	1
qid	statement_value	Q2697537	1	1
qid	statement_value	Q269770	1	1
qid	statement_value	Q2697787	1	1
qid	statement_value	Q2698746	2	2
qid	statement_value	Q26988	1	1
qid	statement_value	Q2698865	1	1
qid	statement_value	Q269915	1	1
qid	statement_value	Q269949	1	1
qid	statement_value	Q27	3	3
qid	statement_value	Q270	2	2
qid	statement_value	Q270322	1	1
qid	statement_value	Q27033	1	1
qid	statement_value	Q27036528	1	1
qid	statement_value	Q2703710	1	1
qid	statement_value	Q2703920	1	1
qid	statement_value	Q27042858	1	1
qid	statement_value	Q2706	1	1
qid	statement_value	Q2706246	1	1
qid	statement_value	Q27066	1	1
qid	statement_value	Q270748	1	1
qid	statement_value	Q27075785	1	1
qid	statement_value	Q270791	1	1
qid	statement_value	Q2708515	1	1
qid	statement_value	Q2708714	1	1
qid	statement_value	Q270952	1	1
qid	statement_value	Q270997	1	1
qid	statement_value	Q2710737	1	1
qid	statement_value	Q27124	1	1
qid	statement_value	Q2712821	1	1
qid	statement_value	Q2712963	1	1
qid	statement_value	Q2713309	1	1
qid	statement_value	Q27134986	1	1
qid	statement_value	Q27148732	1	1
qid	statement_value	Q2715079	2	2
qid	statement_value	Q271534	1	1
qid	statement_value	Q2715770	1	1
qid	statement_value	Q27160	1	1
qid	statement_value	Q271628	1	1
qid	statement_value	Q27164472	1	1
qid	statement_value	Q27164515	1	1
qid	statement_value	Q2717062	1	1
qid	statement_value	Q271844	1	1
qid	statement_value	Q271855	1	1
qid	statement_value	Q27191	1	1
qid	statement_value	Q2719360	2	2
qid	statement_value	Q2719623	1	1
qid	statement_value	Q272035	1	1
qid	statement_value	Q27206	1	1
qid	statement_value	Q2720909	1	1
qid	statement_value	Q272198	1	1
qid	statement_value	Q272281	1	1
qid	statement_value	Q2722903	1	1
qid	statement_value	Q27231	1	1
qid	statement_value	Q272399	2	2
qid	statement_value	Q2724542	4	4
qid	statement_value	Q2724817	2	2
qid	statement_value	Q2724976	1	1
qid	statement_value	Q272502	1	1
qid	statement_value	Q2725283	1	1
qid	statement_value	Q2727213	4	4
qid	statement_value	Q272735	1	1
qid	statement_value	Q272741	1	1
qid	statement_value	Q27275	1	1
qid	statement_value	Q2728730	1	1
qid	statement_value	Q2729047	1	1
qid	statement_value	Q272921	1	1
qid	statement_value	Q27293	1	1
qid	statement_value	Q272937	1	1
qid	statement_value	Q273039	1	1
qid	statement_value	Q273062	1	1
qid	statement_value	Q2730732	1	1
qid	statement_value	Q273120	1	1
qid	statement_value	Q2731253	1	1
qid	statement_value	Q27318	1	1
qid	statement_value	Q273193	1	1
qid	statement_value	Q27336	1	1
qid	statement_value	Q2733626	1	1
qid	statement_value	Q273404	1	1
qid	statement_value	Q2734068	1	1
qid	statement_value	Q273426	2	2
qid	statement_value	Q27349	2	2
qid	statement_value	Q273499	1	1
qid	statement_value	Q273508	1	1
qid	statement_value	Q273543	1	1
qid	statement_value	Q27355	1	1
qid	statement_value	Q273554	1	1
qid	statement_value	Q2735883	1	1
qid	statement_value	Q2736	9	9
qid	statement_value	Q273610	1	1
qid	statement_value	Q2736146	1	1
qid	statement_value	Q273623	1	1
qid	statement_value	Q2736610	1	1
qid	statement_value	Q2736850	1	1
qid	statement_value	Q2736989	1	1
qid	statement_value	Q2737008	1	1
qid	statement_value	Q2737173	1	1
qid	statement_value	Q2737347	1	1
qid	statement_value	Q2737721	1	1
qid	statement_value	Q273831	1	1
qid	statement_value	Q2738581	1	1
qid	statement_value	Q27386778	1	1
qid	statement_value	Q273976	1	1
qid	statement_value	Q27407	1	1
qid	statement_value	Q274079	1	1
qid	statement_value	Q2741056	1	1
qid	statement_value	Q274153	1	1
qid	statement_value	Q2742	1	1
qid	statement_value	Q2742711	1	1
qid	statement_value	Q2742804	1	1
qid	statement_value	Q2743	1	1
qid	statement_value	Q27431229	1	1
qid	statement_value	Q27433	1	1
qid	statement_value	Q274393	1	1
qid	statement_value	Q27449	1	1
qid	statement_value	Q274586	1	1
qid	statement_value	Q2746643	1	1
qid	statement_value	Q27468	1	1
qid	statement_value	Q2747456	2	2
qid	statement_value	Q274782	1	1
qid	statement_value	Q27479	1	1
qid	statement_value	Q2749	2	2
qid	statement_value	Q27493	1	1
qid	statement_value	Q27496	1	1
qid	statement_value	Q275068	1	1
qid	statement_value	Q27508090	1	1
qid	statement_value	Q27509	1	1
qid	statement_value	Q2751034	1	1
qid	statement_value	Q275186	1	1
qid	statement_value	Q27522900	1	1
qid	statement_value	Q27529133	1	1
qid	statement_value	Q27532	1	1
qid	statement_value	Q275447	1	1
qid	statement_value	Q275450	2	2
qid	statement_value	Q2754860	1	1
qid	statement_value	Q2755127	1	1
qid	statement_value	Q27556165	1	1
qid	statement_value	Q275620	1	1
qid	statement_value	Q27581330	1	1
qid	statement_value	Q27611	1	1
qid	statement_value	Q276173	1	1
qid	statement_value	Q276258	1	1
qid	statement_value	Q276276	2	2
qid	statement_value	Q2763	3	3
qid	statement_value	Q2763698	1	1
qid	statement_value	Q276572	1	1
qid	statement_value	Q2766	1	1
qid	statement_value	Q27673	1	1
qid	statement_value	Q27686	2	2
qid	statement_value	Q27688451	1	1
qid	statement_value	Q27688832	1	1
qid	statement_value	Q2773	1	1
qid	statement_value	Q277312	1	1
qid	statement_value	Q2775236	1	1
qid	statement_value	Q2775569	2	2
qid	statement_value	Q277569	1	1
qid	statement_value	Q277628	1	1
qid	statement_value	Q277759	1	1
qid	statement_value	Q277793	2	2
qid	statement_value	Q277855	1	1
qid	statement_value	Q277964	1	1
qid	statement_value	Q278061	1	1
qid	statement_value	Q278141	1	1
qid	statement_value	Q278221	1	1
qid	statement_value	Q278222	1	1
qid	statement_value	Q278364	1	1
qid	statement_value	Q278447	2	2
qid	statement_value	Q278485	1	1
qid	statement_value	Q278568	1	1
qid	statement_value	Q2786172	1	1
qid	statement_value	Q2787508	1	1
qid	statement_value	Q278781	1	1
qid	statement_value	Q27885082	2	2
qid	statement_value	Q2788578	1	1
qid	statement_value	Q27897611	1	1
qid	statement_value	Q2790396	1	1
qid	statement_value	Q27908081	1	1
qid	statement_value	Q27911	1	1
qid	statement_value	Q27921377	1	1
qid	statement_value	Q27922104	1	1
qid	statement_value	Q279239	1	1
qid	statement_value	Q279264	1	1
qid	statement_value	Q27926411	1	1
qid	statement_value	Q2792936	1	1
qid	statement_value	Q2793400	1	1
qid	statement_value	Q2793701	1	1
qid	statement_value	Q27939	2	2
qid	statement_value	Q27948	1	1
qid	statement_value	Q2794937	1	1
qid	statement_value	Q2795	1	1
qid	statement_value	Q279520	1	1
qid	statement_value	Q279532	3	3
qid	statement_value	Q2795791	1	1
qid	statement_value	Q2795949	1	1
qid	statement_value	Q27965041	1	1
qid	statement_value	Q2796766	1	1
qid	statement_value	Q27968	1	1
qid	statement_value	Q27970162	1	1
qid	statement_value	Q2797206	1	1
qid	statement_value	Q27987326	1	1
qid	statement_value	Q2798820	1	1
qid	statement_value	Q279926	1	1
qid	statement_value	Q27996264	1	1
qid	statement_value	Q27996460	1	1
qid	statement_value	Q27996466	1	1
qid	statement_value	Q28	3	3
qid	statement_value	Q28006713	1	1
qid	statement_value	Q28008277	1	1
qid	statement_value	Q28008286	1	1
qid	statement_value	Q28008314	1	1
qid	statement_value	Q28009010	1	1
qid	statement_value	Q2801632	1	1
qid	statement_value	Q2801657	1	1
qid	statement_value	Q280167	1	1
qid	statement_value	Q280221	1	1
qid	statement_value	Q280354	1	1
qid	statement_value	Q28051323	1	1
qid	statement_value	Q28060830	1	1
qid	statement_value	Q28065039	1	1
qid	statement_value	Q2807	1	1
qid	statement_value	Q280783	1	1
qid	statement_value	Q280818	1	1
qid	statement_value	Q28086552	1	1
qid	statement_value	Q2809148	1	1
qid	statement_value	Q2811	1	1
qid	statement_value	Q281124	1	1
qid	statement_value	Q28113351	1	1
qid	statement_value	Q28125149	1	1
qid	statement_value	Q28125151	1	1
qid	statement_value	Q28125155	1	1
qid	statement_value	Q28136886	1	1
qid	statement_value	Q281473	1	1
qid	statement_value	Q2814783	1	1
qid	statement_value	Q28150963	1	1
qid	statement_value	Q281524	1	1
qid	statement_value	Q2815948	1	1
qid	statement_value	Q281644	1	1
qid	statement_value	Q28165	1	1
qid	statement_value	Q281678	1	1
qid	statement_value	Q281721	1	1
qid	statement_value	Q281954	1	1
qid	statement_value	Q282	2	2
qid	statement_value	Q282031	1	1
qid	statement_value	Q282049	1	1
qid	statement_value	Q282113	1	1
qid	statement_value	Q28244	1	1
qid	statement_value	Q2824523	1	1
qid	statement_value	Q28257	1	1
qid	statement_value	Q2827269	1	1
qid	statement_value	Q2827871	2	2
qid	statement_value	Q2828885	1	1
qid	statement_value	Q282939	1	1
qid	statement_value	Q28298	1	1
qid	statement_value	Q283	1	1
qid	statement_value	Q2830455	1	1
qid	statement_value	Q283102	1	1
qid	statement_value	Q28319	1	1
qid	statement_value	Q2833	2	2
qid	statement_value	Q28337	1	1
qid	statement_value	Q28341938	1	1
qid	statement_value	Q283509	1	1
qid	statement_value	Q28352	1	1
qid	statement_value	Q283695	1	1
qid	statement_value	Q283741	1	1
qid	statement_value	Q28374376	1	1
qid	statement_value	Q283749	1	1
qid	statement_value	Q2837942	2	2
qid	statement_value	Q283874	1	1
qid	statement_value	Q283880	1	1
qid	statement_value	Q283887	1	1
qid	statement_value	Q28389	1	1
qid	statement_value	Q283895	1	1
qid	statement_value	Q28390	2	2
qid	statement_value	Q2839009	1	1
qid	statement_value	Q283903	1	1
qid	statement_value	Q283910	1	1
qid	statement_value	Q2840	1	1
qid	statement_value	Q284039	1	1
qid	statement_value	Q28418670	1	1
qid	statement_value	Q284220	1	1
qid	statement_value	Q28425	1	1
qid	statement_value	Q284256	1	1
qid	statement_value	Q2842787	1	1
qid	statement_value	Q2843	1	1
qid	statement_value	Q2845593	1	1
qid	statement_value	Q28469887	1	1
qid	statement_value	Q28472	2	2
qid	statement_value	Q284885	1	1
qid	statement_value	Q285042	1	1
qid	statement_value	Q28510	2	2
qid	statement_value	Q28513	1	1
qid	statement_value	Q28524	1	1
qid	statement_value	Q2854916	1	1
qid	statement_value	Q2855494	1	1
qid	statement_value	Q2857311	1	1
qid	statement_value	Q28575	1	1
qid	statement_value	Q2857578	3	3
qid	statement_value	Q28578	2	2
qid	statement_value	Q285879	1	1
qid	statement_value	Q286	1	1
qid	statement_value	Q28602	1	1
qid	statement_value	Q286020	1	1
qid	statement_value	Q2861	2	2
qid	statement_value	Q2864	1	1
qid	statement_value	Q28640	1	1
qid	statement_value	Q2865	1	1
qid	statement_value	Q2865819	1	1
qid	statement_value	Q2866250	1	1
qid	statement_value	Q2867027	1	1
qid	statement_value	Q286840	1	1
qid	statement_value	Q28692	1	1
qid	statement_value	Q28692585	2	2
qid	statement_value	Q28692710	1	1
qid	statement_value	Q28693	2	2
qid	statement_value	Q287	1	1
qid	statement_value	Q287215	1	1
qid	statement_value	Q2872553	2	2
qid	statement_value	Q287260	3	3
qid	statement_value	Q2873500	1	1
qid	statement_value	Q28739958	1	1
qid	statement_value	Q2874402	1	1
qid	statement_value	Q28748109	1	1
qid	statement_value	Q28754054	2	2
qid	statement_value	Q2878182	1	1
qid	statement_value	Q287903	1	1
qid	statement_value	Q28791005	1	1
qid	statement_value	Q28791203	1	1
qid	statement_value	Q28802005	1	1
qid	statement_value	Q28803	4	4
qid	statement_value	Q28813	2	2
qid	statement_value	Q2881341	1	1
qid	statement_value	Q28820001	1	1
qid	statement_value	Q28823	3	3
qid	statement_value	Q28833099	7	7
qid	statement_value	Q28837	6	6
qid	statement_value	Q288401	1	1
qid	statement_value	Q28843555	1	1
qid	statement_value	Q2884546	1	1
qid	statement_value	Q288510	1	1
qid	statement_value	Q2885646	1	1
qid	statement_value	Q2886413	1	1
qid	statement_value	Q28869365	1	1
qid	statement_value	Q28870512	1	1
qid	statement_value	Q288728	5	5
qid	statement_value	Q2887356	1	1
qid	statement_value	Q28877	1	1
qid	statement_value	Q288928	1	1
qid	statement_value	Q289	1	1
qid	statement_value	Q289005	1	1
qid	statement_value	Q28916711	1	1
qid	statement_value	Q28922	1	1
qid	statement_value	Q28933489	1	1
qid	statement_value	Q28942	1	1
qid	statement_value	Q28942722	1	1
qid	statement_value	Q2894303	1	1
qid	statement_value	Q28945432	1	1
qid	statement_value	Q289612	1	1
qid	statement_value	Q28966302	1	1
qid	statement_value	Q28968511	1	1
qid	statement_value	Q2897058	1	1
qid	statement_value	Q28973077	1	1
qid	statement_value	Q2897866	1	1
qid	statement_value	Q28989	2	2
qid	statement_value	Q29	3	3
qid	statement_value	Q290	2	2
qid	statement_value	Q2900348	1	1
qid	statement_value	Q29017603	1	1
qid	statement_value	Q290178	1	1
qid	statement_value	Q2902462	1	1
qid	statement_value	Q29042997	1	1
qid	statement_value	Q2904868	1	1
qid	statement_value	Q29051769	1	1
qid	statement_value	Q29052406	1	1
qid	statement_value	Q29053585	1	1
qid	statement_value	Q29053744	2	2
qid	statement_value	Q29053853	1	1
qid	statement_value	Q290562	1	1
qid	statement_value	Q290669	1	1
qid	statement_value	Q2906862	1	1
qid	statement_value	Q2906904	1	1
qid	statement_value	Q290691	3	3
qid	statement_value	Q290702	1	1
qid	statement_value	Q2908004	1	1
qid	statement_value	Q290805	1	1
qid	statement_value	Q29099	1	1
qid	statement_value	Q291	1	1
qid	statement_value	Q2910	1	1
qid	statement_value	Q291099	1	1
qid	statement_value	Q291177	2	2
qid	statement_value	Q2912517	1	1
qid	statement_value	Q29137	1	1
qid	statement_value	Q29142	1	1
qid	statement_value	Q2914212	1	1
qid	statement_value	Q2914427	1	1
qid	statement_value	Q2914621	1	1
qid	statement_value	Q2915	1	1
qid	statement_value	Q2915329	1	1
qid	statement_value	Q2915731	1	1
qid	statement_value	Q2916202	2	2
qid	statement_value	Q2917928	1	1
qid	statement_value	Q2918061	1	1
qid	statement_value	Q29182	1	1
qid	statement_value	Q29182003	1	1
qid	statement_value	Q2918584	3	3
qid	statement_value	Q2919046	2	2
qid	statement_value	Q2919270	1	1
qid	statement_value	Q2920422	1	1
qid	statement_value	Q2920572	1	1
qid	statement_value	Q2920644	1	1
qid	statement_value	Q2920921	1	1
qid	statement_value	Q2920963	1	1
qid	statement_value	Q29214	1	1
qid	statement_value	Q29221	1	1
qid	statement_value	Q2923673	2	2
qid	statement_value	Q292691	1	1
qid	statement_value	Q2927074	1	1
qid	statement_value	Q292927	1	1
qid	statement_value	Q2929800	2	2
qid	statement_value	Q293000	1	1
qid	statement_value	Q29310412	2	2
qid	statement_value	Q29314872	1	1
qid	statement_value	Q2934	2	2
qid	statement_value	Q2935	2	2
qid	statement_value	Q29353484	2	2
qid	statement_value	Q2936	2	2
qid	statement_value	Q2936043	1	1
qid	statement_value	Q2937807	1	1
qid	statement_value	Q294	1	1
qid	statement_value	Q2941309	1	1
qid	statement_value	Q29428373	1	1
qid	statement_value	Q294362	1	1
qid	statement_value	Q2945560	1	1
qid	statement_value	Q29457028	2	2
qid	statement_value	Q2946681	1	1
qid	statement_value	Q29472543	2	2
qid	statement_value	Q29473501	1	1
qid	statement_value	Q29476	1	1
qid	statement_value	Q29479539	1	1
qid	statement_value	Q2948144	1	1
qid	statement_value	Q29485	1	1
qid	statement_value	Q29486521	1	1
qid	statement_value	Q2948691	1	1
qid	statement_value	Q2949123	1	1
qid	statement_value	Q29509080	1	1
qid	statement_value	Q29514218	1	1
qid	statement_value	Q29514839	1	1
qid	statement_value	Q29520	2	2
qid	statement_value	Q29526	1	1
qid	statement_value	Q29529886	1	1
qid	statement_value	Q29539	1	1
qid	statement_value	Q29548	1	1
qid	statement_value	Q29553	1	1
qid	statement_value	Q2956685	1	1
qid	statement_value	Q29572385	1	1
qid	statement_value	Q295822	2	2
qid	statement_value	Q29584728	1	1
qid	statement_value	Q295865	1	1
qid	statement_value	Q29596700	1	1
qid	statement_value	Q29598000	1	1
qid	statement_value	Q2961479	1	1
qid	statement_value	Q2961580	2	2
qid	statement_value	Q2961975	1	1
qid	statement_value	Q2962041	1	1
qid	statement_value	Q29627	1	1
qid	statement_value	Q29643	2	2
qid	statement_value	Q29653	1	1
qid	statement_value	Q2966	2	2
qid	statement_value	Q296859	1	1
qid	statement_value	Q29688905	1	1
qid	statement_value	Q296955	1	1
qid	statement_value	Q297055	1	1
qid	statement_value	Q2972841	1	1
qid	statement_value	Q2973	1	1
qid	statement_value	Q2975633	1	1
qid	statement_value	Q2977	1	1
qid	statement_value	Q2978	1	1
qid	statement_value	Q2979	1	1
qid	statement_value	Q2979031	5	5
qid	statement_value	Q298	1	1
qid	statement_value	Q29818913	1	1
qid	statement_value	Q2981904	1	1
qid	statement_value	Q2982547	1	1
qid	statement_value	Q29838881	1	1
qid	statement_value	Q2983893	1	1
qid	statement_value	Q2984138	1	1
qid	statement_value	Q2985084	1	1
qid	statement_value	Q29863201	1	1
qid	statement_value	Q2986369	1	1
qid	statement_value	Q29876	1	1
qid	statement_value	Q29882054	1	1
qid	statement_value	Q29884806	1	1
qid	statement_value	Q2989380	1	1
qid	statement_value	Q2991177	1	1
qid	statement_value	Q2992308	1	1
qid	statement_value	Q2992372	1	1
qid	statement_value	Q29924639	1	1
qid	statement_value	Q29933786	1	1
qid	statement_value	Q2994387	1	1
qid	statement_value	Q2995529	3	3
qid	statement_value	Q29955851	3	3
qid	statement_value	Q2995644	1	1
qid	statement_value	Q29957	1	1
qid	statement_value	Q2996400	1	1
qid	statement_value	Q29966545	1	1
qid	statement_value	Q2997043	1	1
qid	statement_value	Q2997126	1	1
qid	statement_value	Q2999	1	1
qid	statement_value	Q3	1	1
qid	statement_value	Q30	5	5
qid	statement_value	Q30002353	2	2
qid	statement_value	Q3001277	1	1
qid	statement_value	Q3001412	1	1
qid	statement_value	Q30014638	1	1
qid	statement_value	Q3001592	1	1
qid	statement_value	Q30017	2	2
qid	statement_value	Q3001723	1	1
qid	statement_value	Q3002092	1	1
qid	statement_value	Q30022	1	1
qid	statement_value	Q30024	1	1
qid	statement_value	Q30026	1	1
qid	statement_value	Q3003153	1	1
qid	statement_value	Q30034	1	1
qid	statement_value	Q3003861	1	1
qid	statement_value	Q3004	1	1
qid	statement_value	Q300472	1	1
qid	statement_value	Q30056	1	1
qid	statement_value	Q3006816	1	1
qid	statement_value	Q3007386	1	1
qid	statement_value	Q300892	1	1
qid	statement_value	Q30089794	1	1
qid	statement_value	Q30090244	1	1
qid	statement_value	Q300942	1	1
qid	statement_value	Q300959	1	1
qid	statement_value	Q30097	1	1
qid	statement_value	Q3010	1	1
qid	statement_value	Q30103	1	1
qid	statement_value	Q3012	1	1
qid	statement_value	Q30121	3	3
qid	statement_value	Q3012659	1	1
qid	statement_value	Q3012665	1	1
qid	statement_value	Q3012667	1	1
qid	statement_value	Q301657	1	1
qid	statement_value	Q30178	1	1
qid	statement_value	Q30185	4	4
qid	statement_value	Q301897	2	2
qid	statement_value	Q30197	1	1
qid	statement_value	Q30198	1	1
qid	statement_value	Q3020602	1	1
qid	statement_value	Q30219	1	1
qid	statement_value	Q302497	1	1
qid	statement_value	Q30258	1	1
qid	statement_value	Q30263	1	1
qid	statement_value	Q3026325	1	1
qid	statement_value	Q30277550	1	1
qid	statement_value	Q302780	1	1
qid	statement_value	Q30295815	1	1
qid	statement_value	Q30301727	1	1
qid	statement_value	Q3030248	1	1
qid	statement_value	Q30309605	1	1
qid	statement_value	Q3031	8	8
qid	statement_value	Q30322502	1	1
qid	statement_value	Q3032333	1	1
qid	statement_value	Q30323956	2	2
qid	statement_value	Q3032536	1	1
qid	statement_value	Q3032559	1	1
qid	statement_value	Q3033	1	1
qid	statement_value	Q3033123	1	1
qid	statement_value	Q30347736	1	1
qid	statement_value	Q303486	1	1
qid	statement_value	Q3035707	1	1
qid	statement_value	Q3037	1	1
qid	statement_value	Q303790	1	1
qid	statement_value	Q3042	1	1
qid	statement_value	Q3044808	1	1
qid	statement_value	Q30461	2	2
qid	statement_value	Q3046146	1	1
qid	statement_value	Q3046670	1	1
qid	statement_value	Q304673	1	1
qid	statement_value	Q305012	1	1
qid	statement_value	Q305026	1	1
qid	statement_value	Q30504649	1	1
qid	statement_value	Q305083	1	1
qid	statement_value	Q30513971	1	1
qid	statement_value	Q30515	1	1
qid	statement_value	Q305186	1	1
qid	statement_value	Q3052382	1	1
qid	statement_value	Q3053334	8	8
qid	statement_value	Q3053337	7	7
qid	statement_value	Q3053970	2	2
qid	statement_value	Q3055126	2	2
qid	statement_value	Q3055155	1	1
qid	statement_value	Q3055347	1	1
qid	statement_value	Q3055388	1	1
qid	statement_value	Q3059014	1	1
qid	statement_value	Q3059502	1	1
qid	statement_value	Q3059530	1	1
qid	statement_value	Q306093	1	1
qid	statement_value	Q3064117	1	1
qid	statement_value	Q306602	1	1
qid	statement_value	Q30682903	1	1
qid	statement_value	Q306845	1	1
qid	statement_value	Q306919	1	1
qid	statement_value	Q3069732	1	1
qid	statement_value	Q3070	1	1
qid	statement_value	Q3071551	1	1
qid	statement_value	Q3071680	1	1
qid	statement_value	Q3073047	1	1
qid	statement_value	Q30740797	1	1
qid	statement_value	Q3075	1	1
qid	statement_value	Q3075052	1	1
qid	statement_value	Q3075310	1	1
qid	statement_value	Q30753300	1	1
qid	statement_value	Q307732	1	1
qid	statement_value	Q3077464	1	1
qid	statement_value	Q308	1	1
qid	statement_value	Q3080526	1	1
qid	statement_value	Q308194	2	2
qid	statement_value	Q308229	1	1
qid	statement_value	Q3082509	1	1
qid	statement_value	Q30849	1	1
qid	statement_value	Q308678	1	1
qid	statement_value	Q308841	1	1
qid	statement_value	Q308859	1	1
qid	statement_value	Q308881	1	1
qid	statement_value	Q3089784	1	1
qid	statement_value	Q309	4	4
qid	statement_value	Q30903	1	1
qid	statement_value	Q309100	1	1
qid	statement_value	Q3091956	1	1
qid	statement_value	Q309217	1	1
qid	statement_value	Q309250	1	1
qid	statement_value	Q309314	1	1
qid	statement_value	Q309383	1	1
qid	statement_value	Q3094766	1	1
qid	statement_value	Q3095365	1	1
qid	statement_value	Q30971	1	1
qid	statement_value	Q3099723	1	1
qid	statement_value	Q309994	1	1
qid	statement_value	Q31	4	4
qid	statement_value	Q3100180	1	1
qid	statement_value	Q310229	2	2
qid	statement_value	Q31029	1	1
qid	statement_value	Q3103421	1	1
qid	statement_value	Q3104	1	1
qid	statement_value	Q31063	1	1
qid	statement_value	Q310667	3	3
qid	statement_value	Q31087	1	1
qid	statement_value	Q3108904	1	1
qid	statement_value	Q3109261	42	42
qid	statement_value	Q310957	1	1
qid	statement_value	Q3109696	1	1
qid	statement_value	Q31118	1	1
qid	statement_value	Q3112866	1	1
qid	statement_value	Q311310	1	1
qid	statement_value	Q311448	1	1
qid	statement_value	Q3115353	1	1
qid	statement_value	Q3115521	2	2
qid	statement_value	Q3116510	1	1
qid	statement_value	Q311666	1	1
qid	statement_value	Q31184	2	2
qid	statement_value	Q3118683	1	1
qid	statement_value	Q312016	1	1
qid	statement_value	Q312038	1	1
qid	statement_value	Q3120692	1	1
qid	statement_value	Q31208391	1	1
qid	statement_value	Q312111	1	1
qid	statement_value	Q3121375	1	1
qid	statement_value	Q312468	1	1
qid	statement_value	Q3126	1	1
qid	statement_value	Q3126128	2	2
qid	statement_value	Q31273854	1	1
qid	statement_value	Q3127419	1	1
qid	statement_value	Q3127570	1	1
qid	statement_value	Q3127593	1	1
qid	statement_value	Q3127709	1	1
qid	statement_value	Q313	3	3
qid	statement_value	Q31301317	2	2
qid	statement_value	Q31302964	1	1
qid	statement_value	Q3130638	1	1
qid	statement_value	Q3132	1	1
qid	statement_value	Q3133	2	2
qid	statement_value	Q313301	1	1
qid	statement_value	Q3133368	1	1
qid	statement_value	Q31354462	1	1
qid	statement_value	Q313768	1	1
qid	statement_value	Q3139490	1	1
qid	statement_value	Q314003	1	1
qid	statement_value	Q314024	1	1
qid	statement_value	Q3142	1	1
qid	statement_value	Q3142557	1	1
qid	statement_value	Q31427	2	2
qid	statement_value	Q3142898	1	1
qid	statement_value	Q3143131	1	1
qid	statement_value	Q3144914	1	1
qid	statement_value	Q314576	1	1
qid	statement_value	Q31464082	2	2
qid	statement_value	Q3147441	1	1
qid	statement_value	Q31487	1	1
qid	statement_value	Q315	1	1
qid	statement_value	Q3150	3	3
qid	statement_value	Q3150728	1	1
qid	statement_value	Q3151	1	1
qid	statement_value	Q3151690	1	1
qid	statement_value	Q315247	1	1
qid	statement_value	Q31528	2	2
qid	statement_value	Q3152896	1	1
qid	statement_value	Q3154693	1	1
qid	statement_value	Q3155864	1	1
qid	statement_value	Q31576	1	1
qid	statement_value	Q315796	1	1
qid	statement_value	Q316	3	3
qid	statement_value	Q3160411	1	1
qid	statement_value	Q316182	1	1
qid	statement_value	Q31629	1	1
qid	statement_value	Q31645	1	1
qid	statement_value	Q316561	1	1
qid	statement_value	Q316849	1	1
qid	statement_value	Q31687	1	1
qid	statement_value	Q317	1	1
qid	statement_value	Q31726	1	1
qid	statement_value	Q3172759	1	1
qid	statement_value	Q3174392	1	1
qid	statement_value	Q31749783	1	1
qid	statement_value	Q317557	1	1
qid	statement_value	Q317623	1	1
qid	statement_value	Q3177204	1	1
qid	statement_value	Q3177653	1	1
qid	statement_value	Q3177968	1	1
qid	statement_value	Q317802	1	1
qid	statement_value	Q317857	1	1
qid	statement_value	Q317949	1	1
qid	statement_value	Q31796	1	1
qid	statement_value	Q318	3	3
qid	statement_value	Q3181348	1	1
qid	statement_value	Q31819505	1	1
qid	statement_value	Q3182649	2	2
qid	statement_value	Q318296	1	1
qid	statement_value	Q31837196	1	1
qid	statement_value	Q318375	1	1
qid	statement_value	Q31841949	1	1
qid	statement_value	Q31842002	1	1
qid	statement_value	Q31842042	1	1
qid	statement_value	Q31842223	1	1
qid	statement_value	Q31842648	1	1
qid	statement_value	Q318529	1	1
qid	statement_value	Q31855	1	1
qid	statement_value	Q3187040	1	1
qid	statement_value	Q31883501	1	1
qid	statement_value	Q318862	1	1
qid	statement_value	Q318887	1	1
qid	statement_value	Q318949	1	1
qid	statement_value	Q31895	1	1
qid	statement_value	Q319	1	1
qid	statement_value	Q319004	1	1
qid	statement_value	Q319013	1	1
qid	statement_value	Q319224	2	2
qid	statement_value	Q319226	3	3
qid	statement_value	Q31930755	1	1
qid	statement_value	Q319530	1	1
qid	statement_value	Q319544	1	1
qid	statement_value	Q319582	1	1
qid	statement_value	Q3196	1	1
qid	statement_value	Q319604	1	1
qid	statement_value	Q319608	1	1
qid	statement_value	Q3196196	1	1
qid	statement_value	Q31963	1	1
qid	statement_value	Q319636	1	1
qid	statement_value	Q3196494	1	1
qid	statement_value	Q319676	1	1
qid	statement_value	Q3198	1	1
qid	statement_value	Q319822	1	1
qid	statement_value	Q31983622	1	1
qid	statement_value	Q3198719	1	1
qid	statement_value	Q319899	1	1
qid	statement_value	Q319972	1	1
qid	statement_value	Q31998367	1	1
qid	statement_value	Q3199915	2	2
qid	statement_value	Q32	4	4
qid	statement_value	Q320018	1	1
qid	statement_value	Q3200265	1	1
qid	statement_value	Q320173	1	1
qid	statement_value	Q32043	3	3
qid	statement_value	Q320433	1	1
qid	statement_value	Q320510	1	1
qid	statement_value	Q32055336	1	1
qid	statement_value	Q32055544	1	1
qid	statement_value	Q320599	1	1
qid	statement_value	Q3206	1	1
qid	statement_value	Q32090	1	1
qid	statement_value	Q32099	1	1
qid	statement_value	Q320999	2	2
qid	statement_value	Q321	1	1
qid	statement_value	Q321017	1	1
qid	statement_value	Q321046	1	1
qid	statement_value	Q32133950	1	1
qid	statement_value	Q3214	1	1
qid	statement_value	Q321407	1	1
qid	statement_value	Q3214444	1	1
qid	statement_value	Q32145	1	1
qid	statement_value	Q321495	1	1
qid	statement_value	Q3215756	2	2
qid	statement_value	Q3215980	1	1
qid	statement_value	Q3217327	1	1
qid	statement_value	Q3217573	1	1
qid	statement_value	Q321767	1	1
qid	statement_value	Q32198356	2	2
qid	statement_value	Q32198402	2	2
qid	statement_value	Q322324	1	1
qid	statement_value	Q3223979	1	1
qid	statement_value	Q322447	1	1
qid	statement_value	Q322481	1	1
qid	statement_value	Q322483	1	1
qid	statement_value	Q322563	1	1
qid	statement_value	Q322732	1	1
qid	statement_value	Q322787	2	2
qid	statement_value	Q3228793	1	1
qid	statement_value	Q322898	1	1
qid	statement_value	Q3229	1	1
qid	statement_value	Q322948	2	2
qid	statement_value	Q322996	1	1
qid	statement_value	Q3230	2	2
qid	statement_value	Q3230686	1	1
qid	statement_value	Q323225	1	1
qid	statement_value	Q3235198	1	1
qid	statement_value	Q3235597	1	1
qid	statement_value	Q3235978	1	1
qid	statement_value	Q3236003	1	1
qid	statement_value	Q3237872	1	1
qid	statement_value	Q3238275	1	1
qid	statement_value	Q3238556	1	1
qid	statement_value	Q324	1	1
qid	statement_value	Q3240003	1	1
qid	statement_value	Q3240539	2	2
qid	statement_value	Q3240715	1	1
qid	statement_value	Q3241121	1	1
qid	statement_value	Q3241599	1	1
qid	statement_value	Q3241915	1	1
qid	statement_value	Q3241972	3	3
qid	statement_value	Q3242086	1	1
qid	statement_value	Q3242199	2	2
qid	statement_value	Q324305	1	1
qid	statement_value	Q3243461	1	1
qid	statement_value	Q3244962	1	1
qid	statement_value	Q3246226	2	2
qid	statement_value	Q3246609	1	1
qid	statement_value	Q3247505	1	1
qid	statement_value	Q32489	1	1
qid	statement_value	Q3249551	1	1
qid	statement_value	Q3249808	1	1
qid	statement_value	Q3251291	1	1
qid	statement_value	Q32518	1	1
qid	statement_value	Q325253	1	1
qid	statement_value	Q3253281	5	5
qid	statement_value	Q325358	2	2
qid	statement_value	Q325380	1	1
qid	statement_value	Q3254028	639	639
qid	statement_value	Q3256519	1	1
qid	statement_value	Q32566	1	1
qid	statement_value	Q3257686	1	1
qid	statement_value	Q3257782	1	1
qid	statement_value	Q3257809	1	1
qid	statement_value	Q3258041	1	1
qid	statement_value	Q3258659	1	1
qid	statement_value	Q325872	1	1
qid	statement_value	Q326015	1	1
qid	statement_value	Q326139	1	1
qid	statement_value	Q326259	1	1
qid	statement_value	Q3263397	1	1
qid	statement_value	Q326358	2	2
qid	statement_value	Q326359	1	1
qid	statement_value	Q326426	1	1
qid	statement_value	Q3264451	1	1
qid	statement_value	Q3265221	2	2
qid	statement_value	Q3265222	1	1
qid	statement_value	Q326653	1	1
qid	statement_value	Q3266850	1	1
qid	statement_value	Q326710	1	1
qid	statement_value	Q327005	1	1
qid	statement_value	Q327029	1	1
qid	statement_value	Q327055	1	1
qid	statement_value	Q327065	1	1
qid	statement_value	Q327115	1	1
qid	statement_value	Q3271935	1	1
qid	statement_value	Q3271948	1	1
qid	statement_value	Q327197	1	1
qid	statement_value	Q3272021	1	1
qid	statement_value	Q327209	1	1
qid	statement_value	Q327245	1	1
qid	statement_value	Q327321	1	1
qid	statement_value	Q327333	1	1
qid	statement_value	Q327358	1	1
qid	statement_value	Q327408	1	1
qid	statement_value	Q327496	3	3
qid	statement_value	Q32749678	1	1
qid	statement_value	Q3276175	1	1
qid	statement_value	Q3277394	1	1
qid	statement_value	Q327754	1	1
qid	statement_value	Q3277554	1	1
qid	statement_value	Q3277919	1	1
qid	statement_value	Q32789	1	1
qid	statement_value	Q327911	1	1
qid	statement_value	Q327954	1	1
qid	statement_value	Q327968	1	1
qid	statement_value	Q328092	1	1
qid	statement_value	Q32815	1	1
qid	statement_value	Q3281534	1	1
qid	statement_value	Q328257	1	1
qid	statement_value	Q3282637	1	1
qid	statement_value	Q328325	1	1
qid	statement_value	Q328554	1	1
qid	statement_value	Q328578	1	1
qid	statement_value	Q32859833	1	1
qid	statement_value	Q3286546	1	1
qid	statement_value	Q328703	2	2
qid	statement_value	Q32880	1	1
qid	statement_value	Q328804	1	1
qid	statement_value	Q328835	1	1
qid	statement_value	Q3294006	1	1
qid	statement_value	Q329425	1	1
qid	statement_value	Q329439	1	1
qid	statement_value	Q32945370	1	1
qid	statement_value	Q329525	1	1
qid	statement_value	Q329547	1	1
qid	statement_value	Q3295609	1	1
qid	statement_value	Q329683	1	1
qid	statement_value	Q3297108	1	1
qid	statement_value	Q329737	3	3
qid	statement_value	Q3297652	1	1
qid	statement_value	Q329777	1	1
qid	statement_value	Q3297804	1	1
qid	statement_value	Q329823	1	1
qid	statement_value	Q3299	1	1
qid	statement_value	Q33	4	4
qid	statement_value	Q33005760	1	1
qid	statement_value	Q330104	1	1
qid	statement_value	Q3301455	1	1
qid	statement_value	Q330190	1	1
qid	statement_value	Q330284	2	2
qid	statement_value	Q3303410	1	1
qid	statement_value	Q3303490	1	1
qid	statement_value	Q33036816	1	1
qid	statement_value	Q3305213	3	3
qid	statement_value	Q3306516	1	1
qid	statement_value	Q330679	1	1
qid	statement_value	Q3307942	2	2
qid	statement_value	Q3308569	1	1
qid	statement_value	Q330946	1	1
qid	statement_value	Q3310017	1	1
qid	statement_value	Q331055	5	5
qid	statement_value	Q331065	1	1
qid	statement_value	Q3312129	1	1
qid	statement_value	Q331357	1	1
qid	statement_value	Q331432	1	1
qid	statement_value	Q3314483	2	2
qid	statement_value	Q331472	1	1
qid	statement_value	Q331483	2	2
qid	statement_value	Q331600	1	1
qid	statement_value	Q33163	1	1
qid	statement_value	Q331680	1	1
qid	statement_value	Q3317029	1	1
qid	statement_value	Q331744	2	2
qid	statement_value	Q331769	2	2
qid	statement_value	Q331841	1	1
qid	statement_value	Q332	1	1
qid	statement_value	Q332062	1	1
qid	statement_value	Q3320743	1	1
qid	statement_value	Q33215	1	1
qid	statement_value	Q332171	1	1
qid	statement_value	Q332225	1	1
qid	statement_value	Q332308	1	1
qid	statement_value	Q33231	2	2
qid	statement_value	Q3323634	1	1
qid	statement_value	Q332375	47	47
qid	statement_value	Q33261	1	1
qid	statement_value	Q3326454	2	2
qid	statement_value	Q332734	1	1
qid	statement_value	Q3328263	1	1
qid	statement_value	Q3328821	1	1
qid	statement_value	Q33289	1	1
qid	statement_value	Q332946	1	1
qid	statement_value	Q33295	1	1
qid	statement_value	Q332961	1	1
qid	statement_value	Q332970	3	3
qid	statement_value	Q333	22	22
qid	statement_value	Q333021	1	1
qid	statement_value	Q3330547	1	1
qid	statement_value	Q3331719	1	1
qid	statement_value	Q3332438	1	1
qid	statement_value	Q3334446	1	1
qid	statement_value	Q333482	1	1
qid	statement_value	Q333634	2	2
qid	statement_value	Q3337673	1	1
qid	statement_value	Q33384	1	1
qid	statement_value	Q3338604	1	1
qid	statement_value	Q334	3	3
qid	statement_value	Q3342768	1	1
qid	statement_value	Q3342808	1	1
qid	statement_value	Q334401	1	1
qid	statement_value	Q334453	1	1
qid	statement_value	Q334473	2	2
qid	statement_value	Q334600	1	1
qid	statement_value	Q334637	1	1
qid	statement_value	Q334660	1	1
qid	statement_value	Q334667	1	1
qid	statement_value	Q334747	1	1
qid	statement_value	Q33495	1	1
qid	statement_value	Q335046	1	1
qid	statement_value	Q33506	1	1
qid	statement_value	Q335095	1	1
qid	statement_value	Q335130	1	1
qid	statement_value	Q335132	1	1
qid	statement_value	Q33518579	1	1
qid	statement_value	Q3352472	1	1
qid	statement_value	Q335283	1	1
qid	statement_value	Q335297	1	1
qid	statement_value	Q335320	1	1
qid	statement_value	Q3354532	1	1
qid	statement_value	Q33549	1	1
qid	statement_value	Q3355098	1	1
qid	statement_value	Q3355478	1	1
qid	statement_value	Q33569	2	2
qid	statement_value	Q3356933	1	1
qid	statement_value	Q3357567	1	1
qid	statement_value	Q3358290	1	1
qid	statement_value	Q3359409	1	1
qid	statement_value	Q336	1	1
qid	statement_value	Q33602	1	1
qid	statement_value	Q336059	1	1
qid	statement_value	Q33609	2	2
qid	statement_value	Q336128	5	5
qid	statement_value	Q336191	1	1
qid	statement_value	Q336195	1	1
qid	statement_value	Q336221	1	1
qid	statement_value	Q3362622	1	1
qid	statement_value	Q336267	1	1
qid	statement_value	Q336302	1	1
qid	statement_value	Q336341	1	1
qid	statement_value	Q33638	1	1
qid	statement_value	Q336441	5	5
qid	statement_value	Q336518	1	1
qid	statement_value	Q336532	1	1
qid	statement_value	Q336641	1	1
qid	statement_value	Q33669098	1	1
qid	statement_value	Q3367001	1	1
qid	statement_value	Q336720	1	1
qid	statement_value	Q336727	1	1
qid	statement_value	Q336751	1	1
qid	statement_value	Q336797	1	1
qid	statement_value	Q3368718	2	2
qid	statement_value	Q337060	1	1
qid	statement_value	Q337071	1	1
qid	statement_value	Q337120	1	1
qid	statement_value	Q337344	1	1
qid	statement_value	Q337349	1	1
qid	statement_value	Q33741	2	2
qid	statement_value	Q3374445	1	1
qid	statement_value	Q337481	1	1
qid	statement_value	Q337492	1	1
qid	statement_value	Q33753	1	1
qid	statement_value	Q337540	1	1
qid	statement_value	Q337553	1	1
qid	statement_value	Q3376	2	2
qid	statement_value	Q33767	1	1
qid	statement_value	Q337695	1	1
qid	statement_value	Q337724	1	1
qid	statement_value	Q33785	1	1
qid	statement_value	Q33788	1	1
qid	statement_value	Q33791	1	1
qid	statement_value	Q337968	1	1
qid	statement_value	Q337979	1	1
qid	statement_value	Q338	1	1
qid	statement_value	Q3380760	1	1
qid	statement_value	Q338205	1	1
qid	statement_value	Q338207	1	1
qid	statement_value	Q3382125	1	1
qid	statement_value	Q33823	1	1
qid	statement_value	Q338257	1	1
qid	statement_value	Q33829	1	1
qid	statement_value	Q338337	1	1
qid	statement_value	Q33837	1	1
qid	statement_value	Q338447	1	1
qid	statement_value	Q3385001	1	1
qid	statement_value	Q338754	1	1
qid	statement_value	Q338869	1	1
qid	statement_value	Q339062	1	1
qid	statement_value	Q3391771	2	2
qid	statement_value	Q339180	1	1
qid	statement_value	Q3392	1	1
qid	statement_value	Q339205	1	1
qid	statement_value	Q3393320	1	1
qid	statement_value	Q339401	1	1
qid	statement_value	Q33946	3	3
qid	statement_value	Q3395121	1	1
qid	statement_value	Q339575	1	1
qid	statement_value	Q339616	1	1
qid	statement_value	Q3396758	2	2
qid	statement_value	Q33971	1	1
qid	statement_value	Q3398783	1	1
qid	statement_value	Q3398872	1	1
qid	statement_value	Q3399648	1	1
qid	statement_value	Q33999	2	2
qid	statement_value	Q34	4	4
qid	statement_value	Q3400050	2	2
qid	statement_value	Q3400985	1	1
qid	statement_value	Q34020	1	1
qid	statement_value	Q34023	1	1
qid	statement_value	Q3402519	1	1
qid	statement_value	Q34027	2	2
qid	statement_value	Q3403377	1	1
qid	statement_value	Q34038	1	1
qid	statement_value	Q3406566	1	1
qid	statement_value	Q3406628	1	1
qid	statement_value	Q3407152	1	1
qid	statement_value	Q34074720	1	1
qid	statement_value	Q3407658	2	2
qid	statement_value	Q3407854	1	1
qid	statement_value	Q3409	3	3
qid	statement_value	Q3409033	1	1
qid	statement_value	Q34095	1	1
qid	statement_value	Q3409626	1	1
qid	statement_value	Q3410028	1	1
qid	statement_value	Q341050	1	1
qid	statement_value	Q341102	1	1
qid	statement_value	Q3412448	1	1
qid	statement_value	Q3412616	1	1
qid	statement_value	Q34132	1	1
qid	statement_value	Q341364	1	1
qid	statement_value	Q3414649	1	1
qid	statement_value	Q341600	1	1
qid	statement_value	Q34172	1	1
qid	statement_value	Q3417299	2	2
qid	statement_value	Q34178	2	2
qid	statement_value	Q3418438	1	1
qid	statement_value	Q34187	1	1
qid	statement_value	Q3419242	1	1
qid	statement_value	Q3421342	1	1
qid	statement_value	Q34213438	1	1
qid	statement_value	Q34228	1	1
qid	statement_value	Q34255	1	1
qid	statement_value	Q34271	1	1
qid	statement_value	Q3427922	1	1
qid	statement_value	Q3428776	1	1
qid	statement_value	Q34292	1	1
qid	statement_value	Q342945	1	1
qid	statement_value	Q34302	2	2
qid	statement_value	Q34362	7	7
qid	statement_value	Q34366	1	1
qid	statement_value	Q34374	1	1
qid	statement_value	Q34377356	1	1
qid	statement_value	Q34379	2	2
qid	statement_value	Q34384	1	1
qid	statement_value	Q34396	1	1
qid	statement_value	Q344	1	1
qid	statement_value	Q3441161	1	1
qid	statement_value	Q34439356	2	2
qid	statement_value	Q34442	1	1
qid	statement_value	Q3444710	1	1
qid	statement_value	Q3446398	1	1
qid	statement_value	Q34467	2	2
qid	statement_value	Q3446915	1	1
qid	statement_value	Q34486	2	2
qid	statement_value	Q34493	1	1
qid	statement_value	Q3449901	1	1
qid	statement_value	Q34505	1	1
qid	statement_value	Q345321	1	1
qid	statement_value	Q3454786	1	1
qid	statement_value	Q3455803	1	1
qid	statement_value	Q3455842	2	2
qid	statement_value	Q3457780	1	1
qid	statement_value	Q34581	3	3
qid	statement_value	Q3458196	1	1
qid	statement_value	Q34583	1	1
qid	statement_value	Q345844	1	1
qid	statement_value	Q34627	1	1
qid	statement_value	Q34630090	1	1
qid	statement_value	Q34636	1	1
qid	statement_value	Q3464665	1	1
qid	statement_value	Q34651	1	1
qid	statement_value	Q34679	1	1
qid	statement_value	Q34687	1	1
qid	statement_value	Q34692	1	1
qid	statement_value	Q34698	121	120
qid	statement_value	Q347	4	4
qid	statement_value	Q34706	1	1
qid	statement_value	Q347066	1	1
qid	statement_value	Q34713	1	1
qid	statement_value	Q34718	1	1
qid	statement_value	Q347181	1	1
qid	statement_value	Q34726	1	1
qid	statement_value	Q34735	1	1
qid	statement_value	Q34740	1	1
qid	statement_value	Q34749	2	2
qid	statement_value	Q34754	1	1
qid	statement_value	Q34763	2	2
qid	statement_value	Q347690	1	1
qid	statement_value	Q34770	1	1
qid	statement_value	Q3477381	1	1
qid	statement_value	Q34777	3	3
qid	statement_value	Q3478889	1	1
qid	statement_value	Q3479990	1	1
qid	statement_value	Q3480335	1	1
qid	statement_value	Q3480931	1	1
qid	statement_value	Q3481047	1	1
qid	statement_value	Q34812	1	1
qid	statement_value	Q3482281	1	1
qid	statement_value	Q3482678	1	1
qid	statement_value	Q3485574	1	1
qid	statement_value	Q3486273	1	1
qid	statement_value	Q34876	1	1
qid	statement_value	Q348838	1	1
qid	statement_value	Q34887	1	1
qid	statement_value	Q348958	1	1
qid	statement_value	Q349	19	19
qid	statement_value	Q3490295	1	1
qid	statement_value	Q3491001	1	1
qid	statement_value	Q3492	1	1
qid	statement_value	Q3492152	1	1
qid	statement_value	Q3492227	1	1
qid	statement_value	Q34929	1	1
qid	statement_value	Q3492989	1	1
qid	statement_value	Q3494375	1	1
qid	statement_value	Q34956	1	1
qid	statement_value	Q349582	1	1
qid	statement_value	Q3497449	1	1
qid	statement_value	Q3497563	1	1
qid	statement_value	Q3497659	1	1
qid	statement_value	Q3498975	1	1
qid	statement_value	Q3499072	1	1
qid	statement_value	Q35	3	3
qid	statement_value	Q350	1	1
qid	statement_value	Q3500368	2	2
qid	statement_value	Q350039	1	1
qid	statement_value	Q3500933	1	1
qid	statement_value	Q3501317	1	1
qid	statement_value	Q3501970	1	1
qid	statement_value	Q350205	1	1
qid	statement_value	Q3503	1	1
qid	statement_value	Q35051	1	1
qid	statement_value	Q3505712	1	1
qid	statement_value	Q3505845	1	1
qid	statement_value	Q35059	2	2
qid	statement_value	Q350783	1	1
qid	statement_value	Q3508456	1	1
qid	statement_value	Q3508687	1	1
qid	statement_value	Q350895	1	1
qid	statement_value	Q3509184	1	1
qid	statement_value	Q350945	1	1
qid	statement_value	Q350979	2	2
qid	statement_value	Q35102	1	1
qid	statement_value	Q3510521	1	1
qid	statement_value	Q351113	1	1
qid	statement_value	Q3511132	1	1
qid	statement_value	Q35120	3	3
qid	statement_value	Q351234	1	1
qid	statement_value	Q351258	3	3
qid	statement_value	Q35127	3	3
qid	statement_value	Q3513439	1	1
qid	statement_value	Q35140	1	1
qid	statement_value	Q3515335	1	1
qid	statement_value	Q3516404	1	1
qid	statement_value	Q351668	1	1
qid	statement_value	Q351682	1	1
qid	statement_value	Q3517772	1	1
qid	statement_value	Q3518184	1	1
qid	statement_value	Q3518553	1	1
qid	statement_value	Q3519259	1	1
qid	statement_value	Q3519556	1	1
qid	statement_value	Q35197	1	1
qid	statement_value	Q352045	1	1
qid	statement_value	Q35218	1	1
qid	statement_value	Q3523102	1	1
qid	statement_value	Q3523834	1	1
qid	statement_value	Q352388	1	1
qid	statement_value	Q35245	1	1
qid	statement_value	Q352450	1	1
qid	statement_value	Q352507	2	2
qid	statement_value	Q35255	1	1
qid	statement_value	Q35277	1	1
qid	statement_value	Q352842	2	2
qid	statement_value	Q352917	1	1
qid	statement_value	Q3529597	1	1
qid	statement_value	Q353027	2	2
qid	statement_value	Q353070	1	1
qid	statement_value	Q3532042	1	1
qid	statement_value	Q353240	1	1
qid	statement_value	Q353344	1	1
qid	statement_value	Q353391	1	1
qid	statement_value	Q3535686	1	1
qid	statement_value	Q353673	1	1
qid	statement_value	Q3536928	1	1
qid	statement_value	Q3537732	1	1
qid	statement_value	Q3537778	1	1
qid	statement_value	Q35395	1	1
qid	statement_value	Q3539925	1	1
qid	statement_value	Q354004	1	1
qid	statement_value	Q35409	1	1
qid	statement_value	Q3542	1	1
qid	statement_value	Q354294	1	1
qid	statement_value	Q354341	1	1
qid	statement_value	Q35473	1	1
qid	statement_value	Q354752	1	1
qid	statement_value	Q354916	1	1
qid	statement_value	Q3549180	1	1
qid	statement_value	Q35497	1	1
qid	statement_value	Q355057	1	1
qid	statement_value	Q35509	1	1
qid	statement_value	Q35517	1	1
qid	statement_value	Q35518	1	1
qid	statement_value	Q355198	1	1
qid	statement_value	Q355304	1	1
qid	statement_value	Q35535	2	2
qid	statement_value	Q3554596	1	1
qid	statement_value	Q355505	1	1
qid	statement_value	Q355564	1	1
qid	statement_value	Q3556748	1	1
qid	statement_value	Q355713	1	1
qid	statement_value	Q3559	1	1
qid	statement_value	Q3561	1	1
qid	statement_value	Q3561331	1	1
qid	statement_value	Q35625	1	1
qid	statement_value	Q3562775	4	4
qid	statement_value	Q3564428	1	1
qid	statement_value	Q356651	2	2
qid	statement_value	Q35666	1	1
qid	statement_value	Q356776	1	1
qid	statement_value	Q3568	1	1
qid	statement_value	Q3569	1	1
qid	statement_value	Q356936	1	1
qid	statement_value	Q35694	1	1
qid	statement_value	Q357003	1	1
qid	statement_value	Q35715	1	1
qid	statement_value	Q357186	1	1
qid	statement_value	Q3572	1	1
qid	statement_value	Q35722	1	1
qid	statement_value	Q357380	1	1
qid	statement_value	Q357384	1	1
qid	statement_value	Q35749	1	1
qid	statement_value	Q35758	2	2
qid	statement_value	Q35765	1	1
qid	statement_value	Q357755	1	1
qid	statement_value	Q357765	2	2
qid	statement_value	Q3579035	1	1
qid	statement_value	Q3579073	1	1
qid	statement_value	Q358	1	1
qid	statement_value	Q358042	1	1
qid	statement_value	Q35805	2	2
qid	statement_value	Q358078	1	1
qid	statement_value	Q35808	1	1
qid	statement_value	Q358275	1	1
qid	statement_value	Q35830	1	1
qid	statement_value	Q35831	3	3
qid	statement_value	Q358316	1	1
qid	statement_value	Q35850	2	2
qid	statement_value	Q35852	1	1
qid	statement_value	Q35855	2	2
qid	statement_value	Q35856	2	2
qid	statement_value	Q35865	1	1
qid	statement_value	Q35869	1	1
qid	statement_value	Q35872	1	1
qid	statement_value	Q35874	1	1
qid	statement_value	Q358798	1	1
qid	statement_value	Q3588251	1	1
qid	statement_value	Q3589038	1	1
qid	statement_value	Q358976	1	1
qid	statement_value	Q3590573	1	1
qid	statement_value	Q359309	1	1
qid	statement_value	Q35934	1	1
qid	statement_value	Q359385	1	1
qid	statement_value	Q3596097	1	1
qid	statement_value	Q35970594	1	1
qid	statement_value	Q35986	1	1
qid	statement_value	Q36	3	3
qid	statement_value	Q3603531	3	3
qid	statement_value	Q36036	1	1
qid	statement_value	Q360418	1	1
qid	statement_value	Q36050	1	1
qid	statement_value	Q360593	1	1
qid	statement_value	Q36071	1	1
qid	statement_value	Q360830	1	1
qid	statement_value	Q360925	1	1
qid	statement_value	Q360963	1	1
qid	statement_value	Q361	1	1
qid	statement_value	Q36101	1	1
qid	statement_value	Q36117	1	1
qid	statement_value	Q361309	1	1
qid	statement_value	Q36133	2	2
qid	statement_value	Q36155	1	1
qid	statement_value	Q361578	1	1
qid	statement_value	Q361593	1	1
qid	statement_value	Q36161	1	1
qid	statement_value	Q36180	4	4
qid	statement_value	Q36192	1	1
qid	statement_value	Q3620816	2	2
qid	statement_value	Q362093	1	1
qid	statement_value	Q362104	1	1
qid	statement_value	Q3621186	1	1
qid	statement_value	Q3621199	1	1
qid	statement_value	Q3621307	1	1
qid	statement_value	Q3621491	6	6
qid	statement_value	Q362200	1	1
qid	statement_value	Q36224	2	2
qid	statement_value	Q3623461	1	1
qid	statement_value	Q362347	1	1
qid	statement_value	Q36236	1	1
qid	statement_value	Q36244	10	10
qid	statement_value	Q362482	1	1
qid	statement_value	Q36253	1	1
qid	statement_value	Q362542	1	1
qid	statement_value	Q362788	1	1
qid	statement_value	Q36279	1	1
qid	statement_value	Q3630	1	1
qid	statement_value	Q36341	1	1
qid	statement_value	Q36348	2	2
qid	statement_value	Q36368	1	1
qid	statement_value	Q36396	1	1
qid	statement_value	Q364005	1	1
qid	statement_value	Q36402	1	1
qid	statement_value	Q3640449	1	1
qid	statement_value	Q3641131	1	1
qid	statement_value	Q36422	1	1
qid	statement_value	Q36433	1	1
qid	statement_value	Q36442	3	3
qid	statement_value	Q3644807	1	1
qid	statement_value	Q36465	1	1
qid	statement_value	Q36468	1	1
qid	statement_value	Q364753	1	1
qid	statement_value	Q36477	1	1
qid	statement_value	Q36484	2	2
qid	statement_value	Q3649129	1	1
qid	statement_value	Q3649349	1	1
qid	statement_value	Q36496	1	1
qid	statement_value	Q365	3	3
qid	statement_value	Q36507	1	1
qid	statement_value	Q36510	1	1
qid	statement_value	Q3651083	1	1
qid	statement_value	Q3651087	1	1
qid	statement_value	Q36534	1	1
qid	statement_value	Q36539	2	2
qid	statement_value	Q365461	1	1
qid	statement_value	Q365680	3	3
qid	statement_value	Q36578	1	1
qid	statement_value	Q3658608	1	1
qid	statement_value	Q365887	1	1
qid	statement_value	Q366	1	1
qid	statement_value	Q36602	1	1
qid	statement_value	Q36611	1	1
qid	statement_value	Q366134	1	1
qid	statement_value	Q3663116	1	1
qid	statement_value	Q36633	1	1
qid	statement_value	Q36641511	1	1
qid	statement_value	Q366482	1	1
qid	statement_value	Q36649	1	1
qid	statement_value	Q3665589	1	1
qid	statement_value	Q3665646	2	2
qid	statement_value	Q3666631	1	1
qid	statement_value	Q36669	1	1
qid	statement_value	Q3667566	1	1
qid	statement_value	Q3667570	1	1
qid	statement_value	Q36678	1	1
qid	statement_value	Q366843	1	1
qid	statement_value	Q36704	3	3
qid	statement_value	Q36732	1	1
qid	statement_value	Q3674687	1	1
qid	statement_value	Q3675550	1	1
qid	statement_value	Q36756	1	1
qid	statement_value	Q3676388	1	1
qid	statement_value	Q36765	1	1
qid	statement_value	Q36774	1	1
qid	statement_value	Q367899	4	4
qid	statement_value	Q36790	1	1
qid	statement_value	Q36794	1	1
qid	statement_value	Q36810	1	1
qid	statement_value	Q368309	2	2
qid	statement_value	Q36834	2	2
qid	statement_value	Q368359	1	1
qid	statement_value	Q3685480	1	1
qid	statement_value	Q36855	1	1
qid	statement_value	Q3686031	1	1
qid	statement_value	Q36864	1	1
qid	statement_value	Q36870	1	1
qid	statement_value	Q3687335	1	1
qid	statement_value	Q3688975	1	1
qid	statement_value	Q3689704	1	1
qid	statement_value	Q36906466	1	1
qid	statement_value	Q36933	1	1
qid	statement_value	Q369390	1	1
qid	statement_value	Q3695082	1	1
qid	statement_value	Q36956	1	1
qid	statement_value	Q369570	2	2
qid	statement_value	Q3695900	1	1
qid	statement_value	Q3695916	1	1
qid	statement_value	Q369594	1	1
qid	statement_value	Q36963	2	2
qid	statement_value	Q3696667	1	1
qid	statement_value	Q369730	1	1
qid	statement_value	Q369747	1	1
qid	statement_value	Q36975	1	1
qid	statement_value	Q36977	2	2
qid	statement_value	Q369894	1	1
qid	statement_value	Q36993249	1	1
qid	statement_value	Q3699460	1	1
qid	statement_value	Q3699636	1	1
qid	statement_value	Q37	3	3
qid	statement_value	Q37017	6	6
qid	statement_value	Q3704253	1	1
qid	statement_value	Q370444	1	1
qid	statement_value	Q3704508	1	1
qid	statement_value	Q370502	1	1
qid	statement_value	Q3705329	1	1
qid	statement_value	Q37068	1	1
qid	statement_value	Q37073	1	1
qid	statement_value	Q3707396	1	1
qid	statement_value	Q3707571	4	4
qid	statement_value	Q37077	1	1
qid	statement_value	Q3707847	1	1
qid	statement_value	Q37081	1	1
qid	statement_value	Q37083	2	2
qid	statement_value	Q37090	1	1
qid	statement_value	Q3710	1	1
qid	statement_value	Q371008	1	1
qid	statement_value	Q3710239	1	1
qid	statement_value	Q37105	2	2
qid	statement_value	Q3711	1	1
qid	statement_value	Q37112258	1	1
qid	statement_value	Q3711325	1	1
qid	statement_value	Q3711329	1	1
qid	statement_value	Q37114605	1	1
qid	statement_value	Q371174	2	2
qid	statement_value	Q3712624	1	1
qid	statement_value	Q37129	1	1
qid	statement_value	Q37136	2	2
qid	statement_value	Q3714017	1	1
qid	statement_value	Q37141	1	1
qid	statement_value	Q371452	1	1
qid	statement_value	Q37147	2	2
qid	statement_value	Q37152	3	3
qid	statement_value	Q37153	1	1
qid	statement_value	Q371609	1	1
qid	statement_value	Q37172	1	1
qid	statement_value	Q37221	1	1
qid	statement_value	Q372250	1	1
qid	statement_value	Q37226	2	2
qid	statement_value	Q372370	1	1
qid	statement_value	Q37260	1	1
qid	statement_value	Q372934	1	1
qid	statement_value	Q372948	1	1
qid	statement_value	Q372973	1	1
qid	statement_value	Q373085	2	2
qid	statement_value	Q373160	1	1
qid	statement_value	Q3733836	1	1
qid	statement_value	Q3734963	1	1
qid	statement_value	Q3736439	1	1
qid	statement_value	Q373712	1	1
qid	statement_value	Q373791	1	1
qid	statement_value	Q37383	1	1
qid	statement_value	Q3738336	1	1
qid	statement_value	Q373984	1	1
qid	statement_value	Q3740828	1	1
qid	statement_value	Q37413	3	3
qid	statement_value	Q374192	1	1
qid	statement_value	Q37425	1	1
qid	statement_value	Q37437	1	1
qid	statement_value	Q3744857	1	1
qid	statement_value	Q37453	1	1
qid	statement_value	Q374727	1	1
qid	statement_value	Q37477	2	2
qid	statement_value	Q3747917	1	1
qid	statement_value	Q37484	1	1
qid	statement_value	Q3748888	1	1
qid	statement_value	Q375	1	1
qid	statement_value	Q37501	2	2
qid	statement_value	Q37507	3	3
qid	statement_value	Q37517	1	1
qid	statement_value	Q3752578	1	1
qid	statement_value	Q37529518	1	1
qid	statement_value	Q37547	1	1
qid	statement_value	Q37551786	1	1
qid	statement_value	Q3757650	1	1
qid	statement_value	Q375928	1	1
qid	statement_value	Q376	1	1
qid	statement_value	Q37602	2	2
qid	statement_value	Q3761	1	1
qid	statement_value	Q3761162	1	1
qid	statement_value	Q37640	1	1
qid	statement_value	Q376431	1	1
qid	statement_value	Q376444	1	1
qid	statement_value	Q3766250	1	1
qid	statement_value	Q376733	1	1
qid	statement_value	Q376799	1	1
qid	statement_value	Q37681	1	1
qid	statement_value	Q376845	1	1
qid	statement_value	Q376860	1	1
qid	statement_value	Q3769	1	1
qid	statement_value	Q3769186	1	1
qid	statement_value	Q37707	1	1
qid	statement_value	Q3771516	1	1
qid	statement_value	Q377213	1	1
qid	statement_value	Q37726	1	1
qid	statement_value	Q377286	1	1
qid	statement_value	Q3773161	1	1
qid	statement_value	Q37748	1	1
qid	statement_value	Q37756	1	1
qid	statement_value	Q3775755	1	1
qid	statement_value	Q3777645	1	1
qid	statement_value	Q3779582	2	2
qid	statement_value	Q378078	1	1
qid	statement_value	Q37813	1	1
qid	statement_value	Q378184	1	1
qid	statement_value	Q378201	1	1
qid	statement_value	Q3782396	1	1
qid	statement_value	Q378259	1	1
qid	statement_value	Q3783831	1	1
qid	statement_value	Q378408	1	1
qid	statement_value	Q378427	1	1
qid	statement_value	Q378445	1	1
qid	statement_value	Q378622	1	1
qid	statement_value	Q37868	1	1
qid	statement_value	Q378907	1	1
qid	statement_value	Q378910	3	3
qid	statement_value	Q378915	1	1
qid	statement_value	Q37901	1	1
qid	statement_value	Q379282	1	1
qid	statement_value	Q37930	1	1
qid	statement_value	Q37937	1	1
qid	statement_value	Q37951	1	1
qid	statement_value	Q379693	2	2
qid	statement_value	Q379697	1	1
qid	statement_value	Q379754	1	1
qid	statement_value	Q379813	1	1
qid	statement_value	Q379817	1	1
qid	statement_value	Q379825	1	1
qid	statement_value	Q379833	1	1
qid	statement_value	Q379858	1	1
qid	statement_value	Q379859	2	2
qid	statement_value	Q379932	1	1
qid	statement_value	Q38	3	3
qid	statement_value	Q380057	11	11
qid	statement_value	Q380091	1	1
qid	statement_value	Q380170	1	1
qid	statement_value	Q380233	1	1
qid	statement_value	Q380288	2	2
qid	statement_value	Q380313	2	2
qid	statement_value	Q38035	10	10
qid	statement_value	Q380356	1	1
qid	statement_value	Q38038024	1	1
qid	statement_value	Q380546	1	1
qid	statement_value	Q3806	1	1
qid	statement_value	Q380640	1	1
qid	statement_value	Q380866	1	1
qid	statement_value	Q380933	1	1
qid	statement_value	Q380962	1	1
qid	statement_value	Q380971	1	1
qid	statement_value	Q381040	1	1
qid	statement_value	Q381045	1	1
qid	statement_value	Q381072	1	1
qid	statement_value	Q381084	2	2
qid	statement_value	Q38110559	1	1
qid	statement_value	Q381155	1	1
qid	statement_value	Q381160	1	1
qid	statement_value	Q38126150	1	1
qid	statement_value	Q381350	1	1
qid	statement_value	Q3813877	1	1
qid	statement_value	Q38142	1	1
qid	statement_value	Q38155	1	1
qid	statement_value	Q38157	1	1
qid	statement_value	Q38183514	1	1
qid	statement_value	Q381885	1	1
qid	statement_value	Q3821546	1	1
qid	statement_value	Q382203	1	1
qid	statement_value	Q382230	2	2
qid	statement_value	Q382386	1	1
qid	statement_value	Q382430	1	1
qid	statement_value	Q3824506	1	1
qid	statement_value	Q382451	1	1
qid	statement_value	Q382616	1	1
qid	statement_value	Q382753	1	1
qid	statement_value	Q38283	1	1
qid	statement_value	Q383092	1	1
qid	statement_value	Q383260	1	1
qid	statement_value	Q3833047	1	1
qid	statement_value	Q383361	1	1
qid	statement_value	Q383389	4	4
qid	statement_value	Q3834	1	1
qid	statement_value	Q3834994	1	1
qid	statement_value	Q38358	1	1
qid	statement_value	Q3836471	1	1
qid	statement_value	Q3839081	3	3
qid	statement_value	Q383973	1	1
qid	statement_value	Q383978	1	1
qid	statement_value	Q3840065	1	1
qid	statement_value	Q384074	2	2
qid	statement_value	Q38423	1	1
qid	statement_value	Q384403	1	1
qid	statement_value	Q3844296	1	1
qid	statement_value	Q3844553	1	1
qid	statement_value	Q384459	1	1
qid	statement_value	Q384544	1	1
qid	statement_value	Q384593	9	9
qid	statement_value	Q3847033	2	2
qid	statement_value	Q384748	1	1
qid	statement_value	Q3847648	1	1
qid	statement_value	Q384871	1	1
qid	statement_value	Q384873	1	1
qid	statement_value	Q3851114	1	1
qid	statement_value	Q3852175	1	1
qid	statement_value	Q38526	1	1
qid	statement_value	Q385378	1	1
qid	statement_value	Q3855191	1	1
qid	statement_value	Q385586	1	1
qid	statement_value	Q385636	2	2
qid	statement_value	Q38582	1	1
qid	statement_value	Q3858303	1	1
qid	statement_value	Q385870	2	2
qid	statement_value	Q38592	1	1
qid	statement_value	Q3859736	2	2
qid	statement_value	Q386025	1	1
qid	statement_value	Q3861158	1	1
qid	statement_value	Q386191	1	1
qid	statement_value	Q386215	2	2
qid	statement_value	Q3863	3	3
qid	statement_value	Q38645	1	1
qid	statement_value	Q386724	1	1
qid	statement_value	Q38681	9	9
qid	statement_value	Q386854	1	1
qid	statement_value	Q3869	2	2
qid	statement_value	Q38695	2	2
qid	statement_value	Q38701	1	1
qid	statement_value	Q387066	2	2
qid	statement_value	Q387076	1	1
qid	statement_value	Q38712	1	1
qid	statement_value	Q3872	1	1
qid	statement_value	Q38720	1	1
qid	statement_value	Q38723	1	1
qid	statement_value	Q3874	4	4
qid	statement_value	Q3875186	1	1
qid	statement_value	Q38774	1	1
qid	statement_value	Q387795	1	1
qid	statement_value	Q388162	1	1
qid	statement_value	Q3882179	1	1
qid	statement_value	Q38826	1	1
qid	statement_value	Q388338	1	1
qid	statement_value	Q3884033	1	1
qid	statement_value	Q38848	1	1
qid	statement_value	Q3885844	1	1
qid	statement_value	Q388602	1	1
qid	statement_value	Q388626	1	1
qid	statement_value	Q3887	1	1
qid	statement_value	Q3887135	1	1
qid	statement_value	Q38872	1	1
qid	statement_value	Q38883	1	1
qid	statement_value	Q3889692	1	1
qid	statement_value	Q389036	1	1
qid	statement_value	Q38904	1	1
qid	statement_value	Q3892002	1	1
qid	statement_value	Q38926	2	2
qid	statement_value	Q3893120	1	1
qid	statement_value	Q38942	1	1
qid	statement_value	Q3894667	1	1
qid	statement_value	Q389565	1	1
qid	statement_value	Q389782	1	1
qid	statement_value	Q389844	1	1
qid	statement_value	Q389888	1	1
qid	statement_value	Q39	46	46
qid	statement_value	Q3900020	1	1
qid	statement_value	Q39015397	1	1
qid	statement_value	Q39018	3	3
qid	statement_value	Q39020112	1	1
qid	statement_value	Q390383	1	1
qid	statement_value	Q390539	1	1
qid	statement_value	Q390823	1	1
qid	statement_value	Q39121	1	1
qid	statement_value	Q3913	1	1
qid	statement_value	Q3914	1	1
qid	statement_value	Q3914781	1	1
qid	statement_value	Q3916957	1	1
qid	statement_value	Q3917681	1	1
qid	statement_value	Q3918	1	1
qid	statement_value	Q3918409	1	1
qid	statement_value	Q39193	1	1
qid	statement_value	Q3919817	1	1
qid	statement_value	Q39201	1	1
qid	statement_value	Q3920971	16	16
qid	statement_value	Q392212	1	1
qid	statement_value	Q39222	2	2
qid	statement_value	Q392298	1	1
qid	statement_value	Q3923	3	3
qid	statement_value	Q392319	1	1
qid	statement_value	Q392326	1	1
qid	statement_value	Q392371	1	1
qid	statement_value	Q392648	17	17
qid	statement_value	Q392651	1	1
qid	statement_value	Q3926560	1	1
qid	statement_value	Q39266	2	2
qid	statement_value	Q39275	2	2
qid	statement_value	Q39286	1	1
qid	statement_value	Q392928	1	1
qid	statement_value	Q3929317	1	1
qid	statement_value	Q39297	1	1
qid	statement_value	Q393	1	1
qid	statement_value	Q3930	1	1
qid	statement_value	Q39338	1	1
qid	statement_value	Q3935810	1	1
qid	statement_value	Q3936	1	1
qid	statement_value	Q39367	1	1
qid	statement_value	Q3937033	1	1
qid	statement_value	Q3937287	1	1
qid	statement_value	Q39373172	1	1
qid	statement_value	Q39397	1	1
qid	statement_value	Q394	1	1
qid	statement_value	Q3940165	1	1
qid	statement_value	Q394067	1	1
qid	statement_value	Q394253	1	1
qid	statement_value	Q3947	1	1
qid	statement_value	Q39486269	1	1
qid	statement_value	Q39495	1	1
qid	statement_value	Q395	17	17
qid	statement_value	Q3950	1	1
qid	statement_value	Q3951	1	1
qid	statement_value	Q3951423	1	1
qid	statement_value	Q395295	1	1
qid	statement_value	Q39531	1	1
qid	statement_value	Q3954162	1	1
qid	statement_value	Q39546	1	1
qid	statement_value	Q3954715	1	1
qid	statement_value	Q3955	2	2
qid	statement_value	Q3955006	1	1
qid	statement_value	Q39552	1	1
qid	statement_value	Q3955369	1	1
qid	statement_value	Q3957	2	2
qid	statement_value	Q39594	1	1
qid	statement_value	Q3960	1	1
qid	statement_value	Q396108	1	1
qid	statement_value	Q39611413	1	1
qid	statement_value	Q39611814	1	1
qid	statement_value	Q39614	1	1
qid	statement_value	Q39617213	1	1
qid	statement_value	Q39617257	1	1
qid	statement_value	Q39618950	1	1
qid	statement_value	Q3962	2	2
qid	statement_value	Q39624	2	2
qid	statement_value	Q3962655	5	5
qid	statement_value	Q39631	2	2
qid	statement_value	Q396340	1	1
qid	statement_value	Q3965271	1	1
qid	statement_value	Q3966	1	1
qid	statement_value	Q3966183	1	1
qid	statement_value	Q3966286	1	1
qid	statement_value	Q3967279	1	1
qid	statement_value	Q3968	3	3
qid	statement_value	Q39689	1	1
qid	statement_value	Q397	2	2
qid	statement_value	Q39715	1	1
qid	statement_value	Q3972943	2	2
qid	statement_value	Q397297	2	2
qid	statement_value	Q3974	1	1
qid	statement_value	Q39760	2	2
qid	statement_value	Q3976339	1	1
qid	statement_value	Q39782	1	1
qid	statement_value	Q397860	1	1
qid	statement_value	Q398	3	3
qid	statement_value	Q39804	1	1
qid	statement_value	Q39816	1	1
qid	statement_value	Q39825	1	1
qid	statement_value	Q3983044	1	1
qid	statement_value	Q39850	1	1
qid	statement_value	Q3985184	1	1
qid	statement_value	Q39861	1	1
qid	statement_value	Q39864	1	1
qid	statement_value	Q39875001	1	1
qid	statement_value	Q39888	1	1
qid	statement_value	Q399	4	4
qid	statement_value	Q39908	5	5
qid	statement_value	Q39911	1	1
qid	statement_value	Q39918	1	1
qid	statement_value	Q399445	1	1
qid	statement_value	Q399495	2	2
qid	statement_value	Q399754	1	1
qid	statement_value	Q4	1	1
qid	statement_value	Q40	47	47
qid	statement_value	Q4001	1	1
qid	statement_value	Q40015	1	1
qid	statement_value	Q400406	1	1
qid	statement_value	Q400430	1	1
qid	statement_value	Q4004659	1	1
qid	statement_value	Q40050	3	3
qid	statement_value	Q40056	3	3
qid	statement_value	Q4006	2	2
qid	statement_value	Q4007	1	1
qid	statement_value	Q40080	1	1
qid	statement_value	Q4008379	1	1
qid	statement_value	Q4009406	1	1
qid	statement_value	Q4009960	1	1
qid	statement_value	Q401	1	1
qid	statement_value	Q40112	1	1
qid	statement_value	Q40118	1	1
qid	statement_value	Q40157	1	1
qid	statement_value	Q4016291	1	1
qid	statement_value	Q40164	1	1
qid	statement_value	Q4016615	1	1
qid	statement_value	Q4018482	1	1
qid	statement_value	Q40218	6	6
qid	statement_value	Q4022	1	1
qid	statement_value	Q40231	1	1
qid	statement_value	Q40244	1	1
qid	statement_value	Q40254	1	1
qid	statement_value	Q40260	3	3
qid	statement_value	Q4026292	2	2
qid	statement_value	Q40276	2	2
qid	statement_value	Q4027615	1	1
qid	statement_value	Q40285	1	1
qid	statement_value	Q40292	2	2
qid	statement_value	Q403	3	3
qid	statement_value	Q40317	1	1
qid	statement_value	Q40348	1	1
qid	statement_value	Q403523	1	1
qid	statement_value	Q40357	2	2
qid	statement_value	Q40397	1	1
qid	statement_value	Q404263	1	1
qid	statement_value	Q40446	1	1
qid	statement_value	Q4045635	1	1
qid	statement_value	Q405	1	1
qid	statement_value	Q4054694	1	1
qid	statement_value	Q40558	1	1
qid	statement_value	Q40561	1	1
qid	statement_value	Q4057823	1	1
qid	statement_value	Q4058325	2	2
qid	statement_value	Q406	1	1
qid	statement_value	Q406039	1	1
qid	statement_value	Q40607	1	1
qid	statement_value	Q40614	1	1
qid	statement_value	Q40631	1	1
qid	statement_value	Q4063215	1	1
qid	statement_value	Q40634	1	1
qid	statement_value	Q4070300	1	1
qid	statement_value	Q407131	1	1
qid	statement_value	Q4071928	3	3
qid	statement_value	Q407225	1	1
qid	statement_value	Q4072473	2	2
qid	statement_value	Q4072874	1	1
qid	statement_value	Q407418	1	1
qid	statement_value	Q40742	1	1
qid	statement_value	Q4075018	1	1
qid	statement_value	Q40754	3	3
qid	statement_value	Q407595	2	2
qid	statement_value	Q40763	3	3
qid	statement_value	Q40779	1	1
qid	statement_value	Q408	4	4
qid	statement_value	Q4080972	1	1
qid	statement_value	Q40821	1	1
qid	statement_value	Q40831	1	1
qid	statement_value	Q408386	3	3
qid	statement_value	Q40843	1	1
qid	statement_value	Q40846	1	1
qid	statement_value	Q40847	1	1
qid	statement_value	Q40858	1	1
qid	statement_value	Q40861	2	2
qid	statement_value	Q40867	1	1
qid	statement_value	Q40877606	1	1
qid	statement_value	Q40878	2	2
qid	statement_value	Q40881196	1	1
qid	statement_value	Q4088516	1	1
qid	statement_value	Q408891	1	1
qid	statement_value	Q4089244	1	1
qid	statement_value	Q40898	1	1
qid	statement_value	Q4090436	1	1
qid	statement_value	Q409202	1	1
qid	statement_value	Q40924	6	6
qid	statement_value	Q40936	1	1
qid	statement_value	Q40953	1	1
qid	statement_value	Q4096995	1	1
qid	statement_value	Q4097	1	1
qid	statement_value	Q409787	1	1
qid	statement_value	Q40994	1	1
qid	statement_value	Q40998	4	4
qid	statement_value	Q41	4	4
qid	statement_value	Q41055	1	1
qid	statement_value	Q410943	1	1
qid	statement_value	Q411	1	1
qid	statement_value	Q41118	1	1
qid	statement_value	Q4113830	1	1
qid	statement_value	Q4113832	1	1
qid	statement_value	Q41156207	1	1
qid	statement_value	Q41159	1	1
qid	statement_value	Q4116214	2	2
qid	statement_value	Q4116295	1	1
qid	statement_value	Q4116527	1	1
qid	statement_value	Q41171	2	2
qid	statement_value	Q41176	2	2
qid	statement_value	Q41177	1	1
qid	statement_value	Q41179	1	1
qid	statement_value	Q4120409	1	1
qid	statement_value	Q4120621	1	1
qid	statement_value	Q41207	6	6
qid	statement_value	Q4120836	1	1
qid	statement_value	Q41217	1	1
qid	statement_value	Q4122095	1	1
qid	statement_value	Q41228	1	1
qid	statement_value	Q41253	2	2
qid	statement_value	Q41273	1	1
qid	statement_value	Q41291	1	1
qid	statement_value	Q4129241	466	466
qid	statement_value	Q41298	1	1
qid	statement_value	Q413	17	17
qid	statement_value	Q4130	2	2
qid	statement_value	Q41301	1	1
qid	statement_value	Q413152	1	1
qid	statement_value	Q41329	1	1
qid	statement_value	Q41331	1	1
qid	statement_value	Q413386	1	1
qid	statement_value	Q41350	1	1
qid	statement_value	Q41354	1	1
qid	statement_value	Q41364	1	1
qid	statement_value	Q413791	1	1
qid	statement_value	Q41397	4	4
qid	statement_value	Q414	1	1
qid	statement_value	Q41415	1	1
qid	statement_value	Q41425	1	1
qid	statement_value	Q414528	1	1
qid	statement_value	Q41463697	1	1
qid	statement_value	Q41466	1	1
qid	statement_value	Q41474	1	1
qid	statement_value	Q41487	1	1
qid	statement_value	Q41493	3	3
qid	statement_value	Q41500	1	1
qid	statement_value	Q41503	1	1
qid	statement_value	Q4150801	1	1
qid	statement_value	Q41509	1	1
qid	statement_value	Q41534	1	1
qid	statement_value	Q41545	1	1
qid	statement_value	Q41551	1	1
qid	statement_value	Q41560	1	1
qid	statement_value	Q41571	1	1
qid	statement_value	Q4158	1	1
qid	statement_value	Q41583	1	1
qid	statement_value	Q41607	1	1
qid	statement_value	Q4162555	1	1
qid	statement_value	Q41630	1	1
qid	statement_value	Q41631	1	1
qid	statement_value	Q4164507	1	1
qid	statement_value	Q4164871	4	4
qid	statement_value	Q4165	1	1
qid	statement_value	Q41650357	1	1
qid	statement_value	Q41662	1	1
qid	statement_value	Q41680840	1	1
qid	statement_value	Q4169	4	4
qid	statement_value	Q41692	1	1
qid	statement_value	Q41696723	1	1
qid	statement_value	Q4170938	1	1
qid	statement_value	Q41710	1	1
qid	statement_value	Q41716	2	2
qid	statement_value	Q417175	1	1
qid	statement_value	Q41719	1	1
qid	statement_value	Q41726	1	1
qid	statement_value	Q4172847	2	2
qid	statement_value	Q4173974	2	2
qid	statement_value	Q41746281	1	1
qid	statement_value	Q41753	1	1
qid	statement_value	Q41760	1	1
qid	statement_value	Q417633	1	1
qid	statement_value	Q4178004	1	1
qid	statement_value	Q41796	1	1
qid	statement_value	Q41803	1	1
qid	statement_value	Q41825	1	1
qid	statement_value	Q4182927	1	1
qid	statement_value	Q4186	2	2
qid	statement_value	Q4189293	1	1
qid	statement_value	Q419	1	1
qid	statement_value	Q4190	1	1
qid	statement_value	Q4191	1	1
qid	statement_value	Q41923	1	1
qid	statement_value	Q41966	1	1
qid	statement_value	Q41967	1	1
qid	statement_value	Q41972	1	1
qid	statement_value	Q4197743	1	1
qid	statement_value	Q420	18	18
qid	statement_value	Q42008	1	1
qid	statement_value	Q4200853	1	1
qid	statement_value	Q4201371	1	1
qid	statement_value	Q4202	1	1
qid	statement_value	Q4202245	1	1
qid	statement_value	Q420700	1	1
qid	statement_value	Q420708	1	1
qid	statement_value	Q4209223	1	1
qid	statement_value	Q42106	1	1
qid	statement_value	Q42110396	1	1
qid	statement_value	Q4213	1	1
qid	statement_value	Q42165	8	8
qid	statement_value	Q4216603	1	1
qid	statement_value	Q42177	3	3
qid	statement_value	Q42178	1	1
qid	statement_value	Q421829	1	1
qid	statement_value	Q4218455	1	1
qid	statement_value	Q421857	1	1
qid	statement_value	Q4218918	1	1
qid	statement_value	Q42190326	1	1
qid	statement_value	Q421946	1	1
qid	statement_value	Q422062	1	1
qid	statement_value	Q422080	1	1
qid	statement_value	Q4220892	1	1
qid	statement_value	Q422106	1	1
qid	statement_value	Q42213	1	1
qid	statement_value	Q422179	1	1
qid	statement_value	Q422293	1	1
qid	statement_value	Q42233	1	1
qid	statement_value	Q42236	1	1
qid	statement_value	Q42240	1	1
qid	statement_value	Q42250	3	3
qid	statement_value	Q42253	3	3
qid	statement_value	Q422742	1	1
qid	statement_value	Q42278	1	1
qid	statement_value	Q42282254	2	2
qid	statement_value	Q42282284	1	1
qid	statement_value	Q4228418	1	1
qid	statement_value	Q422874	1	1
qid	statement_value	Q42295	2	2
qid	statement_value	Q42297295	1	1
qid	statement_value	Q423	3	3
qid	statement_value	Q4230034	1	1
qid	statement_value	Q42302	2	2
qid	statement_value	Q42317	2	2
qid	statement_value	Q42320	1	1
qid	statement_value	Q423208	1	1
qid	statement_value	Q423220	1	1
qid	statement_value	Q4232202	2	2
qid	statement_value	Q42329	1	1
qid	statement_value	Q42344	1	1
qid	statement_value	Q42372	2	2
qid	statement_value	Q42385	1	1
qid	statement_value	Q424	3	3
qid	statement_value	Q42406	1	1
qid	statement_value	Q4243098	1	1
qid	statement_value	Q4243638	1	1
qid	statement_value	Q424543	1	1
qid	statement_value	Q424555	1	1
qid	statement_value	Q42462	1	1
qid	statement_value	Q42470	1	1
qid	statement_value	Q42501	2	2
qid	statement_value	Q425105	1	1
qid	statement_value	Q42515	1	1
qid	statement_value	Q42519	1	1
qid	statement_value	Q42527	1	1
qid	statement_value	Q42530	1	1
qid	statement_value	Q42531880	2	2
qid	statement_value	Q42569	1	1
qid	statement_value	Q4257161	1	1
qid	statement_value	Q4259259	1	1
qid	statement_value	Q425951	1	1
qid	statement_value	Q42602	1	1
qid	statement_value	Q42603	2	2
qid	statement_value	Q42604	1	1
qid	statement_value	Q42610	1	1
qid	statement_value	Q4261734	1	1
qid	statement_value	Q4262	1	1
qid	statement_value	Q426221	1	1
qid	statement_value	Q426337	1	1
qid	statement_value	Q4263842	1	1
qid	statement_value	Q427	1	1
qid	statement_value	Q427017	1	1
qid	statement_value	Q427257	1	1
qid	statement_value	Q427293	1	1
qid	statement_value	Q427440	1	1
qid	statement_value	Q42762	1	1
qid	statement_value	Q427730	1	1
qid	statement_value	Q427923	1	1
qid	statement_value	Q42804	3	3
qid	statement_value	Q428091	2	2
qid	statement_value	Q428114	1	1
qid	statement_value	Q428148	1	1
qid	statement_value	Q42817	2	2
qid	statement_value	Q4281830	1	1
qid	statement_value	Q42848	1	1
qid	statement_value	Q42857	1	1
qid	statement_value	Q42861	3	3
qid	statement_value	Q4286337	1	1
qid	statement_value	Q4287	1	1
qid	statement_value	Q428759	1	1
qid	statement_value	Q42884	1	1
qid	statement_value	Q42889	4	4
qid	statement_value	Q42890140	1	1
qid	statement_value	Q42896655	1	1
qid	statement_value	Q4290	1	1
qid	statement_value	Q429088	1	1
qid	statement_value	Q42909	4	4
qid	statement_value	Q42918	1	1
qid	statement_value	Q42934	1	1
qid	statement_value	Q42935438	1	1
qid	statement_value	Q42948	1	1
qid	statement_value	Q429526	1	1
qid	statement_value	Q42962	1	1
qid	statement_value	Q42965339	1	1
qid	statement_value	Q42973	2	2
qid	statement_value	Q429785	1	1
qid	statement_value	Q429795	1	1
qid	statement_value	Q42982	1	1
qid	statement_value	Q42985020	1	1
qid	statement_value	Q42989	1	1
qid	statement_value	Q429911	1	1
qid	statement_value	Q429935	1	1
qid	statement_value	Q429942	1	1
qid	statement_value	Q42998	1	1
qid	statement_value	Q43	4	4
qid	statement_value	Q430	1	1
qid	statement_value	Q430007	1	1
qid	statement_value	Q430057	1	1
qid	statement_value	Q430062	1	1
qid	statement_value	Q4300759	1	1
qid	statement_value	Q43010	1	1
qid	statement_value	Q43013	1	1
qid	statement_value	Q43016	3	3
qid	statement_value	Q43022	1	1
qid	statement_value	Q43024	1	1
qid	statement_value	Q430297	1	1
qid	statement_value	Q43035	5	5
qid	statement_value	Q43048	1	1
qid	statement_value	Q43054	1	1
qid	statement_value	Q43059	1	1
qid	statement_value	Q4306	1	1
qid	statement_value	Q430727	1	1
qid	statement_value	Q43084	1	1
qid	statement_value	Q43088	1	1
qid	statement_value	Q431	25	25
qid	statement_value	Q431000	1	1
qid	statement_value	Q43101	1	1
qid	statement_value	Q43114	1	1
qid	statement_value	Q43115	1	1
qid	statement_value	Q43116	1	1
qid	statement_value	Q431289	1	1
qid	statement_value	Q43142	1	1
qid	statement_value	Q4316032	1	1
qid	statement_value	Q43164	3	3
qid	statement_value	Q4317274	2	2
qid	statement_value	Q43183	1	1
qid	statement_value	Q431858	1	1
qid	statement_value	Q43193	3	3
qid	statement_value	Q432	1	1
qid	statement_value	Q43200	1	1
qid	statement_value	Q43229	2	2
qid	statement_value	Q4323994	2	2
qid	statement_value	Q43249	1	1
qid	statement_value	Q43250	1	1
qid	statement_value	Q43261	1	1
qid	statement_value	Q43262	1	1
qid	statement_value	Q43275450	1	1
qid	statement_value	Q43300	1	1
qid	statement_value	Q43302	1	1
qid	statement_value	Q4331950	2	2
qid	statement_value	Q43325	1	1
qid	statement_value	Q433353	1	1
qid	statement_value	Q43369910	1	1
qid	statement_value	Q43375	1	1
qid	statement_value	Q4340209	1	1
qid	statement_value	Q43412	1	1
qid	statement_value	Q43436	1	1
qid	statement_value	Q43445	5	5
qid	statement_value	Q43450	2	2
qid	statement_value	Q43453	1	1
qid	statement_value	Q43455	2	2
qid	statement_value	Q4345530	1	1
qid	statement_value	Q434611	1	1
qid	statement_value	Q4346792	1	1
qid	statement_value	Q43471	1	1
qid	statement_value	Q434712	1	1
qid	statement_value	Q43483	1	1
qid	statement_value	Q43489	1	1
qid	statement_value	Q43501	3	3
qid	statement_value	Q43502	1	1
qid	statement_value	Q43511	1	1
qid	statement_value	Q43513	1	1
qid	statement_value	Q43514	1	1
qid	statement_value	Q4351403	2	2
qid	statement_value	Q43533	1	1
qid	statement_value	Q4354	1	1
qid	statement_value	Q4354775	3	3
qid	statement_value	Q4355609	1	1
qid	statement_value	Q435660	1	1
qid	statement_value	Q435673	1	1
qid	statement_value	Q43576	2	2
qid	statement_value	Q436048	1	1
qid	statement_value	Q43637	1	1
qid	statement_value	Q43642	1	1
qid	statement_value	Q43642419	1	1
qid	statement_value	Q43663	4	4
qid	statement_value	Q43668757	1	1
qid	statement_value	Q43669016	1	1
qid	statement_value	Q43670055	1	1
qid	statement_value	Q43670229	2	2
qid	statement_value	Q437	1	1
qid	statement_value	Q43702	2	2
qid	statement_value	Q43742	1	1
qid	statement_value	Q43747	2	2
qid	statement_value	Q437470	1	1
qid	statement_value	Q43748	2	2
qid	statement_value	Q437512	2	2
qid	statement_value	Q4376884	1	1
qid	statement_value	Q437716	1	1
qid	statement_value	Q4379557	1	1
qid	statement_value	Q4379961	1	1
qid	statement_value	Q43801	1	1
qid	statement_value	Q43806	1	1
qid	statement_value	Q43812	1	1
qid	statement_value	Q438431	1	1
qid	statement_value	Q4384351	1	1
qid	statement_value	Q43845	2	2
qid	statement_value	Q4387609	1	1
qid	statement_value	Q4388	1	1
qid	statement_value	Q4388293	1	1
qid	statement_value	Q438965	1	1
qid	statement_value	Q4390435	1	1
qid	statement_value	Q439072	1	1
qid	statement_value	Q4393508	1	1
qid	statement_value	Q4393922	1	1
qid	statement_value	Q4394526	1	1
qid	statement_value	Q43987	1	1
qid	statement_value	Q44	3	3
qid	statement_value	Q44015	1	1
qid	statement_value	Q4402708	1	1
qid	statement_value	Q4405716	1	1
qid	statement_value	Q4409456	1	1
qid	statement_value	Q441	12	12
qid	statement_value	Q441036	1	1
qid	statement_value	Q4412	1	1
qid	statement_value	Q44120	1	1
qid	statement_value	Q44127	1	1
qid	statement_value	Q44148	14	14
qid	statement_value	Q44167	1	1
qid	statement_value	Q4421	2	2
qid	statement_value	Q44235	1	1
qid	statement_value	Q4424525	1	1
qid	statement_value	Q442485	1	1
qid	statement_value	Q442799	1	1
qid	statement_value	Q442843	1	1
qid	statement_value	Q4431071	1	1
qid	statement_value	Q44324	1	1
qid	statement_value	Q44325	1	1
qid	statement_value	Q44342	1	1
qid	statement_value	Q44356	2	2
qid	statement_value	Q443767	1	1
qid	statement_value	Q44377	1	1
qid	statement_value	Q4440864	1	1
qid	statement_value	Q44416	1	1
qid	statement_value	Q44432	1	1
qid	statement_value	Q4444305	1	1
qid	statement_value	Q444677	1	1
qid	statement_value	Q44475	1	1
qid	statement_value	Q44494	1	1
qid	statement_value	Q44497	5	5
qid	statement_value	Q44506	1	1
qid	statement_value	Q44512	1	1
qid	statement_value	Q445275	2	2
qid	statement_value	Q44539	1	1
qid	statement_value	Q44541	2	2
qid	statement_value	Q4455897	23	23
qid	statement_value	Q44559	1	1
qid	statement_value	Q445605	1	1
qid	statement_value	Q445822	4	4
qid	statement_value	Q44595	1	1
qid	statement_value	Q446	1	1
qid	statement_value	Q44602	1	1
qid	statement_value	Q44613	1	1
qid	statement_value	Q44626	2	2
qid	statement_value	Q446907	1	1
qid	statement_value	Q44703	5	5
qid	statement_value	Q447349	1	1
qid	statement_value	Q447523	1	1
qid	statement_value	Q447555	1	1
qid	statement_value	Q44782	1	1
qid	statement_value	Q44791900	1	1
qid	statement_value	Q4479442	4	4
qid	statement_value	Q44806	1	1
qid	statement_value	Q448266	1	1
qid	statement_value	Q44840	1	1
qid	statement_value	Q4489450	1	1
qid	statement_value	Q44914	1	1
qid	statement_value	Q44946	2	2
qid	statement_value	Q45	3	3
qid	statement_value	Q450	2	2
qid	statement_value	Q45025858	2	2
qid	statement_value	Q4503831	1	1
qid	statement_value	Q45045	2	2
qid	statement_value	Q450726	1	1
qid	statement_value	Q4508	1	1
qid	statement_value	Q45089	2	2
qid	statement_value	Q451286	1	1
qid	statement_value	Q451599	1	1
qid	statement_value	Q451645	1	1
qid	statement_value	Q45181247	2	2
qid	statement_value	Q45190	1	1
qid	statement_value	Q451987	1	1
qid	statement_value	Q45199	4	4
qid	statement_value	Q452237	1	1
qid	statement_value	Q45227	1	1
qid	statement_value	Q45242859	1	1
qid	statement_value	Q452440	1	1
qid	statement_value	Q4526307	1	1
qid	statement_value	Q4536337	1	1
qid	statement_value	Q4536544	1	1
qid	statement_value	Q4539	1	1
qid	statement_value	Q454	2	2
qid	statement_value	Q45412	1	1
qid	statement_value	Q45422	1	1
qid	statement_value	Q4544684	2	2
qid	statement_value	Q454476	1	1
qid	statement_value	Q4545971	1	1
qid	statement_value	Q4551	1	1
qid	statement_value	Q4551254	1	1
qid	statement_value	Q45513	1	1
qid	statement_value	Q45529	1	1
qid	statement_value	Q455374	1	1
qid	statement_value	Q45551	1	1
qid	statement_value	Q455550	3	3
qid	statement_value	Q45594	2	2
qid	statement_value	Q456	1	1
qid	statement_value	Q45614	2	2
qid	statement_value	Q45621	1	1
qid	statement_value	Q456632	1	1
qid	statement_value	Q4567	1	1
qid	statement_value	Q45701	2	2
qid	statement_value	Q45713	1	1
qid	statement_value	Q45722	1	1
qid	statement_value	Q457239	1	1
qid	statement_value	Q4575211	1	1
qid	statement_value	Q4575936	1	1
qid	statement_value	Q45762	1	1
qid	statement_value	Q4576564	1	1
qid	statement_value	Q45767	1	1
qid	statement_value	Q457703	1	1
qid	statement_value	Q45778	1	1
qid	statement_value	Q458	1	1
qid	statement_value	Q45820240	1	1
qid	statement_value	Q4583280	1	1
qid	statement_value	Q45867	1	1
qid	statement_value	Q4587955	1	1
qid	statement_value	Q45922	1	1
qid	statement_value	Q459221	1	1
qid	statement_value	Q459409	2	2
qid	statement_value	Q459428	1	1
qid	statement_value	Q4594605	1	1
qid	statement_value	Q45989	1	1
qid	statement_value	Q46	2	2
qid	statement_value	Q460178	1	1
qid	statement_value	Q460251	1	1
qid	statement_value	Q460336	1	1
qid	statement_value	Q460591	1	1
qid	statement_value	Q460623	1	1
qid	statement_value	Q460628	1	1
qid	statement_value	Q460679	1	1
qid	statement_value	Q4610556	1	1
qid	statement_value	Q461363	1	1
qid	statement_value	Q461524	2	2
qid	statement_value	Q461674	1	1
qid	statement_value	Q46169	1	1
qid	statement_value	Q461696	1	1
qid	statement_value	Q4618	4	4
qid	statement_value	Q46185	1	1
qid	statement_value	Q4618975	1	1
qid	statement_value	Q462390	2	2
qid	statement_value	Q462437	1	1
qid	statement_value	Q46255	1	1
qid	statement_value	Q4628	2	2
qid	statement_value	Q46303	1	1
qid	statement_value	Q46311	2	2
qid	statement_value	Q46383	1	1
qid	statement_value	Q46384	1	1
qid	statement_value	Q4640	1	1
qid	statement_value	Q464163	1	1
qid	statement_value	Q464643	3	3
qid	statement_value	Q464769	1	1
qid	statement_value	Q4649	1	1
qid	statement_value	Q464980	1	1
qid	statement_value	Q46519	15	15
qid	statement_value	Q4655519	1	1
qid	statement_value	Q465613	1	1
qid	statement_value	Q465786	1	1
qid	statement_value	Q465800	3	3
qid	statement_value	Q465978	1	1
qid	statement_value	Q466	3	3
qid	statement_value	Q46613	10	10
qid	statement_value	Q4661718	1	1
qid	statement_value	Q46622	2	2
qid	statement_value	Q466466	1	1
qid	statement_value	Q466470	1	1
qid	statement_value	Q466511	1	1
qid	statement_value	Q466714	1	1
qid	statement_value	Q467	8	8
qid	statement_value	Q467011	3	3
qid	statement_value	Q46721	1	1
qid	statement_value	Q467212	1	1
qid	statement_value	Q46740	1	1
qid	statement_value	Q4674128	1	1
qid	statement_value	Q46744	2	2
qid	statement_value	Q467505	1	1
qid	statement_value	Q4675762	2	2
qid	statement_value	Q4676786	1	1
qid	statement_value	Q4677161	1	1
qid	statement_value	Q46783	1	1
qid	statement_value	Q4681865	1	1
qid	statement_value	Q46831	1	1
qid	statement_value	Q46834	1	1
qid	statement_value	Q468388	1	1
qid	statement_value	Q468402	1	1
qid	statement_value	Q46841	1	1
qid	statement_value	Q468433	1	1
qid	statement_value	Q4684340	1	1
qid	statement_value	Q46847	1	1
qid	statement_value	Q46857	1	1
qid	statement_value	Q4686866	1	1
qid	statement_value	Q468756	1	1
qid	statement_value	Q468777	3	3
qid	statement_value	Q468794	1	1
qid	statement_value	Q468801	1	1
qid	statement_value	Q4688031	1	1
qid	statement_value	Q46913	1	1
qid	statement_value	Q4692	1	1
qid	statement_value	Q46961	1	1
qid	statement_value	Q46970	1	1
qid	statement_value	Q4698744	1	1
qid	statement_value	Q470125	1	1
qid	statement_value	Q47018901	1	1
qid	statement_value	Q47034857	1	1
qid	statement_value	Q47038	2	2
qid	statement_value	Q47041	1	1
qid	statement_value	Q47043	1	1
qid	statement_value	Q47053	1	1
qid	statement_value	Q47054	1	1
qid	statement_value	Q470577	1	1
qid	statement_value	Q47083	1	1
qid	statement_value	Q47089651	1	1
qid	statement_value	Q47091290	1	1
qid	statement_value	Q47092	1	1
qid	statement_value	Q47107	3	3
qid	statement_value	Q471183	1	1
qid	statement_value	Q47128	2	2
qid	statement_value	Q47146	4	4
qid	statement_value	Q47146337	1	1
qid	statement_value	Q47150325	1	1
qid	statement_value	Q471771	1	1
qid	statement_value	Q471788	1	1
qid	statement_value	Q471855	1	1
qid	statement_value	Q471861	1	1
qid	statement_value	Q471898	1	1
qid	statement_value	Q47190	1	1
qid	statement_value	Q47223	1	1
qid	statement_value	Q472287	1	1
qid	statement_value	Q472302	1	1
qid	statement_value	Q47253	1	1
qid	statement_value	Q47254010	1	1
qid	statement_value	Q47270	1	1
qid	statement_value	Q47272618	1	1
qid	statement_value	Q472760	1	1
qid	statement_value	Q472773	1	1
qid	statement_value	Q472898	2	2
qid	statement_value	Q472911	1	1
qid	statement_value	Q4729246	1	1
qid	statement_value	Q472971	1	1
qid	statement_value	Q47302058	1	1
qid	statement_value	Q47307	3	3
qid	statement_value	Q47311934	1	1
qid	statement_value	Q47315	1	1
qid	statement_value	Q473194	1	1
qid	statement_value	Q473420	1	1
qid	statement_value	Q473666	1	1
qid	statement_value	Q473686	3	3
qid	statement_value	Q47369	1	1
qid	statement_value	Q473741	1	1
qid	statement_value	Q473746	1	1
qid	statement_value	Q473749	1	1
qid	statement_value	Q473750	1	1
qid	statement_value	Q47398	2	2
qid	statement_value	Q4739805	1	1
qid	statement_value	Q474	1	1
qid	statement_value	Q474100	1	1
qid	statement_value	Q474138	2	2
qid	statement_value	Q474187	2	2
qid	statement_value	Q474191	1	1
qid	statement_value	Q474200	1	1
qid	statement_value	Q474273	1	1
qid	statement_value	Q47433	4	4
qid	statement_value	Q47457067	1	1
qid	statement_value	Q474628	1	1
qid	statement_value	Q474668	1	1
qid	statement_value	Q47472139	1	1
qid	statement_value	Q47491160	1	1
qid	statement_value	Q475000	1	1
qid	statement_value	Q47501755	1	1
qid	statement_value	Q475018	3	3
qid	statement_value	Q47502	1	1
qid	statement_value	Q47506	1	1
qid	statement_value	Q47512	1	1
qid	statement_value	Q47516218	1	1
qid	statement_value	Q47516567	1	1
qid	statement_value	Q47521	1	1
qid	statement_value	Q475210	1	1
qid	statement_value	Q47525110	1	1
qid	statement_value	Q4752891	1	1
qid	statement_value	Q47541952	1	1
qid	statement_value	Q47554	1	1
qid	statement_value	Q475604	1	1
qid	statement_value	Q47568	1	1
qid	statement_value	Q47574	1	1
qid	statement_value	Q476028	1	1
qid	statement_value	Q476033	1	1
qid	statement_value	Q476068	1	1
qid	statement_value	Q476118	1	1
qid	statement_value	Q47616	1	1
qid	statement_value	Q476204	1	1
qid	statement_value	Q476246	1	1
qid	statement_value	Q476300	1	1
qid	statement_value	Q4764	1	1
qid	statement_value	Q476779	1	1
qid	statement_value	Q4767951	1	1
qid	statement_value	Q47722	1	1
qid	statement_value	Q477248	1	1
qid	statement_value	Q47728	2	2
qid	statement_value	Q477298	1	1
qid	statement_value	Q477379	1	1
qid	statement_value	Q4773904	2	2
qid	statement_value	Q4781727	1	1
qid	statement_value	Q4785	1	1
qid	statement_value	Q478515	1	1
qid	statement_value	Q478798	1	1
qid	statement_value	Q47883	2	2
qid	statement_value	Q478871	1	1
qid	statement_value	Q479208	1	1
qid	statement_value	Q47928	1	1
qid	statement_value	Q47988	1	1
qid	statement_value	Q48	3	3
qid	statement_value	Q48013	1	1
qid	statement_value	Q480477	1	1
qid	statement_value	Q481237	1	1
qid	statement_value	Q481289	1	1
qid	statement_value	Q481303	1	1
qid	statement_value	Q48136	2	2
qid	statement_value	Q481428	1	1
qid	statement_value	Q481609	1	1
qid	statement_value	Q4817	1	1
qid	statement_value	Q4817637	1	1
qid	statement_value	Q481808	1	1
qid	statement_value	Q48199	2	2
qid	statement_value	Q482	2	2
qid	statement_value	Q482001	1	1
qid	statement_value	Q48228	2	2
qid	statement_value	Q48240	1	1
qid	statement_value	Q48246	1	1
qid	statement_value	Q4825937	1	1
qid	statement_value	Q48264	1	1
qid	statement_value	Q48277	2	2
qid	statement_value	Q482798	1	1
qid	statement_value	Q482816	1	1
qid	statement_value	Q48282	2	2
qid	statement_value	Q482853	2	2
qid	statement_value	Q4828699	1	1
qid	statement_value	Q482919	2	2
qid	statement_value	Q482942	1	1
qid	statement_value	Q48297	1	1
qid	statement_value	Q482980	3	3
qid	statement_value	Q482994	1	1
qid	statement_value	Q482999	1	1
qid	statement_value	Q483047	1	1
qid	statement_value	Q483110	1	1
qid	statement_value	Q48324	2	2
qid	statement_value	Q483242	1	1
qid	statement_value	Q483247	1	1
qid	statement_value	Q483251	1	1
qid	statement_value	Q483279	1	1
qid	statement_value	Q48332	1	1
qid	statement_value	Q4833830	3	3
qid	statement_value	Q483444	1	1
qid	statement_value	Q48349	4	4
qid	statement_value	Q483501	1	1
qid	statement_value	Q4835091	2	2
qid	statement_value	Q48352	1	1
qid	statement_value	Q483569	2	2
qid	statement_value	Q483634	1	1
qid	statement_value	Q483666	1	1
qid	statement_value	Q483677	1	1
qid	statement_value	Q4838063	2	2
qid	statement_value	Q483985	1	1
qid	statement_value	Q483994	1	1
qid	statement_value	Q484079	1	1
qid	statement_value	Q484105	1	1
qid	statement_value	Q484206	1	1
qid	statement_value	Q48422	4	4
qid	statement_value	Q48428	1	1
qid	statement_value	Q484298	1	1
qid	statement_value	Q48438	1	1
qid	statement_value	Q48444	1	1
qid	statement_value	Q4844560	1	1
qid	statement_value	Q484464	2	2
qid	statement_value	Q484479	1	1
qid	statement_value	Q484495	1	1
qid	statement_value	Q484511	1	1
qid	statement_value	Q484591	2	2
qid	statement_value	Q484692	1	1
qid	statement_value	Q484790	2	2
qid	statement_value	Q484847	1	1
qid	statement_value	Q48492645	1	1
qid	statement_value	Q484937	1	1
qid	statement_value	Q485027	1	1
qid	statement_value	Q485071	1	1
qid	statement_value	Q4851436	1	1
qid	statement_value	Q485150	1	1
qid	statement_value	Q485178	1	1
qid	statement_value	Q4853732	1	1
qid	statement_value	Q4853860	1	1
qid	statement_value	Q4853865	1	1
qid	statement_value	Q485537	2	2
qid	statement_value	Q485762	1	1
qid	statement_value	Q485968	1	1
qid	statement_value	Q486025	1	1
qid	statement_value	Q486050	1	1
qid	statement_value	Q486341	1	1
qid	statement_value	Q486450	1	1
qid	statement_value	Q4865573	1	1
qid	statement_value	Q486748	2	2
qid	statement_value	Q486761	1	1
qid	statement_value	Q4868296	1	1
qid	statement_value	Q486972	1	1
qid	statement_value	Q486975	1	1
qid	statement_value	Q487192	1	1
qid	statement_value	Q487432	2	2
qid	statement_value	Q48753348	1	1
qid	statement_value	Q487596	1	1
qid	statement_value	Q487623	1	1
qid	statement_value	Q4878217	1	1
qid	statement_value	Q488001	1	1
qid	statement_value	Q48802726	1	1
qid	statement_value	Q48803	1	1
qid	statement_value	Q4880490	1	1
qid	statement_value	Q48806	4	4
qid	statement_value	Q488152	1	1
qid	statement_value	Q488205	1	1
qid	statement_value	Q48832	1	1
qid	statement_value	Q488383	1	1
qid	statement_value	Q488431	1	1
qid	statement_value	Q4884527	1	1
qid	statement_value	Q488463	1	1
qid	statement_value	Q489168	6	6
qid	statement_value	Q48930480	1	1
qid	statement_value	Q489357	1	1
qid	statement_value	Q489410	1	1
qid	statement_value	Q48942	5	5
qid	statement_value	Q4895508	1	1
qid	statement_value	Q48963	1	1
qid	statement_value	Q4897819	1	1
qid	statement_value	Q489799	1	1
qid	statement_value	Q49	1	1
qid	statement_value	Q490	4	4
qid	statement_value	Q49005	1	1
qid	statement_value	Q49007	3	3
qid	statement_value	Q49013	1	1
qid	statement_value	Q490149	1	1
qid	statement_value	Q4902580	1	1
qid	statement_value	Q490568	1	1
qid	statement_value	Q490812	1	1
qid	statement_value	Q49085	1	1
qid	statement_value	Q491	1	1
qid	statement_value	Q491361	1	1
qid	statement_value	Q4915	1	1
qid	statement_value	Q4916	1	1
qid	statement_value	Q4917	1	1
qid	statement_value	Q4918	1	1
qid	statement_value	Q4918888	1	1
qid	statement_value	Q492	2	2
qid	statement_value	Q49223	3	3
qid	statement_value	Q4924995	1	1
qid	statement_value	Q4925193	3	3
qid	statement_value	Q4925477	1	1
qid	statement_value	Q4925623	1	1
qid	statement_value	Q4925932	1	1
qid	statement_value	Q4926263	1	1
qid	statement_value	Q4926833	1	1
qid	statement_value	Q4926961	1	1
qid	statement_value	Q4927128	1	1
qid	statement_value	Q4927273	1	1
qid	statement_value	Q4927524	1	1
qid	statement_value	Q4927937	1	1
qid	statement_value	Q492841	1	1
qid	statement_value	Q4929239	1	1
qid	statement_value	Q49295	1	1
qid	statement_value	Q493000	5	5
qid	statement_value	Q493169	1	1
qid	statement_value	Q493171	1	1
qid	statement_value	Q4932206	4	4
qid	statement_value	Q493615	1	1
qid	statement_value	Q49367	1	1
qid	statement_value	Q4936952	1	1
qid	statement_value	Q49371	2	2
qid	statement_value	Q49389	1	1
qid	statement_value	Q49390	1	1
qid	statement_value	Q49391	1	1
qid	statement_value	Q4939235	1	1
qid	statement_value	Q49404	1	1
qid	statement_value	Q494348	1	1
qid	statement_value	Q4944632	1	1
qid	statement_value	Q49447	1	1
qid	statement_value	Q49454141	1	1
qid	statement_value	Q494756	1	1
qid	statement_value	Q49476	1	1
qid	statement_value	Q4951156	1	1
qid	statement_value	Q495307	1	1
qid	statement_value	Q49540	1	1
qid	statement_value	Q49542	1	1
qid	statement_value	Q495857	1	1
qid	statement_value	Q4958876	1	1
qid	statement_value	Q496	4	4
qid	statement_value	Q49614	1	1
qid	statement_value	Q496334	1	1
qid	statement_value	Q496353	1	1
qid	statement_value	Q496417	1	1
qid	statement_value	Q4964182	2	2
qid	statement_value	Q49663249	1	1
qid	statement_value	Q496696	2	2
qid	statement_value	Q496805	1	1
qid	statement_value	Q496946	1	1
qid	statement_value	Q496997	1	1
qid	statement_value	Q497	1	1
qid	statement_value	Q49703	1	1
qid	statement_value	Q4970706	1	1
qid	statement_value	Q497263	1	1
qid	statement_value	Q49737	1	1
qid	statement_value	Q497385	1	1
qid	statement_value	Q49757	5	5
qid	statement_value	Q49762	1	1
qid	statement_value	Q49763	1	1
qid	statement_value	Q49768	1	1
qid	statement_value	Q49773	1	1
qid	statement_value	Q49776	3	3
qid	statement_value	Q497903	1	1
qid	statement_value	Q49833	3	3
qid	statement_value	Q49835	3	3
qid	statement_value	Q49844	1	1
qid	statement_value	Q49845	1	1
qid	statement_value	Q49848	1	1
qid	statement_value	Q49850	1	1
qid	statement_value	Q498807	1	1
qid	statement_value	Q498957	1	1
qid	statement_value	Q4989906	2	2
qid	statement_value	Q499	1	1
qid	statement_value	Q49906	1	1
qid	statement_value	Q4991371	3	3
qid	statement_value	Q499193	1	1
qid	statement_value	Q4993251	2	2
qid	statement_value	Q499327	66316	66316
qid	statement_value	Q499814	1	1
qid	statement_value	Q5	2	2
qid	statement_value	Q500	2	2
qid	statement_value	Q50001	2	2
qid	statement_value	Q500050	1	1
qid	statement_value	Q500094	1	1
qid	statement_value	Q500096	1	1
qid	statement_value	Q500251	1	1
qid	statement_value	Q50030	1	1
qid	statement_value	Q5003365	1	1
qid	statement_value	Q500342	1	1
qid	statement_value	Q5004679	1	1
qid	statement_value	Q500548	1	1
qid	statement_value	Q500634	1	1
qid	statement_value	Q500834	1	1
qid	statement_value	Q50091090	1	1
qid	statement_value	Q501192	1	1
qid	statement_value	Q501390	6	6
qid	statement_value	Q501405	2	2
qid	statement_value	Q501553	1	1
qid	statement_value	Q501846	1	1
qid	statement_value	Q5019497	1	1
qid	statement_value	Q502261	1	1
qid	statement_value	Q5024959	1	1
qid	statement_value	Q5026010	1	1
qid	statement_value	Q5026500	1	1
qid	statement_value	Q502730	1	1
qid	statement_value	Q5027838	1	1
qid	statement_value	Q502931	1	1
qid	statement_value	Q502948	1	1
qid	statement_value	Q503	2	2
qid	statement_value	Q5033171	1	1
qid	statement_value	Q503354	1	1
qid	statement_value	Q503394	1	1
qid	statement_value	Q503482	1	1
qid	statement_value	Q50384157	2	2
qid	statement_value	Q503958	1	1
qid	statement_value	Q503968	1	1
qid	statement_value	Q503992	1	1
qid	statement_value	Q504073	1	1
qid	statement_value	Q50412353	1	1
qid	statement_value	Q5043	2	2
qid	statement_value	Q5046833	1	1
qid	statement_value	Q504703	1	1
qid	statement_value	Q504825	1	1
qid	statement_value	Q504952	1	1
qid	statement_value	Q505115	1	1
qid	statement_value	Q505531	1	1
qid	statement_value	Q505544	1	1
qid	statement_value	Q505619	1	1
qid	statement_value	Q505744	1	1
qid	statement_value	Q505748	1	1
qid	statement_value	Q505774	1	1
qid	statement_value	Q5058137	1	1
qid	statement_value	Q506	1	1
qid	statement_value	Q50600403	1	1
qid	statement_value	Q5060555	1	1
qid	statement_value	Q506240	1	1
qid	statement_value	Q506294	1	1
qid	statement_value	Q506319	1	1
qid	statement_value	Q50636	2	2
qid	statement_value	Q50637	4	4
qid	statement_value	Q50643	1	1
qid	statement_value	Q506461	1	1
qid	statement_value	Q506623	1	1
qid	statement_value	Q506667	1	1
qid	statement_value	Q506710	1	1
qid	statement_value	Q50675	1	1
qid	statement_value	Q50700	1	1
qid	statement_value	Q50701	1	1
qid	statement_value	Q5070208	1	1
qid	statement_value	Q50705	1	1
qid	statement_value	Q5070802	1	1
qid	statement_value	Q507141	1	1
qid	statement_value	Q507255	1	1
qid	statement_value	Q507286	1	1
qid	statement_value	Q5074944	1	1
qid	statement_value	Q507546	1	1
qid	statement_value	Q507559	1	1
qid	statement_value	Q507619	1	1
qid	statement_value	Q508113	1	1
qid	statement_value	Q508291	1	1
qid	statement_value	Q508295	1	1
qid	statement_value	Q5084	1	1
qid	statement_value	Q50844387	1	1
qid	statement_value	Q508846	1	1
qid	statement_value	Q5090	1	1
qid	statement_value	Q5092519	1	1
qid	statement_value	Q5094009	1	1
qid	statement_value	Q5094647	1	1
qid	statement_value	Q5098942	1	1
qid	statement_value	Q51036091	1	1
qid	statement_value	Q510369	1	1
qid	statement_value	Q510474	1	1
qid	statement_value	Q510662	2	2
qid	statement_value	Q5107	2	2
qid	statement_value	Q51073379	1	1
qid	statement_value	Q51073454	1	1
qid	statement_value	Q51073466	1	1
qid	statement_value	Q51073487	1	1
qid	statement_value	Q51073538	1	1
qid	statement_value	Q5110561	1	1
qid	statement_value	Q511138	1	1
qid	statement_value	Q5113	5	5
qid	statement_value	Q511687	1	1
qid	statement_value	Q511823	77	77
qid	statement_value	Q5119	1	1
qid	statement_value	Q511936	1	1
qid	statement_value	Q512187	2	2
qid	statement_value	Q512191	1	1
qid	statement_value	Q512229	1	1
qid	statement_value	Q512442	1	1
qid	statement_value	Q512674	1	1
qid	statement_value	Q5127848	1	1
qid	statement_value	Q51290	1	1
qid	statement_value	Q5130355	1	1
qid	statement_value	Q5133514	1	1
qid	statement_value	Q5135520	1	1
qid	statement_value	Q5137101	1	1
qid	statement_value	Q5138396	1	1
qid	statement_value	Q513847	1	1
qid	statement_value	Q5139011	1	1
qid	statement_value	Q513984	1	1
qid	statement_value	Q514	10	10
qid	statement_value	Q5140284	1	1
qid	statement_value	Q514352	1	1
qid	statement_value	Q51457524	1	1
qid	statement_value	Q5146	1	1
qid	statement_value	Q5147057	1	1
qid	statement_value	Q514725	1	1
qid	statement_value	Q514809	1	1
qid	statement_value	Q515	1	1
qid	statement_value	Q5151	2	2
qid	statement_value	Q5152182	1	1
qid	statement_value	Q515471	1	1
qid	statement_value	Q5155040	1	1
qid	statement_value	Q515593	1	1
qid	statement_value	Q5156834	1	1
qid	statement_value	Q515716	1	1
qid	statement_value	Q51583683	1	1
qid	statement_value	Q51593	1	1
qid	statement_value	Q5159627	1	1
qid	statement_value	Q51597	1	1
qid	statement_value	Q516021	1	1
qid	statement_value	Q516114	1	1
qid	statement_value	Q516195	1	1
qid	statement_value	Q51621	1	1
qid	statement_value	Q51647	1	1
qid	statement_value	Q5165061	1	1
qid	statement_value	Q51669	2	2
qid	statement_value	Q5167149	1	1
qid	statement_value	Q516766	3	3
qid	statement_value	Q516844	1	1
qid	statement_value	Q516992	1	1
qid	statement_value	Q5172842	1	1
qid	statement_value	Q517596	1	1
qid	statement_value	Q517760	1	1
qid	statement_value	Q5177890	2	2
qid	statement_value	Q5179193	1	1
qid	statement_value	Q51792113	3	3
qid	statement_value	Q517966	1	1
qid	statement_value	Q518261	1	1
qid	statement_value	Q518350	1	1
qid	statement_value	Q518371	1	1
qid	statement_value	Q5184855	1	1
qid	statement_value	Q5185279	3	3
qid	statement_value	Q51885771	1	1
qid	statement_value	Q519	1	1
qid	statement_value	Q519076	1	1
qid	statement_value	Q519093	1	1
qid	statement_value	Q5191724	1	1
qid	statement_value	Q51927539	1	1
qid	statement_value	Q51929049	3	3
qid	statement_value	Q51929074	10	10
qid	statement_value	Q51929218	1	1
qid	statement_value	Q51929369	1	1
qid	statement_value	Q51929403	2	2
qid	statement_value	Q519410	1	1
qid	statement_value	Q5194627	1	1
qid	statement_value	Q51977	1	1
qid	statement_value	Q51993	1	1
qid	statement_value	Q52	2	2
qid	statement_value	Q52019992	1	1
qid	statement_value	Q520549	2	2
qid	statement_value	Q52075540	1	1
qid	statement_value	Q52105	2	2
qid	statement_value	Q52109	1	1
qid	statement_value	Q52139	2	2
qid	statement_value	Q52145382	1	1
qid	statement_value	Q5218	1	1
qid	statement_value	Q521918	1	1
qid	statement_value	Q522994	1	1
qid	statement_value	Q523	2	2
qid	statement_value	Q523224	1	1
qid	statement_value	Q523489	1	1
qid	statement_value	Q523490	1	1
qid	statement_value	Q52353	1	1
qid	statement_value	Q523536	1	1
qid	statement_value	Q52383	1	1
qid	statement_value	Q52389	1	1
qid	statement_value	Q524158	1	1
qid	statement_value	Q524410	1	1
qid	statement_value	Q524524	1	1
qid	statement_value	Q524572	1	1
qid	statement_value	Q524648	1	1
qid	statement_value	Q524778	1	1
qid	statement_value	Q524856	1	1
qid	statement_value	Q525	2	2
qid	statement_value	Q5256427	1	1
qid	statement_value	Q52572620	1	1
qid	statement_value	Q525800	1	1
qid	statement_value	Q5259001	1	1
qid	statement_value	Q526016	1	1
qid	statement_value	Q52631	1	1
qid	statement_value	Q52636	1	1
qid	statement_value	Q52643	1	1
qid	statement_value	Q5266196	1	1
qid	statement_value	Q527	1	1
qid	statement_value	Q527091	1	1
qid	statement_value	Q527395	1	1
qid	statement_value	Q5275945	1	1
qid	statement_value	Q52769526	1	1
qid	statement_value	Q5281650	1	1
qid	statement_value	Q528166	1	1
qid	statement_value	Q5282797	1	1
qid	statement_value	Q5282965	1	1
qid	statement_value	Q5283	1	1
qid	statement_value	Q5283100	1	1
qid	statement_value	Q5283295	1	1
qid	statement_value	Q5283631	1	1
qid	statement_value	Q5284375	1	1
qid	statement_value	Q5284423	1	1
qid	statement_value	Q52858	1	1
qid	statement_value	Q52862	1	1
qid	statement_value	Q5287	1	1
qid	statement_value	Q52875	2	2
qid	statement_value	Q528892	1	1
qid	statement_value	Q5290	3	3
qid	statement_value	Q5292	1	1
qid	statement_value	Q5293	1	1
qid	statement_value	Q5294	1	1
qid	statement_value	Q52943	3	3
qid	statement_value	Q52946	2	2
qid	statement_value	Q52948	1	1
qid	statement_value	Q52954	1	1
qid	statement_value	Q5297	1	1
qid	statement_value	Q529711	2	2
qid	statement_value	Q5297216	1	1
qid	statement_value	Q5302924	1	1
qid	statement_value	Q5305992	1	1
qid	statement_value	Q53060	1	1
qid	statement_value	Q530935	1	1
qid	statement_value	Q531	1	1
qid	statement_value	Q53121	2	2
qid	statement_value	Q532	11	11
qid	statement_value	Q5320	1	1
qid	statement_value	Q5321	1	1
qid	statement_value	Q5322	1	1
qid	statement_value	Q5322166	1	1
qid	statement_value	Q5325	1	1
qid	statement_value	Q5325309	1	1
qid	statement_value	Q5329	1	1
qid	statement_value	Q533210	1	1
qid	statement_value	Q5333090	1	1
qid	statement_value	Q533668	1	1
qid	statement_value	Q5338825	1	1
qid	statement_value	Q5339	1	1
qid	statement_value	Q53463	1	1
qid	statement_value	Q53467	1	1
qid	statement_value	Q5347044	1	1
qid	statement_value	Q534799	1	1
qid	statement_value	Q534853	1	1
qid	statement_value	Q534932	1	1
qid	statement_value	Q535061	1	1
qid	statement_value	Q5352191	1	1
qid	statement_value	Q535695	1	1
qid	statement_value	Q5358497	1	1
qid	statement_value	Q535863	1	1
qid	statement_value	Q5361217	1	1
qid	statement_value	Q536135	1	1
qid	statement_value	Q536168	1	1
qid	statement_value	Q5369	1	1
qid	statement_value	Q53706	2	2
qid	statement_value	Q5372	2	2
qid	statement_value	Q5372066	1	1
qid	statement_value	Q537250	1	1
qid	statement_value	Q537297	1	1
qid	statement_value	Q537460	1	1
qid	statement_value	Q53748108	1	1
qid	statement_value	Q5375326	1	1
qid	statement_value	Q53754	1	1
qid	statement_value	Q53759838	1	1
qid	statement_value	Q5376358	1	1
qid	statement_value	Q5377	1	1
qid	statement_value	Q537963	4	4
qid	statement_value	Q537981	1	1
qid	statement_value	Q538	1	1
qid	statement_value	Q53815	1	1
qid	statement_value	Q53831	1	1
qid	statement_value	Q5389	1	1
qid	statement_value	Q538906	1	1
qid	statement_value	Q538992	1	1
qid	statement_value	Q539051	1	1
qid	statement_value	Q5390664	1	1
qid	statement_value	Q53907	1	1
qid	statement_value	Q539310	1	1
qid	statement_value	Q5398426	2	2
qid	statement_value	Q540229	1	1
qid	statement_value	Q54050	1	1
qid	statement_value	Q540614	1	1
qid	statement_value	Q5406635	1	1
qid	statement_value	Q540885	1	1
qid	statement_value	Q5409930	1	1
qid	statement_value	Q54114	1	1
qid	statement_value	Q541194	1	1
qid	statement_value	Q5412715	1	1
qid	statement_value	Q54128	3	3
qid	statement_value	Q5413585	1	1
qid	statement_value	Q54165684	1	1
qid	statement_value	Q54166669	1	1
qid	statement_value	Q542	2	2
qid	statement_value	Q5420623	1	1
qid	statement_value	Q54233001	1	1
qid	statement_value	Q54259	2	2
qid	statement_value	Q5428	1	1
qid	statement_value	Q542869	1	1
qid	statement_value	Q542929	1	1
qid	statement_value	Q543	2	2
qid	statement_value	Q543190	1	1
qid	statement_value	Q5432619	1	1
qid	statement_value	Q543694	1	1
qid	statement_value	Q5437342	1	1
qid	statement_value	Q543736	1	1
qid	statement_value	Q54389	1	1
qid	statement_value	Q543929	1	1
qid	statement_value	Q5441157	1	1
qid	statement_value	Q54434237	1	1
qid	statement_value	Q54440109	20	20
qid	statement_value	Q5447188	1	1
qid	statement_value	Q544736	1	1
qid	statement_value	Q544858	1	1
qid	statement_value	Q544972	1	1
qid	statement_value	Q545	1	1
qid	statement_value	Q5450125	1	1
qid	statement_value	Q54505	1	1
qid	statement_value	Q5452918	1	1
qid	statement_value	Q5454668	1	1
qid	statement_value	Q5455155	1	1
qid	statement_value	Q54556042	1	1
qid	statement_value	Q545609	1	1
qid	statement_value	Q5456361	1	1
qid	statement_value	Q5456378	1	1
qid	statement_value	Q545779	105	104
qid	statement_value	Q545825	2	2
qid	statement_value	Q545861	1	1
qid	statement_value	Q545981	1	1
qid	statement_value	Q546	1	1
qid	statement_value	Q5462119	1	1
qid	statement_value	Q54622776	1	1
qid	statement_value	Q5462977	1	1
qid	statement_value	Q5464307	1	1
qid	statement_value	Q546583	1	1
qid	statement_value	Q547751	1	1
qid	statement_value	Q547833	1	1
qid	statement_value	Q54795	1	1
qid	statement_value	Q54804276	1	1
qid	statement_value	Q54806642	1	1
qid	statement_value	Q54820068	1	1
qid	statement_value	Q5482740	3	3
qid	statement_value	Q54831	1	1
qid	statement_value	Q548320	1	1
qid	statement_value	Q548662	1	1
qid	statement_value	Q5492045	1	1
qid	statement_value	Q549276	1	1
qid	statement_value	Q5493340	1	1
qid	statement_value	Q54943392	2	2
qid	statement_value	Q54951669	2	2
qid	statement_value	Q55	3	3
qid	statement_value	Q5503	2	2
qid	statement_value	Q550458	1	1
qid	statement_value	Q5505	1	1
qid	statement_value	Q550675	1	1
qid	statement_value	Q55071809	1	1
qid	statement_value	Q550874	1	1
qid	statement_value	Q55091534	1	1
qid	statement_value	Q55094451	8	8
qid	statement_value	Q5513	1	1
qid	statement_value	Q55176871	1	1
qid	statement_value	Q551800	3	3
qid	statement_value	Q551997	1	1
qid	statement_value	Q5522421	1	1
qid	statement_value	Q552378	2	2
qid	statement_value	Q55237917	1	1
qid	statement_value	Q552461	1	1
qid	statement_value	Q5526694	1	1
qid	statement_value	Q553	1	1
qid	statement_value	Q55315265	1	1
qid	statement_value	Q5531654	1	1
qid	statement_value	Q5532664	1	1
qid	statement_value	Q55336315	1	1
qid	statement_value	Q55372	1	1
qid	statement_value	Q554388	1	1
qid	statement_value	Q554774	1	1
qid	statement_value	Q55488	3	3
qid	statement_value	Q5551966	1	1
qid	statement_value	Q55557062	2	2
qid	statement_value	Q555631	1	1
qid	statement_value	Q555853	1	1
qid	statement_value	Q555882	5	5
qid	statement_value	Q556	3	3
qid	statement_value	Q55608176	1	1
qid	statement_value	Q556186	1	1
qid	statement_value	Q55631411	1	1
qid	statement_value	Q55653	1	1
qid	statement_value	Q55698471	2	2
qid	statement_value	Q55698475	1	1
qid	statement_value	Q557051	1	1
qid	statement_value	Q55719239	3	3
qid	statement_value	Q557685	1	1
qid	statement_value	Q557945	1	1
qid	statement_value	Q558066	1	1
qid	statement_value	Q55806838	1	1
qid	statement_value	Q55810	1	1
qid	statement_value	Q55813	1	1
qid	statement_value	Q55818	3	3
qid	statement_value	Q558625	1	1
qid	statement_value	Q55869134	1	1
qid	statement_value	Q55880370	1	1
qid	statement_value	Q559045	2	2
qid	statement_value	Q55919789	1	1
qid	statement_value	Q55935272	1	1
qid	statement_value	Q55946519	1	1
qid	statement_value	Q55947977	1	1
qid	statement_value	Q55978898	2	2
qid	statement_value	Q560	1	1
qid	statement_value	Q56010	1	1
qid	statement_value	Q56013	1	1
qid	statement_value	Q56022	2	2
qid	statement_value	Q56025	1	1
qid	statement_value	Q56026869	1	1
qid	statement_value	Q56036	1	1
qid	statement_value	Q560361	1	1
qid	statement_value	Q56042940	1	1
qid	statement_value	Q56043447	1	1
qid	statement_value	Q56055236	1	1
qid	statement_value	Q560570	1	1
qid	statement_value	Q56071807	1	1
qid	statement_value	Q56091033	1	1
qid	statement_value	Q5610543	1	1
qid	statement_value	Q561071	1	1
qid	statement_value	Q5610983	1	1
qid	statement_value	Q56119332	1	1
qid	statement_value	Q561431	1	1
qid	statement_value	Q56155	1	1
qid	statement_value	Q561904	1	1
qid	statement_value	Q562061	1	1
qid	statement_value	Q5621421	1	1
qid	statement_value	Q562166	1	1
qid	statement_value	Q5622	1	1
qid	statement_value	Q56229027	1	1
qid	statement_value	Q56239758	1	1
qid	statement_value	Q56245086	1	1
qid	statement_value	Q56274009	3	3
qid	statement_value	Q56275020	1	1
qid	statement_value	Q56296527	1	1
qid	statement_value	Q56296532	1	1
qid	statement_value	Q56296564	1	1
qid	statement_value	Q56296569	1	1
qid	statement_value	Q56296627	1	1
qid	statement_value	Q56296706	1	1
qid	statement_value	Q56296786	1	1
qid	statement_value	Q56296830	1	1
qid	statement_value	Q56296837	1	1
qid	statement_value	Q56297555	1	1
qid	statement_value	Q56297636	1	1
qid	statement_value	Q56297654	1	1
qid	statement_value	Q56298363	1	1
qid	statement_value	Q56298508	1	1
qid	statement_value	Q56298895	1	1
qid	statement_value	Q56299172	1	1
qid	statement_value	Q56299530	1	1
qid	statement_value	Q56312891	1	1
qid	statement_value	Q56313250	1	1
qid	statement_value	Q56324271	1	1
qid	statement_value	Q5633421	1	1
qid	statement_value	Q5633897	1	1
qid	statement_value	Q56345406	1	1
qid	statement_value	Q563500	1	1
qid	statement_value	Q56351075	1	1
qid	statement_value	Q56353377	1	1
qid	statement_value	Q5636358	1	1
qid	statement_value	Q5637247	1	1
qid	statement_value	Q563787	2	2
qid	statement_value	Q5638	3	3
qid	statement_value	Q5638464	1	1
qid	statement_value	Q5639	1	1
qid	statement_value	Q5639312	1	1
qid	statement_value	Q564	1	1
qid	statement_value	Q56402798	1	1
qid	statement_value	Q56404522	1	1
qid	statement_value	Q564334	1	1
qid	statement_value	Q56448845	1	1
qid	statement_value	Q56463	1	1
qid	statement_value	Q564684	1	1
qid	statement_value	Q56475664	1	1
qid	statement_value	Q56486129	1	1
qid	statement_value	Q5649223	1	1
qid	statement_value	Q56512863	1	1
qid	statement_value	Q56557627	1	1
qid	statement_value	Q56572789	1	1
qid	statement_value	Q565858	1	1
qid	statement_value	Q56604441	1	1
qid	statement_value	Q56604605	1	1
qid	statement_value	Q566131	1	1
qid	statement_value	Q56648173	1	1
qid	statement_value	Q56676227	1	1
qid	statement_value	Q56681885	1	1
qid	statement_value	Q56682890	2	2
qid	statement_value	Q566889	1	1
qid	statement_value	Q567303	1	1
qid	statement_value	Q56736939	1	1
qid	statement_value	Q56741	1	1
qid	statement_value	Q5674297	1	1
qid	statement_value	Q567549	1	1
qid	statement_value	Q567552	1	1
qid	statement_value	Q567553	1	1
qid	statement_value	Q567555	1	1
qid	statement_value	Q567560	1	1
qid	statement_value	Q567586	1	1
qid	statement_value	Q567688	1	1
qid	statement_value	Q567696	1	1
qid	statement_value	Q568	1	1
qid	statement_value	Q568192	1	1
qid	statement_value	Q568285	2	2
qid	statement_value	Q568469	1	1
qid	statement_value	Q568605	1	1
qid	statement_value	Q568678	1	1
qid	statement_value	Q568682	1	1
qid	statement_value	Q56876983	1	1
qid	statement_value	Q56882984	1	1
qid	statement_value	Q56884373	1	1
qid	statement_value	Q568954	1	1
qid	statement_value	Q569	1	1
qid	statement_value	Q569410	1	1
qid	statement_value	Q5697103	1	1
qid	statement_value	Q569965	1	1
qid	statement_value	Q570	1	1
qid	statement_value	Q570018	1	1
qid	statement_value	Q570116	1	1
qid	statement_value	Q570364	1	1
qid	statement_value	Q570597	1	1
qid	statement_value	Q570623	1	1
qid	statement_value	Q570714	1	1
qid	statement_value	Q5707594	1	1
qid	statement_value	Q570871	3	3
qid	statement_value	Q571	2	2
qid	statement_value	Q571251	2	2
qid	statement_value	Q57145	1	1
qid	statement_value	Q571571	3	3
qid	statement_value	Q571587	1	1
qid	statement_value	Q5716684	2	2
qid	statement_value	Q57191389	1	1
qid	statement_value	Q57196790	2	2
qid	statement_value	Q57199527	3	3
qid	statement_value	Q57216	1	1
qid	statement_value	Q57223	2	2
qid	statement_value	Q572267	1	1
qid	statement_value	Q57260825	1	1
qid	statement_value	Q5726355	1	1
qid	statement_value	Q57263560	4	4
qid	statement_value	Q5726634	1	1
qid	statement_value	Q572700	1	1
qid	statement_value	Q57271473	1	1
qid	statement_value	Q572824	1	1
qid	statement_value	Q5728362	1	1
qid	statement_value	Q573	1	1
qid	statement_value	Q57305	1	1
qid	statement_value	Q57312630	1	1
qid	statement_value	Q57328174	1	1
qid	statement_value	Q573344	1	1
qid	statement_value	Q57354899	1	1
qid	statement_value	Q573766	1	1
qid	statement_value	Q57385855	1	1
qid	statement_value	Q573863	2	2
qid	statement_value	Q573970	1	1
qid	statement_value	Q573994	1	1
qid	statement_value	Q574	2	2
qid	statement_value	Q5741069	1	1
qid	statement_value	Q5742644	1	1
qid	statement_value	Q574282	1	1
qid	statement_value	Q574360	1	1
qid	statement_value	Q574433	1	1
qid	statement_value	Q57445378	1	1
qid	statement_value	Q574578	1	1
qid	statement_value	Q574638	1	1
qid	statement_value	Q574922	1	1
qid	statement_value	Q57495609	19	19
qid	statement_value	Q57498347	1	1
qid	statement_value	Q575	1	1
qid	statement_value	Q575625	1	1
qid	statement_value	Q575759	1	1
qid	statement_value	Q575970	1	1
qid	statement_value	Q57598	1	1
qid	statement_value	Q57607	1	1
qid	statement_value	Q57655614	1	1
qid	statement_value	Q57656942	1	1
qid	statement_value	Q5767753	1	1
qid	statement_value	Q577	1	1
qid	statement_value	Q577011	1	1
qid	statement_value	Q57726720	1	1
qid	statement_value	Q57743	1	1
qid	statement_value	Q577586	1	1
qid	statement_value	Q577714	1	1
qid	statement_value	Q57774188	1	1
qid	statement_value	Q577947	2	2
qid	statement_value	Q578	1	1
qid	statement_value	Q5780518	1	1
qid	statement_value	Q5780945	1	1
qid	statement_value	Q578109	1	1
qid	statement_value	Q57817980	1	1
qid	statement_value	Q57821	1	1
qid	statement_value	Q578307	1	1
qid	statement_value	Q57831	1	1
qid	statement_value	Q578372	1	1
qid	statement_value	Q5783893	1	1
qid	statement_value	Q5784097	1	1
qid	statement_value	Q5785	2	2
qid	statement_value	Q579021	1	1
qid	statement_value	Q57920413	1	1
qid	statement_value	Q5793767	1	1
qid	statement_value	Q579772	1	1
qid	statement_value	Q58	4	4
qid	statement_value	Q58004721	1	1
qid	statement_value	Q58037997	1	1
qid	statement_value	Q580499	1	1
qid	statement_value	Q58093	1	1
qid	statement_value	Q58148	1	1
qid	statement_value	Q58162	1	1
qid	statement_value	Q581817	1	1
qid	statement_value	Q581851	1	1
qid	statement_value	Q582062	1	1
qid	statement_value	Q582102	1	1
qid	statement_value	Q58233068	17	17
qid	statement_value	Q5824490	1	1
qid	statement_value	Q582479	1	1
qid	statement_value	Q582577	1	1
qid	statement_value	Q58265	1	1
qid	statement_value	Q582779	1	1
qid	statement_value	Q582794	1	1
qid	statement_value	Q583271	1	1
qid	statement_value	Q5834964	1	1
qid	statement_value	Q58350993	1	1
qid	statement_value	Q583582	1	1
qid	statement_value	Q58363586	1	1
qid	statement_value	Q584	1	1
qid	statement_value	Q5840	2	2
qid	statement_value	Q584093	1	1
qid	statement_value	Q584135	1	1
qid	statement_value	Q584205	1	1
qid	statement_value	Q584301	1	1
qid	statement_value	Q5845154	1	1
qid	statement_value	Q584571	1	1
qid	statement_value	Q5847	1	1
qid	statement_value	Q5849500	3	3
qid	statement_value	Q5849904	1	1
qid	statement_value	Q585	1	1
qid	statement_value	Q5852	1	1
qid	statement_value	Q5856	1	1
qid	statement_value	Q585959	1	1
qid	statement_value	Q586	2	2
qid	statement_value	Q58621988	1	1
qid	statement_value	Q586651	1	1
qid	statement_value	Q5867051	1	1
qid	statement_value	Q58677	1	1
qid	statement_value	Q5867959	1	1
qid	statement_value	Q58679993	1	1
qid	statement_value	Q58680	2	2
qid	statement_value	Q5869	1	1
qid	statement_value	Q58691134	200	200
qid	statement_value	Q58697	2	2
qid	statement_value	Q587225	1	1
qid	statement_value	Q5873	15	15
qid	statement_value	Q587334	1	1
qid	statement_value	Q58734	3	3
qid	statement_value	Q587465	1	1
qid	statement_value	Q5875	1	1
qid	statement_value	Q58778	1	1
qid	statement_value	Q58795659	1	1
qid	statement_value	Q587972	1	1
qid	statement_value	Q5880	4	4
qid	statement_value	Q58803	1	1
qid	statement_value	Q5881191	1	1
qid	statement_value	Q58837291	1	1
qid	statement_value	Q5887	1	1
qid	statement_value	Q58893412	2	2
qid	statement_value	Q589	3	3
qid	statement_value	Q58903	1	1
qid	statement_value	Q5891	2	2
qid	statement_value	Q58917	2	2
qid	statement_value	Q589298	4	4
qid	statement_value	Q58952	1	1
qid	statement_value	Q58959	1	1
qid	statement_value	Q58964	2	2
qid	statement_value	Q59057226	1	1
qid	statement_value	Q590870	2	2
qid	statement_value	Q591250	1	1
qid	statement_value	Q5915321	1	1
qid	statement_value	Q5915560	1	1
qid	statement_value	Q5915917	1	1
qid	statement_value	Q5916	8	8
qid	statement_value	Q591615	1	1
qid	statement_value	Q591644	1	1
qid	statement_value	Q59170	1	1
qid	statement_value	Q59172	1	1
qid	statement_value	Q592	2	2
qid	statement_value	Q59221146	1	1
qid	statement_value	Q59243176	1	1
qid	statement_value	Q592442	1	1
qid	statement_value	Q59247542	1	1
qid	statement_value	Q59284585	1	1
qid	statement_value	Q592996	1	1
qid	statement_value	Q593011	1	1
qid	statement_value	Q593132	1	1
qid	statement_value	Q59344320	1	1
qid	statement_value	Q5935823	1	1
qid	statement_value	Q593644	2	2
qid	statement_value	Q593676	1	1
qid	statement_value	Q593682	1	1
qid	statement_value	Q593744	1	1
qid	statement_value	Q593966	1	1
qid	statement_value	Q595094	3	3
qid	statement_value	Q595170	1	1
qid	statement_value	Q59541	1	1
qid	statement_value	Q59555084	1	1
qid	statement_value	Q59564056	1	1
qid	statement_value	Q595658	1	1
qid	statement_value	Q595703	1	1
qid	statement_value	Q595713	1	1
qid	statement_value	Q595871	2	2
qid	statement_value	Q596033	1	1
qid	statement_value	Q5960345	1	1
qid	statement_value	Q596044	1	1
qid	statement_value	Q596321	1	1
qid	statement_value	Q59659860	1	1
qid	statement_value	Q59668787	1	1
qid	statement_value	Q59677	1	1
qid	statement_value	Q597	1	1
qid	statement_value	Q5972793	3	3
qid	statement_value	Q59779164	1	1
qid	statement_value	Q5978719	1	1
qid	statement_value	Q59817493	1	1
qid	statement_value	Q59822694	1	1
qid	statement_value	Q59835149	1	1
qid	statement_value	Q59864995	1	1
qid	statement_value	Q59908	1	1
qid	statement_value	Q5992509	2	2
qid	statement_value	Q599312	1	1
qid	statement_value	Q59938438	1	1
qid	statement_value	Q5994	2	2
qid	statement_value	Q5996900	2	2
qid	statement_value	Q599797	1	1
qid	statement_value	Q5998388	1	1
qid	statement_value	Q599901	1	1
qid	statement_value	Q599999	1	1
qid	statement_value	Q600134	1	1
qid	statement_value	Q600204	1	1
qid	statement_value	Q600236	1	1
qid	statement_value	Q600396	1	1
qid	statement_value	Q600499	12	12
qid	statement_value	Q60054001	1	1
qid	statement_value	Q600571	3	3
qid	statement_value	Q600751	1	1
qid	statement_value	Q60077401	1	1
qid	statement_value	Q600809	1	1
qid	statement_value	Q6010	1	1
qid	statement_value	Q601053	1	1
qid	statement_value	Q601401	2	2
qid	statement_value	Q601660	1	1
qid	statement_value	Q60168	1	1
qid	statement_value	Q60186	1	1
qid	statement_value	Q6021531	1	1
qid	statement_value	Q6021804	1	1
qid	statement_value	Q60227	2	2
qid	statement_value	Q60235	1	1
qid	statement_value	Q602418	1	1
qid	statement_value	Q60242	1	1
qid	statement_value	Q602446	2	2
qid	statement_value	Q60250554	1	1
qid	statement_value	Q6031064	1	1
qid	statement_value	Q6035384	1	1
qid	statement_value	Q603773	3	3
qid	statement_value	Q6040843	1	1
qid	statement_value	Q604276	1	1
qid	statement_value	Q6044645	1	1
qid	statement_value	Q60458657	2	2
qid	statement_value	Q604712	2	2
qid	statement_value	Q604733	1	1
qid	statement_value	Q604973	1	1
qid	statement_value	Q604984	1330	1330
qid	statement_value	Q605035	1	1
qid	statement_value	Q605076	1	1
qid	statement_value	Q605088	1	1
qid	statement_value	Q6051619	1	1
qid	statement_value	Q605384	2	2
qid	statement_value	Q6055890	1	1
qid	statement_value	Q605630	1	1
qid	statement_value	Q605704	1	1
qid	statement_value	Q60617211	1	1
qid	statement_value	Q606196	1	1
qid	statement_value	Q606332	1	1
qid	statement_value	Q606431	1	1
qid	statement_value	Q60655	3594	3594
qid	statement_value	Q60670	1	1
qid	statement_value	Q606777	1	1
qid	statement_value	Q60687737	1	1
qid	statement_value	Q607241	1	1
qid	statement_value	Q60733114	1	1
qid	statement_value	Q607538	2	2
qid	statement_value	Q607600	1	1
qid	statement_value	Q607619	1	1
qid	statement_value	Q60797	1	1
qid	statement_value	Q608	1	1
qid	statement_value	Q60823694	1	1
qid	statement_value	Q608353	2	2
qid	statement_value	Q608441	2	2
qid	statement_value	Q60844538	1	1
qid	statement_value	Q60848614	1	1
qid	statement_value	Q6087062	2	2
qid	statement_value	Q609111	1	1
qid	statement_value	Q6091500	1	1
qid	statement_value	Q60933643	1	1
qid	statement_value	Q609408	1	1
qid	statement_value	Q6095039	1	1
qid	statement_value	Q609507	1	1
qid	statement_value	Q60960	2	2
qid	statement_value	Q609697	2	2
qid	statement_value	Q6097	1	1
qid	statement_value	Q60974984	1	1
qid	statement_value	Q60982402	1	1
qid	statement_value	Q60982747	1	1
qid	statement_value	Q60982950	1	1
qid	statement_value	Q60983064	1	1
qid	statement_value	Q60983231	1	1
qid	statement_value	Q60983330	1	1
qid	statement_value	Q6099	1	1
qid	statement_value	Q60998096	1	1
qid	statement_value	Q60998106	2	2
qid	statement_value	Q61002	1	1
qid	statement_value	Q61022630	1	1
qid	statement_value	Q61037771	5	5
qid	statement_value	Q61046048	1	1
qid	statement_value	Q61046162	1	1
qid	statement_value	Q61048378	2	2
qid	statement_value	Q61054444	1	1
qid	statement_value	Q6105867	1	1
qid	statement_value	Q61061	1	1
qid	statement_value	Q61065	1	1
qid	statement_value	Q61127496	1	1
qid	statement_value	Q6116659	1	1
qid	statement_value	Q611843	2	2
qid	statement_value	Q612139	1	1
qid	statement_value	Q61231	1	1
qid	statement_value	Q6128	1	1
qid	statement_value	Q61285	1	1
qid	statement_value	Q613087	1	1
qid	statement_value	Q613142	1	1
qid	statement_value	Q613252	1	1
qid	statement_value	Q613354	6	6
qid	statement_value	Q6136054	2	2
qid	statement_value	Q61366396	1461	1461
qid	statement_value	Q613707	1	1
qid	statement_value	Q613813	1	1
qid	statement_value	Q6138528	1	1
qid	statement_value	Q614112	1	1
qid	statement_value	Q614278	1	1
qid	statement_value	Q614307	1	1
qid	statement_value	Q614341	1	1
qid	statement_value	Q614467	1	1
qid	statement_value	Q6147194	1	1
qid	statement_value	Q6147804	1	1
qid	statement_value	Q614806	1	1
qid	statement_value	Q61484551	1	1
qid	statement_value	Q6149036	1	1
qid	statement_value	Q61503220	1	1
qid	statement_value	Q61505177	1	1
qid	statement_value	Q615057	2	2
qid	statement_value	Q61509	5	5
qid	statement_value	Q6151352	1	1
qid	statement_value	Q615263	1	1
qid	statement_value	Q615810	1	1
qid	statement_value	Q6160	1	1
qid	statement_value	Q6163881	1	1
qid	statement_value	Q616803	2	2
qid	statement_value	Q617	1	1
qid	statement_value	Q6171655	1	1
qid	statement_value	Q617224	1	1
qid	statement_value	Q61771602	1	1
qid	statement_value	Q618	1	1
qid	statement_value	Q618211	1	1
qid	statement_value	Q618322	1	1
qid	statement_value	Q618345	1	1
qid	statement_value	Q618351	1	1
qid	statement_value	Q618355	1	1
qid	statement_value	Q618389	1	1
qid	statement_value	Q61847	1	1
qid	statement_value	Q618532	2	2
qid	statement_value	Q618536	1	1
qid	statement_value	Q6186	1	1
qid	statement_value	Q618710	1	1
qid	statement_value	Q618760	1	1
qid	statement_value	Q618779	2	2
qid	statement_value	Q61888328	1	1
qid	statement_value	Q62	1	1
qid	statement_value	Q620207	2	2
qid	statement_value	Q62023201	1	1
qid	statement_value	Q620347	1	1
qid	statement_value	Q620573	1	1
qid	statement_value	Q6206	1	1
qid	statement_value	Q620615	1	1
qid	statement_value	Q62069734	1	1
qid	statement_value	Q620920	1	1
qid	statement_value	Q621114	1	1
qid	statement_value	Q621184	2	2
qid	statement_value	Q621206	2	2
qid	statement_value	Q62155	1	1
qid	statement_value	Q621608	1	1
qid	statement_value	Q6221	1	1
qid	statement_value	Q622217	1	1
qid	statement_value	Q6223	1	1
qid	statement_value	Q622360	1	1
qid	statement_value	Q622404	2	2
qid	statement_value	Q622425	1	1
qid	statement_value	Q622508	1	1
qid	statement_value	Q622527	2	2
qid	statement_value	Q622563	1	1
qid	statement_value	Q622601	1	1
qid	statement_value	Q622604	1	1
qid	statement_value	Q622645	1	1
qid	statement_value	Q622821	1	1
qid	statement_value	Q622852	1	1
qid	statement_value	Q623	1	1
qid	statement_value	Q623109	1	1
qid	statement_value	Q623293	1	1
qid	statement_value	Q623306	1	1
qid	statement_value	Q62333423	1	1
qid	statement_value	Q62336322	1	1
qid	statement_value	Q62336352	1	1
qid	statement_value	Q62337274	1	1
qid	statement_value	Q6235	1	1
qid	statement_value	Q623727	1	1
qid	statement_value	Q623742	1	1
qid	statement_value	Q62398912	1	1
qid	statement_value	Q624004	1	1
qid	statement_value	Q624114	1	1
qid	statement_value	Q62447	1	1
qid	statement_value	Q624482	1	1
qid	statement_value	Q6247	1	1
qid	statement_value	Q62474322	2	2
qid	statement_value	Q624896	1	1
qid	statement_value	Q62513167	1	1
qid	statement_value	Q625145	5	5
qid	statement_value	Q625160	1	1
qid	statement_value	Q625298	1	1
qid	statement_value	Q62537812	1	1
qid	statement_value	Q625420	1	1
qid	statement_value	Q625510	1	1
qid	statement_value	Q6256	1	1
qid	statement_value	Q62595564	1	1
qid	statement_value	Q625994	2	2
qid	statement_value	Q62602544	1	1
qid	statement_value	Q626035	1	1
qid	statement_value	Q626268	1	1
qid	statement_value	Q62628047	1	1
qid	statement_value	Q626292	1	1
qid	statement_value	Q626510	1	1
qid	statement_value	Q6266	1	1
qid	statement_value	Q627	2	2
qid	statement_value	Q62706465	1	1
qid	statement_value	Q627153	1	1
qid	statement_value	Q627189	1	1
qid	statement_value	Q627325	1	1
qid	statement_value	Q627329	1	1
qid	statement_value	Q627436	1	1
qid	statement_value	Q627487	1	1
qid	statement_value	Q62760	1	1
qid	statement_value	Q627861	1	1
qid	statement_value	Q627994	1	1
qid	statement_value	Q628	1	1
qid	statement_value	Q628099	1	1
qid	statement_value	Q628179	1	1
qid	statement_value	Q628191	1	1
qid	statement_value	Q628235	1	1
qid	statement_value	Q62832	1	1
qid	statement_value	Q628403	2	2
qid	statement_value	Q628523	2	2
qid	statement_value	Q628538	1	1
qid	statement_value	Q628562	1	1
qid	statement_value	Q628681	1	1
qid	statement_value	Q628764	1	1
qid	statement_value	Q628858	1	1
qid	statement_value	Q628895	1	1
qid	statement_value	Q628939	1	1
qid	statement_value	Q629	2	2
qid	statement_value	Q629029	1	1
qid	statement_value	Q629275	1	1
qid	statement_value	Q629350	1	1
qid	statement_value	Q629413	1	1
qid	statement_value	Q62955	1	1
qid	statement_value	Q629593	1	1
qid	statement_value	Q6298851	1	1
qid	statement_value	Q6300902	1	1
qid	statement_value	Q6301005	1	1
qid	statement_value	Q630830	1	1
qid	statement_value	Q6309581	1	1
qid	statement_value	Q63116	4	4
qid	statement_value	Q631193	1	1
qid	statement_value	Q6313217	1	1
qid	statement_value	Q63139227	1	1
qid	statement_value	Q63139304	1	1
qid	statement_value	Q631425	2	2
qid	statement_value	Q6316865	1	1
qid	statement_value	Q63187424	1	1
qid	statement_value	Q632346	2	2
qid	statement_value	Q63247903	1	1
qid	statement_value	Q63257186	1	1
qid	statement_value	Q632750	1	1
qid	statement_value	Q632842	1	1
qid	statement_value	Q633423	1	1
qid	statement_value	Q63344379	1	1
qid	statement_value	Q63350538	1	1
qid	statement_value	Q6337803	1	1
qid	statement_value	Q63387623	1	1
qid	statement_value	Q63387763	1	1
qid	statement_value	Q63387819	1	1
qid	statement_value	Q634	3	3
qid	statement_value	Q634299	1	1
qid	statement_value	Q63438000	1	1
qid	statement_value	Q634449	1	1
qid	statement_value	Q634540	1	1
qid	statement_value	Q635067	1	1
qid	statement_value	Q635545	1	1
qid	statement_value	Q63565252	1	1
qid	statement_value	Q635734	2	2
qid	statement_value	Q635999	1	1
qid	statement_value	Q636009	1	1
qid	statement_value	Q636056	1	1
qid	statement_value	Q636099	1	1
qid	statement_value	Q636109	1	1
qid	statement_value	Q636156	1	1
qid	statement_value	Q636309	1	1
qid	statement_value	Q6368	2	2
qid	statement_value	Q637816	1	1
qid	statement_value	Q637866	1	1
qid	statement_value	Q638	28	28
qid	statement_value	Q638009	1	1
qid	statement_value	Q638105	1	1
qid	statement_value	Q6382371	1	1
qid	statement_value	Q63824713	1	1
qid	statement_value	Q63870920	116	115
qid	statement_value	Q6388	1	1
qid	statement_value	Q639	1	1
qid	statement_value	Q63917312	1	1
qid	statement_value	Q639374	1	1
qid	statement_value	Q63941258	1	1
qid	statement_value	Q639509	1	1
qid	statement_value	Q639669	1	1
qid	statement_value	Q639686	1	1
qid	statement_value	Q64	10	10
qid	statement_value	Q640047	1	1
qid	statement_value	Q640375	1	1
qid	statement_value	Q640404	1	1
qid	statement_value	Q640461	5	5
qid	statement_value	Q640506	1	1
qid	statement_value	Q641	1	1
qid	statement_value	Q641118	1	1
qid	statement_value	Q641208	1	1
qid	statement_value	Q641226	1	1
qid	statement_value	Q64133	1	1
qid	statement_value	Q641406	1	1
qid	statement_value	Q64149037	1	1
qid	statement_value	Q64166304	1	1
qid	statement_value	Q642659	1	1
qid	statement_value	Q6428674	1	1
qid	statement_value	Q643	1	1
qid	statement_value	Q6430706	1	1
qid	statement_value	Q643327	1	1
qid	statement_value	Q643352	1	1
qid	statement_value	Q643370	1	1
qid	statement_value	Q643419	1	1
qid	statement_value	Q643435	1	1
qid	statement_value	Q64355098	1	1
qid	statement_value	Q64365	1	1
qid	statement_value	Q644099	1	1
qid	statement_value	Q644463	1	1
qid	statement_value	Q6445670	1	1
qid	statement_value	Q644628	1	1
qid	statement_value	Q644636	1	1
qid	statement_value	Q644687	2	2
qid	statement_value	Q64481849	1	1
qid	statement_value	Q64486036	1	1
qid	statement_value	Q644903	1	1
qid	statement_value	Q645011	1	1
qid	statement_value	Q645178	1	1
qid	statement_value	Q6452087	1	1
qid	statement_value	Q64521777	1	1
qid	statement_value	Q645260	1	1
qid	statement_value	Q6452715	2	2
qid	statement_value	Q6453151	1	1
qid	statement_value	Q6453233	1	1
qid	statement_value	Q6456916	1	1
qid	statement_value	Q64576680	1	1
qid	statement_value	Q645858	1	1
qid	statement_value	Q645919	1	1
qid	statement_value	Q646	1	1
qid	statement_value	Q646051	1	1
qid	statement_value	Q6460735	4	4
qid	statement_value	Q646740	1	1
qid	statement_value	Q64689000	1	1
qid	statement_value	Q646964	1	1
qid	statement_value	Q647	1	1
qid	statement_value	Q64767588	1	1
qid	statement_value	Q6481228	1	1
qid	statement_value	Q648224	1	1
qid	statement_value	Q64826646	1	1
qid	statement_value	Q648470	1	1
qid	statement_value	Q6485344	1	1
qid	statement_value	Q649	2	2
qid	statement_value	Q649022	1	1
qid	statement_value	Q649066	1	1
qid	statement_value	Q649134	1	1
qid	statement_value	Q6491450	1	1
qid	statement_value	Q649355	1	1
qid	statement_value	Q6495575	1	1
qid	statement_value	Q6497044	2	2
qid	statement_value	Q649717	1	1
qid	statement_value	Q6497253	1	1
qid	statement_value	Q6497384	2	2
qid	statement_value	Q6497468	3	3
qid	statement_value	Q6497812	1	1
qid	statement_value	Q6498663	1	1
qid	statement_value	Q6498684	2	2
qid	statement_value	Q650	1	1
qid	statement_value	Q6500	1	1
qid	statement_value	Q650031	1	1
qid	statement_value	Q650051	2	2
qid	statement_value	Q6500733	1	1
qid	statement_value	Q65007448	1	1
qid	statement_value	Q6500754	1	1
qid	statement_value	Q6500773	1	1
qid	statement_value	Q6501235	1	1
qid	statement_value	Q6501338	1	1
qid	statement_value	Q6501349	1	1
qid	statement_value	Q6501749	1	1
qid	statement_value	Q6501890	1	1
qid	statement_value	Q6502171	1	1
qid	statement_value	Q6502423	1	1
qid	statement_value	Q650250	1	1
qid	statement_value	Q650324	1	1
qid	statement_value	Q650401	1	1
qid	statement_value	Q650459	1	1
qid	statement_value	Q650570	1	1
qid	statement_value	Q650636	1	1
qid	statement_value	Q650711	2	2
qid	statement_value	Q650736	1	1
qid	statement_value	Q650770	2	2
qid	statement_value	Q65088609	1	1
qid	statement_value	Q651073	1	1
qid	statement_value	Q651095	3	3
qid	statement_value	Q651483	1	1
qid	statement_value	Q651658	1	1
qid	statement_value	Q6517513	1	1
qid	statement_value	Q652	1	1
qid	statement_value	Q6520325	1	1
qid	statement_value	Q65208402	1	1
qid	statement_value	Q652122	1	1
qid	statement_value	Q65226986	1	1
qid	statement_value	Q652289	1	1
qid	statement_value	Q652297	1	1
qid	statement_value	Q65234429	1	1
qid	statement_value	Q65240345	1	1
qid	statement_value	Q65244366	1	1
qid	statement_value	Q65244368	1	1
qid	statement_value	Q65246703	1	1
qid	statement_value	Q6526	1	1
qid	statement_value	Q65279776	1	1
qid	statement_value	Q652985	1	1
qid	statement_value	Q653122	1	1
qid	statement_value	Q653260	1	1
qid	statement_value	Q65331865	1	1
qid	statement_value	Q653347	2	2
qid	statement_value	Q6533545	1	1
qid	statement_value	Q6535309	1	1
qid	statement_value	Q6537379	3	3
qid	statement_value	Q653848	1	1
qid	statement_value	Q6538507	1	1
qid	statement_value	Q653916	1	1
qid	statement_value	Q654	1	1
qid	statement_value	Q654019	3	3
qid	statement_value	Q654396	1	1
qid	statement_value	Q654426	1	1
qid	statement_value	Q6545590	5	5
qid	statement_value	Q654581	1	1
qid	statement_value	Q6545811	1	1
qid	statement_value	Q654583	1	1
qid	statement_value	Q654648	1	1
qid	statement_value	Q654693	1	1
qid	statement_value	Q654718	1	1
qid	statement_value	Q654810	2	2
qid	statement_value	Q655020	1	1
qid	statement_value	Q65522500	1	1
qid	statement_value	Q65525361	2	2
qid	statement_value	Q65560542	1	1
qid	statement_value	Q65561229	1	1
qid	statement_value	Q65581480	1	1
qid	statement_value	Q655904	1	1
qid	statement_value	Q656208	1	1
qid	statement_value	Q656365	3	3
qid	statement_value	Q65648550	1	1
qid	statement_value	Q6565319	1	1
qid	statement_value	Q656698	1	1
qid	statement_value	Q656720	1	1
qid	statement_value	Q656766	1	1
qid	statement_value	Q657	1	1
qid	statement_value	Q657032	1	1
qid	statement_value	Q657100	1	1
qid	statement_value	Q6573	1	1
qid	statement_value	Q657304	2	2
qid	statement_value	Q657345	1	1
qid	statement_value	Q657449	2	2
qid	statement_value	Q6578319	1	1
qid	statement_value	Q658	1	1
qid	statement_value	Q658035	1	1
qid	statement_value	Q6581072	450	450
qid	statement_value	Q6581097	396	396
qid	statement_value	Q658255	2	2
qid	statement_value	Q658274	3	3
qid	statement_value	Q6582994	1	1
qid	statement_value	Q6583	1	1
qid	statement_value	Q658349	1	1
qid	statement_value	Q658353	1	1
qid	statement_value	Q6584	1	1
qid	statement_value	Q658519	1	1
qid	statement_value	Q6586093	1	1
qid	statement_value	Q65862755	1	1
qid	statement_value	Q659	2	2
qid	statement_value	Q6591	1	1
qid	statement_value	Q65920874	1	1
qid	statement_value	Q65929911	1	1
qid	statement_value	Q65936296	2	2
qid	statement_value	Q659390	1	1
qid	statement_value	Q659503	1	1
qid	statement_value	Q6598	1	1
qid	statement_value	Q65982613	1	1
qid	statement_value	Q659974	2	2
qid	statement_value	Q660	1	1
qid	statement_value	Q6602	2	2
qid	statement_value	Q66055	1	1
qid	statement_value	Q660564	1	1
qid	statement_value	Q66065	1	1
qid	statement_value	Q6607	2	2
qid	statement_value	Q660782	2	2
qid	statement_value	Q66086	1	1
qid	statement_value	Q661062	1	1
qid	statement_value	Q661199	2	2
qid	statement_value	Q66120863	1	1
qid	statement_value	Q6612823	1	1
qid	statement_value	Q661343	1	1
qid	statement_value	Q661593	1	1
qid	statement_value	Q66196	1	1
qid	statement_value	Q661982	1	1
qid	statement_value	Q6624	1	1
qid	statement_value	Q66242135	1	1
qid	statement_value	Q66246606	1	1
qid	statement_value	Q6625963	1	1
qid	statement_value	Q662750	1	1
qid	statement_value	Q662860	2	2
qid	statement_value	Q66295	1	1
qid	statement_value	Q663	2	2
qid	statement_value	Q66305738	1	1
qid	statement_value	Q66317493	2	2
qid	statement_value	Q66344	2	2
qid	statement_value	Q6636	1	1
qid	statement_value	Q66361250	1	1
qid	statement_value	Q66372585	1	1
qid	statement_value	Q664	3	3
qid	statement_value	Q664112	1	1
qid	statement_value	Q664183	1	1
qid	statement_value	Q66424076	1	1
qid	statement_value	Q66424847	1	1
qid	statement_value	Q664609	1	1
qid	statement_value	Q6646525	1	1
qid	statement_value	Q6646531	1	1
qid	statement_value	Q66480858	1	1
qid	statement_value	Q66481339	2	2
qid	statement_value	Q6649	1	1
qid	statement_value	Q66491086	1	1
qid	statement_value	Q66516547	1	1
qid	statement_value	Q66535724	1	1
qid	statement_value	Q6654	1	1
qid	statement_value	Q665487	1	1
qid	statement_value	Q66559576	1	1
qid	statement_value	Q6658164	2	2
qid	statement_value	Q666027	1	1
qid	statement_value	Q6663	2	2
qid	statement_value	Q6665249	1	1
qid	statement_value	Q666578	1	1
qid	statement_value	Q6666023	1	1
qid	statement_value	Q6667323	1	1
qid	statement_value	Q667	1	1
qid	statement_value	Q6671777	1	1
qid	statement_value	Q66720391	1	1
qid	statement_value	Q667276	1	1
qid	statement_value	Q6673122	1	1
qid	statement_value	Q6674	2	2
qid	statement_value	Q66741638	1	1
qid	statement_value	Q667478	1	1
qid	statement_value	Q6675561	1	1
qid	statement_value	Q667661	1	1
qid	statement_value	Q66777939	1	1
qid	statement_value	Q667999	1	1
qid	statement_value	Q668	4	4
qid	statement_value	Q668064	1	1
qid	statement_value	Q668113	1	1
qid	statement_value	Q668130	1	1
qid	statement_value	Q668136	3	3
qid	statement_value	Q66818335	1	1
qid	statement_value	Q668855	1	1
qid	statement_value	Q669057	1	1
qid	statement_value	Q66914288	1	1
qid	statement_value	Q669262	1	1
qid	statement_value	Q6694	1	1
qid	statement_value	Q669569	1	1
qid	statement_value	Q66982216	1	1
qid	statement_value	Q670	2	2
qid	statement_value	Q670036	1	1
qid	statement_value	Q67014478	1	1
qid	statement_value	Q670860	1	1
qid	statement_value	Q671	2	2
qid	statement_value	Q671132	1	1
qid	statement_value	Q671224	1	1
qid	statement_value	Q67154876	1	1
qid	statement_value	Q6716418	1	1
qid	statement_value	Q671722	1	1
qid	statement_value	Q671735	1	1
qid	statement_value	Q6718	1	1
qid	statement_value	Q671974	1	1
qid	statement_value	Q672	1	1
qid	statement_value	Q67202678	1	1
qid	statement_value	Q67203464	1	1
qid	statement_value	Q672276	1	1
qid	statement_value	Q672598	1	1
qid	statement_value	Q6728508	1	1
qid	statement_value	Q672890	1	1
qid	statement_value	Q673079	1	1
qid	statement_value	Q673218	1	1
qid	statement_value	Q673661	1	1
qid	statement_value	Q6738353	1	1
qid	statement_value	Q673849	1	1
qid	statement_value	Q67387322	1	1
qid	statement_value	Q674	1	1
qid	statement_value	Q67440705	1	1
qid	statement_value	Q67440795	1	1
qid	statement_value	Q674426	1	1
qid	statement_value	Q67445831	1	1
qid	statement_value	Q674484	1	1
qid	statement_value	Q67449067	1	1
qid	statement_value	Q674541	1	1
qid	statement_value	Q67462766	1	1
qid	statement_value	Q6750281	3	3
qid	statement_value	Q6752131	1	1
qid	statement_value	Q675287	1	1
qid	statement_value	Q675423	1	1
qid	statement_value	Q675430	1	1
qid	statement_value	Q676108	1	1
qid	statement_value	Q676202	1	1
qid	statement_value	Q676823	1	1
qid	statement_value	Q677	1	1
qid	statement_value	Q677014	1	1
qid	statement_value	Q677065	1	1
qid	statement_value	Q6770826	1	1
qid	statement_value	Q6771735	1	1
qid	statement_value	Q677191	1	1
qid	statement_value	Q678	1	1
qid	statement_value	Q678132	1	1
qid	statement_value	Q679	1	1
qid	statement_value	Q679032	1	1
qid	statement_value	Q679165	1	1
qid	statement_value	Q679186	1	1
qid	statement_value	Q679300	2	2
qid	statement_value	Q67932942	1	1
qid	statement_value	Q679534	1	1
qid	statement_value	Q679615	1	1
qid	statement_value	Q679690	1	1
qid	statement_value	Q6798207	1	1
qid	statement_value	Q679847	1	1
qid	statement_value	Q67991334	1	1
qid	statement_value	Q68	3	3
qid	statement_value	Q680028	1	1
qid	statement_value	Q680042	1	1
qid	statement_value	Q6804564	1	1
qid	statement_value	Q680838	1	1
qid	statement_value	Q680928	1	1
qid	statement_value	Q68103	1	1
qid	statement_value	Q6813432	1	1
qid	statement_value	Q681650	1	1
qid	statement_value	Q6817227	1	1
qid	statement_value	Q681737	1	1
qid	statement_value	Q68177046	1	1
qid	statement_value	Q68193067	1	1
qid	statement_value	Q682	2	2
qid	statement_value	Q682111	1	1
qid	statement_value	Q6821213	2	2
qid	statement_value	Q6823121	12	12
qid	statement_value	Q682582	1	1
qid	statement_value	Q682626	1	1
qid	statement_value	Q682779	1	1
qid	statement_value	Q682850	1	1
qid	statement_value	Q682875	1	1
qid	statement_value	Q683	2	2
qid	statement_value	Q68315046	1	1
qid	statement_value	Q683476	1	1
qid	statement_value	Q683782	1	1
qid	statement_value	Q683810	1	1
qid	statement_value	Q683906	1	1
qid	statement_value	Q6839919	1	1
qid	statement_value	Q684	1	1
qid	statement_value	Q68431797	1	1
qid	statement_value	Q684648	3	3
qid	statement_value	Q68469806	1	1
qid	statement_value	Q684740	1	1
qid	statement_value	Q684782	1	1
qid	statement_value	Q685	1	1
qid	statement_value	Q6852	1	1
qid	statement_value	Q685433	1	1
qid	statement_value	Q685585	1	1
qid	statement_value	Q685795	1	1
qid	statement_value	Q68583933	1	1
qid	statement_value	Q68588170	1	1
qid	statement_value	Q685884	1	1
qid	statement_value	Q685935	1	1
qid	statement_value	Q6859454	1	1
qid	statement_value	Q686	1	1
qid	statement_value	Q6865248	1	1
qid	statement_value	Q6866562	1	1
qid	statement_value	Q686819	1	1
qid	statement_value	Q6869278	1	1
qid	statement_value	Q686962	1	1
qid	statement_value	Q68773434	1	1
qid	statement_value	Q687737	1	1
qid	statement_value	Q687756	1	1
qid	statement_value	Q687810	1	1
qid	statement_value	Q687922	1	1
qid	statement_value	Q688	1	1
qid	statement_value	Q6881511	1	1
qid	statement_value	Q68833	3	3
qid	statement_value	Q688498	1	1
qid	statement_value	Q688503	2	2
qid	statement_value	Q688615	1	1
qid	statement_value	Q688877	1	1
qid	statement_value	Q689044	1	1
qid	statement_value	Q689055	4	4
qid	statement_value	Q690182	2	2
qid	statement_value	Q690592	1	1
qid	statement_value	Q690856	1	1
qid	statement_value	Q690928	1	1
qid	statement_value	Q690940	1	1
qid	statement_value	Q690992	1	1
qid	statement_value	Q691	3	3
qid	statement_value	Q691214	1	1
qid	statement_value	Q691305	1	1
qid	statement_value	Q6915	1	1
qid	statement_value	Q691543	1	1
qid	statement_value	Q69158	1	1
qid	statement_value	Q691653	1	1
qid	statement_value	Q6918338	1	1
qid	statement_value	Q691836	1	1
qid	statement_value	Q691960	1	1
qid	statement_value	Q692077	2	2
qid	statement_value	Q692209	1	1
qid	statement_value	Q6926048	1	1
qid	statement_value	Q6926246	2	2
qid	statement_value	Q6926344	1	1
qid	statement_value	Q693	1	1
qid	statement_value	Q693058	1	1
qid	statement_value	Q693249	1	1
qid	statement_value	Q69328486	1	1
qid	statement_value	Q69345	1	1
qid	statement_value	Q693464	1	1
qid	statement_value	Q693690	2	2
qid	statement_value	Q693737	1	1
qid	statement_value	Q694	1	1
qid	statement_value	Q694007	1	1
qid	statement_value	Q694116	2	2
qid	statement_value	Q694118	2	2
qid	statement_value	Q69431854	1	1
qid	statement_value	Q694381	1	1
qid	statement_value	Q694547	1	1
qid	statement_value	Q694563	1	1
qid	statement_value	Q694579	2	2
qid	statement_value	Q694675	2	2
qid	statement_value	Q694748	2	2
qid	statement_value	Q694969	1	1
qid	statement_value	Q695	1	1
qid	statement_value	Q695599	1	1
qid	statement_value	Q69570620	1	1
qid	statement_value	Q695827	1	1
qid	statement_value	Q695992	2	2
qid	statement_value	Q696	1	1
qid	statement_value	Q696490	1	1
qid	statement_value	Q696617	1	1
qid	statement_value	Q69699844	1	1
qid	statement_value	Q697	1	1
qid	statement_value	Q697175	1	1
qid	statement_value	Q697248	1	1
qid	statement_value	Q697279	1	1
qid	statement_value	Q697295	1	1
qid	statement_value	Q69730084	1	1
qid	statement_value	Q697327	1	1
qid	statement_value	Q697416	1	1
qid	statement_value	Q6982035	1	1
qid	statement_value	Q6986396	1	1
qid	statement_value	Q69870160	1	1
qid	statement_value	Q69883	1	1
qid	statement_value	Q699	1	1
qid	statement_value	Q699405	6	6
qid	statement_value	Q699599	1	1
qid	statement_value	Q6999	1	1
qid	statement_value	Q699945	1	1
qid	statement_value	Q70	1	1
qid	statement_value	Q7003418	1	1
qid	statement_value	Q700397	1	1
qid	statement_value	Q70054479	2	2
qid	statement_value	Q701165	1	1
qid	statement_value	Q70122613	1	1
qid	statement_value	Q701327	1	1
qid	statement_value	Q701512	1	1
qid	statement_value	Q701632	1	1
qid	statement_value	Q7019111	1	1
qid	statement_value	Q702	1	1
qid	statement_value	Q7020	1	1
qid	statement_value	Q702269	1	1
qid	statement_value	Q70235	88	88
qid	statement_value	Q70259	12	12
qid	statement_value	Q7026	1	1
qid	statement_value	Q7027	1	1
qid	statement_value	Q703	1	1
qid	statement_value	Q7030	1	1
qid	statement_value	Q703534	3	3
qid	statement_value	Q7040	1	1
qid	statement_value	Q7041009	1	1
qid	statement_value	Q7042	1	1
qid	statement_value	Q704246	1	1
qid	statement_value	Q704251	1	1
qid	statement_value	Q70461	1	1
qid	statement_value	Q70477194	1	1
qid	statement_value	Q7050658	1	1
qid	statement_value	Q70507976	1	1
qid	statement_value	Q705178	1	1
qid	statement_value	Q7052	1	1
qid	statement_value	Q705818	1	1
qid	statement_value	Q705908	1	1
qid	statement_value	Q705914	1	1
qid	statement_value	Q706	2	2
qid	statement_value	Q7060553	1	1
qid	statement_value	Q706434	1	1
qid	statement_value	Q706437	1	1
qid	statement_value	Q706622	1	1
qid	statement_value	Q706848	1	1
qid	statement_value	Q706884	1	1
qid	statement_value	Q706937	1	1
qid	statement_value	Q7070464	1	1
qid	statement_value	Q7070552	1	1
qid	statement_value	Q707125	3	3
qid	statement_value	Q707133	4	4
qid	statement_value	Q707278	1	1
qid	statement_value	Q707401	1	1
qid	statement_value	Q707482	2	2
qid	statement_value	Q7075	2	2
qid	statement_value	Q7075743	1	1
qid	statement_value	Q707636	1	1
qid	statement_value	Q707813	1	1
qid	statement_value	Q7079063	1	1
qid	statement_value	Q707995	1	1
qid	statement_value	Q708	2	2
qid	statement_value	Q708387	1	1
qid	statement_value	Q708399	1	1
qid	statement_value	Q708492	2	2
qid	statement_value	Q7087	1	1
qid	statement_value	Q708823	1	1
qid	statement_value	Q709	2	2
qid	statement_value	Q70906	1	1
qid	statement_value	Q7094	1	1
qid	statement_value	Q7095059	1	1
qid	statement_value	Q71	2	2
qid	statement_value	Q710	1	1
qid	statement_value	Q7100	1	1
qid	statement_value	Q7108	1	1
qid	statement_value	Q711	4	4
qid	statement_value	Q712	1	1
qid	statement_value	Q712226	1	1
qid	statement_value	Q712294	1	1
qid	statement_value	Q712378	1	1
qid	statement_value	Q712467	2	2
qid	statement_value	Q7124679	1	1
qid	statement_value	Q712477	1	1
qid	statement_value	Q712488	1	1
qid	statement_value	Q712514	2	2
qid	statement_value	Q712519	2	2
qid	statement_value	Q712623	1	1
qid	statement_value	Q712639	1	1
qid	statement_value	Q712661	1	1
qid	statement_value	Q712687	1	1
qid	statement_value	Q712692	1	1
qid	statement_value	Q712701	1	1
qid	statement_value	Q712706	1	1
qid	statement_value	Q712744	1	1
qid	statement_value	Q712758	1	1
qid	statement_value	Q712764	1	1
qid	statement_value	Q712770	1	1
qid	statement_value	Q712782	1	1
qid	statement_value	Q712794	1	1
qid	statement_value	Q712808	1	1
qid	statement_value	Q71282088	1	1
qid	statement_value	Q712876	1	1
qid	statement_value	Q712966	1	1
qid	statement_value	Q712986	1	1
qid	statement_value	Q712995	1	1
qid	statement_value	Q713	2	2
qid	statement_value	Q713048	1	1
qid	statement_value	Q713102	1	1
qid	statement_value	Q713122	1	1
qid	statement_value	Q713133	1	1
qid	statement_value	Q713143	1	1
qid	statement_value	Q713148	1	1
qid	statement_value	Q713157	1	1
qid	statement_value	Q713167	1	1
qid	statement_value	Q713181	1	1
qid	statement_value	Q713200	1	1
qid	statement_value	Q713217	1	1
qid	statement_value	Q713221	1	1
qid	statement_value	Q713229	1	1
qid	statement_value	Q713239	1	1
qid	statement_value	Q713744	1	1
qid	statement_value	Q713750	1	1
qid	statement_value	Q7138600	1	1
qid	statement_value	Q7138926	1	1
qid	statement_value	Q71470909	1	1
qid	statement_value	Q714737	1	1
qid	statement_value	Q714827	1	1
qid	statement_value	Q7150	1	1
qid	statement_value	Q715187	1	1
qid	statement_value	Q71532044	1	1
qid	statement_value	Q71539152	1	1
qid	statement_value	Q715456	1	1
qid	statement_value	Q71549	1	1
qid	statement_value	Q715525	1	1
qid	statement_value	Q715625	1	1
qid	statement_value	Q7156771	1	1
qid	statement_value	Q715679	1	1
qid	statement_value	Q715772	1	1
qid	statement_value	Q716	1	1
qid	statement_value	Q7162	3	3
qid	statement_value	Q7163	3	3
qid	statement_value	Q716321	2	2
qid	statement_value	Q7167	1	1
qid	statement_value	Q71699827	1	1
qid	statement_value	Q717	1	1
qid	statement_value	Q7170675	1	1
qid	statement_value	Q71707	1	1
qid	statement_value	Q717216	2	2
qid	statement_value	Q717310	1	1
qid	statement_value	Q7174	2	2
qid	statement_value	Q7179416	1	1
qid	statement_value	Q718	4	4
qid	statement_value	Q7181	1	1
qid	statement_value	Q718644	3	3
qid	statement_value	Q7187	1	1
qid	statement_value	Q7188	1	1
qid	statement_value	Q718943	1	1
qid	statement_value	Q718966	1	1
qid	statement_value	Q7189808	8	8
qid	statement_value	Q7191	1	1
qid	statement_value	Q7193	1	1
qid	statement_value	Q719309	1	1
qid	statement_value	Q719312	1	1
qid	statement_value	Q719395	1	1
qid	statement_value	Q719426	1	1
qid	statement_value	Q719543	1	1
qid	statement_value	Q7196561	1	1
qid	statement_value	Q719861	1	1
qid	statement_value	Q72	1	1
qid	statement_value	Q7202108	1	1
qid	statement_value	Q720398	2	2
qid	statement_value	Q7205	2	2
qid	statement_value	Q720751	1	1
qid	statement_value	Q721126	1	1
qid	statement_value	Q7214750	1	1
qid	statement_value	Q7215	1	1
qid	statement_value	Q7216332	1	1
qid	statement_value	Q721747	1	1
qid	statement_value	Q7218	1	1
qid	statement_value	Q721849	1	1
qid	statement_value	Q722	2	2
qid	statement_value	Q7220961	2	2
qid	statement_value	Q722218	2	2
qid	statement_value	Q7223085	1	1
qid	statement_value	Q7224565	2	2
qid	statement_value	Q722795	1	1
qid	statement_value	Q723682	1	1
qid	statement_value	Q723733	1	1
qid	statement_value	Q723868	1	1
qid	statement_value	Q723897	1	1
qid	statement_value	Q7239	3	3
qid	statement_value	Q7242	1	1
qid	statement_value	Q724351	1	1
qid	statement_value	Q7246	1	1
qid	statement_value	Q72460907	1	1
qid	statement_value	Q72480094	1	1
qid	statement_value	Q7249440	1	1
qid	statement_value	Q724950	1	1
qid	statement_value	Q72499	1	1
qid	statement_value	Q725	1	1
qid	statement_value	Q7252	1	1
qid	statement_value	Q725252	1	1
qid	statement_value	Q725668	1	1
qid	statement_value	Q7257	1	1
qid	statement_value	Q725939	2	2
qid	statement_value	Q726	5	5
qid	statement_value	Q72638	1	1
qid	statement_value	Q7264	1	1
qid	statement_value	Q7269	1	1
qid	statement_value	Q727	1	1
qid	statement_value	Q7270	1	1
qid	statement_value	Q72711240	1	1
qid	statement_value	Q7272	1	1
qid	statement_value	Q727407	1	1
qid	statement_value	Q7275	1	1
qid	statement_value	Q72751	1	1
qid	statement_value	Q72755	1	1
qid	statement_value	Q727596	1	1
qid	statement_value	Q7278	1	1
qid	statement_value	Q72797	1	1
qid	statement_value	Q728	1	1
qid	statement_value	Q728001	1	1
qid	statement_value	Q728266	1	1
qid	statement_value	Q72827	1	1
qid	statement_value	Q72839210	1	1
qid	statement_value	Q728497	1	1
qid	statement_value	Q728943	1	1
qid	statement_value	Q729	1	1
qid	statement_value	Q7291	1	1
qid	statement_value	Q729136	1	1
qid	statement_value	Q72926449	1	1
qid	statement_value	Q729340	1	1
qid	statement_value	Q729649	1	1
qid	statement_value	Q729730	1	1
qid	statement_value	Q730	1	1
qid	statement_value	Q730038	1	1
qid	statement_value	Q730249	1	1
qid	statement_value	Q7302601	1	1
qid	statement_value	Q730469	1	1
qid	statement_value	Q7307	2	2
qid	statement_value	Q7307215	1	1
qid	statement_value	Q731	1	1
qid	statement_value	Q731298	1	1
qid	statement_value	Q731434	1	1
qid	statement_value	Q7315155	1	1
qid	statement_value	Q7318524	1	1
qid	statement_value	Q731988	1	1
qid	statement_value	Q732034	1	1
qid	statement_value	Q732240	1	1
qid	statement_value	Q732577	1	1
qid	statement_value	Q732699	1	1
qid	statement_value	Q732722	1	1
qid	statement_value	Q73273453	1	1
qid	statement_value	Q732833	1	1
qid	statement_value	Q7328910	1	1
qid	statement_value	Q732970	1	1
qid	statement_value	Q733	3	3
qid	statement_value	Q7330070	1	1
qid	statement_value	Q733053	1	1
qid	statement_value	Q733541	1	1
qid	statement_value	Q733553	1	1
qid	statement_value	Q73368	1	1
qid	statement_value	Q7336810	1	1
qid	statement_value	Q733786	1	1
qid	statement_value	Q7339568	1	1
qid	statement_value	Q734	1	1
qid	statement_value	Q734263	1	1
qid	statement_value	Q734578	1	1
qid	statement_value	Q734832	2	2
qid	statement_value	Q734898	1	1
qid	statement_value	Q735	1	1
qid	statement_value	Q735032	1	1
qid	statement_value	Q735150	1	1
qid	statement_value	Q73533201	1	1
qid	statement_value	Q735590	1	1
qid	statement_value	Q735766	1	1
qid	statement_value	Q7358	2	2
qid	statement_value	Q736	1	1
qid	statement_value	Q7360661	1	1
qid	statement_value	Q736132	1	1
qid	statement_value	Q736161	1	1
qid	statement_value	Q7361709	3	3
qid	statement_value	Q736194	1	1
qid	statement_value	Q7362	1	1
qid	statement_value	Q736228	1	1
qid	statement_value	Q73624591	1	1
qid	statement_value	Q7363	2	2
qid	statement_value	Q7364	1	1
qid	statement_value	Q7365	1	1
qid	statement_value	Q7366	1	1
qid	statement_value	Q7366277	1	1
qid	statement_value	Q736777	1	1
qid	statement_value	Q736798	1	1
qid	statement_value	Q7368	1	1
qid	statement_value	Q7369	1	1
qid	statement_value	Q736922	1	1
qid	statement_value	Q737	1	1
qid	statement_value	Q7372	1	1
qid	statement_value	Q7375	1	1
qid	statement_value	Q737571	1	1
qid	statement_value	Q73767	1	1
qid	statement_value	Q7377	1	1
qid	statement_value	Q7378	1	1
qid	statement_value	Q73792	1	1
qid	statement_value	Q737988	1	1
qid	statement_value	Q738011	1	1
qid	statement_value	Q7382648	1	1
qid	statement_value	Q738473	1	1
qid	statement_value	Q738570	1	1
qid	statement_value	Q7386	1	1
qid	statement_value	Q738785	1	1
qid	statement_value	Q739	1	1
qid	statement_value	Q7390	1	1
qid	statement_value	Q739023	1	1
qid	statement_value	Q7391	1	1
qid	statement_value	Q7391292	1	1
qid	statement_value	Q739168	1	1
qid	statement_value	Q739302	3	3
qid	statement_value	Q73944838	1	1
qid	statement_value	Q7397	1	1
qid	statement_value	Q73984	1	1
qid	statement_value	Q740	2	2
qid	statement_value	Q74013814	1	1
qid	statement_value	Q74026067	1	1
qid	statement_value	Q740445	4	4
qid	statement_value	Q7406919	1	1
qid	statement_value	Q740762	1	1
qid	statement_value	Q740790	1	1
qid	statement_value	Q740898	1	1
qid	statement_value	Q7411	1	1
qid	statement_value	Q741507	1	1
qid	statement_value	Q741748	1	1
qid	statement_value	Q741773	1	1
qid	statement_value	Q741939	1	1
qid	statement_value	Q7419624	1	1
qid	statement_value	Q742421	1	1
qid	statement_value	Q7426076	1	1
qid	statement_value	Q742628	1	1
qid	statement_value	Q7426980	1	1
qid	statement_value	Q742793	3	3
qid	statement_value	Q7429989	1	1
qid	statement_value	Q743	1	1
qid	statement_value	Q7430	1	1
qid	statement_value	Q7432	2	2
qid	statement_value	Q7433806	1	1
qid	statement_value	Q7434	2	2
qid	statement_value	Q743400	1	1
qid	statement_value	Q743438	1	1
qid	statement_value	Q743569	1	1
qid	statement_value	Q74359	1	1
qid	statement_value	Q74379903	1	1
qid	statement_value	Q744	1	1
qid	statement_value	Q744026	1	1
qid	statement_value	Q74424273	1	1
qid	statement_value	Q744778	1	1
qid	statement_value	Q745049	1	1
qid	statement_value	Q745455	1	1
qid	statement_value	Q7456892	1	1
qid	statement_value	Q746076	1	1
qid	statement_value	Q746359	2	2
qid	statement_value	Q7463928	1	1
qid	statement_value	Q746396	1	1
qid	statement_value	Q746549	2	2
qid	statement_value	Q746634	1	1
qid	statement_value	Q746687	1	1
qid	statement_value	Q746994	1	1
qid	statement_value	Q747468	1	1
qid	statement_value	Q747704	1	1
qid	statement_value	Q748	1	1
qid	statement_value	Q748250	1	1
qid	statement_value	Q74883331	1	1
qid	statement_value	Q748845	1	1
qid	statement_value	Q749115	2	2
qid	statement_value	Q749400	1	1
qid	statement_value	Q749565	1	1
qid	statement_value	Q749649	1	1
qid	statement_value	Q75	3	3
qid	statement_value	Q750	1	1
qid	statement_value	Q7501153	1	1
qid	statement_value	Q750215	1	1
qid	statement_value	Q750458	1	1
qid	statement_value	Q750467	1	1
qid	statement_value	Q750583	1	1
qid	statement_value	Q750652	2	2
qid	statement_value	Q7507597	1	1
qid	statement_value	Q75078783	1	1
qid	statement_value	Q750934	1	1
qid	statement_value	Q751	1	1
qid	statement_value	Q751309	1	1
qid	statement_value	Q75135712	1	1
qid	statement_value	Q751728	1	1
qid	statement_value	Q751871	1	1
qid	statement_value	Q751876	1	1
qid	statement_value	Q75195775	2	2
qid	statement_value	Q751989	1	1
qid	statement_value	Q752078	7	7
qid	statement_value	Q752118	1	1
qid	statement_value	Q752129	2	2
qid	statement_value	Q752683	1	1
qid	statement_value	Q752870	1	1
qid	statement_value	Q753	1	1
qid	statement_value	Q7530126	1	1
qid	statement_value	Q753053	1	1
qid	statement_value	Q753110	1	1
qid	statement_value	Q753454	1	1
qid	statement_value	Q753861	1	1
qid	statement_value	Q753877	1	1
qid	statement_value	Q754	1	1
qid	statement_value	Q7540309	1	1
qid	statement_value	Q754250	1	1
qid	statement_value	Q754360	1	1
qid	statement_value	Q754396	1	1
qid	statement_value	Q7544	1	1
qid	statement_value	Q754424	1	1
qid	statement_value	Q754659	1	1
qid	statement_value	Q754831	1	1
qid	statement_value	Q754897	1	1
qid	statement_value	Q755070	1	1
qid	statement_value	Q75520	1	1
qid	statement_value	Q7553	2	2
qid	statement_value	Q7559	1	1
qid	statement_value	Q7559698	1	1
qid	statement_value	Q756	2	2
qid	statement_value	Q7560	6	6
qid	statement_value	Q7561	1	1
qid	statement_value	Q7562091	2	2
qid	statement_value	Q756279	1	1
qid	statement_value	Q7565	3	3
qid	statement_value	Q7566	4	4
qid	statement_value	Q756617	1	1
qid	statement_value	Q756692	1	1
qid	statement_value	Q756820	1	1
qid	statement_value	Q7569	1	1
qid	statement_value	Q756944	1	1
qid	statement_value	Q757	1	1
qid	statement_value	Q757012	1	1
qid	statement_value	Q7571993	1	1
qid	statement_value	Q757382	1	1
qid	statement_value	Q757410	1	1
qid	statement_value	Q7575269	1	1
qid	statement_value	Q757563	1	1
qid	statement_value	Q757833	1	1
qid	statement_value	Q75794	1	1
qid	statement_value	Q758	2	2
qid	statement_value	Q7581317	1	1
qid	statement_value	Q758238	1	1
qid	statement_value	Q758243	1	1
qid	statement_value	Q758780	1	1
qid	statement_value	Q7590	4	4
qid	statement_value	Q759421	1	1
qid	statement_value	Q759540	1	1
qid	statement_value	Q759572	1	1
qid	statement_value	Q759676	1	1
qid	statement_value	Q759734	1	1
qid	statement_value	Q759811	1	1
qid	statement_value	Q759829	1	1
qid	statement_value	Q759830	1	1
qid	statement_value	Q759847	1	1
qid	statement_value	Q759954	1	1
qid	statement_value	Q759957	1	1
qid	statement_value	Q759978	1	1
qid	statement_value	Q760	1	1
qid	statement_value	Q760158	1	1
qid	statement_value	Q760338	1	1
qid	statement_value	Q760348	1	1
qid	statement_value	Q7603898	1	1
qid	statement_value	Q7604461	1	1
qid	statement_value	Q760864	1	1
qid	statement_value	Q76190	1	1
qid	statement_value	Q7620194	1	1
qid	statement_value	Q7623053	1	1
qid	statement_value	Q762707	1	1
qid	statement_value	Q762856	1	1
qid	statement_value	Q76287	1	1
qid	statement_value	Q762984	1	1
qid	statement_value	Q763	1	1
qid	statement_value	Q7631437	1	1
qid	statement_value	Q763244	1	1
qid	statement_value	Q7632586	1	1
qid	statement_value	Q76356866	1	1
qid	statement_value	Q763681	1	1
qid	statement_value	Q7638701	1	1
qid	statement_value	Q76418	3	3
qid	statement_value	Q764323	1	1
qid	statement_value	Q76451696	1	1
qid	statement_value	Q76463	1	1
qid	statement_value	Q76469	2	2
qid	statement_value	Q76477	1	1
qid	statement_value	Q76498	1	1
qid	statement_value	Q76500861	1	1
qid	statement_value	Q76507	3	3
qid	statement_value	Q765211	1	1
qid	statement_value	Q765270	3	3
qid	statement_value	Q76557	3	3
qid	statement_value	Q765633	3	3
qid	statement_value	Q765778	1	1
qid	statement_value	Q76588157	3	3
qid	statement_value	Q766	1	1
qid	statement_value	Q766217	1	1
qid	statement_value	Q766328	1	1
qid	statement_value	Q766459	1	1
qid	statement_value	Q76649855	1	1
qid	statement_value	Q76666	2	2
qid	statement_value	Q7667810	1	1
qid	statement_value	Q766983	1	1
qid	statement_value	Q7673285	1	1
qid	statement_value	Q767508	1	1
qid	statement_value	Q767568	1	1
qid	statement_value	Q7676058	3	3
qid	statement_value	Q76768	1	1
qid	statement_value	Q767765	1	1
qid	statement_value	Q767979	1	1
qid	statement_value	Q768186	3	3
qid	statement_value	Q7684534	1	1
qid	statement_value	Q769	1	1
qid	statement_value	Q76903164	1	1
qid	statement_value	Q76904	1	1
qid	statement_value	Q7692360	1	1
qid	statement_value	Q7695	1	1
qid	statement_value	Q7695847	1	1
qid	statement_value	Q76992880	1	1
qid	statement_value	Q7699389	1	1
qid	statement_value	Q77	4	4
qid	statement_value	Q770220	1	1
qid	statement_value	Q7705804	1	1
qid	statement_value	Q7707	1	1
qid	statement_value	Q771	1	1
qid	statement_value	Q7710078	1	1
qid	statement_value	Q77115	1	1
qid	statement_value	Q771405	1	1
qid	statement_value	Q772071	1	1
qid	statement_value	Q7722	1	1
qid	statement_value	Q7723211	1	1
qid	statement_value	Q7725	1	1
qid	statement_value	Q7727	1	1
qid	statement_value	Q772933	1	1
qid	statement_value	Q773009	1	1
qid	statement_value	Q7735	1	1
qid	statement_value	Q7737	1	1
qid	statement_value	Q7739	1	1
qid	statement_value	Q773944	1	1
qid	statement_value	Q773987	5	5
qid	statement_value	Q774	1	1
qid	statement_value	Q774145	1	1
qid	statement_value	Q774228	1	1
qid	statement_value	Q774278	1	1
qid	statement_value	Q7743	1	1
qid	statement_value	Q774306	2	2
qid	statement_value	Q774621	1	1
qid	statement_value	Q774689	1	1
qid	statement_value	Q7748	5	5
qid	statement_value	Q775349	1	1
qid	statement_value	Q7754	1	1
qid	statement_value	Q7755	1	1
qid	statement_value	Q775594	1	1
qid	statement_value	Q775674	1	1
qid	statement_value	Q775842	1	1
qid	statement_value	Q776754	5	5
qid	statement_value	Q776965	2	2
qid	statement_value	Q77768943	11	11
qid	statement_value	Q7777019	1	1
qid	statement_value	Q777851	1	1
qid	statement_value	Q777939	1	1
qid	statement_value	Q77798291	1	1
qid	statement_value	Q778	1	1
qid	statement_value	Q778143	1	1
qid	statement_value	Q77826110	1	1
qid	statement_value	Q778298	2	2
qid	statement_value	Q778333	1	1
qid	statement_value	Q77835705	1	1
qid	statement_value	Q778483	1	1
qid	statement_value	Q778502	1	1
qid	statement_value	Q778569	1	1
qid	statement_value	Q778665	1	1
qid	statement_value	Q779081	1	1
qid	statement_value	Q779100	1	1
qid	statement_value	Q7792	1	1
qid	statement_value	Q779234	1	1
qid	statement_value	Q779585	1	1
qid	statement_value	Q779608	1	1
qid	statement_value	Q779763	1	1
qid	statement_value	Q779939	1	1
qid	statement_value	Q78	1	1
qid	statement_value	Q780	2	2
qid	statement_value	Q7802	2	2
qid	statement_value	Q780294	2	2
qid	statement_value	Q780542	1	1
qid	statement_value	Q780546	1	1
qid	statement_value	Q780654	1	1
qid	statement_value	Q780687	1	1
qid	statement_value	Q780811	1	1
qid	statement_value	Q7809	1	1
qid	statement_value	Q781	1	1
qid	statement_value	Q7813355	1	1
qid	statement_value	Q781387	1	1
qid	statement_value	Q7817	1	1
qid	statement_value	Q781815	1	1
qid	statement_value	Q781837	1	1
qid	statement_value	Q7821620	1	1
qid	statement_value	Q78236821	1	1
qid	statement_value	Q7824282	1	1
qid	statement_value	Q782543	1	1
qid	statement_value	Q782614	1	1
qid	statement_value	Q783	1	1
qid	statement_value	Q783066	1	1
qid	statement_value	Q783287	1	1
qid	statement_value	Q7833114	1	1
qid	statement_value	Q783459	1	1
qid	statement_value	Q7834844	1	1
qid	statement_value	Q783521	1	1
qid	statement_value	Q7835525	2	2
qid	statement_value	Q7838279	1	1
qid	statement_value	Q783860	1	1
qid	statement_value	Q783906	2	2
qid	statement_value	Q784	1	1
qid	statement_value	Q784068	1	1
qid	statement_value	Q784148	1	1
qid	statement_value	Q784285	1	1
qid	statement_value	Q7843791	1	1
qid	statement_value	Q784753	1	1
qid	statement_value	Q785	1	1
qid	statement_value	Q7850	1	1
qid	statement_value	Q7856088	1	1
qid	statement_value	Q7857	4	4
qid	statement_value	Q785952	2	2
qid	statement_value	Q786	1	1
qid	statement_value	Q7860	1	1
qid	statement_value	Q786005	1	1
qid	statement_value	Q786054	1	1
qid	statement_value	Q7863	1	1
qid	statement_value	Q7863403	2	2
qid	statement_value	Q786484	1	1
qid	statement_value	Q786732	1	1
qid	statement_value	Q7868	1	1
qid	statement_value	Q786820	1	1
qid	statement_value	Q78686	1	1
qid	statement_value	Q787	1	1
qid	statement_value	Q787047	1	1
qid	statement_value	Q787114	1	1
qid	statement_value	Q787116	1	1
qid	statement_value	Q7873	1	1
qid	statement_value	Q787325	1	1
qid	statement_value	Q78777021	1	1
qid	statement_value	Q78780	1	1
qid	statement_value	Q788	2	2
qid	statement_value	Q7881	2	2
qid	statement_value	Q7881229	1	1
qid	statement_value	Q7884093	1	1
qid	statement_value	Q788451	1	1
qid	statement_value	Q7884789	801	801
qid	statement_value	Q7885904	1	1
qid	statement_value	Q7886	1	1
qid	statement_value	Q7887380	1	1
qid	statement_value	Q788790	1	1
qid	statement_value	Q788819	2	2
qid	statement_value	Q7888194	1	1
qid	statement_value	Q7889	2	2
qid	statement_value	Q788926	1	1
qid	statement_value	Q7892	1	1
qid	statement_value	Q78952848	1	1
qid	statement_value	Q78987	2	2
qid	statement_value	Q789965	1	1
qid	statement_value	Q79	1	1
qid	statement_value	Q790	1	1
qid	statement_value	Q79007	1	1
qid	statement_value	Q790399	1	1
qid	statement_value	Q79058	1	1
qid	statement_value	Q791187	1	1
qid	statement_value	Q7913	1	1
qid	statement_value	Q79137673	3	3
qid	statement_value	Q7918	1	1
qid	statement_value	Q791801	1	1
qid	statement_value	Q792	1	1
qid	statement_value	Q7921	1	1
qid	statement_value	Q7922	2	2
qid	statement_value	Q7925	4	4
qid	statement_value	Q7935	4	4
qid	statement_value	Q7936582	1	1
qid	statement_value	Q7937	1	1
qid	statement_value	Q794	3	3
qid	statement_value	Q7940086	1	1
qid	statement_value	Q7942	3	3
qid	statement_value	Q794282	1	1
qid	statement_value	Q7944	1	1
qid	statement_value	Q7946	1	1
qid	statement_value	Q79460	1	1
qid	statement_value	Q7949	1	1
qid	statement_value	Q7950	1	1
qid	statement_value	Q79504355	1	1
qid	statement_value	Q795134	1	1
qid	statement_value	Q79529	2	2
qid	statement_value	Q7958	1	1
qid	statement_value	Q796	3	3
qid	statement_value	Q79602	1	1
qid	statement_value	Q7960356	1	1
qid	statement_value	Q7961512	1	1
qid	statement_value	Q796575	1	1
qid	statement_value	Q796635	1	1
qid	statement_value	Q796758	5	5
qid	statement_value	Q796919	1	1
qid	statement_value	Q7969196	1	1
qid	statement_value	Q797	1	1
qid	statement_value	Q79719	1	1
qid	statement_value	Q7973	1	1
qid	statement_value	Q797422	1	1
qid	statement_value	Q79751	1	1
qid	statement_value	Q797551	1	1
qid	statement_value	Q797559	1	1
qid	statement_value	Q79757	1	1
qid	statement_value	Q79782	1	1
qid	statement_value	Q79785	1	1
qid	statement_value	Q79793	1	1
qid	statement_value	Q79794	1	1
qid	statement_value	Q79797	1	1
qid	statement_value	Q79803	1	1
qid	statement_value	Q79815	1	1
qid	statement_value	Q79817	1	1
qid	statement_value	Q7982	1	1
qid	statement_value	Q79833	1	1
qid	statement_value	Q79838	1	1
qid	statement_value	Q798400	1	1
qid	statement_value	Q798414	1	1
qid	statement_value	Q798417	1	1
qid	statement_value	Q798436	1	1
qid	statement_value	Q798492	1	1
qid	statement_value	Q798500	1	1
qid	statement_value	Q79852	1	1
qid	statement_value	Q7987	2	2
qid	statement_value	Q79871	2	2
qid	statement_value	Q79880	1	1
qid	statement_value	Q798886	1	1
qid	statement_value	Q798904	1	1
qid	statement_value	Q799	1	1
qid	statement_value	Q7991	1	1
qid	statement_value	Q79913	1	1
qid	statement_value	Q79915	1	1
qid	statement_value	Q7996169	1	1
qid	statement_value	Q79986	1	1
qid	statement_value	Q79988	1	1
qid	statement_value	Q79995	1	1
qid	statement_value	Q79998	2	2
qid	statement_value	Q8	1	1
qid	statement_value	Q800	1	1
qid	statement_value	Q80006	3	3
qid	statement_value	Q800093	2	2
qid	statement_value	Q80019	1	1
qid	statement_value	Q80021	1	1
qid	statement_value	Q80024	1	1
qid	statement_value	Q80026	1	1
qid	statement_value	Q800279	1	1
qid	statement_value	Q8004	1	1
qid	statement_value	Q80040	1	1
qid	statement_value	Q80071	2	2
qid	statement_value	Q801	3	3
qid	statement_value	Q80113	1	1
qid	statement_value	Q80151	1	1
qid	statement_value	Q801710	1	1
qid	statement_value	Q80174	1	1
qid	statement_value	Q80205	1	1
qid	statement_value	Q8021345	1	1
qid	statement_value	Q80228	1	1
qid	statement_value	Q8027727	1	1
qid	statement_value	Q8028	1	1
qid	statement_value	Q80284	2	2
qid	statement_value	Q8034663	1	1
qid	statement_value	Q803760	1	1
qid	statement_value	Q804	1	1
qid	statement_value	Q804154	1	1
qid	statement_value	Q8043	1	1
qid	statement_value	Q805	3	3
qid	statement_value	Q805130	1	1
qid	statement_value	Q805253	1	1
qid	statement_value	Q80531	1	1
qid	statement_value	Q8054	1	1
qid	statement_value	Q805727	3	3
qid	statement_value	Q8059337	1	1
qid	statement_value	Q805999	1	1
qid	statement_value	Q806097	1	1
qid	statement_value	Q8063	1	1
qid	statement_value	Q806378	1	1
qid	statement_value	Q8065	1	1
qid	statement_value	Q806798	1	1
qid	statement_value	Q8068	4	4
qid	statement_value	Q80680	1	1
qid	statement_value	Q806805	1	1
qid	statement_value	Q806824	1	1
qid	statement_value	Q80687	1	1
qid	statement_value	Q806880	1	1
qid	statement_value	Q8070	2	2
qid	statement_value	Q8072	1	1
qid	statement_value	Q8072298	1	1
qid	statement_value	Q8074	1	1
qid	statement_value	Q807791	2	2
qid	statement_value	Q8078	2	2
qid	statement_value	Q80793	1	1
qid	statement_value	Q8081	1	1
qid	statement_value	Q808218	1	1
qid	statement_value	Q80831	2	2
qid	statement_value	Q8084905	1	1
qid	statement_value	Q8087	12	12
qid	statement_value	Q809	1	1
qid	statement_value	Q8091	3	3
qid	statement_value	Q80930	1	1
qid	statement_value	Q8094	1	1
qid	statement_value	Q80949	1	1
qid	statement_value	Q80962	1	1
qid	statement_value	Q8097	1	1
qid	statement_value	Q80973	2	2
qid	statement_value	Q809910	1	1
qid	statement_value	Q80993	1	1
qid	statement_value	Q81	5	5
qid	statement_value	Q810	3	3
qid	statement_value	Q81009	1	1
qid	statement_value	Q810193	1	1
qid	statement_value	Q810194	1	1
qid	statement_value	Q8102	6	6
qid	statement_value	Q810214	1	1
qid	statement_value	Q810220	1	1
qid	statement_value	Q81025	1	1
qid	statement_value	Q810345	1	1
qid	statement_value	Q8104	2	2
qid	statement_value	Q81041	1	1
qid	statement_value	Q810447	1	1
qid	statement_value	Q810451	1	1
qid	statement_value	Q810515	1	1
qid	statement_value	Q81054	2	2
qid	statement_value	Q810560	1	1
qid	statement_value	Q8108	1	1
qid	statement_value	Q81091	1	1
qid	statement_value	Q810930	1	1
qid	statement_value	Q81096	2	2
qid	statement_value	Q811	1	1
qid	statement_value	Q81103	1	1
qid	statement_value	Q811097	1	1
qid	statement_value	Q811122	1	1
qid	statement_value	Q811165	1	1
qid	statement_value	Q811177	1	1
qid	statement_value	Q811195	1	1
qid	statement_value	Q811339	1	1
qid	statement_value	Q81137	1	1
qid	statement_value	Q811411	1	1
qid	statement_value	Q811426	1	1
qid	statement_value	Q811438	1	1
qid	statement_value	Q811480	1	1
qid	statement_value	Q811491	1	1
qid	statement_value	Q811530	1	1
qid	statement_value	Q811646	1	1
qid	statement_value	Q811704	1	1
qid	statement_value	Q81178	1	1
qid	statement_value	Q811930	1	1
qid	statement_value	Q811941	1	1
qid	statement_value	Q811969	1	1
qid	statement_value	Q81197	1	1
qid	statement_value	Q811972	1	1
qid	statement_value	Q811979	1	1
qid	statement_value	Q81235	1	1
qid	statement_value	Q8124	3	3
qid	statement_value	Q812767	1	1
qid	statement_value	Q812880	2	2
qid	statement_value	Q812959	1	1
qid	statement_value	Q812971	1	1
qid	statement_value	Q812996	1	1
qid	statement_value	Q813	3	3
qid	statement_value	Q813243	1	1
qid	statement_value	Q8134	3	3
qid	statement_value	Q81365	1	1
qid	statement_value	Q8137	1	1
qid	statement_value	Q813701	1	1
qid	statement_value	Q81375	1	1
qid	statement_value	Q813805	1	1
qid	statement_value	Q813912	3	3
qid	statement_value	Q81397	2	2
qid	statement_value	Q8142	1	1
qid	statement_value	Q814232	1	1
qid	statement_value	Q814254	1	1
qid	statement_value	Q8142883	1	1
qid	statement_value	Q814356	2	2
qid	statement_value	Q814357	1	1
qid	statement_value	Q8146	1	1
qid	statement_value	Q81464	1	1
qid	statement_value	Q814696	1	1
qid	statement_value	Q814722	1	1
qid	statement_value	Q814769	1	1
qid	statement_value	Q8148	1	1
qid	statement_value	Q814819	1	1
qid	statement_value	Q814910	1	1
qid	statement_value	Q814947	1	1
qid	statement_value	Q814997	1	1
qid	statement_value	Q815005	1	1
qid	statement_value	Q815240	1	1
qid	statement_value	Q815298	1	1
qid	statement_value	Q815362	1	1
qid	statement_value	Q815410	2	2
qid	statement_value	Q815530	1	1
qid	statement_value	Q815577	1	1
qid	statement_value	Q8157228	1	1
qid	statement_value	Q815738	1	1
qid	statement_value	Q815823	1	1
qid	statement_value	Q815825	1	1
qid	statement_value	Q815955	1	1
qid	statement_value	Q816052	1	1
qid	statement_value	Q8161	1	1
qid	statement_value	Q8162	58	58
qid	statement_value	Q816261	1	1
qid	statement_value	Q816345	1	1
qid	statement_value	Q816366	1	1
qid	statement_value	Q81639	3	3
qid	statement_value	Q816443	1	1
qid	statement_value	Q81659	1	1
qid	statement_value	Q816704	1	1
qid	statement_value	Q816713	1	1
qid	statement_value	Q817	3	3
qid	statement_value	Q81707	1	1
qid	statement_value	Q8171	2	2
qid	statement_value	Q81727	1	1
qid	statement_value	Q817393	2	2
qid	statement_value	Q81741	2	2
qid	statement_value	Q81759238	1	1
qid	statement_value	Q8178443	1	1
qid	statement_value	Q817849	1	1
qid	statement_value	Q81809	1	1
qid	statement_value	Q81825	1	1
qid	statement_value	Q8183	1	1
qid	statement_value	Q818405	1	1
qid	statement_value	Q81851	1	1
qid	statement_value	Q8185162	2	2
qid	statement_value	Q818544	1	1
qid	statement_value	Q818717	1	1
qid	statement_value	Q8187769	1	1
qid	statement_value	Q8188	1	1
qid	statement_value	Q81881	1	1
qid	statement_value	Q818909	1	1
qid	statement_value	Q818922	1	1
qid	statement_value	Q8189417	2	2
qid	statement_value	Q81895	1	1
qid	statement_value	Q818963	1	1
qid	statement_value	Q819	1	1
qid	statement_value	Q819073	1	1
qid	statement_value	Q8192	1	1
qid	statement_value	Q81938	1	1
qid	statement_value	Q81939797	1	1
qid	statement_value	Q81944	1	1
qid	statement_value	Q81980	2	2
qid	statement_value	Q819979	1	1
qid	statement_value	Q82	1	1
qid	statement_value	Q82001	1	1
qid	statement_value	Q820037	2	2
qid	statement_value	Q820236	1	1
qid	statement_value	Q82025	1	1
qid	statement_value	Q82037	1	1
qid	statement_value	Q820477	2	2
qid	statement_value	Q8205328	1	1
qid	statement_value	Q820593	1	1
qid	statement_value	Q82174	1	1
qid	statement_value	Q821952	1	1
qid	statement_value	Q822	3	3
qid	statement_value	Q822175	1	1
qid	statement_value	Q82225	1	1
qid	statement_value	Q822331	1	1
qid	statement_value	Q823196	1	1
qid	statement_value	Q823205	1	1
qid	statement_value	Q82383	1	1
qid	statement_value	Q82412	1	1
qid	statement_value	Q8242	1	1
qid	statement_value	Q824237	1	1
qid	statement_value	Q8246794	2	2
qid	statement_value	Q8250483	1	1
qid	statement_value	Q82550	2	2
qid	statement_value	Q82580	2	2
qid	statement_value	Q82592	1	1
qid	statement_value	Q82594	2	2
qid	statement_value	Q826	1	1
qid	statement_value	Q82604	1	1
qid	statement_value	Q8261	1	1
qid	statement_value	Q82642	1	1
qid	statement_value	Q82650	1	1
qid	statement_value	Q826522	1	1
qid	statement_value	Q826575	1	1
qid	statement_value	Q8265768	1	1
qid	statement_value	Q826930	2	2
qid	statement_value	Q82714	1	1
qid	statement_value	Q827156	2	2
qid	statement_value	Q82723	1	1
qid	statement_value	Q827349	1	1
qid	statement_value	Q8274	1	1
qid	statement_value	Q8275050	1	1
qid	statement_value	Q82753	1	1
qid	statement_value	Q827654	1	1
qid	statement_value	Q827658	2	2
qid	statement_value	Q82772	1	1
qid	statement_value	Q82794	3	3
qid	statement_value	Q82799	1	1
qid	statement_value	Q828	1	1
qid	statement_value	Q828043	1	1
qid	statement_value	Q82806	1	1
qid	statement_value	Q828107	1	1
qid	statement_value	Q82811	1	1
qid	statement_value	Q82818	1	1
qid	statement_value	Q82821	2	2
qid	statement_value	Q828224	1	1
qid	statement_value	Q828361	1	1
qid	statement_value	Q828581	1	1
qid	statement_value	Q82866	1	1
qid	statement_value	Q828812	1	1
qid	statement_value	Q828909	1	1
qid	statement_value	Q828911	1	1
qid	statement_value	Q829020	2	2
qid	statement_value	Q829026	1	1
qid	statement_value	Q829057	1	1
qid	statement_value	Q829073	2	2
qid	statement_value	Q829080	1	1
qid	statement_value	Q829163	1	1
qid	statement_value	Q829376	1	1
qid	statement_value	Q82946	1	1
qid	statement_value	Q829460	1	1
qid	statement_value	Q829465	1	1
qid	statement_value	Q829492	1	1
qid	statement_value	Q82955	2	2
qid	statement_value	Q829575	1	1
qid	statement_value	Q829683	1	1
qid	statement_value	Q829709	1	1
qid	statement_value	Q829887	1	1
qid	statement_value	Q82990	1	1
qid	statement_value	Q829903	1	1
qid	statement_value	Q829909	1	1
qid	statement_value	Q829989	1	1
qid	statement_value	Q830	2	2
qid	statement_value	Q830004	1	1
qid	statement_value	Q830012	1	1
qid	statement_value	Q830038	1	1
qid	statement_value	Q830077	1	1
qid	statement_value	Q83034	1	1
qid	statement_value	Q83043	2	2
qid	statement_value	Q830461	1	1
qid	statement_value	Q830493	1	1
qid	statement_value	Q830532	1	1
qid	statement_value	Q83058	1	1
qid	statement_value	Q83076627	1	1
qid	statement_value	Q830894	1	1
qid	statement_value	Q83093	1	1
qid	statement_value	Q831050	1	1
qid	statement_value	Q83124	1	1
qid	statement_value	Q831584	1	1
qid	statement_value	Q831611	1	1
qid	statement_value	Q831630	1	1
qid	statement_value	Q83165	1	1
qid	statement_value	Q831663	1	1
qid	statement_value	Q831691	2	2
qid	statement_value	Q83180	1	1
qid	statement_value	Q831868	1	1
qid	statement_value	Q83193	1	1
qid	statement_value	Q83197	1	1
qid	statement_value	Q83207	1	1
qid	statement_value	Q832104	1	1
qid	statement_value	Q83216	1	1
qid	statement_value	Q832237	1	1
qid	statement_value	Q832417	1	1
qid	statement_value	Q83247	1	1
qid	statement_value	Q83264	1	1
qid	statement_value	Q83266	1	1
qid	statement_value	Q83267	3	3
qid	statement_value	Q83283234	1	1
qid	statement_value	Q83286	2	2
qid	statement_value	Q833	3	3
qid	statement_value	Q83301	2	2
qid	statement_value	Q833053	1	1
qid	statement_value	Q83307	1	1
qid	statement_value	Q8331	2	2
qid	statement_value	Q83310	1	1
qid	statement_value	Q8332	1	1
qid	statement_value	Q83320	1	1
qid	statement_value	Q83324	1	1
qid	statement_value	Q8334343	1	1
qid	statement_value	Q83353	11	11
qid	statement_value	Q83357	1	1
qid	statement_value	Q83360	1	1
qid	statement_value	Q83363022	1	1
qid	statement_value	Q83363036	1	1
qid	statement_value	Q83364	1	1
qid	statement_value	Q83371	1	1
qid	statement_value	Q83372175	1	1
qid	statement_value	Q83373	1	1
qid	statement_value	Q83376	1	1
qid	statement_value	Q8338	1	1
qid	statement_value	Q833823	1	1
qid	statement_value	Q833860	1	1
qid	statement_value	Q834	3	3
qid	statement_value	Q834007	1	1
qid	statement_value	Q834028	1	1
qid	statement_value	Q83405	1	1
qid	statement_value	Q8341	1	1
qid	statement_value	Q8343	1	1
qid	statement_value	Q83437	3	3
qid	statement_value	Q8345	1	1
qid	statement_value	Q83460	1	1
qid	statement_value	Q83464	3	3
qid	statement_value	Q83478	1	1
qid	statement_value	Q83483	1	1
qid	statement_value	Q8348417	2	2
qid	statement_value	Q8350	1	1
qid	statement_value	Q83500	1	1
qid	statement_value	Q835016	1	1
qid	statement_value	Q835023	1	1
qid	statement_value	Q83513	1	1
qid	statement_value	Q8353	1	1
qid	statement_value	Q8355	2	2
qid	statement_value	Q835785	1	1
qid	statement_value	Q83588	1	1
qid	statement_value	Q836	3	3
qid	statement_value	Q836357	1	1
qid	statement_value	Q83641574	1	1
qid	statement_value	Q836575	1	1
qid	statement_value	Q8366	1	1
qid	statement_value	Q836915	1	1
qid	statement_value	Q837	5	5
qid	statement_value	Q83710044	2	2
qid	statement_value	Q837142	1	1
qid	statement_value	Q837145	1	1
qid	statement_value	Q837207	1	1
qid	statement_value	Q837255	1	1
qid	statement_value	Q837271	1	1
qid	statement_value	Q837276	1	1
qid	statement_value	Q837279	1	1
qid	statement_value	Q837281	1	1
qid	statement_value	Q837284	1	1
qid	statement_value	Q837288	1	1
qid	statement_value	Q837293	1	1
qid	statement_value	Q837299	1	1
qid	statement_value	Q837379	1	1
qid	statement_value	Q83745285	1	1
qid	statement_value	Q83745292	2	2
qid	statement_value	Q837556	1	1
qid	statement_value	Q837593	1	1
qid	statement_value	Q837675	1	1
qid	statement_value	Q8377	1	1
qid	statement_value	Q837721	4	4
qid	statement_value	Q837766	1	1
qid	statement_value	Q83790	1	1
qid	statement_value	Q837985	1	1
qid	statement_value	Q8380731	1	1
qid	statement_value	Q83808937	1	1
qid	statement_value	Q838239	2	2
qid	statement_value	Q838261	2	2
qid	statement_value	Q838312	1	1
qid	statement_value	Q838581	1	1
qid	statement_value	Q8386	1	1
qid	statement_value	Q83864	1	1
qid	statement_value	Q838801	1	1
qid	statement_value	Q838828	1	1
qid	statement_value	Q83939157	1	1
qid	statement_value	Q839679	1	1
qid	statement_value	Q839818	1	1
qid	statement_value	Q84	2	2
qid	statement_value	Q8401	2	2
qid	statement_value	Q840330	1	1
qid	statement_value	Q840343	2	2
qid	statement_value	Q840396	1	1
qid	statement_value	Q840400	1	1
qid	statement_value	Q840407	1	1
qid	statement_value	Q840448	1	1
qid	statement_value	Q84048852	2	2
qid	statement_value	Q840625	1	1
qid	statement_value	Q84072	1	1
qid	statement_value	Q84082327	1	1
qid	statement_value	Q840880	1	1
qid	statement_value	Q840920	1	1
qid	statement_value	Q840929	1	1
qid	statement_value	Q841083	1	1
qid	statement_value	Q841236	1	1
qid	statement_value	Q841267	2	2
qid	statement_value	Q841280	1	1
qid	statement_value	Q84133	1	1
qid	statement_value	Q841408	1	1
qid	statement_value	Q841509	3	3
qid	statement_value	Q841535	1	1
qid	statement_value	Q841654	1	1
qid	statement_value	Q8418	1	1
qid	statement_value	Q841983	2	2
qid	statement_value	Q842	3	3
qid	statement_value	Q842015	1	1
qid	statement_value	Q842346	1	1
qid	statement_value	Q842358	1	1
qid	statement_value	Q842392	1	1
qid	statement_value	Q8425	2	2
qid	statement_value	Q842782	4	4
qid	statement_value	Q843	3	3
qid	statement_value	Q8432	2	2
qid	statement_value	Q8434	3	3
qid	statement_value	Q843494	1	1
qid	statement_value	Q843596	1	1
qid	statement_value	Q8436	4	4
qid	statement_value	Q843601	1	1
qid	statement_value	Q843607	1	1
qid	statement_value	Q843684	1	1
qid	statement_value	Q843905	1	1
qid	statement_value	Q843909	1	1
qid	statement_value	Q843920	1	1
qid	statement_value	Q843958	1	1
qid	statement_value	Q843994	1	1
qid	statement_value	Q8441	4	4
qid	statement_value	Q844102	1	1
qid	statement_value	Q844144	1	1
qid	statement_value	Q84430532	1	1
qid	statement_value	Q84432451	1	1
qid	statement_value	Q844338	1	1
qid	statement_value	Q844482	3	3
qid	statement_value	Q8445	2	2
qid	statement_value	Q844569	1	1
qid	statement_value	Q844619	1	1
qid	statement_value	Q844770	1	1
qid	statement_value	Q844947	2	2
qid	statement_value	Q845073	1	1
qid	statement_value	Q8452	6	6
qid	statement_value	Q845249	1	1
qid	statement_value	Q845312	1	1
qid	statement_value	Q8454	3	3
qid	statement_value	Q845436	1	1
qid	statement_value	Q845671	1	1
qid	statement_value	Q845739	1	1
qid	statement_value	Q845777	1	1
qid	statement_value	Q845799	1	1
qid	statement_value	Q8458	1	1
qid	statement_value	Q846	3	3
qid	statement_value	Q8461	1	1
qid	statement_value	Q846270	1	1
qid	statement_value	Q8463	1	1
qid	statement_value	Q8463304	1	1
qid	statement_value	Q846498	1	1
qid	statement_value	Q8465	1	1
qid	statement_value	Q846570	1	1
qid	statement_value	Q846574	1	1
qid	statement_value	Q846759	1	1
qid	statement_value	Q846928	1	1
qid	statement_value	Q846929	2	2
qid	statement_value	Q847	1	1
qid	statement_value	Q847017	1	1
qid	statement_value	Q8473	9	9
qid	statement_value	Q84732676	1	1
qid	statement_value	Q847337	4	4
qid	statement_value	Q847658	1	1
qid	statement_value	Q847824	1	1
qid	statement_value	Q847935	1	1
qid	statement_value	Q847956	1	1
qid	statement_value	Q848197	1	1
qid	statement_value	Q848378	1	1
qid	statement_value	Q848532	1	1
qid	statement_value	Q8486	2	2
qid	statement_value	Q848706	1	1
qid	statement_value	Q848856	1	1
qid	statement_value	Q849024	1	1
qid	statement_value	Q8492	1	1
qid	statement_value	Q849267	1	1
qid	statement_value	Q849340	1	1
qid	statement_value	Q849359	1	1
qid	statement_value	Q849417	1	1
qid	statement_value	Q849424	3	3
qid	statement_value	Q849450	3	3
qid	statement_value	Q8495	1	1
qid	statement_value	Q849778	1	1
qid	statement_value	Q849813	1	1
qid	statement_value	Q849964	1	1
qid	statement_value	Q85	1	1
qid	statement_value	Q8502	2	2
qid	statement_value	Q850210	1	1
qid	statement_value	Q850235	1	1
qid	statement_value	Q850298	1	1
qid	statement_value	Q851	4	4
qid	statement_value	Q851176	1	1
qid	statement_value	Q8513	1	1
qid	statement_value	Q851384	1	1
qid	statement_value	Q8514	1	1
qid	statement_value	Q851419	1	1
qid	statement_value	Q851428	1	1
qid	statement_value	Q851782	1	1
qid	statement_value	Q851829	1	1
qid	statement_value	Q851872	1	1
qid	statement_value	Q851990	1	1
qid	statement_value	Q852008	1	1
qid	statement_value	Q852010	2	2
qid	statement_value	Q852100	1	1
qid	statement_value	Q852220	1	1
qid	statement_value	Q852389	2	2
qid	statement_value	Q852613	1	1
qid	statement_value	Q852740	1	1
qid	statement_value	Q852784	1	1
qid	statement_value	Q852799	1	1
qid	statement_value	Q852835	2	2
qid	statement_value	Q852857	1	1
qid	statement_value	Q853213	1	1
qid	statement_value	Q853756	1	1
qid	statement_value	Q853930	1	1
qid	statement_value	Q854	1	1
qid	statement_value	Q854248	2	2
qid	statement_value	Q854384	1	1
qid	statement_value	Q854429	1	1
qid	statement_value	Q854546	1	1
qid	statement_value	Q854618	1	1
qid	statement_value	Q85477	1	1
qid	statement_value	Q854830	1	1
qid	statement_value	Q854852	1	1
qid	statement_value	Q855091	2	2
qid	statement_value	Q855395	1	1
qid	statement_value	Q855691	1	1
qid	statement_value	Q855697	1	1
qid	statement_value	Q855877	2	2
qid	statement_value	Q856	2	2
qid	statement_value	Q856144	1	1
qid	statement_value	Q856234	1	1
qid	statement_value	Q8564039	1	1
qid	statement_value	Q856584	1	1
qid	statement_value	Q856592	1	1
qid	statement_value	Q856679	1	1
qid	statement_value	Q857027	1	1
qid	statement_value	Q857138	1	1
qid	statement_value	Q857325	1	1
qid	statement_value	Q857628	1	1
qid	statement_value	Q857796	1	1
qid	statement_value	Q857909	1	1
qid	statement_value	Q858	4	4
qid	statement_value	Q858055	1	1
qid	statement_value	Q858177	1	1
qid	statement_value	Q858403	1	1
qid	statement_value	Q858439	1	1
qid	statement_value	Q858485	1	1
qid	statement_value	Q858517	4	4
qid	statement_value	Q858576	1	1
qid	statement_value	Q858590	1	1
qid	statement_value	Q858810	1	1
qid	statement_value	Q859031	1	1
qid	statement_value	Q859161	1	1
qid	statement_value	Q859257	1	1
qid	statement_value	Q859281	1	1
qid	statement_value	Q859517	1	1
qid	statement_value	Q859965	1	1
qid	statement_value	Q86	2	2
qid	statement_value	Q860189	1	1
qid	statement_value	Q860251	1	1
qid	statement_value	Q860256	1	1
qid	statement_value	Q860310	1	1
qid	statement_value	Q860447	1	1
qid	statement_value	Q860535	1	1
qid	statement_value	Q860594	1	1
qid	statement_value	Q860792	1	1
qid	statement_value	Q860861	2	2
qid	statement_value	Q860918	1	1
qid	statement_value	Q861	1	1
qid	statement_value	Q861009	1	1
qid	statement_value	Q8614	1	1
qid	statement_value	Q861555	2	2
qid	statement_value	Q861911	1	1
qid	statement_value	Q861951	4	4
qid	statement_value	Q861974	1	1
qid	statement_value	Q862086	1	1
qid	statement_value	Q862089	1	1
qid	statement_value	Q862372	1	1
qid	statement_value	Q862454	1	1
qid	statement_value	Q862978	1	1
qid	statement_value	Q863	3	3
qid	statement_value	Q863048	1	1
qid	statement_value	Q863250	1	1
qid	statement_value	Q863266	1	1
qid	statement_value	Q863583	1	1
qid	statement_value	Q863900	1	1
qid	statement_value	Q863904	1	1
qid	statement_value	Q863915	1	1
qid	statement_value	Q863944	1	1
qid	statement_value	Q863970	1	1
qid	statement_value	Q864011	1	1
qid	statement_value	Q8641	1	1
qid	statement_value	Q864121	1	1
qid	statement_value	Q864184	1	1
qid	statement_value	Q86436	1	1
qid	statement_value	Q864503	3	3
qid	statement_value	Q8646	4	4
qid	statement_value	Q864693	1	1
qid	statement_value	Q864746	1	1
qid	statement_value	Q864907	1	1
qid	statement_value	Q864939	1	1
qid	statement_value	Q865	3	3
qid	statement_value	Q865054	1	1
qid	statement_value	Q865144	1	1
qid	statement_value	Q86518041	1	1
qid	statement_value	Q865198	1	1
qid	statement_value	Q865545	1	1
qid	statement_value	Q865588	1	1
qid	statement_value	Q865851	1	1
qid	statement_value	Q865968	1	1
qid	statement_value	Q866081	1	1
qid	statement_value	Q866283	1	1
qid	statement_value	Q86647781	1	1
qid	statement_value	Q866650	1	1
qid	statement_value	Q8669	1	1
qid	statement_value	Q867	1	1
qid	statement_value	Q867147	1	1
qid	statement_value	Q867174	1	1
qid	statement_value	Q867295	1	1
qid	statement_value	Q8675	1	1
qid	statement_value	Q8680	1	1
qid	statement_value	Q868257	1	1
qid	statement_value	Q868354	1	1
qid	statement_value	Q868557	1	1
qid	statement_value	Q8689	1	1
qid	statement_value	Q869	3	3
qid	statement_value	Q86901049	1	1
qid	statement_value	Q86911952	1	1
qid	statement_value	Q86913216	1	1
qid	statement_value	Q86920	1	1
qid	statement_value	Q869547	1	1
qid	statement_value	Q8698	1	1
qid	statement_value	Q86981137	1	1
qid	statement_value	Q87	1	1
qid	statement_value	Q870	3	3
qid	statement_value	Q870344	1	1
qid	statement_value	Q870870	2	2
qid	statement_value	Q871	1	1
qid	statement_value	Q871232	1	1
qid	statement_value	Q871337	1	1
qid	statement_value	Q871904	2	2
qid	statement_value	Q871991	1	1
qid	statement_value	Q872	1	1
qid	statement_value	Q872625	1	1
qid	statement_value	Q873364	1	1
qid	statement_value	Q873506	2	2
qid	statement_value	Q873625	2	2
qid	statement_value	Q873750	1	1
qid	statement_value	Q873776	1	1
qid	statement_value	Q8737769	1	1
qid	statement_value	Q873806	2	2
qid	statement_value	Q874	3	3
qid	statement_value	Q8740	1	1
qid	statement_value	Q874411	1	1
qid	statement_value	Q8748	1	1
qid	statement_value	Q87495542	1	1
qid	statement_value	Q87496970	1	1
qid	statement_value	Q875016	1	1
qid	statement_value	Q875109	1	1
qid	statement_value	Q875110	1	1
qid	statement_value	Q875146	1	1
qid	statement_value	Q8752	1	1
qid	statement_value	Q875592	1	1
qid	statement_value	Q875696	1	1
qid	statement_value	Q875765	1	1
qid	statement_value	Q876	1	1
qid	statement_value	Q876082	1	1
qid	statement_value	Q876096	1	1
qid	statement_value	Q876274	1	1
qid	statement_value	Q876650	1	1
qid	statement_value	Q876776	3	3
qid	statement_value	Q876824	3	3
qid	statement_value	Q876864	1	1
qid	statement_value	Q877	1	1
qid	statement_value	Q877096	1	1
qid	statement_value	Q87719492	1	1
qid	statement_value	Q877538	1	1
qid	statement_value	Q8776414	1	1
qid	statement_value	Q877674	1	1
qid	statement_value	Q8777	1	1
qid	statement_value	Q877707	1	1
qid	statement_value	Q87779	1	1
qid	statement_value	Q878070	1	1
qid	statement_value	Q878077	1	1
qid	statement_value	Q878143	1	1
qid	statement_value	Q878249	2	2
qid	statement_value	Q878295	1	1
qid	statement_value	Q878352	2	2
qid	statement_value	Q8785	1	1
qid	statement_value	Q878526	1	1
qid	statement_value	Q87864708	2	2
qid	statement_value	Q878690	1	1
qid	statement_value	Q8789	3	3
qid	statement_value	Q879	1	1
qid	statement_value	Q879005	1	1
qid	statement_value	Q879641	2	2
qid	statement_value	Q8798	1	1
qid	statement_value	Q879844	1	1
qid	statement_value	Q879923	1	1
qid	statement_value	Q880	1	1
qid	statement_value	Q8805	1	1
qid	statement_value	Q880543	1	1
qid	statement_value	Q881	3	3
qid	statement_value	Q88103628	1	1
qid	statement_value	Q88107325	1	1
qid	statement_value	Q88109319	1	1
qid	statement_value	Q8812109	1	1
qid	statement_value	Q881329	1	1
qid	statement_value	Q882086	1	1
qid	statement_value	Q882150	1	1
qid	statement_value	Q88221331	1	1
qid	statement_value	Q882214	1	1
qid	statement_value	Q8828	1	1
qid	statement_value	Q88291	1	1
qid	statement_value	Q88296091	1	1
qid	statement_value	Q882991	1	1
qid	statement_value	Q883234	1	1
qid	statement_value	Q88376242	1	1
qid	statement_value	Q883803	1	1
qid	statement_value	Q884	3	3
qid	statement_value	Q8842	1	1
qid	statement_value	Q884775	1	1
qid	statement_value	Q884785	1	1
qid	statement_value	Q88480	3	3
qid	statement_value	Q884856	1	1
qid	statement_value	Q8853	1	1
qid	statement_value	Q88547073	1	1
qid	statement_value	Q88548699	1	1
qid	statement_value	Q88552368	1	1
qid	statement_value	Q88575586	1	1
qid	statement_value	Q88577125	1	1
qid	statement_value	Q88578009	1	1
qid	statement_value	Q88579119	1	1
qid	statement_value	Q88584181	1	1
qid	statement_value	Q88584333	1	1
qid	statement_value	Q88584397	1	1
qid	statement_value	Q88584905	1	1
qid	statement_value	Q88584920	1	1
qid	statement_value	Q88589270	1	1
qid	statement_value	Q88590312	1	1
qid	statement_value	Q88590460	1	1
qid	statement_value	Q88590512	1	1
qid	statement_value	Q88590518	1	1
qid	statement_value	Q88591002	1	1
qid	statement_value	Q88592036	1	1
qid	statement_value	Q88593087	1	1
qid	statement_value	Q88593220	1	1
qid	statement_value	Q88593405	1	1
qid	statement_value	Q88593710	1	1
qid	statement_value	Q88593787	1	1
qid	statement_value	Q88595532	1	1
qid	statement_value	Q88596016	1	1
qid	statement_value	Q88598858	1	1
qid	statement_value	Q886167	3	3
qid	statement_value	Q886220	1	1
qid	statement_value	Q88643435	1	1
qid	statement_value	Q88643554	1	1
qid	statement_value	Q88645037	1	1
qid	statement_value	Q88649147	1	1
qid	statement_value	Q8865	1	1
qid	statement_value	Q88650665	1	1
qid	statement_value	Q88650727	1	1
qid	statement_value	Q88651585	1	1
qid	statement_value	Q886518	1	1
qid	statement_value	Q88651829	1	1
qid	statement_value	Q886549	1	1
qid	statement_value	Q88659538	1	1
qid	statement_value	Q88662382	1	1
qid	statement_value	Q88662752	1	1
qid	statement_value	Q88665083	1	1
qid	statement_value	Q8866546	1	1
qid	statement_value	Q886684	1	1
qid	statement_value	Q8867089	1	1
qid	statement_value	Q88671387	1	1
qid	statement_value	Q88678062	1	1
qid	statement_value	Q886783	1	1
qid	statement_value	Q886837	1	1
qid	statement_value	Q88684641	1	1
qid	statement_value	Q88685777	1	1
qid	statement_value	Q8868615	2	2
qid	statement_value	Q88686631	1	1
qid	statement_value	Q88689039	1	1
qid	statement_value	Q88692629	1	1
qid	statement_value	Q88696380	1	1
qid	statement_value	Q88696835	1	1
qid	statement_value	Q887	1	1
qid	statement_value	Q88707973	1	1
qid	statement_value	Q88721571	1	1
qid	statement_value	Q88723072	1	1
qid	statement_value	Q88724054	1	1
qid	statement_value	Q88724417	1	1
qid	statement_value	Q88741945	1	1
qid	statement_value	Q88742460	1	1
qid	statement_value	Q88751828	1	1
qid	statement_value	Q88753470	1	1
qid	statement_value	Q887540	1	1
qid	statement_value	Q88754141	1	1
qid	statement_value	Q88755819	1	1
qid	statement_value	Q88756320	1	1
qid	statement_value	Q88758713	1	1
qid	statement_value	Q88759947	1	1
qid	statement_value	Q88760373	1	1
qid	statement_value	Q88760737	1	1
qid	statement_value	Q88761203	1	1
qid	statement_value	Q88761408	1	1
qid	statement_value	Q88761431	1	1
qid	statement_value	Q88761975	1	1
qid	statement_value	Q88762596	1	1
qid	statement_value	Q88762666	1	1
qid	statement_value	Q88762736	1	1
qid	statement_value	Q88762783	1	1
qid	statement_value	Q88762920	1	1
qid	statement_value	Q88763187	1	1
qid	statement_value	Q88763849	1	1
qid	statement_value	Q88767836	1	1
qid	statement_value	Q88768352	1	1
qid	statement_value	Q88770772	1	1
qid	statement_value	Q88772090	1	1
qid	statement_value	Q88773361	1	1
qid	statement_value	Q88776809	1	1
qid	statement_value	Q88778685	1	1
qid	statement_value	Q88778739	1	1
qid	statement_value	Q88779655	1	1
qid	statement_value	Q88788338	1	1
qid	statement_value	Q88788539	1	1
qid	statement_value	Q88788696	1	1
qid	statement_value	Q88793244	1	1
qid	statement_value	Q88798015	1	1
qid	statement_value	Q88799556	1	1
qid	statement_value	Q888	1	1
qid	statement_value	Q88807174	1	1
qid	statement_value	Q88814373	1	1
qid	statement_value	Q88819620	1	1
qid	statement_value	Q88819699	1	1
qid	statement_value	Q88822676	1	1
qid	statement_value	Q88822742	1	1
qid	statement_value	Q888616	1	1
qid	statement_value	Q88864431	1	1
qid	statement_value	Q88889027	1	1
qid	statement_value	Q88890441	1	1
qid	statement_value	Q88891898	1	1
qid	statement_value	Q88892058	1	1
qid	statement_value	Q88892298	1	1
qid	statement_value	Q88892299	1	1
qid	statement_value	Q88892328	1	1
qid	statement_value	Q88892677	1	1
qid	statement_value	Q88892827	1	1
qid	statement_value	Q88893797	1	1
qid	statement_value	Q88899683	1	1
qid	statement_value	Q889	4	4
qid	statement_value	Q88900009	1	1
qid	statement_value	Q88900016	1	1
qid	statement_value	Q88900173	1	1
qid	statement_value	Q88900189	1	1
qid	statement_value	Q88900680	1	1
qid	statement_value	Q88900758	1	1
qid	statement_value	Q88900877	1	1
qid	statement_value	Q88900898	1	1
qid	statement_value	Q88901124	1	1
qid	statement_value	Q88905867	1	1
qid	statement_value	Q88936650	1	1
qid	statement_value	Q88936668	1	1
qid	statement_value	Q88936832	1	1
qid	statement_value	Q88936894	1	1
qid	statement_value	Q88937000	1	1
qid	statement_value	Q88937017	1	1
qid	statement_value	Q88937449	1	1
qid	statement_value	Q889503	1	1
qid	statement_value	Q889514	1	1
qid	statement_value	Q889522	1	1
qid	statement_value	Q88952841	1	1
qid	statement_value	Q889719	1	1
qid	statement_value	Q889821	1	1
qid	statement_value	Q89	2	2
qid	statement_value	Q890906	1	1
qid	statement_value	Q891475	1	1
qid	statement_value	Q891691	1	1
qid	statement_value	Q89190389	1	1
qid	statement_value	Q892168	1	1
qid	statement_value	Q8928	2	2
qid	statement_value	Q89288125	1	1
qid	statement_value	Q893	1	1
qid	statement_value	Q893191	1	1
qid	statement_value	Q893449	1	1
qid	statement_value	Q8936588	1	1
qid	statement_value	Q894709	1	1
qid	statement_value	Q895	1	1
qid	statement_value	Q895089	1	1
qid	statement_value	Q89549607	1	1
qid	statement_value	Q895526	1	1
qid	statement_value	Q89558833	1	1
qid	statement_value	Q895612	1	1
qid	statement_value	Q895679	1	1
qid	statement_value	Q89578131	1	1
qid	statement_value	Q895789	1	1
qid	statement_value	Q895860	1	1
qid	statement_value	Q895901	1	1
qid	statement_value	Q896083	1	1
qid	statement_value	Q8963721	1	1
qid	statement_value	Q896375	1	1
qid	statement_value	Q896403	1	1
qid	statement_value	Q89640440	1	1
qid	statement_value	Q89640459	1	1
qid	statement_value	Q89640636	1	1
qid	statement_value	Q89640699	1	1
qid	statement_value	Q89640715	1	1
qid	statement_value	Q89640837	1	1
qid	statement_value	Q89640893	1	1
qid	statement_value	Q89640953	1	1
qid	statement_value	Q89640966	1	1
qid	statement_value	Q89640987	1	1
qid	statement_value	Q89641108	1	1
qid	statement_value	Q89641196	1	1
qid	statement_value	Q89641262	1	1
qid	statement_value	Q89641375	1	1
qid	statement_value	Q89641389	1	1
qid	statement_value	Q89641401	1	1
qid	statement_value	Q89641405	1	1
qid	statement_value	Q89641413	1	1
qid	statement_value	Q89641431	1	1
qid	statement_value	Q89641432	1	1
qid	statement_value	Q89641463	1	1
qid	statement_value	Q89641525	1	1
qid	statement_value	Q89641690	1	1
qid	statement_value	Q89641692	1	1
qid	statement_value	Q89641696	1	1
qid	statement_value	Q89641716	1	1
qid	statement_value	Q89641734	1	1
qid	statement_value	Q89641852	1	1
qid	statement_value	Q89641886	1	1
qid	statement_value	Q896525	1	1
qid	statement_value	Q89657	1	1
qid	statement_value	Q896580	1	1
qid	statement_value	Q89659343	1	1
qid	statement_value	Q896677	1	1
qid	statement_value	Q896832	1	1
qid	statement_value	Q896881	1	1
qid	statement_value	Q89698531	1	1
qid	statement_value	Q897	1	1
qid	statement_value	Q897080	1	1
qid	statement_value	Q897113	1	1
qid	statement_value	Q897229	1	1
qid	statement_value	Q897303	1	1
qid	statement_value	Q897317	1	1
qid	statement_value	Q897395	1	1
qid	statement_value	Q897399	1	1
qid	statement_value	Q897403	1	1
qid	statement_value	Q897438	1	1
qid	statement_value	Q89753	1	1
qid	statement_value	Q89773502	1	1
qid	statement_value	Q897797	1	1
qid	statement_value	Q89795028	1	1
qid	statement_value	Q89825296	1	1
qid	statement_value	Q89825541	1	1
qid	statement_value	Q89825627	1	1
qid	statement_value	Q89825871	2	2
qid	statement_value	Q89826074	1	1
qid	statement_value	Q89826122	1	1
qid	statement_value	Q898370	1	1
qid	statement_value	Q898419	1	1
qid	statement_value	Q898653	1	1
qid	statement_value	Q898765	2	2
qid	statement_value	Q898783	1	1
qid	statement_value	Q898830	1	1
qid	statement_value	Q898919	1	1
qid	statement_value	Q898987	1	1
qid	statement_value	Q899192	1	1
qid	statement_value	Q899336	1	1
qid	statement_value	Q899540	1	1
qid	statement_value	Q899640	1	1
qid	statement_value	Q899758	4	4
qid	statement_value	Q899762	1	1
qid	statement_value	Q90	3	3
qid	statement_value	Q900	1	1
qid	statement_value	Q900165	1	1
qid	statement_value	Q900214	1	1
qid	statement_value	Q9004530	1	1
qid	statement_value	Q9005	2	2
qid	statement_value	Q900534	1	1
qid	statement_value	Q900584	1	1
qid	statement_value	Q9008029	1	1
qid	statement_value	Q90083157	1	1
qid	statement_value	Q9009	1	1
qid	statement_value	Q900977	2	2
qid	statement_value	Q901	2	2
qid	statement_value	Q901222	1	1
qid	statement_value	Q901402	4	4
qid	statement_value	Q901464	1	1
qid	statement_value	Q901497	1	1
qid	statement_value	Q901711	134	134
qid	statement_value	Q901718	1	1
qid	statement_value	Q9017214	1	1
qid	statement_value	Q901832	1	1
qid	statement_value	Q901882	1	1
qid	statement_value	Q902	3	3
qid	statement_value	Q902104	1	1
qid	statement_value	Q902180	1	1
qid	statement_value	Q902318	1	1
qid	statement_value	Q902324	1	1
qid	statement_value	Q9025795	1	1
qid	statement_value	Q9027	1	1
qid	statement_value	Q902814	1	1
qid	statement_value	Q903453	1	1
qid	statement_value	Q903495	1	1
qid	statement_value	Q9035	1	1
qid	statement_value	Q903900	1	1
qid	statement_value	Q9041	1	1
qid	statement_value	Q904216	1	1
qid	statement_value	Q9043	1	1
qid	statement_value	Q904423	1	1
qid	statement_value	Q904455	1	1
qid	statement_value	Q904653	1	1
qid	statement_value	Q904889	1	1
qid	statement_value	Q9049677	1	1
qid	statement_value	Q904997	1	1
qid	statement_value	Q905085	1	1
qid	statement_value	Q9051	1	1
qid	statement_value	Q905151	2	2
qid	statement_value	Q905286	1	1
qid	statement_value	Q9053	1	1
qid	statement_value	Q9053464	1	1
qid	statement_value	Q905421	1	1
qid	statement_value	Q9056	1	1
qid	statement_value	Q9058	1	1
qid	statement_value	Q905921	1	1
qid	statement_value	Q9061	1	1
qid	statement_value	Q9061486	1	1
qid	statement_value	Q9063	1	1
qid	statement_value	Q906675	1	1
qid	statement_value	Q9067	1	1
qid	statement_value	Q90685	1	1
qid	statement_value	Q906936	1	1
qid	statement_value	Q907099	1	1
qid	statement_value	Q907118	1	1
qid	statement_value	Q9072	1	1
qid	statement_value	Q907209	2	2
qid	statement_value	Q9073584	1	1
qid	statement_value	Q907703	1	1
qid	statement_value	Q9078	1	1
qid	statement_value	Q90792230	1	1
qid	statement_value	Q907950	1	1
qid	statement_value	Q90800386	1	1
qid	statement_value	Q90809560	2	2
qid	statement_value	Q9081	4	4
qid	statement_value	Q9083	1	1
qid	statement_value	Q908604	2	2
qid	statement_value	Q90885249	1	1
qid	statement_value	Q90886771	1	1
qid	statement_value	Q90886796	1	1
qid	statement_value	Q90886819	1	1
qid	statement_value	Q90886939	1	1
qid	statement_value	Q90887009	1	1
qid	statement_value	Q90887310	1	1
qid	statement_value	Q90887316	1	1
qid	statement_value	Q90887317	1	1
qid	statement_value	Q90887404	1	1
qid	statement_value	Q90887506	1	1
qid	statement_value	Q9089	1	1
qid	statement_value	Q90891270	2	2
qid	statement_value	Q9091	2	2
qid	statement_value	Q909729	1	1
qid	statement_value	Q910284	1	1
qid	statement_value	Q9103	4	4
qid	statement_value	Q910300	1	1
qid	statement_value	Q910375	1	1
qid	statement_value	Q910592	1	1
qid	statement_value	Q910597	1	1
qid	statement_value	Q910612	1	1
qid	statement_value	Q910958	1	1
qid	statement_value	Q91122	1	1
qid	statement_value	Q911554	1	1
qid	statement_value	Q911604	1	1
qid	statement_value	Q911679	1	1
qid	statement_value	Q912	2	2
qid	statement_value	Q9121	1	1
qid	statement_value	Q912202	1	1
qid	statement_value	Q912452	1	1
qid	statement_value	Q912522	1	1
qid	statement_value	Q912546	1	1
qid	statement_value	Q9128	2	2
qid	statement_value	Q9129	1	1
qid	statement_value	Q913035	1	1
qid	statement_value	Q91312	1	1
qid	statement_value	Q913170	1	1
qid	statement_value	Q91328142	1	1
qid	statement_value	Q9134	2	2
qid	statement_value	Q9135	1	1
qid	statement_value	Q913628	1	1
qid	statement_value	Q913790	1	1
qid	statement_value	Q913850	2	2
qid	statement_value	Q9142	1	1
qid	statement_value	Q914223	1	1
qid	statement_value	Q9143	1	1
qid	statement_value	Q914462	1	1
qid	statement_value	Q9147	1	1
qid	statement_value	Q914856	3	3
qid	statement_value	Q9149093	1	1
qid	statement_value	Q915110	1	1
qid	statement_value	Q915149	1	1
qid	statement_value	Q9154612	1	1
qid	statement_value	Q915466	1	1
qid	statement_value	Q9158768	3	3
qid	statement_value	Q9159	1	1
qid	statement_value	Q916	3	3
qid	statement_value	Q9165	1	1
qid	statement_value	Q916596	1	1
qid	statement_value	Q9166	1	1
qid	statement_value	Q9168	2	2
qid	statement_value	Q917	3	3
qid	statement_value	Q917098	1	1
qid	statement_value	Q917215	1	1
qid	statement_value	Q9174	11	11
qid	statement_value	Q917408	1	1
qid	statement_value	Q9176	1	1
qid	statement_value	Q917714	1	1
qid	statement_value	Q917994	1	1
qid	statement_value	Q918036	1	1
qid	statement_value	Q918088	1	1
qid	statement_value	Q918094	1	1
qid	statement_value	Q918113	1	1
qid	statement_value	Q918227	1	1
qid	statement_value	Q91828006	2	2
qid	statement_value	Q9184	1	1
qid	statement_value	Q9186	1	1
qid	statement_value	Q918779	1	1
qid	statement_value	Q919036	1	1
qid	statement_value	Q9192	1	1
qid	statement_value	Q919721	3	3
qid	statement_value	Q9199	1	1
qid	statement_value	Q9202379	1	1
qid	statement_value	Q920285	1	1
qid	statement_value	Q9207730	1	1
qid	statement_value	Q9208267	1	1
qid	statement_value	Q9208434	1	1
qid	statement_value	Q921	3	3
qid	statement_value	Q921083	1	1
qid	statement_value	Q921099	1	1
qid	statement_value	Q9213592	1	1
qid	statement_value	Q922203	1	1
qid	statement_value	Q92251	1	1
qid	statement_value	Q923	1	1
qid	statement_value	Q9235758	3	3
qid	statement_value	Q9237	1	1
qid	statement_value	Q9238344	2	2
qid	statement_value	Q923906	1	1
qid	statement_value	Q923933	10	10
qid	statement_value	Q924	1	1
qid	statement_value	Q9240	1	1
qid	statement_value	Q924037	1	1
qid	statement_value	Q924286	1	1
qid	statement_value	Q9246	1	1
qid	statement_value	Q924713	1	1
qid	statement_value	Q925	3	3
qid	statement_value	Q9254306	1	1
qid	statement_value	Q925477	1	1
qid	statement_value	Q9255	1	1
qid	statement_value	Q925667	1	1
qid	statement_value	Q925783	1	1
qid	statement_value	Q9260	1	1
qid	statement_value	Q9262	1	1
qid	statement_value	Q9264	1	1
qid	statement_value	Q926578	1	1
qid	statement_value	Q9266	1	1
qid	statement_value	Q9267	1	1
qid	statement_value	Q9267611	1	1
qid	statement_value	Q9268	1	1
qid	statement_value	Q9270	1	1
qid	statement_value	Q927924	1	1
qid	statement_value	Q928	3	3
qid	statement_value	Q9280986	1	1
qid	statement_value	Q9284972	1	1
qid	statement_value	Q9286	1	1
qid	statement_value	Q9288	1	1
qid	statement_value	Q929	1	1
qid	statement_value	Q929186	1	1
qid	statement_value	Q929302	1	1
qid	statement_value	Q9296	1	1
qid	statement_value	Q92970928	1	1
qid	statement_value	Q9299	1	1
qid	statement_value	Q930133	2	2
qid	statement_value	Q930164	3	3
qid	statement_value	Q9303	1	1
qid	statement_value	Q9303750	1	1
qid	statement_value	Q9303826	1	1
qid	statement_value	Q930412	1	1
qid	statement_value	Q9309	1	1
qid	statement_value	Q9311446	1	1
qid	statement_value	Q9311660	1	1
qid	statement_value	Q931260	4	4
qid	statement_value	Q931507	1	1
qid	statement_value	Q93165	1	1
qid	statement_value	Q93184	1	1
qid	statement_value	Q93189	1	1
qid	statement_value	Q93190	2	2
qid	statement_value	Q932	1	1
qid	statement_value	Q93204	1	1
qid	statement_value	Q932103	1	1
qid	statement_value	Q932126	1	1
qid	statement_value	Q932161	1	1
qid	statement_value	Q932214	1	1
qid	statement_value	Q93229981	1	1
qid	statement_value	Q93235	1	1
qid	statement_value	Q932420	1	1
qid	statement_value	Q932540	1	1
qid	statement_value	Q932575	1	1
qid	statement_value	Q932586	1	1
qid	statement_value	Q9326	1	1
qid	statement_value	Q932633	3	3
qid	statement_value	Q93288	2	2
qid	statement_value	Q933	1	1
qid	statement_value	Q93301	2	2
qid	statement_value	Q9332	2	2
qid	statement_value	Q9332842	1	1
qid	statement_value	Q93338609	1	1
qid	statement_value	Q933394	1	1
qid	statement_value	Q93352	1	1
qid	statement_value	Q933583	1	1
qid	statement_value	Q933949	1	1
qid	statement_value	Q934	1	1
qid	statement_value	Q93421479	1	1
qid	statement_value	Q9345597	1	1
qid	statement_value	Q9347372	1	1
qid	statement_value	Q934895	1	1
qid	statement_value	Q9350	1	1
qid	statement_value	Q9352089	3	3
qid	statement_value	Q935526	1	1
qid	statement_value	Q935666	1	1
qid	statement_value	Q935741	1	1
qid	statement_value	Q93642272	1	1
qid	statement_value	Q936472	1	1
qid	statement_value	Q936495	1	1
qid	statement_value	Q936749	1	1
qid	statement_value	Q9368	1	1
qid	statement_value	Q9370629	1	1
qid	statement_value	Q9371	1	1
qid	statement_value	Q937228	2	2
qid	statement_value	Q937379	1	1
qid	statement_value	Q9377	1	1
qid	statement_value	Q937854	1	1
qid	statement_value	Q937857	6	6
qid	statement_value	Q937946	1	1
qid	statement_value	Q938	1	1
qid	statement_value	Q9381142	1	1
qid	statement_value	Q9382	2	2
qid	statement_value	Q938236	1	1
qid	statement_value	Q9383871	1	1
qid	statement_value	Q9384	3	3
qid	statement_value	Q9385	2	2
qid	statement_value	Q9386	2	2
qid	statement_value	Q9387106	1	1
qid	statement_value	Q938711	1	1
qid	statement_value	Q938926	1	1
qid	statement_value	Q93935	1	1
qid	statement_value	Q9394	2	2
qid	statement_value	Q9395454	1	1
qid	statement_value	Q939616	1	1
qid	statement_value	Q94	1	1
qid	statement_value	Q940147	1	1
qid	statement_value	Q9402	2	2
qid	statement_value	Q9404	1	1
qid	statement_value	Q940525	1	1
qid	statement_value	Q940607	1	1
qid	statement_value	Q940741	1	1
qid	statement_value	Q941	1	1
qid	statement_value	Q9410	1	1
qid	statement_value	Q941049	1	1
qid	statement_value	Q9415	1	1
qid	statement_value	Q941796	1	1
qid	statement_value	Q9418	9	9
qid	statement_value	Q941818	2	2
qid	statement_value	Q941882	1	1
qid	statement_value	Q942	2	2
qid	statement_value	Q9420	3	3
qid	statement_value	Q942297	2	2
qid	statement_value	Q942332	1	1
qid	statement_value	Q94270069	1	1
qid	statement_value	Q942813	1	1
qid	statement_value	Q943	4	4
qid	statement_value	Q9430	3	3
qid	statement_value	Q944	1	1
qid	statement_value	Q944038	1	1
qid	statement_value	Q9441	1	1
qid	statement_value	Q944500	1	1
qid	statement_value	Q944537	1	1
qid	statement_value	Q945	1	1
qid	statement_value	Q9453	1	1
qid	statement_value	Q945475	1	1
qid	statement_value	Q945552	1	1
qid	statement_value	Q9458574	1	1
qid	statement_value	Q945895	1	1
qid	statement_value	Q946304	1	1
qid	statement_value	Q9465	1	1
qid	statement_value	Q946865	2	2
qid	statement_value	Q9471	1	1
qid	statement_value	Q9476	1	1
qid	statement_value	Q94787	1	1
qid	statement_value	Q947873	1	1
qid	statement_value	Q948	2	2
qid	statement_value	Q9482	6	6
qid	statement_value	Q948482	1	1
qid	statement_value	Q948878	1	1
qid	statement_value	Q9492	1	1
qid	statement_value	Q949683	1	1
qid	statement_value	Q950170	1	1
qid	statement_value	Q950292	1	1
qid	statement_value	Q9510	1	1
qid	statement_value	Q951220	1	1
qid	statement_value	Q951964	1	1
qid	statement_value	Q952443	1	1
qid	statement_value	Q952885	1	1
qid	statement_value	Q953	1	1
qid	statement_value	Q9530	1	1
qid	statement_value	Q953068	1	1
qid	statement_value	Q953129	2	2
qid	statement_value	Q953243	2	2
qid	statement_value	Q953806	1	1
qid	statement_value	Q953903	1	1
qid	statement_value	Q954	1	1
qid	statement_value	Q954674	1	1
qid	statement_value	Q954927	1	1
qid	statement_value	Q955464	1	1
qid	statement_value	Q956	1	1
qid	statement_value	Q956129	1	1
qid	statement_value	Q956716	1	1
qid	statement_value	Q957055	1	1
qid	statement_value	Q95723	1	1
qid	statement_value	Q957434	1	1
qid	statement_value	Q957729	1	1
qid	statement_value	Q958	1	1
qid	statement_value	Q9580314	1	1
qid	statement_value	Q958035	1	1
qid	statement_value	Q9581	1	1
qid	statement_value	Q958210	1	1
qid	statement_value	Q959049	1	1
qid	statement_value	Q95939035	1	1
qid	statement_value	Q959583	1	1
qid	statement_value	Q95968272	1	1
qid	statement_value	Q9597	3	3
qid	statement_value	Q959782	3	3
qid	statement_value	Q959962	1	1
qid	statement_value	Q96	3	3
qid	statement_value	Q9601	1	1
qid	statement_value	Q960394	1	1
qid	statement_value	Q9604	1	1
qid	statement_value	Q960543	2	2
qid	statement_value	Q960635	1	1
qid	statement_value	Q9610	1	1
qid	statement_value	Q961325	1	1
qid	statement_value	Q9614	1	1
qid	statement_value	Q961769	1	1
qid	statement_value	Q9618	1	1
qid	statement_value	Q962	1	1
qid	statement_value	Q963	2	2
qid	statement_value	Q96321	15	15
qid	statement_value	Q9633	1	1
qid	statement_value	Q96337207	1	1
qid	statement_value	Q9635	2	2
qid	statement_value	Q9637	1	1
qid	statement_value	Q9639	1	1
qid	statement_value	Q9644	1	1
qid	statement_value	Q9645	1	1
qid	statement_value	Q9647	1	1
qid	statement_value	Q964754	1	1
qid	statement_value	Q9648	1	1
qid	statement_value	Q965	1	1
qid	statement_value	Q965173	1	1
qid	statement_value	Q9655	1	1
qid	statement_value	Q96584302	1	1
qid	statement_value	Q9659	1	1
qid	statement_value	Q96597574	1	1
qid	statement_value	Q96617878	1	1
qid	statement_value	Q96631586	1	1
qid	statement_value	Q966327	1	1
qid	statement_value	Q96634588	1	1
qid	statement_value	Q966490	1	1
qid	statement_value	Q96652184	1	1
qid	statement_value	Q96678462	1	1
qid	statement_value	Q967	1	1
qid	statement_value	Q967168	2	2
qid	statement_value	Q967186	1	1
qid	statement_value	Q96754350	1	1
qid	statement_value	Q968554	1	1
qid	statement_value	Q9691	2	2
qid	statement_value	Q9693767	1	1
qid	statement_value	Q96952903	2	2
qid	statement_value	Q969694	1	1
qid	statement_value	Q969986	1	1
qid	statement_value	Q97	1	1
qid	statement_value	Q970	1	1
qid	statement_value	Q97014622	5	5
qid	statement_value	Q97014747	5	5
qid	statement_value	Q97015050	4	4
qid	statement_value	Q97015912	5	5
qid	statement_value	Q970198	1	1
qid	statement_value	Q970275	1	1
qid	statement_value	Q9705	1	1
qid	statement_value	Q97059009	1	1
qid	statement_value	Q9706	1	1
qid	statement_value	Q97060894	1	1
qid	statement_value	Q971	2	2
qid	statement_value	Q971045	1	1
qid	statement_value	Q971343	1	1
qid	statement_value	Q971545	1	1
qid	statement_value	Q97156058	1	1
qid	statement_value	Q97167073	1	1
qid	statement_value	Q97167596	1	1
qid	statement_value	Q97176933	1	1
qid	statement_value	Q971929	1	1
qid	statement_value	Q972452	1	1
qid	statement_value	Q97313071	1	1
qid	statement_value	Q9734	2	2
qid	statement_value	Q97351855	1	1
qid	statement_value	Q97352877	1	1
qid	statement_value	Q97354172	1	1
qid	statement_value	Q97380013	1	1
qid	statement_value	Q97380227	1	1
qid	statement_value	Q97380516	1	1
qid	statement_value	Q97382372	1	1
qid	statement_value	Q974	1	1
qid	statement_value	Q974144	1	1
qid	statement_value	Q97441379	7	7
qid	statement_value	Q974688	1	1
qid	statement_value	Q9747	1	1
qid	statement_value	Q9748	1	1
qid	statement_value	Q97495872	1	1
qid	statement_value	Q97499726	1	1
qid	statement_value	Q97569384	1	1
qid	statement_value	Q975783	1	1
qid	statement_value	Q9759	1	1
qid	statement_value	Q97612386	1	1
qid	statement_value	Q976622	1	1
qid	statement_value	Q976962	1	1
qid	statement_value	Q976981	1	1
qid	statement_value	Q977	1	1
qid	statement_value	Q9773125	1	1
qid	statement_value	Q977367	1	1
qid	statement_value	Q97762617	1	1
qid	statement_value	Q97763124	1	1
qid	statement_value	Q97763565	1	1
qid	statement_value	Q977708	1	1
qid	statement_value	Q9779	2	2
qid	statement_value	Q978	1	1
qid	statement_value	Q978297	1	1
qid	statement_value	Q97842946	1	1
qid	statement_value	Q97843183	1	1
qid	statement_value	Q97843389	1	1
qid	statement_value	Q9788	4	4
qid	statement_value	Q97890404	2	2
qid	statement_value	Q979	1	1
qid	statement_value	Q97919597	1	1
qid	statement_value	Q97920246	1	1
qid	statement_value	Q97920888	1	1
qid	statement_value	Q97921414	1	1
qid	statement_value	Q97921842	1	1
qid	statement_value	Q97924530	1	1
qid	statement_value	Q97925317	1	1
qid	statement_value	Q97940511	1	1
qid	statement_value	Q97940523	1	1
qid	statement_value	Q97940634	1	1
qid	statement_value	Q97940644	1	1
qid	statement_value	Q97940796	1	1
qid	statement_value	Q979617	1	1
qid	statement_value	Q9798	1	1
qid	statement_value	Q980	11	11
qid	statement_value	Q980192	1	1
qid	statement_value	Q981009	1	1
qid	statement_value	Q98118544	1	1
qid	statement_value	Q98128612	1	1
qid	statement_value	Q98271705	1	1
qid	statement_value	Q98296331	1	1
qid	statement_value	Q983	1	1
qid	statement_value	Q98398200	6	6
qid	statement_value	Q98405806	1	1
qid	statement_value	Q9842	1	1
qid	statement_value	Q98438292	1	1
qid	statement_value	Q98479341	1	1
qid	statement_value	Q985	1	1
qid	statement_value	Q98518221	1	1
qid	statement_value	Q98526220	1	1
qid	statement_value	Q98543114	1	1
qid	statement_value	Q98543318	1	1
qid	statement_value	Q98543407	1	1
qid	statement_value	Q986	1	1
qid	statement_value	Q986177	1	1
qid	statement_value	Q986291	1	1
qid	statement_value	Q986787	1	1
qid	statement_value	Q987767	1	1
qid	statement_value	Q98815142	1	1
qid	statement_value	Q98834013	1	1
qid	statement_value	Q98834032	1	1
qid	statement_value	Q98834068	1	1
qid	statement_value	Q988343	2	2
qid	statement_value	Q988377	3	3
qid	statement_value	Q9884	1	1
qid	statement_value	Q98841400	1	1
qid	statement_value	Q988912	1	1
qid	statement_value	Q989018	1	1
qid	statement_value	Q98912	3	3
qid	statement_value	Q989320	1	1
qid	statement_value	Q98949102	3	3
qid	statement_value	Q9896	1	1
qid	statement_value	Q98962795	1	1
qid	statement_value	Q98969382	1	1
qid	statement_value	Q989963	1	1
qid	statement_value	Q99	1	1
qid	statement_value	Q99067849	1	1
qid	statement_value	Q990859	1	1
qid	statement_value	Q991153	1	1
qid	statement_value	Q991293	1	1
qid	statement_value	Q992080	1	1
qid	statement_value	Q992253	1	1
qid	statement_value	Q9927	1	1
qid	statement_value	Q9937	1	1
qid	statement_value	Q994	1	1
qid	statement_value	Q99439927	1	1
qid	statement_value	Q9946	1	1
qid	statement_value	Q994873	1	1
qid	statement_value	Q994874	1	1
qid	statement_value	Q99496989	1	1
qid	statement_value	Q9950	1	1
qid	statement_value	Q995084	1	1
qid	statement_value	Q99536263	1	1
qid	statement_value	Q99669088	1	1
qid	statement_value	Q99670861	1	1
qid	statement_value	Q996839	1	1
qid	statement_value	Q99689108	1	1
qid	statement_value	Q9973	1	1
qid	statement_value	Q99762585	1	1
qid	statement_value	Q998	4	4
qid	statement_value	Q99826317	1	1
qid	statement_value	Q998471	1	1
qid	statement_value	Q998550	1	1
qid	statement_value	Q99859056	1	1
qid	statement_value	Q998818	1	1
qid	statement_value	Q998840	1	1
qid	statement_value	Q99895	2	2
qid	statement_value	Q999	2	2
qid	statement_value	Q99907279	1	1
qid	statement_value	Q999646	1	1
qid	statement_value	Q99980564	1	1
representation_tag	form	de	2024121	227994
representation_tag	form	de-1901	236	51
representation_tag	form	de-at	16	2
representation_tag	form	de-ch	338	38
representation_tag	form	de-formal	8	2
representation_tag	lemma	de	241966	241966
representation_tag	lemma	de-1901	31	31
representation_tag	lemma	de-at	2	2
representation_tag	lemma	de-ch	58	58
representation_tag	lemma	de-formal	2	2
