internal_id	source_key	lexeme_ids_json	entity_sha256_json	lemma_json	stratum	pinned	proposal_option_id	constructor	expression	explicit_form_arguments	source_completeness	gf_fit	inference_confidence	review_status	structural_evidence	source_statement_ids_json	source_form_ids_json	p5548_evidence_json	field_evidence_json	complete_record_comparison	gf_record_sha256	pgf_sha256	gf_s_sg_nom_json	gf_s_sg_acc_json	gf_s_sg_dat_json	gf_s_sg_gen_json	gf_s_pl_nom_json	gf_s_pl_acc_json	gf_s_pl_dat_json	gf_s_pl_gen_json	gf_gender_json	gf_co_json	gf_uncap_s_sg_nom_json	gf_uncap_s_sg_acc_json	gf_uncap_s_sg_dat_json	gf_uncap_s_sg_gen_json	gf_uncap_s_pl_nom_json	gf_uncap_s_pl_acc_json	gf_uncap_s_pl_dat_json	gf_uncap_s_pl_gen_json	gf_uncap_co_json	gf_csep_json
wdn_000002_N	L2707	["L2707"]	["8e0a07dff947153b111eb243f8c90601bc35fe2057f176aa0a9cea19386cef4c"]	"Bibliothek"	explicit_combining	no	wdn_000002_p006	changeCompoundN+mkN_lemma_gender	P.changeCompoundN "Bibliotheks" (P.mkN "Bibliothek" P.feminine)	2	complete	exact_source_evidence	provisional	sampled	component_target	["L2707$74c1e2c0-418a-88f4-f36a-832dab14995f"]	{"co":["L2707-F9"],"s_pl_acc":["L2707-F8"],"s_pl_dat":["L2707-F7"],"s_pl_gen":["L2707-F6"],"s_pl_nom":["L2707-F5"],"s_sg_acc":["L2707-F4"],"s_sg_dat":["L2707-F3"],"s_sg_gen":["L2707-F2"],"s_sg_nom":["L2707-F1"]}	["L290667$457a3db3-4c87-3017-209e-8492b910db5d>L2707-F9"]	{"co":"source_exact","csep":"provisional_inference","gender":"source_exact","s_pl_acc":"source_exact","s_pl_dat":"source_exact","s_pl_gen":"source_exact","s_pl_nom":"source_exact","s_sg_acc":"source_exact","s_sg_dat":"source_exact","s_sg_gen":"source_exact","s_sg_nom":"source_exact","uncap_co":"reviewed_inference","uncap_s_pl_acc":"reviewed_inference","uncap_s_pl_dat":"reviewed_inference","uncap_s_pl_gen":"reviewed_inference","uncap_s_pl_nom":"reviewed_inference","uncap_s_sg_acc":"reviewed_inference","uncap_s_sg_dat":"reviewed_inference","uncap_s_sg_gen":"reviewed_inference","uncap_s_sg_nom":"reviewed_inference"}	yes	f9587570408be9bff81c5a0c8254b5fce4f1c33875c3710e9bac07c1d619d715	537756d1f474dff804f2564fc787e3f6777d12b4b73dd31811dcf66f04d6bea4	"Bibliothek"	"Bibliothek"	"Bibliothek"	"Bibliothek"	"Bibliotheken"	"Bibliotheken"	"Bibliotheken"	"Bibliotheken"	"feminine"	"Bibliotheks"	"bibliothek"	"bibliothek"	"bibliothek"	"bibliothek"	"bibliotheken"	"bibliotheken"	"bibliotheken"	"bibliotheken"	"bibliotheks"	"bind"
wdn_000004_N	L3146	["L3146"]	["c1052fdbf46fb3d1da9d0fdb58c8e8ac3a1e3a9d45cd592b7168b4b6203e7a62"]	"Großeltern"	plural_only	yes	wdn_000004_p001	pluralOnlyN	P.pluralOnlyN "Großeltern"	1	complete	compatible_with_inference	provisional	sampled	explicit_compound_analysis	["L3146$2AAF321C-7D64-4D35-BB71-EC84066262DE","L3146$681fcc67-4a9a-b555-3b2e-da8e55899252","L3146$a075637d-4f4d-f131-2e61-739ff46fa471"]	{"s_pl_acc":["L3146-F4"],"s_pl_dat":["L3146-F3"],"s_pl_gen":["L3146-F2"],"s_pl_nom":["L3146-F1"]}	[]	{"co":"provisional_inference","csep":"provisional_inference","gender":"provisional_inference","s_pl_acc":"source_exact","s_pl_dat":"source_exact","s_pl_gen":"source_exact","s_pl_nom":"source_exact","s_sg_acc":"unavailable","s_sg_dat":"unavailable","s_sg_gen":"unavailable","s_sg_nom":"unavailable","uncap_co":"reviewed_inference","uncap_s_pl_acc":"reviewed_inference","uncap_s_pl_dat":"reviewed_inference","uncap_s_pl_gen":"reviewed_inference","uncap_s_pl_nom":"reviewed_inference","uncap_s_sg_acc":"unavailable","uncap_s_sg_dat":"unavailable","uncap_s_sg_gen":"unavailable","uncap_s_sg_nom":"unavailable"}	yes	9f552d2e335c2e955a50fd1f390fa0709f63879ae8d1732815d2dcd3203a4ee4	537756d1f474dff804f2564fc787e3f6777d12b4b73dd31811dcf66f04d6bea4	""	""	""	""	"Großeltern"	"Großeltern"	"Großeltern"	"Großeltern"	"masculine"	"Großeltern"	""	""	""	""	"großeltern"	"großeltern"	"großeltern"	"großeltern"	"großeltern"	"bind"
wdn_000008_N	L6821	["L6821"]	["6931244031b06bdf674988e902151982e031ea5f3b39803972cb27b36911a88c"]	"Freitag"	explicit_combining	no	wdn_000008_p005	changeCompoundN+mkN_lemma	P.changeCompoundN "Freitags" (P.mkN "Freitag")	2	complete	exact_source_evidence	provisional	sampled	component_target	["L6821$8C379F16-E325-4F9F-B724-12C3699FE05C"]	{"co":["L6821-F9"],"s_pl_acc":["L6821-F8"],"s_pl_dat":["L6821-F7"],"s_pl_gen":["L6821-F6"],"s_pl_nom":["L6821-F5"],"s_sg_acc":["L6821-F4"],"s_sg_dat":["L6821-F3"],"s_sg_gen":["L6821-F2"],"s_sg_nom":["L6821-F1"]}	["L789090$4444d831-4a51-35f9-cf18-255f59efbdd0>L6821-F9"]	{"co":"source_exact","csep":"provisional_inference","gender":"source_exact","s_pl_acc":"source_exact","s_pl_dat":"source_exact","s_pl_gen":"source_exact","s_pl_nom":"source_exact","s_sg_acc":"source_exact","s_sg_dat":"source_exact","s_sg_gen":"source_exact","s_sg_nom":"source_exact","uncap_co":"reviewed_inference","uncap_s_pl_acc":"reviewed_inference","uncap_s_pl_dat":"reviewed_inference","uncap_s_pl_gen":"reviewed_inference","uncap_s_pl_nom":"reviewed_inference","uncap_s_sg_acc":"reviewed_inference","uncap_s_sg_dat":"reviewed_inference","uncap_s_sg_gen":"reviewed_inference","uncap_s_sg_nom":"reviewed_inference"}	yes	c72ed8aaf87d81d04d8788b38c4863cda2f06e8cfac3059d6cb675c1e3028c3e	537756d1f474dff804f2564fc787e3f6777d12b4b73dd31811dcf66f04d6bea4	"Freitag"	"Freitag"	"Freitag"	"Freitags"	"Freitage"	"Freitage"	"Freitagen"	"Freitage"	"masculine"	"Freitags"	"freitag"	"freitag"	"freitag"	"freitags"	"freitage"	"freitage"	"freitagen"	"freitage"	"freitags"	"bind"
wdn_000009_N	L7119	["L7119"]	["253f5249d36fd29b57a0645bdee29a5750de278df12ad68004cf0245ee3994a3"]	"Quelle"	explicit_combining	no	wdn_000009_p001	mkN_lemma	P.mkN "Quelle"	1	complete	exact_source_evidence	provisional	sampled	component_target	["L7119$0C8A2C28-1619-47A8-B74F-7F073B7B7164"]	{"co":["L7119-F9"],"s_pl_acc":["L7119-F8"],"s_pl_dat":["L7119-F7"],"s_pl_gen":["L7119-F6"],"s_pl_nom":["L7119-F5"],"s_sg_acc":["L7119-F4"],"s_sg_dat":["L7119-F3"],"s_sg_gen":["L7119-F2"],"s_sg_nom":["L7119-F1"]}	[]	{"co":"source_exact","csep":"provisional_inference","gender":"source_exact","s_pl_acc":"source_exact","s_pl_dat":"source_exact","s_pl_gen":"source_exact","s_pl_nom":"source_exact","s_sg_acc":"source_exact","s_sg_dat":"source_exact","s_sg_gen":"source_exact","s_sg_nom":"source_exact","uncap_co":"reviewed_inference","uncap_s_pl_acc":"reviewed_inference","uncap_s_pl_dat":"reviewed_inference","uncap_s_pl_gen":"reviewed_inference","uncap_s_pl_nom":"reviewed_inference","uncap_s_sg_acc":"reviewed_inference","uncap_s_sg_dat":"reviewed_inference","uncap_s_sg_gen":"reviewed_inference","uncap_s_sg_nom":"reviewed_inference"}	yes	42442d43dab6f2aef6c1551a545c95a70b481dd4827d3fbb5d99355f957e8046	537756d1f474dff804f2564fc787e3f6777d12b4b73dd31811dcf66f04d6bea4	"Quelle"	"Quelle"	"Quelle"	"Quelle"	"Quellen"	"Quellen"	"Quellen"	"Quellen"	"feminine"	"Quellen"	"quelle"	"quelle"	"quelle"	"quelle"	"quellen"	"quellen"	"quellen"	"quellen"	"quellen"	"bind"
wdn_000010_N	L7330	["L7330"]	["95a28f49ec1330b533f060c2ddc6abd2698553311c868d5dd32bc2c587659947"]	"Leuchtturmwärter"	regular_masculine	no	wdn_000010_p001	mkN_lemma	P.mkN "Leuchtturmwärter"	1	complete	exact_source_evidence	provisional	sampled	component_target	["L7330$7365F090-416A-48BE-A67D-7CF98968BC43","L7330$9D7A2CD8-E563-49C4-9539-E1522F5EE993"]	{"s_pl_acc":["L7330-F8"],"s_pl_dat":["L7330-F7"],"s_pl_gen":["L7330-F6"],"s_pl_nom":["L7330-F5"],"s_sg_acc":["L7330-F4"],"s_sg_dat":["L7330-F3"],"s_sg_gen":["L7330-F2"],"s_sg_nom":["L7330-F1"]}	[]	{"co":"provisional_inference","csep":"provisional_inference","gender":"source_exact","s_pl_acc":"source_exact","s_pl_dat":"source_exact","s_pl_gen":"source_exact","s_pl_nom":"source_exact","s_sg_acc":"source_exact","s_sg_dat":"source_exact","s_sg_gen":"source_exact","s_sg_nom":"source_exact","uncap_co":"reviewed_inference","uncap_s_pl_acc":"reviewed_inference","uncap_s_pl_dat":"reviewed_inference","uncap_s_pl_gen":"reviewed_inference","uncap_s_pl_nom":"reviewed_inference","uncap_s_sg_acc":"reviewed_inference","uncap_s_sg_dat":"reviewed_inference","uncap_s_sg_gen":"reviewed_inference","uncap_s_sg_nom":"reviewed_inference"}	yes	b4bb946537a543de6e9bd17008dc4286557fc9e13cebd975d73565967bb4a9f1	537756d1f474dff804f2564fc787e3f6777d12b4b73dd31811dcf66f04d6bea4	"Leuchtturmwärter"	"Leuchtturmwärter"	"Leuchtturmwärter"	"Leuchtturmwärters"	"Leuchtturmwärter"	"Leuchtturmwärter"	"Leuchtturmwärtern"	"Leuchtturmwärter"	"masculine"	"Leuchtturmwärter"	"leuchtturmwärter"	"leuchtturmwärter"	"leuchtturmwärter"	"leuchtturmwärters"	"leuchtturmwärter"	"leuchtturmwärter"	"leuchtturmwärtern"	"leuchtturmwärter"	"leuchtturmwärter"	"bind"
wdn_000012_N	L10227	["L10227"]	["e32b12da63f74f610f4c9772b9a54e592e78ff5875886a45c53d575d7e54be99"]	"Wespenstich"	regular_masculine	yes	wdn_000012_p001	mkN_lemma	P.mkN "Wespenstich"	1	complete	exact_source_evidence	provisional	sampled	explicit_compound_analysis	["L10227$08D96411-7F24-4B47-A1C3-3784A9CF26F1","L10227$3143d903-4d11-ac2e-5031-451c3e4dc14e","L10227$8b4e3b5d-4ead-ea65-6b88-f35894d86f69"]	{"s_pl_acc":["L10227-F8"],"s_pl_dat":["L10227-F7"],"s_pl_gen":["L10227-F6"],"s_pl_nom":["L10227-F5"],"s_sg_acc":["L10227-F4"],"s_sg_dat":["L10227-F3"],"s_sg_gen":["L10227-F2"],"s_sg_nom":["L10227-F1"]}	[]	{"co":"provisional_inference","csep":"provisional_inference","gender":"source_exact","s_pl_acc":"source_exact","s_pl_dat":"source_exact","s_pl_gen":"source_exact","s_pl_nom":"source_exact","s_sg_acc":"source_exact","s_sg_dat":"source_exact","s_sg_gen":"source_exact","s_sg_nom":"source_exact","uncap_co":"reviewed_inference","uncap_s_pl_acc":"reviewed_inference","uncap_s_pl_dat":"reviewed_inference","uncap_s_pl_gen":"reviewed_inference","uncap_s_pl_nom":"reviewed_inference","uncap_s_sg_acc":"reviewed_inference","uncap_s_sg_dat":"reviewed_inference","uncap_s_sg_gen":"reviewed_inference","uncap_s_sg_nom":"reviewed_inference"}	yes	fadde1ff253c1650f61e61e64054d7aa7a5f943935e6f5e54ede6b1053cdfa12	537756d1f474dff804f2564fc787e3f6777d12b4b73dd31811dcf66f04d6bea4	"Wespenstich"	"Wespenstich"	"Wespenstich"	"Wespenstichs"	"Wespenstiche"	"Wespenstiche"	"Wespenstichen"	"Wespenstiche"	"masculine"	"Wespenstich"	"wespenstich"	"wespenstich"	"wespenstich"	"wespenstichs"	"wespenstiche"	"wespenstiche"	"wespenstichen"	"wespenstiche"	"wespenstich"	"bind"
wdn_000013_N	L29361	["L29361"]	["656ad56a6dd17d27a980d1fe98db5473517cf44301e607c7e13bd7a5a38b8f8e"]	"Erinnerung"	explicit_combining	no	wdn_000013_p001	mkN_lemma	P.mkN "Erinnerung"	1	complete	exact_source_evidence	provisional	sampled	component_target	["L29361$680B56BF-63D3-4508-BA30-B300A9917848"]	{"co":["L29361-F9"],"s_pl_acc":["L29361-F8"],"s_pl_dat":["L29361-F7"],"s_pl_gen":["L29361-F6"],"s_pl_nom":["L29361-F5"],"s_sg_acc":["L29361-F4"],"s_sg_dat":["L29361-F3"],"s_sg_gen":["L29361-F2"],"s_sg_nom":["L29361-F1"]}	[]	{"co":"source_exact","csep":"provisional_inference","gender":"source_exact","s_pl_acc":"source_exact","s_pl_dat":"source_exact","s_pl_gen":"source_exact","s_pl_nom":"source_exact","s_sg_acc":"source_exact","s_sg_dat":"source_exact","s_sg_gen":"source_exact","s_sg_nom":"source_exact","uncap_co":"reviewed_inference","uncap_s_pl_acc":"reviewed_inference","uncap_s_pl_dat":"reviewed_inference","uncap_s_pl_gen":"reviewed_inference","uncap_s_pl_nom":"reviewed_inference","uncap_s_sg_acc":"reviewed_inference","uncap_s_sg_dat":"reviewed_inference","uncap_s_sg_gen":"reviewed_inference","uncap_s_sg_nom":"reviewed_inference"}	yes	89ffa37529f096165a23b2cbe8b06657f056143adc76e9ba1c4f58c93b123eca	537756d1f474dff804f2564fc787e3f6777d12b4b73dd31811dcf66f04d6bea4	"Erinnerung"	"Erinnerung"	"Erinnerung"	"Erinnerung"	"Erinnerungen"	"Erinnerungen"	"Erinnerungen"	"Erinnerungen"	"feminine"	"Erinnerungs"	"erinnerung"	"erinnerung"	"erinnerung"	"erinnerung"	"erinnerungen"	"erinnerungen"	"erinnerungen"	"erinnerungen"	"erinnerungs"	"bind"
wdn_000015_N	L31889	["L31889"]	["f74f03e189209990e4b866bf22a807b83dfdaf227359704ddab8aa0064f23660"]	"Nagelbett"	regular_neuter	no	wdn_000015_p007	mkN_two	P.mkN "Nagelbett" "Nagelbette" P.neuter	2	complete	exact_source_evidence	provisional	sampled	explicit_compound_analysis	["L31889$73A9F719-B056-49D4-B665-F925948F4E86","L31889$9a3e458b-483f-53dc-5641-f97fdd8a75d4","L31889$d217f81c-4de0-4281-9d58-fef407af9542"]	{"s_pl_acc":["L31889-F8"],"s_pl_dat":["L31889-F7"],"s_pl_gen":["L31889-F6"],"s_pl_nom":["L31889-F5"],"s_sg_acc":["L31889-F4"],"s_sg_dat":["L31889-F3"],"s_sg_gen":["L31889-F2"],"s_sg_nom":["L31889-F1"]}	[]	{"co":"provisional_inference","csep":"provisional_inference","gender":"source_exact","s_pl_acc":"source_exact","s_pl_dat":"source_exact","s_pl_gen":"source_exact","s_pl_nom":"source_exact","s_sg_acc":"source_exact","s_sg_dat":"source_exact","s_sg_gen":"source_exact","s_sg_nom":"source_exact","uncap_co":"reviewed_inference","uncap_s_pl_acc":"reviewed_inference","uncap_s_pl_dat":"reviewed_inference","uncap_s_pl_gen":"reviewed_inference","uncap_s_pl_nom":"reviewed_inference","uncap_s_sg_acc":"reviewed_inference","uncap_s_sg_dat":"reviewed_inference","uncap_s_sg_gen":"reviewed_inference","uncap_s_sg_nom":"reviewed_inference"}	yes	26fdec7580bbe1e66d3f07cbeb51e4974ae3d6f5693612c54f4e96bacfd96ed6	537756d1f474dff804f2564fc787e3f6777d12b4b73dd31811dcf66f04d6bea4	"Nagelbett"	"Nagelbett"	"Nagelbett"	"Nagelbetts"	"Nagelbette"	"Nagelbette"	"Nagelbetten"	"Nagelbette"	"neuter"	"Nagelbett"	"nagelbett"	"nagelbett"	"nagelbett"	"nagelbetts"	"nagelbette"	"nagelbette"	"nagelbetten"	"nagelbette"	"nagelbett"	"bind"
wdn_000016_N	L36208	["L36208"]	["c32a965af4cde0ada6ba1d8b5eaf18bb60af7b43789e80e5f4f44893a2cb505f"]	"Bevölkerung"	explicit_combining	no	wdn_000016_p001	mkN_lemma	P.mkN "Bevölkerung"	1	complete	exact_source_evidence	provisional	sampled	component_target	["L36208$35F23495-2A9E-4BA7-8E79-E1F61BB701DC"]	{"co":["L36208-F9"],"s_pl_acc":["L36208-F8"],"s_pl_dat":["L36208-F7"],"s_pl_gen":["L36208-F6"],"s_pl_nom":["L36208-F5"],"s_sg_acc":["L36208-F4"],"s_sg_dat":["L36208-F3"],"s_sg_gen":["L36208-F2"],"s_sg_nom":["L36208-F1"]}	["L296831$9dc58828-4b94-f3c2-c92a-e68a70cde010>L36208-F9"]	{"co":"source_exact","csep":"provisional_inference","gender":"source_exact","s_pl_acc":"source_exact","s_pl_dat":"source_exact","s_pl_gen":"source_exact","s_pl_nom":"source_exact","s_sg_acc":"source_exact","s_sg_dat":"source_exact","s_sg_gen":"source_exact","s_sg_nom":"source_exact","uncap_co":"reviewed_inference","uncap_s_pl_acc":"reviewed_inference","uncap_s_pl_dat":"reviewed_inference","uncap_s_pl_gen":"reviewed_inference","uncap_s_pl_nom":"reviewed_inference","uncap_s_sg_acc":"reviewed_inference","uncap_s_sg_dat":"reviewed_inference","uncap_s_sg_gen":"reviewed_inference","uncap_s_sg_nom":"reviewed_inference"}	yes	18aca0fa6e91ce4694992841a90e0dd7200aa5bc4cb59b01add20fcffa6d8eb0	537756d1f474dff804f2564fc787e3f6777d12b4b73dd31811dcf66f04d6bea4	"Bevölkerung"	"Bevölkerung"	"Bevölkerung"	"Bevölkerung"	"Bevölkerungen"	"Bevölkerungen"	"Bevölkerungen"	"Bevölkerungen"	"feminine"	"Bevölkerungs"	"bevölkerung"	"bevölkerung"	"bevölkerung"	"bevölkerung"	"bevölkerungen"	"bevölkerungen"	"bevölkerungen"	"bevölkerungen"	"bevölkerungs"	"bind"
wdn_000017_N	L37560	["L37560"]	["97236e6d3fda0b9eec9cd5e5953c32b17a867cd8690a9d10c5433c8755beccea"]	"Kugel"	explicit_combining	no	wdn_000017_p009	invarN_two	P.invarN "Kugel" "Kugeln" P.feminine	2	complete	exact_source_evidence	provisional	sampled	component_target	["L37560$66A9F302-E9B4-4F2A-B468-1D42DAEA0810"]	{"co":["L37560-F9"],"s_pl_acc":["L37560-F8"],"s_pl_dat":["L37560-F7"],"s_pl_gen":["L37560-F6"],"s_pl_nom":["L37560-F5"],"s_sg_acc":["L37560-F4"],"s_sg_dat":["L37560-F3"],"s_sg_gen":["L37560-F2"],"s_sg_nom":["L37560-F1"]}	["L204808$C583DB76-457C-473D-8F28-726B6638D881>L37560-F9","L7637$f12c7841-4d03-874a-8d38-306e6a23df98>L37560-F9","L852186$4D93762F-EC73-4327-B73F-5FA48CD40DDA>L37560-F9","L852356$FF1E4025-7CE9-4D53-B9E7-9CFA9273195E>L37560-F9","L852371$DB592893-3867-4FBC-810B-F898820CC8CA>L37560-F9","L852881$08752488-9E9C-473A-9A95-1E478EC7CF42>L37560-F9"]	{"co":"source_exact","csep":"provisional_inference","gender":"source_exact","s_pl_acc":"source_exact","s_pl_dat":"source_exact","s_pl_gen":"source_exact","s_pl_nom":"source_exact","s_sg_acc":"source_exact","s_sg_dat":"source_exact","s_sg_gen":"source_exact","s_sg_nom":"source_exact","uncap_co":"reviewed_inference","uncap_s_pl_acc":"reviewed_inference","uncap_s_pl_dat":"reviewed_inference","uncap_s_pl_gen":"reviewed_inference","uncap_s_pl_nom":"reviewed_inference","uncap_s_sg_acc":"reviewed_inference","uncap_s_sg_dat":"reviewed_inference","uncap_s_sg_gen":"reviewed_inference","uncap_s_sg_nom":"reviewed_inference"}	yes	2908caf002d01c25fed3dd4c0217f1f2dc259a36a5f936add70638f3bbfa918b	537756d1f474dff804f2564fc787e3f6777d12b4b73dd31811dcf66f04d6bea4	"Kugel"	"Kugel"	"Kugel"	"Kugel"	"Kugeln"	"Kugeln"	"Kugeln"	"Kugeln"	"feminine"	"Kugel"	"kugel"	"kugel"	"kugel"	"kugel"	"kugeln"	"kugeln"	"kugeln"	"kugeln"	"kugel"	"bind"
wdn_000018_N	L40399	["L40399"]	["5e130024718f9a6399591ab38b27f4c88236579eb31946d37fb076c6a979195b"]	"Information"	explicit_combining	yes	wdn_000018_p005	changeCompoundN+mkN_lemma	P.changeCompoundN "Informations" (P.mkN "Information")	2	complete	exact_source_evidence	provisional	sampled	component_target	["L40399$FDE38FBF-F6C2-4838-84C8-1C4ABEF4E3FF"]	{"co":["L40399-F9"],"s_pl_acc":["L40399-F8"],"s_pl_dat":["L40399-F7"],"s_pl_gen":["L40399-F6"],"s_pl_nom":["L40399-F5"],"s_sg_acc":["L40399-F4"],"s_sg_dat":["L40399-F3"],"s_sg_gen":["L40399-F2"],"s_sg_nom":["L40399-F1"]}	["L290791$bfabcc26-457d-95a8-20bf-d968da84e5ba>L40399-F9","L478066$9ff8dd99-47ad-652a-9467-4fca7c54d457>L40399-F9","L900758$b80a55db-41df-f405-806f-06a771e21fff>L40399-F9"]	{"co":"source_exact","csep":"provisional_inference","gender":"source_exact","s_pl_acc":"source_exact","s_pl_dat":"source_exact","s_pl_gen":"source_exact","s_pl_nom":"source_exact","s_sg_acc":"source_exact","s_sg_dat":"source_exact","s_sg_gen":"source_exact","s_sg_nom":"source_exact","uncap_co":"reviewed_inference","uncap_s_pl_acc":"reviewed_inference","uncap_s_pl_dat":"reviewed_inference","uncap_s_pl_gen":"reviewed_inference","uncap_s_pl_nom":"reviewed_inference","uncap_s_sg_acc":"reviewed_inference","uncap_s_sg_dat":"reviewed_inference","uncap_s_sg_gen":"reviewed_inference","uncap_s_sg_nom":"reviewed_inference"}	yes	84b0e45a8e35dfe335a4f3db6d5894b1d1258dab6ceb88e31325a1a362297d1e	537756d1f474dff804f2564fc787e3f6777d12b4b73dd31811dcf66f04d6bea4	"Information"	"Information"	"Information"	"Information"	"Informationen"	"Informationen"	"Informationen"	"Informationen"	"feminine"	"Informations"	"information"	"information"	"information"	"information"	"informationen"	"informationen"	"informationen"	"informationen"	"informations"	"bind"
wdn_000019_N	L44578	["L44578"]	["9ce95800333085d0986de5a80348739227a62ad8ee6bb1a250edeab5527303d4"]	"Bedeutung"	explicit_combining	no	wdn_000019_p001	mkN_lemma	P.mkN "Bedeutung"	1	complete	exact_source_evidence	provisional	sampled	component_target	["L44578$FAB665FE-1B95-4353-94B2-917C8FC39802"]	{"co":["L44578-F9"],"s_pl_acc":["L44578-F8"],"s_pl_dat":["L44578-F7"],"s_pl_gen":["L44578-F6"],"s_pl_nom":["L44578-F5"],"s_sg_acc":["L44578-F4"],"s_sg_dat":["L44578-F3"],"s_sg_gen":["L44578-F2"],"s_sg_nom":["L44578-F1"]}	["L343683$e1e308d4-4dc0-6ab2-09ab-9bc2ecb9bc11>L44578-F9"]	{"co":"source_exact","csep":"provisional_inference","gender":"source_exact","s_pl_acc":"source_exact","s_pl_dat":"source_exact","s_pl_gen":"source_exact","s_pl_nom":"source_exact","s_sg_acc":"source_exact","s_sg_dat":"source_exact","s_sg_gen":"source_exact","s_sg_nom":"source_exact","uncap_co":"reviewed_inference","uncap_s_pl_acc":"reviewed_inference","uncap_s_pl_dat":"reviewed_inference","uncap_s_pl_gen":"reviewed_inference","uncap_s_pl_nom":"reviewed_inference","uncap_s_sg_acc":"reviewed_inference","uncap_s_sg_dat":"reviewed_inference","uncap_s_sg_gen":"reviewed_inference","uncap_s_sg_nom":"reviewed_inference"}	yes	7e82f2d0da06e877a8c19cd53cba46d8af2da4d5c65fb7d1c1a36923244f6153	537756d1f474dff804f2564fc787e3f6777d12b4b73dd31811dcf66f04d6bea4	"Bedeutung"	"Bedeutung"	"Bedeutung"	"Bedeutung"	"Bedeutungen"	"Bedeutungen"	"Bedeutungen"	"Bedeutungen"	"feminine"	"Bedeutungs"	"bedeutung"	"bedeutung"	"bedeutung"	"bedeutung"	"bedeutungen"	"bedeutungen"	"bedeutungen"	"bedeutungen"	"bedeutungs"	"bind"
wdn_000020_N	L48488	["L48488"]	["1e8288182444fe3cb33f6eb3518afbe8bd02b9f2c97933623dc651e7610950a1"]	"Kommunikation"	explicit_combining	no	wdn_000020_p005	changeCompoundN+mkN_lemma	P.changeCompoundN "Kommunikations" (P.mkN "Kommunikation")	2	complete	exact_source_evidence	provisional	sampled	component_target	["L48488$8E0A9C6D-6502-42C6-A177-53C357B61C87"]	{"co":["L48488-F9"],"s_pl_acc":["L48488-F8"],"s_pl_dat":["L48488-F7"],"s_pl_gen":["L48488-F6"],"s_pl_nom":["L48488-F5"],"s_sg_acc":["L48488-F4"],"s_sg_dat":["L48488-F3"],"s_sg_gen":["L48488-F2"],"s_sg_nom":["L48488-F1"]}	["L789924$1c5044c1-42b0-c0db-3e85-f37e443ba5d2>L48488-F9"]	{"co":"source_exact","csep":"provisional_inference","gender":"source_exact","s_pl_acc":"source_exact","s_pl_dat":"source_exact","s_pl_gen":"source_exact","s_pl_nom":"source_exact","s_sg_acc":"source_exact","s_sg_dat":"source_exact","s_sg_gen":"source_exact","s_sg_nom":"source_exact","uncap_co":"reviewed_inference","uncap_s_pl_acc":"reviewed_inference","uncap_s_pl_dat":"reviewed_inference","uncap_s_pl_gen":"reviewed_inference","uncap_s_pl_nom":"reviewed_inference","uncap_s_sg_acc":"reviewed_inference","uncap_s_sg_dat":"reviewed_inference","uncap_s_sg_gen":"reviewed_inference","uncap_s_sg_nom":"reviewed_inference"}	yes	05f8566d23ead7cc1a5cf953f7be89309567d432a4ee864ac7ca6a924ea55f11	537756d1f474dff804f2564fc787e3f6777d12b4b73dd31811dcf66f04d6bea4	"Kommunikation"	"Kommunikation"	"Kommunikation"	"Kommunikation"	"Kommunikationen"	"Kommunikationen"	"Kommunikationen"	"Kommunikationen"	"feminine"	"Kommunikations"	"kommunikation"	"kommunikation"	"kommunikation"	"kommunikation"	"kommunikationen"	"kommunikationen"	"kommunikationen"	"kommunikationen"	"kommunikations"	"bind"
wdn_000022_N	L222581	["L222581"]	["031425713bdbfb1a9de83c0fb28c4cd391b30b09a43aeb64c1bc35dce664b79c"]	"Toilette"	explicit_combining	no	wdn_000022_p001	mkN_lemma	P.mkN "Toilette"	1	complete	exact_source_evidence	provisional	sampled	component_target	["L222581$1AA667B7-59E6-4FF8-91F2-30185243B63D"]	{"co":["L222581-F9"],"s_pl_acc":["L222581-F8"],"s_pl_dat":["L222581-F7"],"s_pl_gen":["L222581-F6"],"s_pl_nom":["L222581-F5"],"s_sg_acc":["L222581-F4"],"s_sg_dat":["L222581-F3"],"s_sg_gen":["L222581-F2"],"s_sg_nom":["L222581-F1"]}	[]	{"co":"source_exact","csep":"provisional_inference","gender":"source_exact","s_pl_acc":"source_exact","s_pl_dat":"source_exact","s_pl_gen":"source_exact","s_pl_nom":"source_exact","s_sg_acc":"source_exact","s_sg_dat":"source_exact","s_sg_gen":"source_exact","s_sg_nom":"source_exact","uncap_co":"reviewed_inference","uncap_s_pl_acc":"reviewed_inference","uncap_s_pl_dat":"reviewed_inference","uncap_s_pl_gen":"reviewed_inference","uncap_s_pl_nom":"reviewed_inference","uncap_s_sg_acc":"reviewed_inference","uncap_s_sg_dat":"reviewed_inference","uncap_s_sg_gen":"reviewed_inference","uncap_s_sg_nom":"reviewed_inference"}	yes	ed27a5bb129e702948fa21d518e41253b45c84c2924db6d6b5e139f7ad4fe8fd	537756d1f474dff804f2564fc787e3f6777d12b4b73dd31811dcf66f04d6bea4	"Toilette"	"Toilette"	"Toilette"	"Toilette"	"Toiletten"	"Toiletten"	"Toiletten"	"Toiletten"	"feminine"	"Toiletten"	"toilette"	"toilette"	"toilette"	"toilette"	"toiletten"	"toiletten"	"toiletten"	"toiletten"	"toiletten"	"bind"
wdn_000023_N	L228301	["L228301"]	["5abef0d69491e7dc75520a9c4496f0adcc3a7edce65b7394d1bb1b8909bbc190"]	"Geburtstag"	explicit_combining	no	wdn_000023_p005	changeCompoundN+mkN_lemma	P.changeCompoundN "Geburtstags" (P.mkN "Geburtstag")	2	complete	exact_source_evidence	provisional	sampled	source_and_target	["L228301$76a4a10f-42ab-637c-01d1-bfc526dac870","L228301$8fbe1706-4b08-2d57-1687-af1dcf4127b2","L228301$EC9F3AEA-8D61-479C-A3EA-C3A53766217D"]	{"co":["L228301-F9"],"s_pl_acc":["L228301-F8"],"s_pl_dat":["L228301-F7"],"s_pl_gen":["L228301-F6"],"s_pl_nom":["L228301-F5"],"s_sg_acc":["L228301-F4"],"s_sg_dat":["L228301-F3"],"s_sg_gen":["L228301-F2"],"s_sg_nom":["L228301-F1"]}	["L228300$a9f5c956-4f81-be85-1149-ebe2dfb8c8ba>L228301-F9","L34023$cf25799b-461b-6f1f-ad41-d66ceeac8c5f>L228301-F9","L34025$6a4b2e3d-44a4-91fa-87be-fa909a8acb5c>L228301-F9","L897451$6d83d23a-46e5-3847-8524-97109eb2d468>L228301-F9"]	{"co":"source_exact","csep":"provisional_inference","gender":"source_exact","s_pl_acc":"source_exact","s_pl_dat":"source_exact","s_pl_gen":"source_exact","s_pl_nom":"source_exact","s_sg_acc":"source_exact","s_sg_dat":"source_exact","s_sg_gen":"source_exact","s_sg_nom":"source_exact","uncap_co":"reviewed_inference","uncap_s_pl_acc":"reviewed_inference","uncap_s_pl_dat":"reviewed_inference","uncap_s_pl_gen":"reviewed_inference","uncap_s_pl_nom":"reviewed_inference","uncap_s_sg_acc":"reviewed_inference","uncap_s_sg_dat":"reviewed_inference","uncap_s_sg_gen":"reviewed_inference","uncap_s_sg_nom":"reviewed_inference"}	yes	53382801f3ae05900bca11f146270e06b381fe6c3a6ba8c1bd5580be72e71f64	537756d1f474dff804f2564fc787e3f6777d12b4b73dd31811dcf66f04d6bea4	"Geburtstag"	"Geburtstag"	"Geburtstag"	"Geburtstags"	"Geburtstage"	"Geburtstage"	"Geburtstagen"	"Geburtstage"	"masculine"	"Geburtstags"	"geburtstag"	"geburtstag"	"geburtstag"	"geburtstags"	"geburtstage"	"geburtstage"	"geburtstagen"	"geburtstage"	"geburtstags"	"bind"
wdn_000026_N	L230564	["L230564"]	["421c0a4f50b8489297f325175a84efca1c193387c37e9f6cb3d6bb4dfae447ef"]	"Erfahrung"	explicit_combining	no	wdn_000026_p001	mkN_lemma	P.mkN "Erfahrung"	1	complete	exact_source_evidence	provisional	sampled	component_target	["L230564$7fc319fb-49c5-cfee-dbc0-835d872e3b9d"]	{"co":["L230564-F9"],"s_pl_acc":["L230564-F8"],"s_pl_dat":["L230564-F7"],"s_pl_gen":["L230564-F6"],"s_pl_nom":["L230564-F1"],"s_sg_acc":["L230564-F5"],"s_sg_dat":["L230564-F4"],"s_sg_gen":["L230564-F3"],"s_sg_nom":["L230564-F2"]}	["L290714$613ce55e-45b1-0b0f-332d-b57f97f3480d>L230564-F9"]	{"co":"source_exact","csep":"provisional_inference","gender":"source_exact","s_pl_acc":"source_exact","s_pl_dat":"source_exact","s_pl_gen":"source_exact","s_pl_nom":"source_exact","s_sg_acc":"source_exact","s_sg_dat":"source_exact","s_sg_gen":"source_exact","s_sg_nom":"source_exact","uncap_co":"reviewed_inference","uncap_s_pl_acc":"reviewed_inference","uncap_s_pl_dat":"reviewed_inference","uncap_s_pl_gen":"reviewed_inference","uncap_s_pl_nom":"reviewed_inference","uncap_s_sg_acc":"reviewed_inference","uncap_s_sg_dat":"reviewed_inference","uncap_s_sg_gen":"reviewed_inference","uncap_s_sg_nom":"reviewed_inference"}	yes	63549328607484fdd49b0e990d03e4a6322538f2ff1bce1e076be494e326c0eb	537756d1f474dff804f2564fc787e3f6777d12b4b73dd31811dcf66f04d6bea4	"Erfahrung"	"Erfahrung"	"Erfahrung"	"Erfahrung"	"Erfahrungen"	"Erfahrungen"	"Erfahrungen"	"Erfahrungen"	"feminine"	"Erfahrungs"	"erfahrung"	"erfahrung"	"erfahrung"	"erfahrung"	"erfahrungen"	"erfahrungen"	"erfahrungen"	"erfahrungen"	"erfahrungs"	"bind"
wdn_000027_N	L233203	["L233203"]	["94b947f6ec879b63c5682c1c96cd43d483215c1620e0ecdce4b9fd43ed2c03ea"]	"Klasse"	explicit_combining	no	wdn_000027_p001	mkN_lemma	P.mkN "Klasse"	1	complete	exact_source_evidence	provisional	sampled	component_target	["L233203$B412E025-BED0-47C1-81E3-253C53128B5F"]	{"co":["L233203-F9"],"s_pl_acc":["L233203-F8"],"s_pl_dat":["L233203-F7"],"s_pl_gen":["L233203-F6"],"s_pl_nom":["L233203-F5"],"s_sg_acc":["L233203-F4"],"s_sg_dat":["L233203-F3"],"s_sg_gen":["L233203-F2"],"s_sg_nom":["L233203-F1"]}	["L754102$c42f8bea-464a-a8ed-d3bc-45d8a5e854c4>L233203-F9"]	{"co":"source_exact","csep":"provisional_inference","gender":"source_exact","s_pl_acc":"source_exact","s_pl_dat":"source_exact","s_pl_gen":"source_exact","s_pl_nom":"source_exact","s_sg_acc":"source_exact","s_sg_dat":"source_exact","s_sg_gen":"source_exact","s_sg_nom":"source_exact","uncap_co":"reviewed_inference","uncap_s_pl_acc":"reviewed_inference","uncap_s_pl_dat":"reviewed_inference","uncap_s_pl_gen":"reviewed_inference","uncap_s_pl_nom":"reviewed_inference","uncap_s_sg_acc":"reviewed_inference","uncap_s_sg_dat":"reviewed_inference","uncap_s_sg_gen":"reviewed_inference","uncap_s_sg_nom":"reviewed_inference"}	yes	5e7f92ff3deaeca14b06bb00d5c107f3bb09fd1f177b41ae2713b6e452f8ec57	537756d1f474dff804f2564fc787e3f6777d12b4b73dd31811dcf66f04d6bea4	"Klasse"	"Klasse"	"Klasse"	"Klasse"	"Klassen"	"Klassen"	"Klassen"	"Klassen"	"feminine"	"Klassen"	"klasse"	"klasse"	"klasse"	"klasse"	"klassen"	"klassen"	"klassen"	"klassen"	"klassen"	"bind"
wdn_000029_N	L252671	["L252671"]	["08c93aee2a6d5a474ba28093947c605eb7cfc07409d2caa7fcb319ab061a7a67"]	"Leistung"	explicit_combining	no	wdn_000029_p001	mkN_lemma	P.mkN "Leistung"	1	complete	exact_source_evidence	provisional	sampled	component_target	["L252671$BCBD46DB-2D23-4E20-9C2A-98216DCF6AA5"]	{"co":["L252671-F9"],"s_pl_acc":["L252671-F8"],"s_pl_dat":["L252671-F7"],"s_pl_gen":["L252671-F6"],"s_pl_nom":["L252671-F5"],"s_sg_acc":["L252671-F4"],"s_sg_dat":["L252671-F3"],"s_sg_gen":["L252671-F2"],"s_sg_nom":["L252671-F1"]}	[]	{"co":"source_exact","csep":"provisional_inference","gender":"source_exact","s_pl_acc":"source_exact","s_pl_dat":"source_exact","s_pl_gen":"source_exact","s_pl_nom":"source_exact","s_sg_acc":"source_exact","s_sg_dat":"source_exact","s_sg_gen":"source_exact","s_sg_nom":"source_exact","uncap_co":"reviewed_inference","uncap_s_pl_acc":"reviewed_inference","uncap_s_pl_dat":"reviewed_inference","uncap_s_pl_gen":"reviewed_inference","uncap_s_pl_nom":"reviewed_inference","uncap_s_sg_acc":"reviewed_inference","uncap_s_sg_dat":"reviewed_inference","uncap_s_sg_gen":"reviewed_inference","uncap_s_sg_nom":"reviewed_inference"}	yes	558f5257c644bc08451b2d8a9214fd777bd59f37c64b8e2ba132ff0c47fdfef6	537756d1f474dff804f2564fc787e3f6777d12b4b73dd31811dcf66f04d6bea4	"Leistung"	"Leistung"	"Leistung"	"Leistung"	"Leistungen"	"Leistungen"	"Leistungen"	"Leistungen"	"feminine"	"Leistungs"	"leistung"	"leistung"	"leistung"	"leistung"	"leistungen"	"leistungen"	"leistungen"	"leistungen"	"leistungs"	"bind"
wdn_000032_N	L295104	["L295104"]	["30fe1838a12d50f9dce22b74bfe7e218a768deea698abf7e21800b889ee9410a"]	"Nuss"	regular_feminine	yes	wdn_000032_p007	mkN_two	P.mkN "Nuss" "Nüsse" P.feminine	2	complete	exact_source_evidence	provisional	sampled	component_target	["L295104$115691F2-8C04-4FB5-A2A7-69F56E10253C","L295104$3C3AEB56-4EA0-43BE-8E24-C250F60D5720"]	{"s_pl_acc":["L295104-F8"],"s_pl_dat":["L295104-F7"],"s_pl_gen":["L295104-F6"],"s_pl_nom":["L295104-F5"],"s_sg_acc":["L295104-F4"],"s_sg_dat":["L295104-F3"],"s_sg_gen":["L295104-F2"],"s_sg_nom":["L295104-F1"]}	[]	{"co":"provisional_inference","csep":"provisional_inference","gender":"source_exact","s_pl_acc":"source_exact","s_pl_dat":"source_exact","s_pl_gen":"source_exact","s_pl_nom":"source_exact","s_sg_acc":"source_exact","s_sg_dat":"source_exact","s_sg_gen":"source_exact","s_sg_nom":"source_exact","uncap_co":"reviewed_inference","uncap_s_pl_acc":"reviewed_inference","uncap_s_pl_dat":"reviewed_inference","uncap_s_pl_gen":"reviewed_inference","uncap_s_pl_nom":"reviewed_inference","uncap_s_sg_acc":"reviewed_inference","uncap_s_sg_dat":"reviewed_inference","uncap_s_sg_gen":"reviewed_inference","uncap_s_sg_nom":"reviewed_inference"}	yes	8e01286cbfc03fdacacbcb3b4b995b608fc64a31c51cef11c0155fa0a32c8141	537756d1f474dff804f2564fc787e3f6777d12b4b73dd31811dcf66f04d6bea4	"Nuss"	"Nuss"	"Nuss"	"Nuss"	"Nüsse"	"Nüsse"	"Nüssen"	"Nüsse"	"feminine"	"Nuss"	"nuss"	"nuss"	"nuss"	"nuss"	"nüsse"	"nüsse"	"nüssen"	"nüsse"	"nuss"	"bind"
wdn_000033_N	L296843	["L296843"]	["505acaf2c520b32b2f75aaefff35f07528ae2131572de56a10ab3dce1c26897d"]	"Kinderbetreuung"	explicit_combining	no	wdn_000033_p001	mkN_lemma	P.mkN "Kinderbetreuung"	1	complete	exact_source_evidence	provisional	sampled	source_and_target	["L296843$3e9de5c0-406f-2041-df4c-a5e8682bf233","L296843$44531CDD-5739-4860-B47B-C683EA80576B","L296843$811533f8-46d5-eb89-0329-4ebc36e645ef","L296843$bdf2b044-4620-0481-ab29-f29b88c1982a"]	{"co":["L296843-F9"],"s_pl_acc":["L296843-F8"],"s_pl_dat":["L296843-F7"],"s_pl_gen":["L296843-F6"],"s_pl_nom":["L296843-F5"],"s_sg_acc":["L296843-F4"],"s_sg_dat":["L296843-F3"],"s_sg_gen":["L296843-F2"],"s_sg_nom":["L296843-F1"]}	["L778793$28f61901-4a83-3b3f-b7be-20bd493685b3>L296843-F9","L786749$9b9b069f-4d11-fc20-34d7-d6c291fbc72a>L296843-F9"]	{"co":"source_exact","csep":"provisional_inference","gender":"source_exact","s_pl_acc":"source_exact","s_pl_dat":"source_exact","s_pl_gen":"source_exact","s_pl_nom":"source_exact","s_sg_acc":"source_exact","s_sg_dat":"source_exact","s_sg_gen":"source_exact","s_sg_nom":"source_exact","uncap_co":"reviewed_inference","uncap_s_pl_acc":"reviewed_inference","uncap_s_pl_dat":"reviewed_inference","uncap_s_pl_gen":"reviewed_inference","uncap_s_pl_nom":"reviewed_inference","uncap_s_sg_acc":"reviewed_inference","uncap_s_sg_dat":"reviewed_inference","uncap_s_sg_gen":"reviewed_inference","uncap_s_sg_nom":"reviewed_inference"}	yes	cec3af95faac5786c27ef7928add6885d1a1c3115561ffe828fd90ef33fa7cae	537756d1f474dff804f2564fc787e3f6777d12b4b73dd31811dcf66f04d6bea4	"Kinderbetreuung"	"Kinderbetreuung"	"Kinderbetreuung"	"Kinderbetreuung"	"Kinderbetreuungen"	"Kinderbetreuungen"	"Kinderbetreuungen"	"Kinderbetreuungen"	"feminine"	"Kinderbetreuungs"	"kinderbetreuung"	"kinderbetreuung"	"kinderbetreuung"	"kinderbetreuung"	"kinderbetreuungen"	"kinderbetreuungen"	"kinderbetreuungen"	"kinderbetreuungen"	"kinderbetreuungs"	"bind"
wdn_000035_N	L300507	["L300507"]	["aa4eb4d0385d3db3cbbedf711a57caa3191f2aef9131bff3eeea1b23ec80b6b3"]	"Beobachtungsdaten"	plural_only	no	wdn_000035_p001	pluralOnlyN	P.pluralOnlyN "Beobachtungsdaten"	1	complete	compatible_with_inference	provisional	sampled	none_recorded	["L300507$2DDAD19D-5282-4F55-8CF2-D9E967C192C3"]	{"s_pl_acc":["L300507-F4"],"s_pl_dat":["L300507-F3"],"s_pl_gen":["L300507-F2"],"s_pl_nom":["L300507-F1"]}	[]	{"co":"provisional_inference","csep":"provisional_inference","gender":"provisional_inference","s_pl_acc":"source_exact","s_pl_dat":"source_exact","s_pl_gen":"source_exact","s_pl_nom":"source_exact","s_sg_acc":"unavailable","s_sg_dat":"unavailable","s_sg_gen":"unavailable","s_sg_nom":"unavailable","uncap_co":"reviewed_inference","uncap_s_pl_acc":"reviewed_inference","uncap_s_pl_dat":"reviewed_inference","uncap_s_pl_gen":"reviewed_inference","uncap_s_pl_nom":"reviewed_inference","uncap_s_sg_acc":"unavailable","uncap_s_sg_dat":"unavailable","uncap_s_sg_gen":"unavailable","uncap_s_sg_nom":"unavailable"}	yes	864d05c68026f2e06e4be5bd3ccbe815fd45afa31a1b6ae0c760653db5120411	537756d1f474dff804f2564fc787e3f6777d12b4b73dd31811dcf66f04d6bea4	""	""	""	""	"Beobachtungsdaten"	"Beobachtungsdaten"	"Beobachtungsdaten"	"Beobachtungsdaten"	"masculine"	"Beobachtungsdaten"	""	""	""	""	"beobachtungsdaten"	"beobachtungsdaten"	"beobachtungsdaten"	"beobachtungsdaten"	"beobachtungsdaten"	"bind"
wdn_000036_N	L305182	["L305182"]	["bee8cda3c6dcbc56af82fb57047cdeedc814780c0c30fcb4bf851fff87a7c871"]	"Pause"	explicit_combining	no	wdn_000036_p001	mkN_lemma	P.mkN "Pause"	1	complete	exact_source_evidence	provisional	sampled	none_recorded	["L305182$DF75C3C5-5298-4FB4-82E4-AA1B7DB4CBC3"]	{"co":["L305182-F9"],"s_pl_acc":["L305182-F8"],"s_pl_dat":["L305182-F7"],"s_pl_gen":["L305182-F6"],"s_pl_nom":["L305182-F5"],"s_sg_acc":["L305182-F4"],"s_sg_dat":["L305182-F3"],"s_sg_gen":["L305182-F2"],"s_sg_nom":["L305182-F1"]}	[]	{"co":"source_exact","csep":"provisional_inference","gender":"source_exact","s_pl_acc":"source_exact","s_pl_dat":"source_exact","s_pl_gen":"source_exact","s_pl_nom":"source_exact","s_sg_acc":"source_exact","s_sg_dat":"source_exact","s_sg_gen":"source_exact","s_sg_nom":"source_exact","uncap_co":"reviewed_inference","uncap_s_pl_acc":"reviewed_inference","uncap_s_pl_dat":"reviewed_inference","uncap_s_pl_gen":"reviewed_inference","uncap_s_pl_nom":"reviewed_inference","uncap_s_sg_acc":"reviewed_inference","uncap_s_sg_dat":"reviewed_inference","uncap_s_sg_gen":"reviewed_inference","uncap_s_sg_nom":"reviewed_inference"}	yes	5826491ac61aa0a7febf65b1772394439124d66a0e2e30b79a54ee915c6624f8	537756d1f474dff804f2564fc787e3f6777d12b4b73dd31811dcf66f04d6bea4	"Pause"	"Pause"	"Pause"	"Pause"	"Pausen"	"Pausen"	"Pausen"	"Pausen"	"feminine"	"Pausen"	"pause"	"pause"	"pause"	"pause"	"pausen"	"pausen"	"pausen"	"pausen"	"pausen"	"bind"
wdn_000039_N	L402511	["L402511"]	["ea5438a64c522bc0ee6ce99563928dd545a99046a5141bf766b149ea17a14840"]	"A-Saite"	hyphenated	no	wdn_000039_p001	mkN_lemma	P.mkN "A-Saite"	1	complete	exact_source_evidence	provisional	sampled	explicit_compound_analysis	["L402511$55E7590A-7D95-4978-824E-D20D23FD6756","L402511$de5be28c-40de-c3e1-f7c9-b97cdbc7866e"]	{"s_pl_acc":["L402511-F8"],"s_pl_dat":["L402511-F7"],"s_pl_gen":["L402511-F6"],"s_pl_nom":["L402511-F5"],"s_sg_acc":["L402511-F4"],"s_sg_dat":["L402511-F3"],"s_sg_gen":["L402511-F2"],"s_sg_nom":["L402511-F1"]}	[]	{"co":"provisional_inference","csep":"reviewed_inference","gender":"source_exact","s_pl_acc":"source_exact","s_pl_dat":"source_exact","s_pl_gen":"source_exact","s_pl_nom":"source_exact","s_sg_acc":"source_exact","s_sg_dat":"source_exact","s_sg_gen":"source_exact","s_sg_nom":"source_exact","uncap_co":"reviewed_inference","uncap_s_pl_acc":"reviewed_inference","uncap_s_pl_dat":"reviewed_inference","uncap_s_pl_gen":"reviewed_inference","uncap_s_pl_nom":"reviewed_inference","uncap_s_sg_acc":"reviewed_inference","uncap_s_sg_dat":"reviewed_inference","uncap_s_sg_gen":"reviewed_inference","uncap_s_sg_nom":"reviewed_inference"}	yes	6e6ab168c3d010732e6d56bbd63c4ad628f4895106fce96a3a3370bf6a08ce3c	537756d1f474dff804f2564fc787e3f6777d12b4b73dd31811dcf66f04d6bea4	"A-Saite"	"A-Saite"	"A-Saite"	"A-Saite"	"A-Saiten"	"A-Saiten"	"A-Saiten"	"A-Saiten"	"feminine"	"A-Saiten"	"A-Saite"	"A-Saite"	"A-Saite"	"A-Saite"	"A-Saiten"	"A-Saiten"	"A-Saiten"	"A-Saiten"	"A-Saiten"	"hyphen"
wdn_000041_N	L478083	["L478083"]	["341cde24457277b75156b3d0f2347fafbaec24b942b63032c7e8e00f05710136"]	"NOx-Konzentration"	hyphenated	no	wdn_000041_p001	mkN_lemma	P.mkN "NOx-Konzentration"	1	complete	exact_source_evidence	provisional	sampled	none_recorded	["L478083$4F4A59A7-9743-496A-B429-E5698524D2C9"]	{"s_pl_acc":["L478083-F8"],"s_pl_dat":["L478083-F7"],"s_pl_gen":["L478083-F6"],"s_pl_nom":["L478083-F5"],"s_sg_acc":["L478083-F4"],"s_sg_dat":["L478083-F3"],"s_sg_gen":["L478083-F2"],"s_sg_nom":["L478083-F1"]}	[]	{"co":"provisional_inference","csep":"reviewed_inference","gender":"source_exact","s_pl_acc":"source_exact","s_pl_dat":"source_exact","s_pl_gen":"source_exact","s_pl_nom":"source_exact","s_sg_acc":"source_exact","s_sg_dat":"source_exact","s_sg_gen":"source_exact","s_sg_nom":"source_exact","uncap_co":"reviewed_inference","uncap_s_pl_acc":"reviewed_inference","uncap_s_pl_dat":"reviewed_inference","uncap_s_pl_gen":"reviewed_inference","uncap_s_pl_nom":"reviewed_inference","uncap_s_sg_acc":"reviewed_inference","uncap_s_sg_dat":"reviewed_inference","uncap_s_sg_gen":"reviewed_inference","uncap_s_sg_nom":"reviewed_inference"}	yes	379171f77b5e6cae4996ef0475250de6551af1880f0b6cbe664e1428a92d045b	537756d1f474dff804f2564fc787e3f6777d12b4b73dd31811dcf66f04d6bea4	"NOx-Konzentration"	"NOx-Konzentration"	"NOx-Konzentration"	"NOx-Konzentration"	"NOx-Konzentrationen"	"NOx-Konzentrationen"	"NOx-Konzentrationen"	"NOx-Konzentrationen"	"feminine"	"NOx-Konzentration"	"NOx-Konzentration"	"NOx-Konzentration"	"NOx-Konzentration"	"NOx-Konzentration"	"NOx-Konzentrationen"	"NOx-Konzentrationen"	"NOx-Konzentrationen"	"NOx-Konzentrationen"	"NOx-Konzentration"	"hyphen"
wdn_000043_N	L486827	["L486827"]	["7bb345c841d5fd7b51892d0ae6ac49336a8ea5a6b029cbcdf67a5edb097c70d6"]	"Verneinung"	explicit_combining	no	wdn_000043_p001	mkN_lemma	P.mkN "Verneinung"	1	complete	exact_source_evidence	provisional	sampled	component_target	["L486827$4EAB3C3A-954F-407E-B114-3ACB9E6ABC48"]	{"co":["L486827-F9"],"s_pl_acc":["L486827-F8"],"s_pl_dat":["L486827-F7"],"s_pl_gen":["L486827-F6"],"s_pl_nom":["L486827-F5"],"s_sg_acc":["L486827-F4"],"s_sg_dat":["L486827-F3"],"s_sg_gen":["L486827-F2"],"s_sg_nom":["L486827-F1"]}	[]	{"co":"source_exact","csep":"provisional_inference","gender":"source_exact","s_pl_acc":"source_exact","s_pl_dat":"source_exact","s_pl_gen":"source_exact","s_pl_nom":"source_exact","s_sg_acc":"source_exact","s_sg_dat":"source_exact","s_sg_gen":"source_exact","s_sg_nom":"source_exact","uncap_co":"reviewed_inference","uncap_s_pl_acc":"reviewed_inference","uncap_s_pl_dat":"reviewed_inference","uncap_s_pl_gen":"reviewed_inference","uncap_s_pl_nom":"reviewed_inference","uncap_s_sg_acc":"reviewed_inference","uncap_s_sg_dat":"reviewed_inference","uncap_s_sg_gen":"reviewed_inference","uncap_s_sg_nom":"reviewed_inference"}	yes	26ecee5e72404e71c4804bafb0d51d3dd7a5233237dc14bef02ec32299eb414c	537756d1f474dff804f2564fc787e3f6777d12b4b73dd31811dcf66f04d6bea4	"Verneinung"	"Verneinung"	"Verneinung"	"Verneinung"	"Verneinungen"	"Verneinungen"	"Verneinungen"	"Verneinungen"	"feminine"	"Verneinungs"	"verneinung"	"verneinung"	"verneinung"	"verneinung"	"verneinungen"	"verneinungen"	"verneinungen"	"verneinungen"	"verneinungs"	"bind"
wdn_000044_N	L492516	["L492516"]	["17265fc8289541612a36ec5a22fa2f6cdba80673b0a2b6d1373c460d5ed61d80"]	"Augmentativ"	regular_neuter	no	wdn_000044_p007	mkN_two	P.mkN "Augmentativ" "Augmentative" P.neuter	2	complete	exact_source_evidence	provisional	sampled	none_recorded	["L492516$9BEF4ADB-7D5A-47EA-9424-88991D342480"]	{"s_pl_acc":["L492516-F8"],"s_pl_dat":["L492516-F7"],"s_pl_gen":["L492516-F6"],"s_pl_nom":["L492516-F5"],"s_sg_acc":["L492516-F4"],"s_sg_dat":["L492516-F3"],"s_sg_gen":["L492516-F2"],"s_sg_nom":["L492516-F1"]}	[]	{"co":"provisional_inference","csep":"provisional_inference","gender":"source_exact","s_pl_acc":"source_exact","s_pl_dat":"source_exact","s_pl_gen":"source_exact","s_pl_nom":"source_exact","s_sg_acc":"source_exact","s_sg_dat":"source_exact","s_sg_gen":"source_exact","s_sg_nom":"source_exact","uncap_co":"reviewed_inference","uncap_s_pl_acc":"reviewed_inference","uncap_s_pl_dat":"reviewed_inference","uncap_s_pl_gen":"reviewed_inference","uncap_s_pl_nom":"reviewed_inference","uncap_s_sg_acc":"reviewed_inference","uncap_s_sg_dat":"reviewed_inference","uncap_s_sg_gen":"reviewed_inference","uncap_s_sg_nom":"reviewed_inference"}	yes	a7240ab26ff651afc3188006011d2f09b7667982a9340b5a39442cd4290bbadf	537756d1f474dff804f2564fc787e3f6777d12b4b73dd31811dcf66f04d6bea4	"Augmentativ"	"Augmentativ"	"Augmentativ"	"Augmentativs"	"Augmentative"	"Augmentative"	"Augmentativen"	"Augmentative"	"neuter"	"Augmentativ"	"augmentativ"	"augmentativ"	"augmentativ"	"augmentativs"	"augmentative"	"augmentative"	"augmentativen"	"augmentative"	"augmentativ"	"bind"
wdn_000045_N	L494603	["L494603"]	["3d88f8dcf859a613dd8bd6498ea8273ccc58f5ab584ea619f402e527a87b05a1"]	"Fragmentierung"	explicit_combining	no	wdn_000045_p001	mkN_lemma	P.mkN "Fragmentierung"	1	complete	exact_source_evidence	provisional	sampled	component_target	["L494603$05708640-3B7B-4C3E-9EA7-6263087D65F4"]	{"co":["L494603-F9"],"s_pl_acc":["L494603-F8"],"s_pl_dat":["L494603-F7"],"s_pl_gen":["L494603-F6"],"s_pl_nom":["L494603-F5"],"s_sg_acc":["L494603-F4"],"s_sg_dat":["L494603-F3"],"s_sg_gen":["L494603-F2"],"s_sg_nom":["L494603-F1"]}	[]	{"co":"source_exact","csep":"provisional_inference","gender":"source_exact","s_pl_acc":"source_exact","s_pl_dat":"source_exact","s_pl_gen":"source_exact","s_pl_nom":"source_exact","s_sg_acc":"source_exact","s_sg_dat":"source_exact","s_sg_gen":"source_exact","s_sg_nom":"source_exact","uncap_co":"reviewed_inference","uncap_s_pl_acc":"reviewed_inference","uncap_s_pl_dat":"reviewed_inference","uncap_s_pl_gen":"reviewed_inference","uncap_s_pl_nom":"reviewed_inference","uncap_s_sg_acc":"reviewed_inference","uncap_s_sg_dat":"reviewed_inference","uncap_s_sg_gen":"reviewed_inference","uncap_s_sg_nom":"reviewed_inference"}	yes	45ea218572212fe2716975d4a2462c9ae2ac339c1dc5c7e966337655a1403189	537756d1f474dff804f2564fc787e3f6777d12b4b73dd31811dcf66f04d6bea4	"Fragmentierung"	"Fragmentierung"	"Fragmentierung"	"Fragmentierung"	"Fragmentierungen"	"Fragmentierungen"	"Fragmentierungen"	"Fragmentierungen"	"feminine"	"Fragmentierungs"	"fragmentierung"	"fragmentierung"	"fragmentierung"	"fragmentierung"	"fragmentierungen"	"fragmentierungen"	"fragmentierungen"	"fragmentierungen"	"fragmentierungs"	"bind"
wdn_000048_N	L579647	["L579647"]	["3fdb7d081ac2f3f0850cc8177ca4056496cc5b864aec7a2f9332e0566596ae1d"]	"Rosine"	explicit_combining	no	wdn_000048_p001	mkN_lemma	P.mkN "Rosine"	1	complete	exact_source_evidence	provisional	sampled	component_target	["L579647$F6DC6501-3218-435F-81C0-65DCD4B707C5"]	{"co":["L579647-F9"],"s_pl_acc":["L579647-F8"],"s_pl_dat":["L579647-F7"],"s_pl_gen":["L579647-F6"],"s_pl_nom":["L579647-F5"],"s_sg_acc":["L579647-F4"],"s_sg_dat":["L579647-F3"],"s_sg_gen":["L579647-F2"],"s_sg_nom":["L579647-F1"]}	[]	{"co":"source_exact","csep":"provisional_inference","gender":"source_exact","s_pl_acc":"source_exact","s_pl_dat":"source_exact","s_pl_gen":"source_exact","s_pl_nom":"source_exact","s_sg_acc":"source_exact","s_sg_dat":"source_exact","s_sg_gen":"source_exact","s_sg_nom":"source_exact","uncap_co":"reviewed_inference","uncap_s_pl_acc":"reviewed_inference","uncap_s_pl_dat":"reviewed_inference","uncap_s_pl_gen":"reviewed_inference","uncap_s_pl_nom":"reviewed_inference","uncap_s_sg_acc":"reviewed_inference","uncap_s_sg_dat":"reviewed_inference","uncap_s_sg_gen":"reviewed_inference","uncap_s_sg_nom":"reviewed_inference"}	yes	288b727669a12343dc2f76ab7f18ab318194cf50b7d929098d26939ae1883218	537756d1f474dff804f2564fc787e3f6777d12b4b73dd31811dcf66f04d6bea4	"Rosine"	"Rosine"	"Rosine"	"Rosine"	"Rosinen"	"Rosinen"	"Rosinen"	"Rosinen"	"feminine"	"Rosinen"	"rosine"	"rosine"	"rosine"	"rosine"	"rosinen"	"rosinen"	"rosinen"	"rosinen"	"rosinen"	"bind"
wdn_000049_N	L587608	["L587608"]	["30a089a9c9ddb6fe65ff707c44ec78b73c5cb9d24ba6ffecd65906e868a8a101"]	"Drüse"	explicit_combining	no	wdn_000049_p001	mkN_lemma	P.mkN "Drüse"	1	complete	exact_source_evidence	provisional	sampled	component_target	["L587608$DCB90405-6F2A-46B5-8FFB-795F5619CAB7"]	{"co":["L587608-F9"],"s_pl_acc":["L587608-F8"],"s_pl_dat":["L587608-F7"],"s_pl_gen":["L587608-F6"],"s_pl_nom":["L587608-F5"],"s_sg_acc":["L587608-F4"],"s_sg_dat":["L587608-F3"],"s_sg_gen":["L587608-F2"],"s_sg_nom":["L587608-F1"]}	[]	{"co":"source_exact","csep":"provisional_inference","gender":"source_exact","s_pl_acc":"source_exact","s_pl_dat":"source_exact","s_pl_gen":"source_exact","s_pl_nom":"source_exact","s_sg_acc":"source_exact","s_sg_dat":"source_exact","s_sg_gen":"source_exact","s_sg_nom":"source_exact","uncap_co":"reviewed_inference","uncap_s_pl_acc":"reviewed_inference","uncap_s_pl_dat":"reviewed_inference","uncap_s_pl_gen":"reviewed_inference","uncap_s_pl_nom":"reviewed_inference","uncap_s_sg_acc":"reviewed_inference","uncap_s_sg_dat":"reviewed_inference","uncap_s_sg_gen":"reviewed_inference","uncap_s_sg_nom":"reviewed_inference"}	yes	fae9d8067661b75129ea4f725e0dda37064d9ea233fe4fcd294003b980369c36	537756d1f474dff804f2564fc787e3f6777d12b4b73dd31811dcf66f04d6bea4	"Drüse"	"Drüse"	"Drüse"	"Drüse"	"Drüsen"	"Drüsen"	"Drüsen"	"Drüsen"	"feminine"	"Drüsen"	"drüse"	"drüse"	"drüse"	"drüse"	"drüsen"	"drüsen"	"drüsen"	"drüsen"	"drüsen"	"bind"
wdn_000050_N	L591707	["L591707"]	["e86f1c2945d727003e2bfaf3a56afd269da089c39c8a5067c5864c37a1f8789b"]	"Hoheit"	invariant	no	wdn_000050_p001	mkN_lemma	P.mkN "Hoheit"	1	complete	exact_source_evidence	provisional	sampled	none_recorded	["L591707$700EB7E8-F588-41B0-84C9-A6DBC74EF9AC"]	{"s_pl_acc":["L591707-F8"],"s_pl_dat":["L591707-F7"],"s_pl_gen":["L591707-F6"],"s_pl_nom":["L591707-F5"],"s_sg_acc":["L591707-F4"],"s_sg_dat":["L591707-F3"],"s_sg_gen":["L591707-F2"],"s_sg_nom":["L591707-F1"]}	[]	{"co":"provisional_inference","csep":"provisional_inference","gender":"source_exact","s_pl_acc":"source_exact","s_pl_dat":"source_exact","s_pl_gen":"source_exact","s_pl_nom":"source_exact","s_sg_acc":"source_exact","s_sg_dat":"source_exact","s_sg_gen":"source_exact","s_sg_nom":"source_exact","uncap_co":"reviewed_inference","uncap_s_pl_acc":"reviewed_inference","uncap_s_pl_dat":"reviewed_inference","uncap_s_pl_gen":"reviewed_inference","uncap_s_pl_nom":"reviewed_inference","uncap_s_sg_acc":"reviewed_inference","uncap_s_sg_dat":"reviewed_inference","uncap_s_sg_gen":"reviewed_inference","uncap_s_sg_nom":"reviewed_inference"}	yes	d63261f01da8450f08f2a7400a8e1080c9372954c54461704c1933caa23ffdbf	537756d1f474dff804f2564fc787e3f6777d12b4b73dd31811dcf66f04d6bea4	"Hoheit"	"Hoheit"	"Hoheit"	"Hoheit"	"Hoheiten"	"Hoheiten"	"Hoheiten"	"Hoheiten"	"feminine"	"Hoheits"	"hoheit"	"hoheit"	"hoheit"	"hoheit"	"hoheiten"	"hoheiten"	"hoheiten"	"hoheiten"	"hoheits"	"bind"
wdn_000052_N	L612612	["L612612"]	["b5bc1f93a4c2c2aea11266b63a40dff8f28caeb9544cc944f8454532540fb5c5"]	"Adoptivmutter"	regular_feminine	no	wdn_000052_p007	mkN_two	P.mkN "Adoptivmutter" "Adoptivmütter" P.feminine	2	complete	exact_source_evidence	provisional	sampled	none_recorded	["L612612$BDB547B5-5C30-4DD3-87F8-2CC4C650AC6E"]	{"s_pl_acc":["L612612-F8"],"s_pl_dat":["L612612-F7"],"s_pl_gen":["L612612-F6"],"s_pl_nom":["L612612-F5"],"s_sg_acc":["L612612-F4"],"s_sg_dat":["L612612-F3"],"s_sg_gen":["L612612-F2"],"s_sg_nom":["L612612-F1"]}	[]	{"co":"provisional_inference","csep":"provisional_inference","gender":"source_exact","s_pl_acc":"source_exact","s_pl_dat":"source_exact","s_pl_gen":"source_exact","s_pl_nom":"source_exact","s_sg_acc":"source_exact","s_sg_dat":"source_exact","s_sg_gen":"source_exact","s_sg_nom":"source_exact","uncap_co":"reviewed_inference","uncap_s_pl_acc":"reviewed_inference","uncap_s_pl_dat":"reviewed_inference","uncap_s_pl_gen":"reviewed_inference","uncap_s_pl_nom":"reviewed_inference","uncap_s_sg_acc":"reviewed_inference","uncap_s_sg_dat":"reviewed_inference","uncap_s_sg_gen":"reviewed_inference","uncap_s_sg_nom":"reviewed_inference"}	yes	325a5fcfdb8eb2fcb3d0419002688cdee8cd991b9c0d30c3422583275da07fdc	537756d1f474dff804f2564fc787e3f6777d12b4b73dd31811dcf66f04d6bea4	"Adoptivmutter"	"Adoptivmutter"	"Adoptivmutter"	"Adoptivmutter"	"Adoptivmütter"	"Adoptivmütter"	"Adoptivmüttern"	"Adoptivmütter"	"feminine"	"Adoptivmutter"	"adoptivmutter"	"adoptivmutter"	"adoptivmutter"	"adoptivmutter"	"adoptivmütter"	"adoptivmütter"	"adoptivmüttern"	"adoptivmütter"	"adoptivmutter"	"bind"
wdn_000054_N	L617006	["L617006"]	["16fc6b4bed142ae4375308343c5617b23df5dabb21594b4bf280399f164bacfb"]	"HNO-Ärztin"	hyphenated	no	wdn_000054_p005	invarN_two	P.invarN "HNO-Ärztin" "HNO-Ärztinnen" P.feminine	2	complete	exact_source_evidence	provisional	sampled	explicit_compound_analysis	["L617006$03ebe003-4a76-dcb8-aa1a-c6ca81c8e327","L617006$51558062-25DB-4EFA-ACA8-EFB9C981A35C","L617006$8dc53d6e-4fe0-87c9-5ee2-1095b3fa8505"]	{"s_pl_acc":["L617006-F8"],"s_pl_dat":["L617006-F7"],"s_pl_gen":["L617006-F6"],"s_pl_nom":["L617006-F5"],"s_sg_acc":["L617006-F4"],"s_sg_dat":["L617006-F3"],"s_sg_gen":["L617006-F2"],"s_sg_nom":["L617006-F1"]}	[]	{"co":"provisional_inference","csep":"reviewed_inference","gender":"source_exact","s_pl_acc":"source_exact","s_pl_dat":"source_exact","s_pl_gen":"source_exact","s_pl_nom":"source_exact","s_sg_acc":"source_exact","s_sg_dat":"source_exact","s_sg_gen":"source_exact","s_sg_nom":"source_exact","uncap_co":"reviewed_inference","uncap_s_pl_acc":"reviewed_inference","uncap_s_pl_dat":"reviewed_inference","uncap_s_pl_gen":"reviewed_inference","uncap_s_pl_nom":"reviewed_inference","uncap_s_sg_acc":"reviewed_inference","uncap_s_sg_dat":"reviewed_inference","uncap_s_sg_gen":"reviewed_inference","uncap_s_sg_nom":"reviewed_inference"}	yes	6fa3b2ac296db4b609caa7e8e635d4f3214c7d33b3470ace310161078922eb76	537756d1f474dff804f2564fc787e3f6777d12b4b73dd31811dcf66f04d6bea4	"HNO-Ärztin"	"HNO-Ärztin"	"HNO-Ärztin"	"HNO-Ärztin"	"HNO-Ärztinnen"	"HNO-Ärztinnen"	"HNO-Ärztinnen"	"HNO-Ärztinnen"	"feminine"	"HNO-Ärztin"	"HNO-Ärztin"	"HNO-Ärztin"	"HNO-Ärztin"	"HNO-Ärztin"	"HNO-Ärztinnen"	"HNO-Ärztinnen"	"HNO-Ärztinnen"	"HNO-Ärztinnen"	"HNO-Ärztin"	"hyphen"
wdn_000055_N	L626666	["L626666"]	["ad2989d3df993ca3c1b3a75babbc9d949ec6bd06074a68656b86b7b9ce101df2"]	"Senegaler"	regular_masculine	no	wdn_000055_p001	mkN_lemma	P.mkN "Senegaler"	1	complete	exact_source_evidence	provisional	sampled	none_recorded	["L626666$26D91A6E-5B74-469F-88C1-AEC7C9BA7B57"]	{"s_pl_acc":["L626666-F8"],"s_pl_dat":["L626666-F7"],"s_pl_gen":["L626666-F6"],"s_pl_nom":["L626666-F5"],"s_sg_acc":["L626666-F4"],"s_sg_dat":["L626666-F3"],"s_sg_gen":["L626666-F2"],"s_sg_nom":["L626666-F1"]}	[]	{"co":"provisional_inference","csep":"provisional_inference","gender":"source_exact","s_pl_acc":"source_exact","s_pl_dat":"source_exact","s_pl_gen":"source_exact","s_pl_nom":"source_exact","s_sg_acc":"source_exact","s_sg_dat":"source_exact","s_sg_gen":"source_exact","s_sg_nom":"source_exact","uncap_co":"reviewed_inference","uncap_s_pl_acc":"reviewed_inference","uncap_s_pl_dat":"reviewed_inference","uncap_s_pl_gen":"reviewed_inference","uncap_s_pl_nom":"reviewed_inference","uncap_s_sg_acc":"reviewed_inference","uncap_s_sg_dat":"reviewed_inference","uncap_s_sg_gen":"reviewed_inference","uncap_s_sg_nom":"reviewed_inference"}	yes	95ade590dd4c2f1735f23e5fe15d158816b5d619f2bf2e8f6a5c812d575c5476	537756d1f474dff804f2564fc787e3f6777d12b4b73dd31811dcf66f04d6bea4	"Senegaler"	"Senegaler"	"Senegaler"	"Senegalers"	"Senegaler"	"Senegaler"	"Senegalern"	"Senegaler"	"masculine"	"Senegaler"	"senegaler"	"senegaler"	"senegaler"	"senegalers"	"senegaler"	"senegaler"	"senegalern"	"senegaler"	"senegaler"	"bind"
wdn_000057_N	L656535	["L656535"]	["a841734f11f0516fed01107add5ff51de6433877a9063758c3353f778ee8a1d1"]	"Alten"	plural_only	no	wdn_000057_p001	pluralOnlyN	P.pluralOnlyN "Alten"	1	complete	compatible_with_inference	provisional	sampled	none_recorded	["L656535$8143D47C-9C8D-4870-A141-8C05DE726A3F"]	{"s_pl_acc":["L656535-F4"],"s_pl_dat":["L656535-F3"],"s_pl_gen":["L656535-F2"],"s_pl_nom":["L656535-F1"]}	[]	{"co":"provisional_inference","csep":"provisional_inference","gender":"provisional_inference","s_pl_acc":"source_exact","s_pl_dat":"source_exact","s_pl_gen":"source_exact","s_pl_nom":"source_exact","s_sg_acc":"unavailable","s_sg_dat":"unavailable","s_sg_gen":"unavailable","s_sg_nom":"unavailable","uncap_co":"reviewed_inference","uncap_s_pl_acc":"reviewed_inference","uncap_s_pl_dat":"reviewed_inference","uncap_s_pl_gen":"reviewed_inference","uncap_s_pl_nom":"reviewed_inference","uncap_s_sg_acc":"unavailable","uncap_s_sg_dat":"unavailable","uncap_s_sg_gen":"unavailable","uncap_s_sg_nom":"unavailable"}	yes	72729381d2ae33871d03d42e4610be9d632e902be720ded0a639be2a34c5ba49	537756d1f474dff804f2564fc787e3f6777d12b4b73dd31811dcf66f04d6bea4	""	""	""	""	"Alten"	"Alten"	"Alten"	"Alten"	"masculine"	"Alten"	""	""	""	""	"alten"	"alten"	"alten"	"alten"	"alten"	"bind"
wdn_000059_N	L678544	["L678544"]	["45e187691604c170e0b8674bf5d0de544fa3868aa5d5c5c2241bbf465508353b"]	"Benutzung"	explicit_combining	no	wdn_000059_p001	mkN_lemma	P.mkN "Benutzung"	1	complete	exact_source_evidence	provisional	sampled	source_and_target	["L678544$1FC1D7A6-4F6C-4955-9DC4-FF6A06754C71","L678544$3d07f24c-4002-6bc8-9e9c-9bdca9f6e285","L678544$c196d6c9-40ed-0387-7153-5f71d22364d2"]	{"co":["L678544-F9"],"s_pl_acc":["L678544-F8"],"s_pl_dat":["L678544-F7"],"s_pl_gen":["L678544-F6"],"s_pl_nom":["L678544-F5"],"s_sg_acc":["L678544-F4"],"s_sg_dat":["L678544-F3"],"s_sg_gen":["L678544-F2"],"s_sg_nom":["L678544-F1"]}	["L678543$90dc2737-48bc-1e1f-f61b-60cf5308155e>L678544-F9"]	{"co":"source_exact","csep":"provisional_inference","gender":"source_exact","s_pl_acc":"source_exact","s_pl_dat":"source_exact","s_pl_gen":"source_exact","s_pl_nom":"source_exact","s_sg_acc":"source_exact","s_sg_dat":"source_exact","s_sg_gen":"source_exact","s_sg_nom":"source_exact","uncap_co":"reviewed_inference","uncap_s_pl_acc":"reviewed_inference","uncap_s_pl_dat":"reviewed_inference","uncap_s_pl_gen":"reviewed_inference","uncap_s_pl_nom":"reviewed_inference","uncap_s_sg_acc":"reviewed_inference","uncap_s_sg_dat":"reviewed_inference","uncap_s_sg_gen":"reviewed_inference","uncap_s_sg_nom":"reviewed_inference"}	yes	11556b6b1f3687186c64e2639d1cbd01e0b988a5db323a1ae8dbba1f3e588d11	537756d1f474dff804f2564fc787e3f6777d12b4b73dd31811dcf66f04d6bea4	"Benutzung"	"Benutzung"	"Benutzung"	"Benutzung"	"Benutzungen"	"Benutzungen"	"Benutzungen"	"Benutzungen"	"feminine"	"Benutzungs"	"benutzung"	"benutzung"	"benutzung"	"benutzung"	"benutzungen"	"benutzungen"	"benutzungen"	"benutzungen"	"benutzungs"	"bind"
wdn_000061_N	L729486	["L729486"]	["576e5121b08c9273d17705240ea39f31f5877dd5838eadb35ee6b5ec198f7a2a"]	"Kastrationsangst"	regular_feminine	no	wdn_000061_p007	mkN_two	P.mkN "Kastrationsangst" "Kastrationsängste" P.feminine	2	complete	exact_source_evidence	provisional	sampled	none_recorded	["L729486$DB9A25AC-05A1-4641-81BC-89CD2B7A6D4B"]	{"s_pl_acc":["L729486-F8"],"s_pl_dat":["L729486-F7"],"s_pl_gen":["L729486-F6"],"s_pl_nom":["L729486-F5"],"s_sg_acc":["L729486-F4"],"s_sg_dat":["L729486-F3"],"s_sg_gen":["L729486-F2"],"s_sg_nom":["L729486-F1"]}	[]	{"co":"provisional_inference","csep":"provisional_inference","gender":"source_exact","s_pl_acc":"source_exact","s_pl_dat":"source_exact","s_pl_gen":"source_exact","s_pl_nom":"source_exact","s_sg_acc":"source_exact","s_sg_dat":"source_exact","s_sg_gen":"source_exact","s_sg_nom":"source_exact","uncap_co":"reviewed_inference","uncap_s_pl_acc":"reviewed_inference","uncap_s_pl_dat":"reviewed_inference","uncap_s_pl_gen":"reviewed_inference","uncap_s_pl_nom":"reviewed_inference","uncap_s_sg_acc":"reviewed_inference","uncap_s_sg_dat":"reviewed_inference","uncap_s_sg_gen":"reviewed_inference","uncap_s_sg_nom":"reviewed_inference"}	yes	1592890a3672dd0718c97fe1f8162d2fa7346f347249c41e837ec1473109dbf8	537756d1f474dff804f2564fc787e3f6777d12b4b73dd31811dcf66f04d6bea4	"Kastrationsangst"	"Kastrationsangst"	"Kastrationsangst"	"Kastrationsangst"	"Kastrationsängste"	"Kastrationsängste"	"Kastrationsängsten"	"Kastrationsängste"	"feminine"	"Kastrationsangst"	"kastrationsangst"	"kastrationsangst"	"kastrationsangst"	"kastrationsangst"	"kastrationsängste"	"kastrationsängste"	"kastrationsängsten"	"kastrationsängste"	"kastrationsangst"	"bind"
wdn_000062_N	L753194	["L753194"]	["7f60a53fd5d32735f82d572a33439c105d311e55581a716791b933ca236011fa"]	"Pluviograf"	irregular_full	no	wdn_000062_p007	mkN_two	P.mkN "Pluviograf" "Pluviografen" P.masculine	2	complete	exact_source_evidence	provisional	sampled	none_recorded	["L753194$B7770332-3E44-4C7D-B552-3F86CB22CBCE"]	{"s_pl_acc":["L753194-F8"],"s_pl_dat":["L753194-F7"],"s_pl_gen":["L753194-F6"],"s_pl_nom":["L753194-F5"],"s_sg_acc":["L753194-F4"],"s_sg_dat":["L753194-F3"],"s_sg_gen":["L753194-F2"],"s_sg_nom":["L753194-F1"]}	[]	{"co":"provisional_inference","csep":"provisional_inference","gender":"source_exact","s_pl_acc":"source_exact","s_pl_dat":"source_exact","s_pl_gen":"source_exact","s_pl_nom":"source_exact","s_sg_acc":"source_exact","s_sg_dat":"source_exact","s_sg_gen":"source_exact","s_sg_nom":"source_exact","uncap_co":"reviewed_inference","uncap_s_pl_acc":"reviewed_inference","uncap_s_pl_dat":"reviewed_inference","uncap_s_pl_gen":"reviewed_inference","uncap_s_pl_nom":"reviewed_inference","uncap_s_sg_acc":"reviewed_inference","uncap_s_sg_dat":"reviewed_inference","uncap_s_sg_gen":"reviewed_inference","uncap_s_sg_nom":"reviewed_inference"}	yes	1fca2f7359cb06866f41ed4873fa571124eb0ef6b14ebbdf27a70702a41ef418	537756d1f474dff804f2564fc787e3f6777d12b4b73dd31811dcf66f04d6bea4	"Pluviograf"	"Pluviografen"	"Pluviografen"	"Pluviografen"	"Pluviografen"	"Pluviografen"	"Pluviografen"	"Pluviografen"	"masculine"	"Pluviograf"	"pluviograf"	"pluviografen"	"pluviografen"	"pluviografen"	"pluviografen"	"pluviografen"	"pluviografen"	"pluviografen"	"pluviograf"	"bind"
wdn_000063_N	L753744	["L753744"]	["4d4b33c503c10273f59ea017c7bb5d2f01fc258e5ff998c7ed89fe4e9c561ae8"]	"Wundwasser"	partial_evidence	no	wdn_000063_p002	mkN_lemma_gender	P.mkN "Wundwasser" P.neuter	1	none	compatible_with_inference	provisional	sampled	none_recorded	["L753744$2061FCF0-79E7-41AD-A0DE-11B50D84A76F"]	{}	[]	{"co":"provisional_inference","csep":"provisional_inference","gender":"source_exact","s_pl_acc":"provisional_inference","s_pl_dat":"provisional_inference","s_pl_gen":"provisional_inference","s_pl_nom":"provisional_inference","s_sg_acc":"provisional_inference","s_sg_dat":"provisional_inference","s_sg_gen":"provisional_inference","s_sg_nom":"provisional_inference","uncap_co":"reviewed_inference","uncap_s_pl_acc":"reviewed_inference","uncap_s_pl_dat":"reviewed_inference","uncap_s_pl_gen":"reviewed_inference","uncap_s_pl_nom":"reviewed_inference","uncap_s_sg_acc":"reviewed_inference","uncap_s_sg_dat":"reviewed_inference","uncap_s_sg_gen":"reviewed_inference","uncap_s_sg_nom":"reviewed_inference"}	yes	24ef7598d736be2d1b914e07ab3f13c40069fa242e158898249ca8069a6dc397	537756d1f474dff804f2564fc787e3f6777d12b4b73dd31811dcf66f04d6bea4	"Wundwasser"	"Wundwasser"	"Wundwasser"	"Wundwassers"	"Wundwasser"	"Wundwasser"	"Wundwassern"	"Wundwasser"	"neuter"	"Wundwasser"	"wundwasser"	"wundwasser"	"wundwasser"	"wundwassers"	"wundwasser"	"wundwasser"	"wundwassern"	"wundwasser"	"wundwasser"	"bind"
wdn_000066_N	L755512	["L755512"]	["1a1621cd0b63659f40b13f66ce0e7d49057f9125a61f871de0822949d6436290"]	"Glotzauge"	invariant_plural	no	wdn_000066_p006	invarPlN_two	P.invarPlN "Glotzauge" "Glotzaugen" P.neuter	2	complete	exact_source_evidence	provisional	sampled	none_recorded	["L755512$6daba75d-b6ab-40e5-9f38-3811a0f8cb45"]	{"s_pl_acc":["L755512-F8"],"s_pl_dat":["L755512-F7"],"s_pl_gen":["L755512-F6"],"s_pl_nom":["L755512-F5"],"s_sg_acc":["L755512-F4"],"s_sg_dat":["L755512-F3"],"s_sg_gen":["L755512-F2"],"s_sg_nom":["L755512-F1"]}	[]	{"co":"provisional_inference","csep":"provisional_inference","gender":"source_exact","s_pl_acc":"source_exact","s_pl_dat":"source_exact","s_pl_gen":"source_exact","s_pl_nom":"source_exact","s_sg_acc":"source_exact","s_sg_dat":"source_exact","s_sg_gen":"source_exact","s_sg_nom":"source_exact","uncap_co":"reviewed_inference","uncap_s_pl_acc":"reviewed_inference","uncap_s_pl_dat":"reviewed_inference","uncap_s_pl_gen":"reviewed_inference","uncap_s_pl_nom":"reviewed_inference","uncap_s_sg_acc":"reviewed_inference","uncap_s_sg_dat":"reviewed_inference","uncap_s_sg_gen":"reviewed_inference","uncap_s_sg_nom":"reviewed_inference"}	yes	ff4ea388738a8e5eb84ad4c114853bb22c5afecc1e63b0083b5eb4f4954df845	537756d1f474dff804f2564fc787e3f6777d12b4b73dd31811dcf66f04d6bea4	"Glotzauge"	"Glotzauge"	"Glotzauge"	"Glotzauges"	"Glotzaugen"	"Glotzaugen"	"Glotzaugen"	"Glotzaugen"	"neuter"	"Glotzaugen"	"glotzauge"	"glotzauge"	"glotzauge"	"glotzauges"	"glotzaugen"	"glotzaugen"	"glotzaugen"	"glotzaugen"	"glotzaugen"	"bind"
wdn_000067_N	L755605	["L755605"]	["2f73c5b7316e976c2341c772b3432c76881e4b5f7f6184d3e6e5980920edec1f"]	"Altweiberknoten"	invariant_plural	no	wdn_000067_p001	mkN_lemma	P.mkN "Altweiberknoten"	1	complete	exact_source_evidence	provisional	sampled	none_recorded	["L755605$F683927C-3261-4C28-A4D6-6BF6B0020CBF"]	{"s_pl_acc":["L755605-F8"],"s_pl_dat":["L755605-F7"],"s_pl_gen":["L755605-F6"],"s_pl_nom":["L755605-F5"],"s_sg_acc":["L755605-F4"],"s_sg_dat":["L755605-F3"],"s_sg_gen":["L755605-F2"],"s_sg_nom":["L755605-F1"]}	[]	{"co":"provisional_inference","csep":"provisional_inference","gender":"source_exact","s_pl_acc":"source_exact","s_pl_dat":"source_exact","s_pl_gen":"source_exact","s_pl_nom":"source_exact","s_sg_acc":"source_exact","s_sg_dat":"source_exact","s_sg_gen":"source_exact","s_sg_nom":"source_exact","uncap_co":"reviewed_inference","uncap_s_pl_acc":"reviewed_inference","uncap_s_pl_dat":"reviewed_inference","uncap_s_pl_gen":"reviewed_inference","uncap_s_pl_nom":"reviewed_inference","uncap_s_sg_acc":"reviewed_inference","uncap_s_sg_dat":"reviewed_inference","uncap_s_sg_gen":"reviewed_inference","uncap_s_sg_nom":"reviewed_inference"}	yes	6620a01f5074a3e708fabde588b1292de0190a06a6f25c5b5d99ba7f67292ba3	537756d1f474dff804f2564fc787e3f6777d12b4b73dd31811dcf66f04d6bea4	"Altweiberknoten"	"Altweiberknoten"	"Altweiberknoten"	"Altweiberknotens"	"Altweiberknoten"	"Altweiberknoten"	"Altweiberknoten"	"Altweiberknoten"	"masculine"	"Altweiberknoten"	"altweiberknoten"	"altweiberknoten"	"altweiberknoten"	"altweiberknotens"	"altweiberknoten"	"altweiberknoten"	"altweiberknoten"	"altweiberknoten"	"altweiberknoten"	"bind"
wdn_000068_N	L757913	["L757913"]	["a64c101c5f96c0909a9ffe7b23520fab0f8061fff98fa6a22c7eb1ca8947de22"]	"Schlüsselblume"	invariant	no	wdn_000068_p001	mkN_lemma	P.mkN "Schlüsselblume"	1	complete	exact_source_evidence	provisional	sampled	none_recorded	["L757913$DDC30943-0330-4D2A-960A-22B97206B55E"]	{"s_pl_acc":["L757913-F8"],"s_pl_dat":["L757913-F7"],"s_pl_gen":["L757913-F6"],"s_pl_nom":["L757913-F5"],"s_sg_acc":["L757913-F4"],"s_sg_dat":["L757913-F3"],"s_sg_gen":["L757913-F2"],"s_sg_nom":["L757913-F1"]}	[]	{"co":"provisional_inference","csep":"provisional_inference","gender":"source_exact","s_pl_acc":"source_exact","s_pl_dat":"source_exact","s_pl_gen":"source_exact","s_pl_nom":"source_exact","s_sg_acc":"source_exact","s_sg_dat":"source_exact","s_sg_gen":"source_exact","s_sg_nom":"source_exact","uncap_co":"reviewed_inference","uncap_s_pl_acc":"reviewed_inference","uncap_s_pl_dat":"reviewed_inference","uncap_s_pl_gen":"reviewed_inference","uncap_s_pl_nom":"reviewed_inference","uncap_s_sg_acc":"reviewed_inference","uncap_s_sg_dat":"reviewed_inference","uncap_s_sg_gen":"reviewed_inference","uncap_s_sg_nom":"reviewed_inference"}	yes	71ba34ba7e6dfd21873d5b1b298b30dde6d242d62d3f9c8981a8b368fe857ce3	537756d1f474dff804f2564fc787e3f6777d12b4b73dd31811dcf66f04d6bea4	"Schlüsselblume"	"Schlüsselblume"	"Schlüsselblume"	"Schlüsselblume"	"Schlüsselblumen"	"Schlüsselblumen"	"Schlüsselblumen"	"Schlüsselblumen"	"feminine"	"Schlüsselblumen"	"schlüsselblume"	"schlüsselblume"	"schlüsselblume"	"schlüsselblume"	"schlüsselblumen"	"schlüsselblumen"	"schlüsselblumen"	"schlüsselblumen"	"schlüsselblumen"	"bind"
wdn_000069_N	L758173	["L758173"]	["12da9b5fc10652770943803e47038532634f9a54d955fe6fa124e79cd734653c"]	"Schuldnerverzeichnis"	regular_neuter	no	wdn_000069_p007	mkN_two	P.mkN "Schuldnerverzeichnis" "Schuldnerverzeichnisse" P.neuter	2	complete	exact_source_evidence	provisional	sampled	none_recorded	["L758173$456026F1-3814-4CCD-9F5D-70D13776DF32"]	{"s_pl_acc":["L758173-F8"],"s_pl_dat":["L758173-F7"],"s_pl_gen":["L758173-F6"],"s_pl_nom":["L758173-F5"],"s_sg_acc":["L758173-F4"],"s_sg_dat":["L758173-F3"],"s_sg_gen":["L758173-F2"],"s_sg_nom":["L758173-F1"]}	[]	{"co":"provisional_inference","csep":"provisional_inference","gender":"source_exact","s_pl_acc":"source_exact","s_pl_dat":"source_exact","s_pl_gen":"source_exact","s_pl_nom":"source_exact","s_sg_acc":"source_exact","s_sg_dat":"source_exact","s_sg_gen":"source_exact","s_sg_nom":"source_exact","uncap_co":"reviewed_inference","uncap_s_pl_acc":"reviewed_inference","uncap_s_pl_dat":"reviewed_inference","uncap_s_pl_gen":"reviewed_inference","uncap_s_pl_nom":"reviewed_inference","uncap_s_sg_acc":"reviewed_inference","uncap_s_sg_dat":"reviewed_inference","uncap_s_sg_gen":"reviewed_inference","uncap_s_sg_nom":"reviewed_inference"}	yes	8ff934ab0d89aadd864f8076fbb2d5fd4f7a4165cde79cc50680a93fae9b06ce	537756d1f474dff804f2564fc787e3f6777d12b4b73dd31811dcf66f04d6bea4	"Schuldnerverzeichnis"	"Schuldnerverzeichnis"	"Schuldnerverzeichnis"	"Schuldnerverzeichnisses"	"Schuldnerverzeichnisse"	"Schuldnerverzeichnisse"	"Schuldnerverzeichnissen"	"Schuldnerverzeichnisse"	"neuter"	"Schuldnerverzeichnis"	"schuldnerverzeichnis"	"schuldnerverzeichnis"	"schuldnerverzeichnis"	"schuldnerverzeichnisses"	"schuldnerverzeichnisse"	"schuldnerverzeichnisse"	"schuldnerverzeichnissen"	"schuldnerverzeichnisse"	"schuldnerverzeichnis"	"bind"
wdn_000071_N	L759656	["L759656"]	["4e455a742ae16b949f7948bfd6892657ceac0819e6ba8aab83a7b8a0dab821ae"]	"4-3-3-System"	hyphenated	no	wdn_000071_p002	mkN_lemma_gender	P.mkN "4-3-3-System" P.neuter	1	partial	compatible_with_inference	provisional	sampled	none_recorded	["L759656$91D98984-DF15-4539-8ECE-47D71DA99295"]	{"s_sg_acc":["L759656-F4"],"s_sg_dat":["L759656-F3"],"s_sg_gen":["L759656-F2"],"s_sg_nom":["L759656-F1"]}	[]	{"co":"provisional_inference","csep":"reviewed_inference","gender":"source_exact","s_pl_acc":"provisional_inference","s_pl_dat":"provisional_inference","s_pl_gen":"provisional_inference","s_pl_nom":"provisional_inference","s_sg_acc":"source_exact","s_sg_dat":"source_exact","s_sg_gen":"source_exact","s_sg_nom":"source_exact","uncap_co":"reviewed_inference","uncap_s_pl_acc":"reviewed_inference","uncap_s_pl_dat":"reviewed_inference","uncap_s_pl_gen":"reviewed_inference","uncap_s_pl_nom":"reviewed_inference","uncap_s_sg_acc":"reviewed_inference","uncap_s_sg_dat":"reviewed_inference","uncap_s_sg_gen":"reviewed_inference","uncap_s_sg_nom":"reviewed_inference"}	yes	dc5f03c5fe978fb6cd1efb81744a7bd8f648c49dc5659fd63b3de23cac55347b	537756d1f474dff804f2564fc787e3f6777d12b4b73dd31811dcf66f04d6bea4	"4-3-3-System"	"4-3-3-System"	"4-3-3-System"	"4-3-3-Systems"	"4-3-3-Systemer"	"4-3-3-Systemer"	"4-3-3-Systemern"	"4-3-3-Systemer"	"neuter"	"4-3-3-System"	"4-3-3-System"	"4-3-3-System"	"4-3-3-System"	"4-3-3-Systems"	"4-3-3-Systemer"	"4-3-3-Systemer"	"4-3-3-Systemern"	"4-3-3-Systemer"	"4-3-3-System"	"hyphen"
wdn_000072_N	L761251	["L761251"]	["bf3b07cc96eb167fd1827c00d35a5f95bd61116e24f2dd1d9e6313a7d281c65c"]	"Weißwangengans"	regular_feminine	no	wdn_000072_p007	mkN_two	P.mkN "Weißwangengans" "Weißwangengänse" P.feminine	2	complete	exact_source_evidence	provisional	sampled	none_recorded	["L761251$96E1F8B1-1428-4AC6-8203-3FAB742BC341"]	{"s_pl_acc":["L761251-F8"],"s_pl_dat":["L761251-F6"],"s_pl_gen":["L761251-F4"],"s_pl_nom":["L761251-F2"],"s_sg_acc":["L761251-F7"],"s_sg_dat":["L761251-F5"],"s_sg_gen":["L761251-F3"],"s_sg_nom":["L761251-F1"]}	[]	{"co":"provisional_inference","csep":"provisional_inference","gender":"source_exact","s_pl_acc":"source_exact","s_pl_dat":"source_exact","s_pl_gen":"source_exact","s_pl_nom":"source_exact","s_sg_acc":"source_exact","s_sg_dat":"source_exact","s_sg_gen":"source_exact","s_sg_nom":"source_exact","uncap_co":"reviewed_inference","uncap_s_pl_acc":"reviewed_inference","uncap_s_pl_dat":"reviewed_inference","uncap_s_pl_gen":"reviewed_inference","uncap_s_pl_nom":"reviewed_inference","uncap_s_sg_acc":"reviewed_inference","uncap_s_sg_dat":"reviewed_inference","uncap_s_sg_gen":"reviewed_inference","uncap_s_sg_nom":"reviewed_inference"}	yes	d0e90070a7c8ade4fb70d68e210711d03d4cd3b1a9cadee1de1cbd7c5000ea43	537756d1f474dff804f2564fc787e3f6777d12b4b73dd31811dcf66f04d6bea4	"Weißwangengans"	"Weißwangengans"	"Weißwangengans"	"Weißwangengans"	"Weißwangengänse"	"Weißwangengänse"	"Weißwangengänsen"	"Weißwangengänse"	"feminine"	"Weißwangengans"	"weißwangengans"	"weißwangengans"	"weißwangengans"	"weißwangengans"	"weißwangengänse"	"weißwangengänse"	"weißwangengänsen"	"weißwangengänse"	"weißwangengans"	"bind"
wdn_000073_N	L761384	["L761384"]	["0773c25396462bb3480a536f4d69dba33f73007a330f504c21aa74de93477086"]	"Wechselguss"	regular_masculine	no	wdn_000073_p007	mkN_two	P.mkN "Wechselguss" "Wechselgüsse" P.masculine	2	complete	exact_source_evidence	provisional	sampled	none_recorded	["L761384$8C99744B-48E9-47BD-AF15-602CDF99AAE4"]	{"s_pl_acc":["L761384-F8"],"s_pl_dat":["L761384-F7"],"s_pl_gen":["L761384-F6"],"s_pl_nom":["L761384-F5"],"s_sg_acc":["L761384-F4"],"s_sg_dat":["L761384-F3"],"s_sg_gen":["L761384-F2"],"s_sg_nom":["L761384-F1"]}	[]	{"co":"provisional_inference","csep":"provisional_inference","gender":"source_exact","s_pl_acc":"source_exact","s_pl_dat":"source_exact","s_pl_gen":"source_exact","s_pl_nom":"source_exact","s_sg_acc":"source_exact","s_sg_dat":"source_exact","s_sg_gen":"source_exact","s_sg_nom":"source_exact","uncap_co":"reviewed_inference","uncap_s_pl_acc":"reviewed_inference","uncap_s_pl_dat":"reviewed_inference","uncap_s_pl_gen":"reviewed_inference","uncap_s_pl_nom":"reviewed_inference","uncap_s_sg_acc":"reviewed_inference","uncap_s_sg_dat":"reviewed_inference","uncap_s_sg_gen":"reviewed_inference","uncap_s_sg_nom":"reviewed_inference"}	yes	5f40f3a3f17149f825c1935a569c0527844ba42d8f905b77d173bab0116a1cb6	537756d1f474dff804f2564fc787e3f6777d12b4b73dd31811dcf66f04d6bea4	"Wechselguss"	"Wechselguss"	"Wechselguss"	"Wechselgusses"	"Wechselgüsse"	"Wechselgüsse"	"Wechselgüssen"	"Wechselgüsse"	"masculine"	"Wechselguss"	"wechselguss"	"wechselguss"	"wechselguss"	"wechselgusses"	"wechselgüsse"	"wechselgüsse"	"wechselgüssen"	"wechselgüsse"	"wechselguss"	"bind"
wdn_000077_N	L764130	["L764130"]	["560ca19eb37c2571fa1b6d00b3cc2665d5b00078b67ac99e0275ecc2bb90fb10"]	"Lappe"	irregular_full	no	wdn_000077_p002	mkN_lemma_gender	P.mkN "Lappe" P.masculine	1	complete	exact_source_evidence	provisional	sampled	none_recorded	["L764130$B4449F57-B5F2-4CC5-9590-1B64F6BFE7C3"]	{"s_pl_acc":["L764130-F8"],"s_pl_dat":["L764130-F6"],"s_pl_gen":["L764130-F4"],"s_pl_nom":["L764130-F2"],"s_sg_acc":["L764130-F7"],"s_sg_dat":["L764130-F5"],"s_sg_gen":["L764130-F3"],"s_sg_nom":["L764130-F1"]}	[]	{"co":"provisional_inference","csep":"provisional_inference","gender":"source_exact","s_pl_acc":"source_exact","s_pl_dat":"source_exact","s_pl_gen":"source_exact","s_pl_nom":"source_exact","s_sg_acc":"source_exact","s_sg_dat":"source_exact","s_sg_gen":"source_exact","s_sg_nom":"source_exact","uncap_co":"reviewed_inference","uncap_s_pl_acc":"reviewed_inference","uncap_s_pl_dat":"reviewed_inference","uncap_s_pl_gen":"reviewed_inference","uncap_s_pl_nom":"reviewed_inference","uncap_s_sg_acc":"reviewed_inference","uncap_s_sg_dat":"reviewed_inference","uncap_s_sg_gen":"reviewed_inference","uncap_s_sg_nom":"reviewed_inference"}	yes	5cde9d78087854cacc2e43baf3113648211e1691bd4d45bf313d1ed4f84315b4	537756d1f474dff804f2564fc787e3f6777d12b4b73dd31811dcf66f04d6bea4	"Lappe"	"Lappen"	"Lappen"	"Lappen"	"Lappen"	"Lappen"	"Lappen"	"Lappen"	"masculine"	"Lappen"	"lappe"	"lappen"	"lappen"	"lappen"	"lappen"	"lappen"	"lappen"	"lappen"	"lappen"	"bind"
wdn_000078_N	L764498	["L764498"]	["b685a60d999afcd6caa5e1739f47103aa8ae103827a2067b7262342440d00815"]	"PIN"	abbreviation	no	wdn_000078_p002	abbrevN+mkN_lemma_gender	P.abbrevN (P.mkN "PIN" P.feminine)	1	none	compatible_with_inference	provisional	sampled	none_recorded	["L764498$57E8AB89-267A-4372-8B67-A4612BA76961"]	{}	[]	{"co":"provisional_inference","csep":"reviewed_inference","gender":"source_exact","s_pl_acc":"provisional_inference","s_pl_dat":"provisional_inference","s_pl_gen":"provisional_inference","s_pl_nom":"provisional_inference","s_sg_acc":"provisional_inference","s_sg_dat":"provisional_inference","s_sg_gen":"provisional_inference","s_sg_nom":"provisional_inference","uncap_co":"reviewed_inference","uncap_s_pl_acc":"reviewed_inference","uncap_s_pl_dat":"reviewed_inference","uncap_s_pl_gen":"reviewed_inference","uncap_s_pl_nom":"reviewed_inference","uncap_s_sg_acc":"reviewed_inference","uncap_s_sg_dat":"reviewed_inference","uncap_s_sg_gen":"reviewed_inference","uncap_s_sg_nom":"reviewed_inference"}	yes	6a332bfb05cce30dcd262de0711af65a71710aca54ff0b9adace00c99ed19809	537756d1f474dff804f2564fc787e3f6777d12b4b73dd31811dcf66f04d6bea4	"PIN"	"PIN"	"PIN"	"PIN"	"PINen"	"PINen"	"PINen"	"PINen"	"feminine"	"PIN"	"PIN"	"PIN"	"PIN"	"PIN"	"PINen"	"PINen"	"PINen"	"PINen"	"PIN"	"hyphen"
wdn_000081_N	L766786	["L766786"]	["6d7ed17c66ea9f1964493f2732533e519a4aa01b6599f68a5c3d739fd0e4b6db"]	"Seifenkiste"	invariant	no	wdn_000081_p001	mkN_lemma	P.mkN "Seifenkiste"	1	complete	exact_source_evidence	provisional	sampled	none_recorded	["L766786$91B25155-E346-4D3D-BC48-B81EC6470131"]	{"s_pl_acc":["L766786-F8"],"s_pl_dat":["L766786-F6"],"s_pl_gen":["L766786-F4"],"s_pl_nom":["L766786-F2"],"s_sg_acc":["L766786-F7"],"s_sg_dat":["L766786-F5"],"s_sg_gen":["L766786-F3"],"s_sg_nom":["L766786-F1"]}	[]	{"co":"provisional_inference","csep":"provisional_inference","gender":"source_exact","s_pl_acc":"source_exact","s_pl_dat":"source_exact","s_pl_gen":"source_exact","s_pl_nom":"source_exact","s_sg_acc":"source_exact","s_sg_dat":"source_exact","s_sg_gen":"source_exact","s_sg_nom":"source_exact","uncap_co":"reviewed_inference","uncap_s_pl_acc":"reviewed_inference","uncap_s_pl_dat":"reviewed_inference","uncap_s_pl_gen":"reviewed_inference","uncap_s_pl_nom":"reviewed_inference","uncap_s_sg_acc":"reviewed_inference","uncap_s_sg_dat":"reviewed_inference","uncap_s_sg_gen":"reviewed_inference","uncap_s_sg_nom":"reviewed_inference"}	yes	cc7b745f6c4894e782efc4c8cb9edd6542062422811823ccf66864dec8aab0df	537756d1f474dff804f2564fc787e3f6777d12b4b73dd31811dcf66f04d6bea4	"Seifenkiste"	"Seifenkiste"	"Seifenkiste"	"Seifenkiste"	"Seifenkisten"	"Seifenkisten"	"Seifenkisten"	"Seifenkisten"	"feminine"	"Seifenkisten"	"seifenkiste"	"seifenkiste"	"seifenkiste"	"seifenkiste"	"seifenkisten"	"seifenkisten"	"seifenkisten"	"seifenkisten"	"seifenkisten"	"bind"
wdn_000082_N	L767196	["L767196"]	["57655bbd156c61221fdcbd6e9d1c46d2d2a3c8d4799a7d79bc85b2186ea0d8fc"]	"Aktinograph"	irregular_full	no	wdn_000082_p007	mkN_two	P.mkN "Aktinograph" "Aktinographen" P.masculine	2	complete	exact_source_evidence	provisional	sampled	none_recorded	["L767196$EA89E81F-9C42-4EC1-891A-295802400616"]	{"s_pl_acc":["L767196-F8"],"s_pl_dat":["L767196-F7"],"s_pl_gen":["L767196-F6"],"s_pl_nom":["L767196-F5"],"s_sg_acc":["L767196-F4"],"s_sg_dat":["L767196-F3"],"s_sg_gen":["L767196-F2"],"s_sg_nom":["L767196-F1"]}	[]	{"co":"provisional_inference","csep":"provisional_inference","gender":"source_exact","s_pl_acc":"source_exact","s_pl_dat":"source_exact","s_pl_gen":"source_exact","s_pl_nom":"source_exact","s_sg_acc":"source_exact","s_sg_dat":"source_exact","s_sg_gen":"source_exact","s_sg_nom":"source_exact","uncap_co":"reviewed_inference","uncap_s_pl_acc":"reviewed_inference","uncap_s_pl_dat":"reviewed_inference","uncap_s_pl_gen":"reviewed_inference","uncap_s_pl_nom":"reviewed_inference","uncap_s_sg_acc":"reviewed_inference","uncap_s_sg_dat":"reviewed_inference","uncap_s_sg_gen":"reviewed_inference","uncap_s_sg_nom":"reviewed_inference"}	yes	c68b698364c52b65cc5ab9909925bae3c0c96f5e7d6b76da2c19d5dfd8b9aae9	537756d1f474dff804f2564fc787e3f6777d12b4b73dd31811dcf66f04d6bea4	"Aktinograph"	"Aktinographen"	"Aktinographen"	"Aktinographen"	"Aktinographen"	"Aktinographen"	"Aktinographen"	"Aktinographen"	"masculine"	"Aktinograph"	"aktinograph"	"aktinographen"	"aktinographen"	"aktinographen"	"aktinographen"	"aktinographen"	"aktinographen"	"aktinographen"	"aktinograph"	"bind"
wdn_000083_N	L768509	["L768509"]	["0878f351fa09f997995424719243b23c701ba3a4032eb5b5bddb9f599a1d90db"]	"Osternacht"	regular_feminine	no	wdn_000083_p007	mkN_two	P.mkN "Osternacht" "Osternächte" P.feminine	2	complete	exact_source_evidence	provisional	sampled	none_recorded	["L768509$3CE7FB9F-A739-440C-84D9-8F6F45EC1286"]	{"s_pl_acc":["L768509-F8"],"s_pl_dat":["L768509-F6"],"s_pl_gen":["L768509-F4"],"s_pl_nom":["L768509-F2"],"s_sg_acc":["L768509-F7"],"s_sg_dat":["L768509-F5"],"s_sg_gen":["L768509-F3"],"s_sg_nom":["L768509-F1"]}	[]	{"co":"provisional_inference","csep":"provisional_inference","gender":"source_exact","s_pl_acc":"source_exact","s_pl_dat":"source_exact","s_pl_gen":"source_exact","s_pl_nom":"source_exact","s_sg_acc":"source_exact","s_sg_dat":"source_exact","s_sg_gen":"source_exact","s_sg_nom":"source_exact","uncap_co":"reviewed_inference","uncap_s_pl_acc":"reviewed_inference","uncap_s_pl_dat":"reviewed_inference","uncap_s_pl_gen":"reviewed_inference","uncap_s_pl_nom":"reviewed_inference","uncap_s_sg_acc":"reviewed_inference","uncap_s_sg_dat":"reviewed_inference","uncap_s_sg_gen":"reviewed_inference","uncap_s_sg_nom":"reviewed_inference"}	yes	76b24553c7c076118a3fd20b5d82dc9d84005f99133b3c790a747ee3b4f903c6	537756d1f474dff804f2564fc787e3f6777d12b4b73dd31811dcf66f04d6bea4	"Osternacht"	"Osternacht"	"Osternacht"	"Osternacht"	"Osternächte"	"Osternächte"	"Osternächten"	"Osternächte"	"feminine"	"Osternacht"	"osternacht"	"osternacht"	"osternacht"	"osternacht"	"osternächte"	"osternächte"	"osternächten"	"osternächte"	"osternacht"	"bind"
wdn_000086_N	L769465	["L769465"]	["8aa6a124bbbb886ed8b5ff4f15e216b6c886d5d816f2a3680d2a6d7aa930338c"]	"Nachdruckerlaubnis"	regular_feminine	no	wdn_000086_p007	mkN_two	P.mkN "Nachdruckerlaubnis" "Nachdruckerlaubnisse" P.feminine	2	complete	exact_source_evidence	provisional	sampled	none_recorded	["L769465$AE005C6A-7426-416C-80B7-C91DD1C0440C"]	{"s_pl_acc":["L769465-F8"],"s_pl_dat":["L769465-F7"],"s_pl_gen":["L769465-F6"],"s_pl_nom":["L769465-F5"],"s_sg_acc":["L769465-F4"],"s_sg_dat":["L769465-F3"],"s_sg_gen":["L769465-F2"],"s_sg_nom":["L769465-F1"]}	[]	{"co":"provisional_inference","csep":"provisional_inference","gender":"source_exact","s_pl_acc":"source_exact","s_pl_dat":"source_exact","s_pl_gen":"source_exact","s_pl_nom":"source_exact","s_sg_acc":"source_exact","s_sg_dat":"source_exact","s_sg_gen":"source_exact","s_sg_nom":"source_exact","uncap_co":"reviewed_inference","uncap_s_pl_acc":"reviewed_inference","uncap_s_pl_dat":"reviewed_inference","uncap_s_pl_gen":"reviewed_inference","uncap_s_pl_nom":"reviewed_inference","uncap_s_sg_acc":"reviewed_inference","uncap_s_sg_dat":"reviewed_inference","uncap_s_sg_gen":"reviewed_inference","uncap_s_sg_nom":"reviewed_inference"}	yes	0a2c9de2b32a4a0e7b34a8212ad2608ea6e673ae7c92df7c068e901a85687633	537756d1f474dff804f2564fc787e3f6777d12b4b73dd31811dcf66f04d6bea4	"Nachdruckerlaubnis"	"Nachdruckerlaubnis"	"Nachdruckerlaubnis"	"Nachdruckerlaubnis"	"Nachdruckerlaubnisse"	"Nachdruckerlaubnisse"	"Nachdruckerlaubnissen"	"Nachdruckerlaubnisse"	"feminine"	"Nachdruckerlaubnis"	"nachdruckerlaubnis"	"nachdruckerlaubnis"	"nachdruckerlaubnis"	"nachdruckerlaubnis"	"nachdruckerlaubnisse"	"nachdruckerlaubnisse"	"nachdruckerlaubnissen"	"nachdruckerlaubnisse"	"nachdruckerlaubnis"	"bind"
wdn_000087_N	L773081	["L773081"]	["6cdfe97d25cec4819b87c747edc854774a9d2a087ad79f97bb57854d539e039b"]	"Eiswand"	regular_feminine	no	wdn_000087_p007	mkN_two	P.mkN "Eiswand" "Eiswände" P.feminine	2	complete	exact_source_evidence	provisional	sampled	none_recorded	["L773081$56317221-FBEC-40B0-8D6C-419D61482B55"]	{"s_pl_acc":["L773081-F8"],"s_pl_dat":["L773081-F7"],"s_pl_gen":["L773081-F6"],"s_pl_nom":["L773081-F5"],"s_sg_acc":["L773081-F4"],"s_sg_dat":["L773081-F3"],"s_sg_gen":["L773081-F2"],"s_sg_nom":["L773081-F1"]}	[]	{"co":"provisional_inference","csep":"provisional_inference","gender":"source_exact","s_pl_acc":"source_exact","s_pl_dat":"source_exact","s_pl_gen":"source_exact","s_pl_nom":"source_exact","s_sg_acc":"source_exact","s_sg_dat":"source_exact","s_sg_gen":"source_exact","s_sg_nom":"source_exact","uncap_co":"reviewed_inference","uncap_s_pl_acc":"reviewed_inference","uncap_s_pl_dat":"reviewed_inference","uncap_s_pl_gen":"reviewed_inference","uncap_s_pl_nom":"reviewed_inference","uncap_s_sg_acc":"reviewed_inference","uncap_s_sg_dat":"reviewed_inference","uncap_s_sg_gen":"reviewed_inference","uncap_s_sg_nom":"reviewed_inference"}	yes	687bd94d3e78ab3e45821fa8afbbc5b153b2ecaab2ae3f90c56d4ca919c7a970	537756d1f474dff804f2564fc787e3f6777d12b4b73dd31811dcf66f04d6bea4	"Eiswand"	"Eiswand"	"Eiswand"	"Eiswand"	"Eiswände"	"Eiswände"	"Eiswänden"	"Eiswände"	"feminine"	"Eiswand"	"eiswand"	"eiswand"	"eiswand"	"eiswand"	"eiswände"	"eiswände"	"eiswänden"	"eiswände"	"eiswand"	"bind"
wdn_000088_N	L773173	["L773173"]	["1744aa18d8bb07f238e8d171feb91e914c20305694593f8c2d441aa430477157"]	"Jägerschnitzel"	regular_neuter	no	wdn_000088_p002	mkN_lemma_gender	P.mkN "Jägerschnitzel" P.neuter	1	complete	exact_source_evidence	provisional	sampled	none_recorded	["L773173$D9443DD5-9F71-41DD-ABC8-58E3CF55B41C"]	{"s_pl_acc":["L773173-F8"],"s_pl_dat":["L773173-F6"],"s_pl_gen":["L773173-F4"],"s_pl_nom":["L773173-F2"],"s_sg_acc":["L773173-F7"],"s_sg_dat":["L773173-F5"],"s_sg_gen":["L773173-F3"],"s_sg_nom":["L773173-F1"]}	[]	{"co":"provisional_inference","csep":"provisional_inference","gender":"source_exact","s_pl_acc":"source_exact","s_pl_dat":"source_exact","s_pl_gen":"source_exact","s_pl_nom":"source_exact","s_sg_acc":"source_exact","s_sg_dat":"source_exact","s_sg_gen":"source_exact","s_sg_nom":"source_exact","uncap_co":"reviewed_inference","uncap_s_pl_acc":"reviewed_inference","uncap_s_pl_dat":"reviewed_inference","uncap_s_pl_gen":"reviewed_inference","uncap_s_pl_nom":"reviewed_inference","uncap_s_sg_acc":"reviewed_inference","uncap_s_sg_dat":"reviewed_inference","uncap_s_sg_gen":"reviewed_inference","uncap_s_sg_nom":"reviewed_inference"}	yes	d3ec83f6517cf296bbcfc0123fc47b962bcf2cbcd690a15db10e8065c6c08230	537756d1f474dff804f2564fc787e3f6777d12b4b73dd31811dcf66f04d6bea4	"Jägerschnitzel"	"Jägerschnitzel"	"Jägerschnitzel"	"Jägerschnitzels"	"Jägerschnitzel"	"Jägerschnitzel"	"Jägerschnitzeln"	"Jägerschnitzel"	"neuter"	"Jägerschnitzel"	"jägerschnitzel"	"jägerschnitzel"	"jägerschnitzel"	"jägerschnitzels"	"jägerschnitzel"	"jägerschnitzel"	"jägerschnitzeln"	"jägerschnitzel"	"jägerschnitzel"	"bind"
wdn_000090_N	L773727	["L773727"]	["17f03504a79c6701f7a099a0708f69faf092f15d50d84df7647c7f0e5d87c664"]	"Finanzjahr"	regular_neuter	no	wdn_000090_p007	mkN_two	P.mkN "Finanzjahr" "Finanzjahre" P.neuter	2	complete	exact_source_evidence	provisional	sampled	none_recorded	["L773727$FFA95220-CE37-4E0D-9545-CA1395F109F2"]	{"s_pl_acc":["L773727-F8"],"s_pl_dat":["L773727-F6"],"s_pl_gen":["L773727-F4"],"s_pl_nom":["L773727-F2"],"s_sg_acc":["L773727-F7"],"s_sg_dat":["L773727-F5"],"s_sg_gen":["L773727-F3"],"s_sg_nom":["L773727-F1"]}	[]	{"co":"provisional_inference","csep":"provisional_inference","gender":"source_exact","s_pl_acc":"source_exact","s_pl_dat":"source_exact","s_pl_gen":"source_exact","s_pl_nom":"source_exact","s_sg_acc":"source_exact","s_sg_dat":"source_exact","s_sg_gen":"source_exact","s_sg_nom":"source_exact","uncap_co":"reviewed_inference","uncap_s_pl_acc":"reviewed_inference","uncap_s_pl_dat":"reviewed_inference","uncap_s_pl_gen":"reviewed_inference","uncap_s_pl_nom":"reviewed_inference","uncap_s_sg_acc":"reviewed_inference","uncap_s_sg_dat":"reviewed_inference","uncap_s_sg_gen":"reviewed_inference","uncap_s_sg_nom":"reviewed_inference"}	yes	6a42887e3e7a61d4327e440a0567ba632b767274c65c13c53aa86a71e7794794	537756d1f474dff804f2564fc787e3f6777d12b4b73dd31811dcf66f04d6bea4	"Finanzjahr"	"Finanzjahr"	"Finanzjahr"	"Finanzjahres"	"Finanzjahre"	"Finanzjahre"	"Finanzjahren"	"Finanzjahre"	"neuter"	"Finanzjahr"	"finanzjahr"	"finanzjahr"	"finanzjahr"	"finanzjahres"	"finanzjahre"	"finanzjahre"	"finanzjahren"	"finanzjahre"	"finanzjahr"	"bind"
wdn_000092_N	L774638	["L774638"]	["a24893759895a286ff04388efccbfe09b4d5d568a003c44cb4e19455fa6ab56e"]	"Immobilientochter"	regular_feminine	no	wdn_000092_p007	mkN_two	P.mkN "Immobilientochter" "Immobilientöchter" P.feminine	2	complete	exact_source_evidence	provisional	sampled	none_recorded	["L774638$6DBB78FF-B8B1-4298-AE68-C1A8CCD5EB9D"]	{"s_pl_acc":["L774638-F8"],"s_pl_dat":["L774638-F7"],"s_pl_gen":["L774638-F6"],"s_pl_nom":["L774638-F5"],"s_sg_acc":["L774638-F4"],"s_sg_dat":["L774638-F3"],"s_sg_gen":["L774638-F2"],"s_sg_nom":["L774638-F1"]}	[]	{"co":"provisional_inference","csep":"provisional_inference","gender":"source_exact","s_pl_acc":"source_exact","s_pl_dat":"source_exact","s_pl_gen":"source_exact","s_pl_nom":"source_exact","s_sg_acc":"source_exact","s_sg_dat":"source_exact","s_sg_gen":"source_exact","s_sg_nom":"source_exact","uncap_co":"reviewed_inference","uncap_s_pl_acc":"reviewed_inference","uncap_s_pl_dat":"reviewed_inference","uncap_s_pl_gen":"reviewed_inference","uncap_s_pl_nom":"reviewed_inference","uncap_s_sg_acc":"reviewed_inference","uncap_s_sg_dat":"reviewed_inference","uncap_s_sg_gen":"reviewed_inference","uncap_s_sg_nom":"reviewed_inference"}	yes	a61324c97826af35a5006a310f5dd7149e8621a70b4a9d07489ec196eb4e9248	537756d1f474dff804f2564fc787e3f6777d12b4b73dd31811dcf66f04d6bea4	"Immobilientochter"	"Immobilientochter"	"Immobilientochter"	"Immobilientochter"	"Immobilientöchter"	"Immobilientöchter"	"Immobilientöchtern"	"Immobilientöchter"	"feminine"	"Immobilientochter"	"immobilientochter"	"immobilientochter"	"immobilientochter"	"immobilientochter"	"immobilientöchter"	"immobilientöchter"	"immobilientöchtern"	"immobilientöchter"	"immobilientochter"	"bind"
wdn_000094_N	L775130	["L775130"]	["a8169ec94dcf4bcd61df3f646f313db4e6321b7d10e29d2ffdc5fd25f7e1ca77"]	"Torschützenkönig"	regular_masculine	no	wdn_000094_p001	mkN_lemma	P.mkN "Torschützenkönig"	1	complete	exact_source_evidence	provisional	sampled	none_recorded	["L775130$ED4C4EC4-6E21-496D-A159-8B4111BF8718"]	{"s_pl_acc":["L775130-F8"],"s_pl_dat":["L775130-F6"],"s_pl_gen":["L775130-F4"],"s_pl_nom":["L775130-F2"],"s_sg_acc":["L775130-F7"],"s_sg_dat":["L775130-F5"],"s_sg_gen":["L775130-F3"],"s_sg_nom":["L775130-F1"]}	[]	{"co":"provisional_inference","csep":"provisional_inference","gender":"source_exact","s_pl_acc":"source_exact","s_pl_dat":"source_exact","s_pl_gen":"source_exact","s_pl_nom":"source_exact","s_sg_acc":"source_exact","s_sg_dat":"source_exact","s_sg_gen":"source_exact","s_sg_nom":"source_exact","uncap_co":"reviewed_inference","uncap_s_pl_acc":"reviewed_inference","uncap_s_pl_dat":"reviewed_inference","uncap_s_pl_gen":"reviewed_inference","uncap_s_pl_nom":"reviewed_inference","uncap_s_sg_acc":"reviewed_inference","uncap_s_sg_dat":"reviewed_inference","uncap_s_sg_gen":"reviewed_inference","uncap_s_sg_nom":"reviewed_inference"}	yes	cd6a9f9a203253f59cf0f88d254e8a6ff46d8225a45835aa6947dd4e1b129906	537756d1f474dff804f2564fc787e3f6777d12b4b73dd31811dcf66f04d6bea4	"Torschützenkönig"	"Torschützenkönig"	"Torschützenkönig"	"Torschützenkönigs"	"Torschützenkönige"	"Torschützenkönige"	"Torschützenkönigen"	"Torschützenkönige"	"masculine"	"Torschützenkönig"	"torschützenkönig"	"torschützenkönig"	"torschützenkönig"	"torschützenkönigs"	"torschützenkönige"	"torschützenkönige"	"torschützenkönigen"	"torschützenkönige"	"torschützenkönig"	"bind"
wdn_000096_N	L775568	["L775568"]	["ebfb5446330d55311f4302b3485c85d990cca5dc4ef8d5ce93d49d1343f4e359"]	"Vernichtungskrieg"	regular_masculine	no	wdn_000096_p001	mkN_lemma	P.mkN "Vernichtungskrieg"	1	complete	exact_source_evidence	provisional	sampled	none_recorded	["L775568$586DF8D9-4CD2-4503-B58D-46AD2C0033C7"]	{"s_pl_acc":["L775568-F8"],"s_pl_dat":["L775568-F6"],"s_pl_gen":["L775568-F4"],"s_pl_nom":["L775568-F2"],"s_sg_acc":["L775568-F7"],"s_sg_dat":["L775568-F5"],"s_sg_gen":["L775568-F3"],"s_sg_nom":["L775568-F1"]}	[]	{"co":"provisional_inference","csep":"provisional_inference","gender":"source_exact","s_pl_acc":"source_exact","s_pl_dat":"source_exact","s_pl_gen":"source_exact","s_pl_nom":"source_exact","s_sg_acc":"source_exact","s_sg_dat":"source_exact","s_sg_gen":"source_exact","s_sg_nom":"source_exact","uncap_co":"reviewed_inference","uncap_s_pl_acc":"reviewed_inference","uncap_s_pl_dat":"reviewed_inference","uncap_s_pl_gen":"reviewed_inference","uncap_s_pl_nom":"reviewed_inference","uncap_s_sg_acc":"reviewed_inference","uncap_s_sg_dat":"reviewed_inference","uncap_s_sg_gen":"reviewed_inference","uncap_s_sg_nom":"reviewed_inference"}	yes	5ce972cff8ac956044705dfed57dc1191c248de529ec9e62bed5cb9bb3fbde3e	537756d1f474dff804f2564fc787e3f6777d12b4b73dd31811dcf66f04d6bea4	"Vernichtungskrieg"	"Vernichtungskrieg"	"Vernichtungskrieg"	"Vernichtungskriegs"	"Vernichtungskriege"	"Vernichtungskriege"	"Vernichtungskriegen"	"Vernichtungskriege"	"masculine"	"Vernichtungskrieg"	"vernichtungskrieg"	"vernichtungskrieg"	"vernichtungskrieg"	"vernichtungskriegs"	"vernichtungskriege"	"vernichtungskriege"	"vernichtungskriegen"	"vernichtungskriege"	"vernichtungskrieg"	"bind"
wdn_000098_N	L775871	["L775871"]	["bf956e272a5bc1269b52f5a5663e7ad3ec92c565d34b9853766edac070891640"]	"Saibling"	regular_masculine	no	wdn_000098_p001	mkN_lemma	P.mkN "Saibling"	1	complete	exact_source_evidence	provisional	sampled	none_recorded	["L775871$90018394-7E2B-4438-BF3F-FC94CB6A337A"]	{"s_pl_acc":["L775871-F8"],"s_pl_dat":["L775871-F6"],"s_pl_gen":["L775871-F4"],"s_pl_nom":["L775871-F2"],"s_sg_acc":["L775871-F7"],"s_sg_dat":["L775871-F5"],"s_sg_gen":["L775871-F3"],"s_sg_nom":["L775871-F1"]}	[]	{"co":"provisional_inference","csep":"provisional_inference","gender":"source_exact","s_pl_acc":"source_exact","s_pl_dat":"source_exact","s_pl_gen":"source_exact","s_pl_nom":"source_exact","s_sg_acc":"source_exact","s_sg_dat":"source_exact","s_sg_gen":"source_exact","s_sg_nom":"source_exact","uncap_co":"reviewed_inference","uncap_s_pl_acc":"reviewed_inference","uncap_s_pl_dat":"reviewed_inference","uncap_s_pl_gen":"reviewed_inference","uncap_s_pl_nom":"reviewed_inference","uncap_s_sg_acc":"reviewed_inference","uncap_s_sg_dat":"reviewed_inference","uncap_s_sg_gen":"reviewed_inference","uncap_s_sg_nom":"reviewed_inference"}	yes	1d03b84ff7caf6ccd8d6a6e884fff40cd9b8bb29ff870fba44860152656bc2a6	537756d1f474dff804f2564fc787e3f6777d12b4b73dd31811dcf66f04d6bea4	"Saibling"	"Saibling"	"Saibling"	"Saiblings"	"Saiblinge"	"Saiblinge"	"Saiblingen"	"Saiblinge"	"masculine"	"Saibling"	"saibling"	"saibling"	"saibling"	"saiblings"	"saiblinge"	"saiblinge"	"saiblingen"	"saiblinge"	"saibling"	"bind"
wdn_000099_N	L776171	["L776171"]	["f3611bb42fbc1e0c1e15810c74cac8b4be497fde7806fadcfb9d74a0f268abfa"]	"Branchenriese"	irregular_full	no	wdn_000099_p002	mkN_lemma_gender	P.mkN "Branchenriese" P.masculine	1	complete	exact_source_evidence	provisional	sampled	none_recorded	["L776171$B7D58F47-38DD-4557-8866-20329A4ACDEC"]	{"s_pl_acc":["L776171-F8"],"s_pl_dat":["L776171-F7"],"s_pl_gen":["L776171-F6"],"s_pl_nom":["L776171-F5"],"s_sg_acc":["L776171-F4"],"s_sg_dat":["L776171-F3"],"s_sg_gen":["L776171-F2"],"s_sg_nom":["L776171-F1"]}	[]	{"co":"provisional_inference","csep":"provisional_inference","gender":"source_exact","s_pl_acc":"source_exact","s_pl_dat":"source_exact","s_pl_gen":"source_exact","s_pl_nom":"source_exact","s_sg_acc":"source_exact","s_sg_dat":"source_exact","s_sg_gen":"source_exact","s_sg_nom":"source_exact","uncap_co":"reviewed_inference","uncap_s_pl_acc":"reviewed_inference","uncap_s_pl_dat":"reviewed_inference","uncap_s_pl_gen":"reviewed_inference","uncap_s_pl_nom":"reviewed_inference","uncap_s_sg_acc":"reviewed_inference","uncap_s_sg_dat":"reviewed_inference","uncap_s_sg_gen":"reviewed_inference","uncap_s_sg_nom":"reviewed_inference"}	yes	d5af82ebb81e0ca4ad6c2159af9565376fad038be03af778fa1eefb05d09c6f1	537756d1f474dff804f2564fc787e3f6777d12b4b73dd31811dcf66f04d6bea4	"Branchenriese"	"Branchenriesen"	"Branchenriesen"	"Branchenriesen"	"Branchenriesen"	"Branchenriesen"	"Branchenriesen"	"Branchenriesen"	"masculine"	"Branchenriesen"	"branchenriese"	"branchenriesen"	"branchenriesen"	"branchenriesen"	"branchenriesen"	"branchenriesen"	"branchenriesen"	"branchenriesen"	"branchenriesen"	"bind"
wdn_000100_N	L777293	["L777293"]	["824caf8f0d35ea871f3f9c1445bcb5c2cbf81c2232e94fcf291691eb3912bdbb"]	"Insider-Handel"	hyphenated	no	wdn_000100_p001	mkN_lemma	P.mkN "Insider-Handel"	1	partial	compatible_with_inference	provisional	sampled	none_recorded	["L777293$220384B6-68E5-4CB0-B09C-D53CACF45F6B"]	{"s_sg_acc":["L777293-F4"],"s_sg_dat":["L777293-F3"],"s_sg_gen":["L777293-F2"],"s_sg_nom":["L777293-F1"]}	[]	{"co":"provisional_inference","csep":"reviewed_inference","gender":"source_exact","s_pl_acc":"provisional_inference","s_pl_dat":"provisional_inference","s_pl_gen":"provisional_inference","s_pl_nom":"provisional_inference","s_sg_acc":"source_exact","s_sg_dat":"source_exact","s_sg_gen":"source_exact","s_sg_nom":"source_exact","uncap_co":"reviewed_inference","uncap_s_pl_acc":"reviewed_inference","uncap_s_pl_dat":"reviewed_inference","uncap_s_pl_gen":"reviewed_inference","uncap_s_pl_nom":"reviewed_inference","uncap_s_sg_acc":"reviewed_inference","uncap_s_sg_dat":"reviewed_inference","uncap_s_sg_gen":"reviewed_inference","uncap_s_sg_nom":"reviewed_inference"}	yes	22179a267ba4227dbfea97d2e7fc8d8f1aa726ad0dc95f0ffaa9f8a8457ddcd6	537756d1f474dff804f2564fc787e3f6777d12b4b73dd31811dcf66f04d6bea4	"Insider-Handel"	"Insider-Handel"	"Insider-Handel"	"Insider-Handels"	"Insider-Handel"	"Insider-Handel"	"Insider-Handeln"	"Insider-Handel"	"masculine"	"Insider-Handel"	"Insider-Handel"	"Insider-Handel"	"Insider-Handel"	"Insider-Handels"	"Insider-Handel"	"Insider-Handel"	"Insider-Handeln"	"Insider-Handel"	"Insider-Handel"	"hyphen"
wdn_000101_N	L777539	["L777539"]	["9c16263d1a7b6e05e1ba122d299a20303a73a6e8a62926ed654185243bdd7b44"]	"TV-Kanal"	hyphenated	no	wdn_000101_p007	mkN_two	P.mkN "TV-Kanal" "TV-Kanäle" P.masculine	2	complete	exact_source_evidence	provisional	sampled	none_recorded	["L777539$13124D5D-1330-4F7E-B6E1-5F821F047AAA"]	{"s_pl_acc":["L777539-F8"],"s_pl_dat":["L777539-F7"],"s_pl_gen":["L777539-F6"],"s_pl_nom":["L777539-F5"],"s_sg_acc":["L777539-F4"],"s_sg_dat":["L777539-F3"],"s_sg_gen":["L777539-F2"],"s_sg_nom":["L777539-F1"]}	[]	{"co":"provisional_inference","csep":"reviewed_inference","gender":"source_exact","s_pl_acc":"source_exact","s_pl_dat":"source_exact","s_pl_gen":"source_exact","s_pl_nom":"source_exact","s_sg_acc":"source_exact","s_sg_dat":"source_exact","s_sg_gen":"source_exact","s_sg_nom":"source_exact","uncap_co":"reviewed_inference","uncap_s_pl_acc":"reviewed_inference","uncap_s_pl_dat":"reviewed_inference","uncap_s_pl_gen":"reviewed_inference","uncap_s_pl_nom":"reviewed_inference","uncap_s_sg_acc":"reviewed_inference","uncap_s_sg_dat":"reviewed_inference","uncap_s_sg_gen":"reviewed_inference","uncap_s_sg_nom":"reviewed_inference"}	yes	dd3727953d803cbff3532abd654c90f625f2128cd8a10e2d2a973c542ae5a999	537756d1f474dff804f2564fc787e3f6777d12b4b73dd31811dcf66f04d6bea4	"TV-Kanal"	"TV-Kanal"	"TV-Kanal"	"TV-Kanals"	"TV-Kanäle"	"TV-Kanäle"	"TV-Kanälen"	"TV-Kanäle"	"masculine"	"TV-Kanal"	"TV-Kanal"	"TV-Kanal"	"TV-Kanal"	"TV-Kanals"	"TV-Kanäle"	"TV-Kanäle"	"TV-Kanälen"	"TV-Kanäle"	"TV-Kanal"	"hyphen"
wdn_000104_N	L778629	["L778629"]	["fa71e8cfee7b428a5bb832d67335bc836ed89df3d2107c7645949c12333e626d"]	"Lebensversicherungsunternehmen"	invariant_plural	no	wdn_000104_p002	mkN_lemma_gender	P.mkN "Lebensversicherungsunternehmen" P.neuter	1	complete	exact_source_evidence	provisional	sampled	explicit_compound_analysis	["L778629$9472f786-4aa5-0af2-0b7c-0ee146d72365","L778629$BD33F08E-E867-4788-9145-836C44040F5A","L778629$a3b4f54b-43c5-4da1-84d3-8f1f47b08a8a"]	{"s_pl_acc":["L778629-F8"],"s_pl_dat":["L778629-F7"],"s_pl_gen":["L778629-F6"],"s_pl_nom":["L778629-F5"],"s_sg_acc":["L778629-F4"],"s_sg_dat":["L778629-F3"],"s_sg_gen":["L778629-F2"],"s_sg_nom":["L778629-F1"]}	[]	{"co":"provisional_inference","csep":"provisional_inference","gender":"source_exact","s_pl_acc":"source_exact","s_pl_dat":"source_exact","s_pl_gen":"source_exact","s_pl_nom":"source_exact","s_sg_acc":"source_exact","s_sg_dat":"source_exact","s_sg_gen":"source_exact","s_sg_nom":"source_exact","uncap_co":"reviewed_inference","uncap_s_pl_acc":"reviewed_inference","uncap_s_pl_dat":"reviewed_inference","uncap_s_pl_gen":"reviewed_inference","uncap_s_pl_nom":"reviewed_inference","uncap_s_sg_acc":"reviewed_inference","uncap_s_sg_dat":"reviewed_inference","uncap_s_sg_gen":"reviewed_inference","uncap_s_sg_nom":"reviewed_inference"}	yes	fd39d3f1d4e4a17ccf709229366ca5ff7febc7ed558cfa1ce4a8e4b133986333	537756d1f474dff804f2564fc787e3f6777d12b4b73dd31811dcf66f04d6bea4	"Lebensversicherungsunternehmen"	"Lebensversicherungsunternehmen"	"Lebensversicherungsunternehmen"	"Lebensversicherungsunternehmens"	"Lebensversicherungsunternehmen"	"Lebensversicherungsunternehmen"	"Lebensversicherungsunternehmen"	"Lebensversicherungsunternehmen"	"neuter"	"Lebensversicherungsunternehmen"	"lebensversicherungsunternehmen"	"lebensversicherungsunternehmen"	"lebensversicherungsunternehmen"	"lebensversicherungsunternehmens"	"lebensversicherungsunternehmen"	"lebensversicherungsunternehmen"	"lebensversicherungsunternehmen"	"lebensversicherungsunternehmen"	"lebensversicherungsunternehmen"	"bind"
wdn_000105_N	L778810	["L778810"]	["7154c6b01eb2ecca7b9234881d538fe1d9b5edaa9cefcf076d71c4ca3bd2bc7b"]	"Schätzverfahren"	invariant_plural	no	wdn_000105_p002	mkN_lemma_gender	P.mkN "Schätzverfahren" P.neuter	1	complete	exact_source_evidence	provisional	sampled	none_recorded	["L778810$888889B2-0216-4E5B-B43F-9D4B103018ED"]	{"s_pl_acc":["L778810-F8"],"s_pl_dat":["L778810-F7"],"s_pl_gen":["L778810-F6"],"s_pl_nom":["L778810-F5"],"s_sg_acc":["L778810-F4"],"s_sg_dat":["L778810-F3"],"s_sg_gen":["L778810-F2"],"s_sg_nom":["L778810-F1"]}	[]	{"co":"provisional_inference","csep":"provisional_inference","gender":"source_exact","s_pl_acc":"source_exact","s_pl_dat":"source_exact","s_pl_gen":"source_exact","s_pl_nom":"source_exact","s_sg_acc":"source_exact","s_sg_dat":"source_exact","s_sg_gen":"source_exact","s_sg_nom":"source_exact","uncap_co":"reviewed_inference","uncap_s_pl_acc":"reviewed_inference","uncap_s_pl_dat":"reviewed_inference","uncap_s_pl_gen":"reviewed_inference","uncap_s_pl_nom":"reviewed_inference","uncap_s_sg_acc":"reviewed_inference","uncap_s_sg_dat":"reviewed_inference","uncap_s_sg_gen":"reviewed_inference","uncap_s_sg_nom":"reviewed_inference"}	yes	a0cfc6dcfe1fe5f0fd154e2f5302d572ee2d7430d6071080d0709b7c54a1d19b	537756d1f474dff804f2564fc787e3f6777d12b4b73dd31811dcf66f04d6bea4	"Schätzverfahren"	"Schätzverfahren"	"Schätzverfahren"	"Schätzverfahrens"	"Schätzverfahren"	"Schätzverfahren"	"Schätzverfahren"	"Schätzverfahren"	"neuter"	"Schätzverfahren"	"schätzverfahren"	"schätzverfahren"	"schätzverfahren"	"schätzverfahrens"	"schätzverfahren"	"schätzverfahren"	"schätzverfahren"	"schätzverfahren"	"schätzverfahren"	"bind"
wdn_000106_N	L778941	["L778941"]	["7fee0ed78ceb6119e2f505c40f1f59bd807fdb20dd0f0f2af127a753ab30321f"]	"Lebenssinn"	regular_masculine	no	wdn_000106_p001	mkN_lemma	P.mkN "Lebenssinn"	1	complete	exact_source_evidence	provisional	sampled	none_recorded	["L778941$38D36152-4FAE-434E-8AD1-AF674AE2862E"]	{"s_pl_acc":["L778941-F8"],"s_pl_dat":["L778941-F6"],"s_pl_gen":["L778941-F4"],"s_pl_nom":["L778941-F2"],"s_sg_acc":["L778941-F7"],"s_sg_dat":["L778941-F5"],"s_sg_gen":["L778941-F3"],"s_sg_nom":["L778941-F1"]}	[]	{"co":"provisional_inference","csep":"provisional_inference","gender":"source_exact","s_pl_acc":"source_exact","s_pl_dat":"source_exact","s_pl_gen":"source_exact","s_pl_nom":"source_exact","s_sg_acc":"source_exact","s_sg_dat":"source_exact","s_sg_gen":"source_exact","s_sg_nom":"source_exact","uncap_co":"reviewed_inference","uncap_s_pl_acc":"reviewed_inference","uncap_s_pl_dat":"reviewed_inference","uncap_s_pl_gen":"reviewed_inference","uncap_s_pl_nom":"reviewed_inference","uncap_s_sg_acc":"reviewed_inference","uncap_s_sg_dat":"reviewed_inference","uncap_s_sg_gen":"reviewed_inference","uncap_s_sg_nom":"reviewed_inference"}	yes	6afc1afdd9369d5170d43ee37926a38a65dca5bcdd4318d39854e0db25f3026e	537756d1f474dff804f2564fc787e3f6777d12b4b73dd31811dcf66f04d6bea4	"Lebenssinn"	"Lebenssinn"	"Lebenssinn"	"Lebenssinnes"	"Lebenssinne"	"Lebenssinne"	"Lebenssinnen"	"Lebenssinne"	"masculine"	"Lebenssinn"	"lebenssinn"	"lebenssinn"	"lebenssinn"	"lebenssinnes"	"lebenssinne"	"lebenssinne"	"lebenssinnen"	"lebenssinne"	"lebenssinn"	"bind"
wdn_000107_N	L778972	["L778972"]	["84d516e88d0525ee7302b0902adedb7f428fa373852b31898d85af3b4788ed23"]	"Wiederlesen"	partial_evidence	no	wdn_000107_p002	mkN_lemma_gender	P.mkN "Wiederlesen" P.neuter	1	partial	compatible_with_inference	provisional	sampled	none_recorded	["L778972$198C5841-8C2C-47AE-A0FB-5B8D7D44417C"]	{"s_sg_acc":["L778972-F4"],"s_sg_dat":["L778972-F3"],"s_sg_gen":["L778972-F2"],"s_sg_nom":["L778972-F1"]}	[]	{"co":"provisional_inference","csep":"provisional_inference","gender":"source_exact","s_pl_acc":"provisional_inference","s_pl_dat":"provisional_inference","s_pl_gen":"provisional_inference","s_pl_nom":"provisional_inference","s_sg_acc":"source_exact","s_sg_dat":"source_exact","s_sg_gen":"source_exact","s_sg_nom":"source_exact","uncap_co":"reviewed_inference","uncap_s_pl_acc":"reviewed_inference","uncap_s_pl_dat":"reviewed_inference","uncap_s_pl_gen":"reviewed_inference","uncap_s_pl_nom":"reviewed_inference","uncap_s_sg_acc":"reviewed_inference","uncap_s_sg_dat":"reviewed_inference","uncap_s_sg_gen":"reviewed_inference","uncap_s_sg_nom":"reviewed_inference"}	yes	8bb3f96911e0f2de8e2180f46a74b31729151c985eee33fe60d999a41bd7607d	537756d1f474dff804f2564fc787e3f6777d12b4b73dd31811dcf66f04d6bea4	"Wiederlesen"	"Wiederlesen"	"Wiederlesen"	"Wiederlesens"	"Wiederlesen"	"Wiederlesen"	"Wiederlesen"	"Wiederlesen"	"neuter"	"Wiederlesen"	"wiederlesen"	"wiederlesen"	"wiederlesen"	"wiederlesens"	"wiederlesen"	"wiederlesen"	"wiederlesen"	"wiederlesen"	"wiederlesen"	"bind"
wdn_000108_N	L779575	["L779575"]	["0901eef4ab89eb46a968554d81b75e98d0a534c6130a14fbaac3a015181e71e4"]	"Tiermehl"	regular_neuter	no	wdn_000108_p007	mkN_two	P.mkN "Tiermehl" "Tiermehle" P.neuter	2	complete	exact_source_evidence	provisional	sampled	none_recorded	["L779575$7D753C80-37F6-46D6-ACB6-781CDEF18C2D"]	{"s_pl_acc":["L779575-F8"],"s_pl_dat":["L779575-F6"],"s_pl_gen":["L779575-F4"],"s_pl_nom":["L779575-F2"],"s_sg_acc":["L779575-F7"],"s_sg_dat":["L779575-F5"],"s_sg_gen":["L779575-F3"],"s_sg_nom":["L779575-F1"]}	[]	{"co":"provisional_inference","csep":"provisional_inference","gender":"source_exact","s_pl_acc":"source_exact","s_pl_dat":"source_exact","s_pl_gen":"source_exact","s_pl_nom":"source_exact","s_sg_acc":"source_exact","s_sg_dat":"source_exact","s_sg_gen":"source_exact","s_sg_nom":"source_exact","uncap_co":"reviewed_inference","uncap_s_pl_acc":"reviewed_inference","uncap_s_pl_dat":"reviewed_inference","uncap_s_pl_gen":"reviewed_inference","uncap_s_pl_nom":"reviewed_inference","uncap_s_sg_acc":"reviewed_inference","uncap_s_sg_dat":"reviewed_inference","uncap_s_sg_gen":"reviewed_inference","uncap_s_sg_nom":"reviewed_inference"}	yes	cbd5f7965b9ed1b34ddfb527ec8f7cd80715e9971f925e69a52d2cd6f9464d88	537756d1f474dff804f2564fc787e3f6777d12b4b73dd31811dcf66f04d6bea4	"Tiermehl"	"Tiermehl"	"Tiermehl"	"Tiermehles"	"Tiermehle"	"Tiermehle"	"Tiermehlen"	"Tiermehle"	"neuter"	"Tiermehl"	"tiermehl"	"tiermehl"	"tiermehl"	"tiermehles"	"tiermehle"	"tiermehle"	"tiermehlen"	"tiermehle"	"tiermehl"	"bind"
wdn_000109_N	L780202	["L780202"]	["1c58ccb3818b3fb409437a2ca8dc3e32c11b8786dbb8f369633f11146e29cb12"]	"Maschinenkraft"	regular_feminine	no	wdn_000109_p007	mkN_two	P.mkN "Maschinenkraft" "Maschinenkräfte" P.feminine	2	complete	exact_source_evidence	provisional	sampled	none_recorded	["L780202$B979337C-6415-4384-8A24-669A9DB5ED16"]	{"s_pl_acc":["L780202-F8"],"s_pl_dat":["L780202-F6"],"s_pl_gen":["L780202-F4"],"s_pl_nom":["L780202-F2"],"s_sg_acc":["L780202-F7"],"s_sg_dat":["L780202-F5"],"s_sg_gen":["L780202-F3"],"s_sg_nom":["L780202-F1"]}	[]	{"co":"provisional_inference","csep":"provisional_inference","gender":"source_exact","s_pl_acc":"source_exact","s_pl_dat":"source_exact","s_pl_gen":"source_exact","s_pl_nom":"source_exact","s_sg_acc":"source_exact","s_sg_dat":"source_exact","s_sg_gen":"source_exact","s_sg_nom":"source_exact","uncap_co":"reviewed_inference","uncap_s_pl_acc":"reviewed_inference","uncap_s_pl_dat":"reviewed_inference","uncap_s_pl_gen":"reviewed_inference","uncap_s_pl_nom":"reviewed_inference","uncap_s_sg_acc":"reviewed_inference","uncap_s_sg_dat":"reviewed_inference","uncap_s_sg_gen":"reviewed_inference","uncap_s_sg_nom":"reviewed_inference"}	yes	56a8aa5b299dac3807c97b5209772494a7a082980588cd7536520088e1e5d537	537756d1f474dff804f2564fc787e3f6777d12b4b73dd31811dcf66f04d6bea4	"Maschinenkraft"	"Maschinenkraft"	"Maschinenkraft"	"Maschinenkraft"	"Maschinenkräfte"	"Maschinenkräfte"	"Maschinenkräften"	"Maschinenkräfte"	"feminine"	"Maschinenkraft"	"maschinenkraft"	"maschinenkraft"	"maschinenkraft"	"maschinenkraft"	"maschinenkräfte"	"maschinenkräfte"	"maschinenkräften"	"maschinenkräfte"	"maschinenkraft"	"bind"
wdn_000110_N	L781678	["L781678"]	["a9c7fba4c5362b1d135d0c7fadc76f8d85ec8c7273cb0a486488b8e9e36e833c"]	"Muffin"	invariant_plural	no	wdn_000110_p006	invarPlN_two	P.invarPlN "Muffin" "Muffins" P.masculine	2	complete	exact_source_evidence	provisional	sampled	none_recorded	["L781678$0BB36AB1-FBA3-44E8-88BE-596C499AB1CF"]	{"s_pl_acc":["L781678-F8"],"s_pl_dat":["L781678-F6"],"s_pl_gen":["L781678-F4"],"s_pl_nom":["L781678-F2"],"s_sg_acc":["L781678-F7"],"s_sg_dat":["L781678-F5"],"s_sg_gen":["L781678-F3"],"s_sg_nom":["L781678-F1"]}	[]	{"co":"provisional_inference","csep":"provisional_inference","gender":"source_exact","s_pl_acc":"source_exact","s_pl_dat":"source_exact","s_pl_gen":"source_exact","s_pl_nom":"source_exact","s_sg_acc":"source_exact","s_sg_dat":"source_exact","s_sg_gen":"source_exact","s_sg_nom":"source_exact","uncap_co":"reviewed_inference","uncap_s_pl_acc":"reviewed_inference","uncap_s_pl_dat":"reviewed_inference","uncap_s_pl_gen":"reviewed_inference","uncap_s_pl_nom":"reviewed_inference","uncap_s_sg_acc":"reviewed_inference","uncap_s_sg_dat":"reviewed_inference","uncap_s_sg_gen":"reviewed_inference","uncap_s_sg_nom":"reviewed_inference"}	yes	c7b9b936d63bf7426cec8aaad4263cf1cc4a353460fcb1e209dbf5a4070d5da2	537756d1f474dff804f2564fc787e3f6777d12b4b73dd31811dcf66f04d6bea4	"Muffin"	"Muffin"	"Muffin"	"Muffins"	"Muffins"	"Muffins"	"Muffins"	"Muffins"	"masculine"	"Muffin"	"muffin"	"muffin"	"muffin"	"muffins"	"muffins"	"muffins"	"muffins"	"muffins"	"muffin"	"bind"
wdn_000111_N	L782669	["L782669"]	["b03ca00a0d542958e82cef28e81805cbb5525dfe620b86cfc212056acac9c58f"]	"Riester-Rente"	hyphenated	no	wdn_000111_p001	mkN_lemma	P.mkN "Riester-Rente"	1	complete	exact_source_evidence	provisional	sampled	none_recorded	["L782669$721DB9BC-E0A2-437A-A7B1-984701E9466D"]	{"s_pl_acc":["L782669-F8"],"s_pl_dat":["L782669-F7"],"s_pl_gen":["L782669-F6"],"s_pl_nom":["L782669-F5"],"s_sg_acc":["L782669-F4"],"s_sg_dat":["L782669-F3"],"s_sg_gen":["L782669-F2"],"s_sg_nom":["L782669-F1"]}	[]	{"co":"provisional_inference","csep":"reviewed_inference","gender":"source_exact","s_pl_acc":"source_exact","s_pl_dat":"source_exact","s_pl_gen":"source_exact","s_pl_nom":"source_exact","s_sg_acc":"source_exact","s_sg_dat":"source_exact","s_sg_gen":"source_exact","s_sg_nom":"source_exact","uncap_co":"reviewed_inference","uncap_s_pl_acc":"reviewed_inference","uncap_s_pl_dat":"reviewed_inference","uncap_s_pl_gen":"reviewed_inference","uncap_s_pl_nom":"reviewed_inference","uncap_s_sg_acc":"reviewed_inference","uncap_s_sg_dat":"reviewed_inference","uncap_s_sg_gen":"reviewed_inference","uncap_s_sg_nom":"reviewed_inference"}	yes	ab4aed8e1df421eda098e2b1b570e367bbf5b76f03460f3fd6788612912dfb41	537756d1f474dff804f2564fc787e3f6777d12b4b73dd31811dcf66f04d6bea4	"Riester-Rente"	"Riester-Rente"	"Riester-Rente"	"Riester-Rente"	"Riester-Renten"	"Riester-Renten"	"Riester-Renten"	"Riester-Renten"	"feminine"	"Riester-Renten"	"Riester-Rente"	"Riester-Rente"	"Riester-Rente"	"Riester-Rente"	"Riester-Renten"	"Riester-Renten"	"Riester-Renten"	"Riester-Renten"	"Riester-Renten"	"hyphen"
wdn_000112_N	L783755	["L783755"]	["38e5cf2c2ec773c46e11d2584de9cdf6925a38cac92dd42d8ca73eecccfbf874"]	"Handwerksleute"	plural_only	no	wdn_000112_p001	pluralOnlyN	P.pluralOnlyN "Handwerksleute"	1	complete	compatible_with_inference	provisional	sampled	none_recorded	["L783755$CFD5C5DD-0E49-4292-A226-83C97F692EFE"]	{"s_pl_acc":["L783755-F4"],"s_pl_dat":["L783755-F3"],"s_pl_gen":["L783755-F2"],"s_pl_nom":["L783755-F1"]}	[]	{"co":"provisional_inference","csep":"provisional_inference","gender":"provisional_inference","s_pl_acc":"source_exact","s_pl_dat":"source_exact","s_pl_gen":"source_exact","s_pl_nom":"source_exact","s_sg_acc":"unavailable","s_sg_dat":"unavailable","s_sg_gen":"unavailable","s_sg_nom":"unavailable","uncap_co":"reviewed_inference","uncap_s_pl_acc":"reviewed_inference","uncap_s_pl_dat":"reviewed_inference","uncap_s_pl_gen":"reviewed_inference","uncap_s_pl_nom":"reviewed_inference","uncap_s_sg_acc":"unavailable","uncap_s_sg_dat":"unavailable","uncap_s_sg_gen":"unavailable","uncap_s_sg_nom":"unavailable"}	yes	9dc1c45942681d01edb8d2815e17d265d14eac9c5ec58204fb4b6ba3ed5365dc	537756d1f474dff804f2564fc787e3f6777d12b4b73dd31811dcf66f04d6bea4	""	""	""	""	"Handwerksleute"	"Handwerksleute"	"Handwerksleuten"	"Handwerksleute"	"masculine"	"Handwerksleute"	""	""	""	""	"handwerksleute"	"handwerksleute"	"handwerksleuten"	"handwerksleute"	"handwerksleute"	"bind"
wdn_000113_N	L783776	["L783776"]	["f2a2e9929fec33d774b5e720fb26904c88ee7f10756c0f9067d58899dcf6983e"]	"Gote"	irregular_full	no	wdn_000113_p002	mkN_lemma_gender	P.mkN "Gote" P.masculine	1	complete	exact_source_evidence	provisional	sampled	none_recorded	["L783776$23FBAA4D-942E-4B02-9841-5EE69CD1020F"]	{"s_pl_acc":["L783776-F8"],"s_pl_dat":["L783776-F6"],"s_pl_gen":["L783776-F4"],"s_pl_nom":["L783776-F2"],"s_sg_acc":["L783776-F7"],"s_sg_dat":["L783776-F5"],"s_sg_gen":["L783776-F3"],"s_sg_nom":["L783776-F1"]}	[]	{"co":"provisional_inference","csep":"provisional_inference","gender":"source_exact","s_pl_acc":"source_exact","s_pl_dat":"source_exact","s_pl_gen":"source_exact","s_pl_nom":"source_exact","s_sg_acc":"source_exact","s_sg_dat":"source_exact","s_sg_gen":"source_exact","s_sg_nom":"source_exact","uncap_co":"reviewed_inference","uncap_s_pl_acc":"reviewed_inference","uncap_s_pl_dat":"reviewed_inference","uncap_s_pl_gen":"reviewed_inference","uncap_s_pl_nom":"reviewed_inference","uncap_s_sg_acc":"reviewed_inference","uncap_s_sg_dat":"reviewed_inference","uncap_s_sg_gen":"reviewed_inference","uncap_s_sg_nom":"reviewed_inference"}	yes	c5df17fa8bfe8a2bc7d27a5c51f98bad5af81d6d05d4510fea2e719deee989eb	537756d1f474dff804f2564fc787e3f6777d12b4b73dd31811dcf66f04d6bea4	"Gote"	"Goten"	"Goten"	"Goten"	"Goten"	"Goten"	"Goten"	"Goten"	"masculine"	"Goten"	"gote"	"goten"	"goten"	"goten"	"goten"	"goten"	"goten"	"goten"	"goten"	"bind"
wdn_000115_N	L784345	["L784345"]	["4006beb762b31a406cd3062213af36ab66ca37bc9d79ee81d83edb0bb8c657df"]	"LKA"	abbreviation	no	wdn_000115_p005	abbrevN+invarN_two	P.abbrevN (P.invarN "LKA" "LKAs" P.neuter)	2	complete	exact_source_evidence	provisional	sampled	none_recorded	["L784345$4C103B7D-8484-4E88-AC1B-6527A675DA35"]	{"s_pl_acc":["L784345-F8"],"s_pl_dat":["L784345-F7"],"s_pl_gen":["L784345-F6"],"s_pl_nom":["L784345-F5"],"s_sg_acc":["L784345-F4"],"s_sg_dat":["L784345-F3"],"s_sg_gen":["L784345-F2"],"s_sg_nom":["L784345-F1"]}	[]	{"co":"provisional_inference","csep":"reviewed_inference","gender":"source_exact","s_pl_acc":"source_exact","s_pl_dat":"source_exact","s_pl_gen":"source_exact","s_pl_nom":"source_exact","s_sg_acc":"source_exact","s_sg_dat":"source_exact","s_sg_gen":"source_exact","s_sg_nom":"source_exact","uncap_co":"reviewed_inference","uncap_s_pl_acc":"reviewed_inference","uncap_s_pl_dat":"reviewed_inference","uncap_s_pl_gen":"reviewed_inference","uncap_s_pl_nom":"reviewed_inference","uncap_s_sg_acc":"reviewed_inference","uncap_s_sg_dat":"reviewed_inference","uncap_s_sg_gen":"reviewed_inference","uncap_s_sg_nom":"reviewed_inference"}	yes	e29657998e83866d774468ad9c30e96d798afdb0dc2ce95df39864c8e1d0c9de	537756d1f474dff804f2564fc787e3f6777d12b4b73dd31811dcf66f04d6bea4	"LKA"	"LKA"	"LKA"	"LKA"	"LKAs"	"LKAs"	"LKAs"	"LKAs"	"neuter"	"LKA"	"LKA"	"LKA"	"LKA"	"LKA"	"LKAs"	"LKAs"	"LKAs"	"LKAs"	"LKA"	"hyphen"
wdn_000116_N	L784482	["L784482"]	["6a96fc757e2a0431674afb660371df182156d68bdb9e8e163855e042dabf5258"]	"DFB"	abbreviation	no	wdn_000116_p003	abbrevN+invarN_one	P.abbrevN (P.invarN "DFB" P.masculine)	1	partial	compatible_with_inference	provisional	sampled	none_recorded	["L784482$C09D54E5-0ADC-4C74-B33A-6918055C806C"]	{"s_sg_acc":["L784482-F4"],"s_sg_dat":["L784482-F3"],"s_sg_gen":["L784482-F2"],"s_sg_nom":["L784482-F1"]}	[]	{"co":"provisional_inference","csep":"reviewed_inference","gender":"source_exact","s_pl_acc":"provisional_inference","s_pl_dat":"provisional_inference","s_pl_gen":"provisional_inference","s_pl_nom":"provisional_inference","s_sg_acc":"source_exact","s_sg_dat":"source_exact","s_sg_gen":"source_exact","s_sg_nom":"source_exact","uncap_co":"reviewed_inference","uncap_s_pl_acc":"reviewed_inference","uncap_s_pl_dat":"reviewed_inference","uncap_s_pl_gen":"reviewed_inference","uncap_s_pl_nom":"reviewed_inference","uncap_s_sg_acc":"reviewed_inference","uncap_s_sg_dat":"reviewed_inference","uncap_s_sg_gen":"reviewed_inference","uncap_s_sg_nom":"reviewed_inference"}	yes	39d9fc7d25ea7be0e2d1df8b2e14bbc3be83baeff6a06fedaf685df38a9f46c7	537756d1f474dff804f2564fc787e3f6777d12b4b73dd31811dcf66f04d6bea4	"DFB"	"DFB"	"DFB"	"DFB"	"DFB"	"DFB"	"DFB"	"DFB"	"masculine"	"DFB"	"DFB"	"DFB"	"DFB"	"DFB"	"DFB"	"DFB"	"DFB"	"DFB"	"DFB"	"hyphen"
wdn_000117_N	L784533	["L784533"]	["1a574a188527f047048bc3b550f0ba2099384eba93ad1deb7a8fd8b2a28fad15"]	"Anpassungsstrategie"	invariant	no	wdn_000117_p001	mkN_lemma	P.mkN "Anpassungsstrategie"	1	complete	exact_source_evidence	provisional	sampled	none_recorded	["L784533$7749C1F9-0A0F-4905-A421-89EB5CD0B02F"]	{"s_pl_acc":["L784533-F8"],"s_pl_dat":["L784533-F7"],"s_pl_gen":["L784533-F6"],"s_pl_nom":["L784533-F5"],"s_sg_acc":["L784533-F4"],"s_sg_dat":["L784533-F3"],"s_sg_gen":["L784533-F2"],"s_sg_nom":["L784533-F1"]}	[]	{"co":"provisional_inference","csep":"provisional_inference","gender":"source_exact","s_pl_acc":"source_exact","s_pl_dat":"source_exact","s_pl_gen":"source_exact","s_pl_nom":"source_exact","s_sg_acc":"source_exact","s_sg_dat":"source_exact","s_sg_gen":"source_exact","s_sg_nom":"source_exact","uncap_co":"reviewed_inference","uncap_s_pl_acc":"reviewed_inference","uncap_s_pl_dat":"reviewed_inference","uncap_s_pl_gen":"reviewed_inference","uncap_s_pl_nom":"reviewed_inference","uncap_s_sg_acc":"reviewed_inference","uncap_s_sg_dat":"reviewed_inference","uncap_s_sg_gen":"reviewed_inference","uncap_s_sg_nom":"reviewed_inference"}	yes	0c7b29bbc7692fd294b8ff2c11bdb21bf72598243d47ed324f805defce3b478f	537756d1f474dff804f2564fc787e3f6777d12b4b73dd31811dcf66f04d6bea4	"Anpassungsstrategie"	"Anpassungsstrategie"	"Anpassungsstrategie"	"Anpassungsstrategie"	"Anpassungsstrategien"	"Anpassungsstrategien"	"Anpassungsstrategien"	"Anpassungsstrategien"	"feminine"	"Anpassungsstrategien"	"anpassungsstrategie"	"anpassungsstrategie"	"anpassungsstrategie"	"anpassungsstrategie"	"anpassungsstrategien"	"anpassungsstrategien"	"anpassungsstrategien"	"anpassungsstrategien"	"anpassungsstrategien"	"bind"
wdn_000118_N	L784571	["L784571"]	["eb95c47be1ad6f94ce076afbb5e5b1fcf801027f3cd94a0654b1b80bb76215ca"]	"Feststellungsklage"	invariant	no	wdn_000118_p001	mkN_lemma	P.mkN "Feststellungsklage"	1	complete	exact_source_evidence	provisional	sampled	none_recorded	["L784571$16A9714D-0541-4EAD-BC00-D1438D111C4D"]	{"s_pl_acc":["L784571-F8"],"s_pl_dat":["L784571-F6"],"s_pl_gen":["L784571-F4"],"s_pl_nom":["L784571-F2"],"s_sg_acc":["L784571-F7"],"s_sg_dat":["L784571-F5"],"s_sg_gen":["L784571-F3"],"s_sg_nom":["L784571-F1"]}	[]	{"co":"provisional_inference","csep":"provisional_inference","gender":"source_exact","s_pl_acc":"source_exact","s_pl_dat":"source_exact","s_pl_gen":"source_exact","s_pl_nom":"source_exact","s_sg_acc":"source_exact","s_sg_dat":"source_exact","s_sg_gen":"source_exact","s_sg_nom":"source_exact","uncap_co":"reviewed_inference","uncap_s_pl_acc":"reviewed_inference","uncap_s_pl_dat":"reviewed_inference","uncap_s_pl_gen":"reviewed_inference","uncap_s_pl_nom":"reviewed_inference","uncap_s_sg_acc":"reviewed_inference","uncap_s_sg_dat":"reviewed_inference","uncap_s_sg_gen":"reviewed_inference","uncap_s_sg_nom":"reviewed_inference"}	yes	ddd80eeca0149a6afbb50244bacbe53bb18b518d19c19109acd39092808b1010	537756d1f474dff804f2564fc787e3f6777d12b4b73dd31811dcf66f04d6bea4	"Feststellungsklage"	"Feststellungsklage"	"Feststellungsklage"	"Feststellungsklage"	"Feststellungsklagen"	"Feststellungsklagen"	"Feststellungsklagen"	"Feststellungsklagen"	"feminine"	"Feststellungsklagen"	"feststellungsklage"	"feststellungsklage"	"feststellungsklage"	"feststellungsklage"	"feststellungsklagen"	"feststellungsklagen"	"feststellungsklagen"	"feststellungsklagen"	"feststellungsklagen"	"bind"
wdn_000119_N	L785557	["L785557"]	["7cc1afbfd11d966d1f77d9869e4e86d356ddc5c14d23aef781633c35ca9f932f"]	"Familienmensch"	irregular_full	no	wdn_000119_p007	mkN_two	P.mkN "Familienmensch" "Familienmenschen" P.masculine	2	complete	exact_source_evidence	provisional	sampled	none_recorded	["L785557$9DC5C74F-75AB-461C-B3DF-8D1E6CC91079"]	{"s_pl_acc":["L785557-F8"],"s_pl_dat":["L785557-F6"],"s_pl_gen":["L785557-F4"],"s_pl_nom":["L785557-F2"],"s_sg_acc":["L785557-F7"],"s_sg_dat":["L785557-F5"],"s_sg_gen":["L785557-F3"],"s_sg_nom":["L785557-F1"]}	[]	{"co":"provisional_inference","csep":"provisional_inference","gender":"source_exact","s_pl_acc":"source_exact","s_pl_dat":"source_exact","s_pl_gen":"source_exact","s_pl_nom":"source_exact","s_sg_acc":"source_exact","s_sg_dat":"source_exact","s_sg_gen":"source_exact","s_sg_nom":"source_exact","uncap_co":"reviewed_inference","uncap_s_pl_acc":"reviewed_inference","uncap_s_pl_dat":"reviewed_inference","uncap_s_pl_gen":"reviewed_inference","uncap_s_pl_nom":"reviewed_inference","uncap_s_sg_acc":"reviewed_inference","uncap_s_sg_dat":"reviewed_inference","uncap_s_sg_gen":"reviewed_inference","uncap_s_sg_nom":"reviewed_inference"}	yes	8ccf87d2f967a88ac2eac994f273f5b82cb4f9f7dabdb0c8582852cfe217554a	537756d1f474dff804f2564fc787e3f6777d12b4b73dd31811dcf66f04d6bea4	"Familienmensch"	"Familienmenschen"	"Familienmenschen"	"Familienmenschen"	"Familienmenschen"	"Familienmenschen"	"Familienmenschen"	"Familienmenschen"	"masculine"	"Familienmensch"	"familienmensch"	"familienmenschen"	"familienmenschen"	"familienmenschen"	"familienmenschen"	"familienmenschen"	"familienmenschen"	"familienmenschen"	"familienmensch"	"bind"
wdn_000121_N	L787569	["L787569"]	["19195e3757b779bdf75408e6654520f8c33b9d8dc00189bfecd49df3bc420f59"]	"Bundesratspräsident"	irregular_full	no	wdn_000121_p007	mkN_two	P.mkN "Bundesratspräsident" "Bundesratspräsidenten" P.masculine	2	complete	exact_source_evidence	provisional	sampled	none_recorded	["L787569$3FEF692D-898F-4C7C-9841-D642A267FC19"]	{"s_pl_acc":["L787569-F8"],"s_pl_dat":["L787569-F6"],"s_pl_gen":["L787569-F4"],"s_pl_nom":["L787569-F2"],"s_sg_acc":["L787569-F7"],"s_sg_dat":["L787569-F5"],"s_sg_gen":["L787569-F3"],"s_sg_nom":["L787569-F1"]}	[]	{"co":"provisional_inference","csep":"provisional_inference","gender":"source_exact","s_pl_acc":"source_exact","s_pl_dat":"source_exact","s_pl_gen":"source_exact","s_pl_nom":"source_exact","s_sg_acc":"source_exact","s_sg_dat":"source_exact","s_sg_gen":"source_exact","s_sg_nom":"source_exact","uncap_co":"reviewed_inference","uncap_s_pl_acc":"reviewed_inference","uncap_s_pl_dat":"reviewed_inference","uncap_s_pl_gen":"reviewed_inference","uncap_s_pl_nom":"reviewed_inference","uncap_s_sg_acc":"reviewed_inference","uncap_s_sg_dat":"reviewed_inference","uncap_s_sg_gen":"reviewed_inference","uncap_s_sg_nom":"reviewed_inference"}	yes	8e5cbf3fc508a40e16afc5ca694e340340f0ef27e97e795bdb2b6d561caccf9f	537756d1f474dff804f2564fc787e3f6777d12b4b73dd31811dcf66f04d6bea4	"Bundesratspräsident"	"Bundesratspräsidenten"	"Bundesratspräsidenten"	"Bundesratspräsidenten"	"Bundesratspräsidenten"	"Bundesratspräsidenten"	"Bundesratspräsidenten"	"Bundesratspräsidenten"	"masculine"	"Bundesratspräsident"	"bundesratspräsident"	"bundesratspräsidenten"	"bundesratspräsidenten"	"bundesratspräsidenten"	"bundesratspräsidenten"	"bundesratspräsidenten"	"bundesratspräsidenten"	"bundesratspräsidenten"	"bundesratspräsident"	"bind"
wdn_000123_N	L788897	["L788897"]	["73c587558eaaf729de5563331c76edf0878ed14a589acd5a7b32f3361b4b31df"]	"Dauerschuldverhältnis"	regular_neuter	no	wdn_000123_p007	mkN_two	P.mkN "Dauerschuldverhältnis" "Dauerschuldverhältnisse" P.neuter	2	complete	exact_source_evidence	provisional	sampled	none_recorded	["L788897$C5AFD466-3BAE-45F5-8E5D-281801A217D1"]	{"s_pl_acc":["L788897-F8"],"s_pl_dat":["L788897-F7"],"s_pl_gen":["L788897-F6"],"s_pl_nom":["L788897-F5"],"s_sg_acc":["L788897-F4"],"s_sg_dat":["L788897-F3"],"s_sg_gen":["L788897-F2"],"s_sg_nom":["L788897-F1"]}	[]	{"co":"provisional_inference","csep":"provisional_inference","gender":"source_exact","s_pl_acc":"source_exact","s_pl_dat":"source_exact","s_pl_gen":"source_exact","s_pl_nom":"source_exact","s_sg_acc":"source_exact","s_sg_dat":"source_exact","s_sg_gen":"source_exact","s_sg_nom":"source_exact","uncap_co":"reviewed_inference","uncap_s_pl_acc":"reviewed_inference","uncap_s_pl_dat":"reviewed_inference","uncap_s_pl_gen":"reviewed_inference","uncap_s_pl_nom":"reviewed_inference","uncap_s_sg_acc":"reviewed_inference","uncap_s_sg_dat":"reviewed_inference","uncap_s_sg_gen":"reviewed_inference","uncap_s_sg_nom":"reviewed_inference"}	yes	86af667ee448247d2a95e0dd8f8074c10574c55bd53b3a6af36264a1af6c1d93	537756d1f474dff804f2564fc787e3f6777d12b4b73dd31811dcf66f04d6bea4	"Dauerschuldverhältnis"	"Dauerschuldverhältnis"	"Dauerschuldverhältnis"	"Dauerschuldverhältnisses"	"Dauerschuldverhältnisse"	"Dauerschuldverhältnisse"	"Dauerschuldverhältnissen"	"Dauerschuldverhältnisse"	"neuter"	"Dauerschuldverhältnis"	"dauerschuldverhältnis"	"dauerschuldverhältnis"	"dauerschuldverhältnis"	"dauerschuldverhältnisses"	"dauerschuldverhältnisse"	"dauerschuldverhältnisse"	"dauerschuldverhältnissen"	"dauerschuldverhältnisse"	"dauerschuldverhältnis"	"bind"
wdn_000124_N	L789104	["L789104"]	["61e706fab24eaad9da32a74e068fa519c1e453050689b8ea29261e50ac987bd0"]	"Welthauptstadt"	regular_feminine	no	wdn_000124_p007	mkN_two	P.mkN "Welthauptstadt" "Welthauptstädte" P.feminine	2	complete	exact_source_evidence	provisional	sampled	none_recorded	["L789104$680B4DEC-78E9-41B7-A2E0-E596FB39BFC4"]	{"s_pl_acc":["L789104-F8"],"s_pl_dat":["L789104-F6"],"s_pl_gen":["L789104-F4"],"s_pl_nom":["L789104-F2"],"s_sg_acc":["L789104-F7"],"s_sg_dat":["L789104-F5"],"s_sg_gen":["L789104-F3"],"s_sg_nom":["L789104-F1"]}	[]	{"co":"provisional_inference","csep":"provisional_inference","gender":"source_exact","s_pl_acc":"source_exact","s_pl_dat":"source_exact","s_pl_gen":"source_exact","s_pl_nom":"source_exact","s_sg_acc":"source_exact","s_sg_dat":"source_exact","s_sg_gen":"source_exact","s_sg_nom":"source_exact","uncap_co":"reviewed_inference","uncap_s_pl_acc":"reviewed_inference","uncap_s_pl_dat":"reviewed_inference","uncap_s_pl_gen":"reviewed_inference","uncap_s_pl_nom":"reviewed_inference","uncap_s_sg_acc":"reviewed_inference","uncap_s_sg_dat":"reviewed_inference","uncap_s_sg_gen":"reviewed_inference","uncap_s_sg_nom":"reviewed_inference"}	yes	b8245d59eec6111f0e81f874a6f7b1b6b3ef66f59bdb21106da4f46b7a4dd315	537756d1f474dff804f2564fc787e3f6777d12b4b73dd31811dcf66f04d6bea4	"Welthauptstadt"	"Welthauptstadt"	"Welthauptstadt"	"Welthauptstadt"	"Welthauptstädte"	"Welthauptstädte"	"Welthauptstädten"	"Welthauptstädte"	"feminine"	"Welthauptstadt"	"welthauptstadt"	"welthauptstadt"	"welthauptstadt"	"welthauptstadt"	"welthauptstädte"	"welthauptstädte"	"welthauptstädten"	"welthauptstädte"	"welthauptstadt"	"bind"
wdn_000125_N	L789286	["L789286"]	["ed5727a25308687478694f894753f7e87a8e1fecfdadf494fb95733aae9c6ad8"]	"Minimalismus"	partial_evidence	no	wdn_000125_p003	invarN_one	P.invarN "Minimalismus" P.masculine	1	partial	compatible_with_inference	provisional	sampled	none_recorded	["L789286$5E1CD80A-9D3E-43EE-95B1-93DDC6D24CE5"]	{"s_sg_acc":["L789286-F4"],"s_sg_dat":["L789286-F3"],"s_sg_gen":["L789286-F2"],"s_sg_nom":["L789286-F1"]}	[]	{"co":"provisional_inference","csep":"provisional_inference","gender":"source_exact","s_pl_acc":"provisional_inference","s_pl_dat":"provisional_inference","s_pl_gen":"provisional_inference","s_pl_nom":"provisional_inference","s_sg_acc":"source_exact","s_sg_dat":"source_exact","s_sg_gen":"source_exact","s_sg_nom":"source_exact","uncap_co":"reviewed_inference","uncap_s_pl_acc":"reviewed_inference","uncap_s_pl_dat":"reviewed_inference","uncap_s_pl_gen":"reviewed_inference","uncap_s_pl_nom":"reviewed_inference","uncap_s_sg_acc":"reviewed_inference","uncap_s_sg_dat":"reviewed_inference","uncap_s_sg_gen":"reviewed_inference","uncap_s_sg_nom":"reviewed_inference"}	yes	59d64825d49156c8f3e4d40481b2f3abb7f780d710eb93fcb3ed9cfdf2b8aa0c	537756d1f474dff804f2564fc787e3f6777d12b4b73dd31811dcf66f04d6bea4	"Minimalismus"	"Minimalismus"	"Minimalismus"	"Minimalismus"	"Minimalismus"	"Minimalismus"	"Minimalismus"	"Minimalismus"	"masculine"	"Minimalismus"	"minimalismus"	"minimalismus"	"minimalismus"	"minimalismus"	"minimalismus"	"minimalismus"	"minimalismus"	"minimalismus"	"minimalismus"	"bind"
wdn_000126_N	L789823	["L789823"]	["f65b9005048af8e1df8fe6c61615b1c0fac9486c5288b00288ffab21aae373bd"]	"Leistungsverzeichnis"	regular_neuter	no	wdn_000126_p007	mkN_two	P.mkN "Leistungsverzeichnis" "Leistungsverzeichnisse" P.neuter	2	complete	exact_source_evidence	provisional	sampled	none_recorded	["L789823$6CA0CE00-0AC3-4E6A-A0E5-604DC2F1CF1E"]	{"s_pl_acc":["L789823-F8"],"s_pl_dat":["L789823-F6"],"s_pl_gen":["L789823-F4"],"s_pl_nom":["L789823-F2"],"s_sg_acc":["L789823-F7"],"s_sg_dat":["L789823-F5"],"s_sg_gen":["L789823-F3"],"s_sg_nom":["L789823-F1"]}	[]	{"co":"provisional_inference","csep":"provisional_inference","gender":"source_exact","s_pl_acc":"source_exact","s_pl_dat":"source_exact","s_pl_gen":"source_exact","s_pl_nom":"source_exact","s_sg_acc":"source_exact","s_sg_dat":"source_exact","s_sg_gen":"source_exact","s_sg_nom":"source_exact","uncap_co":"reviewed_inference","uncap_s_pl_acc":"reviewed_inference","uncap_s_pl_dat":"reviewed_inference","uncap_s_pl_gen":"reviewed_inference","uncap_s_pl_nom":"reviewed_inference","uncap_s_sg_acc":"reviewed_inference","uncap_s_sg_dat":"reviewed_inference","uncap_s_sg_gen":"reviewed_inference","uncap_s_sg_nom":"reviewed_inference"}	yes	a1d1b894116b9d2cdea43e4c20a072429dbc410a0ba205e078423ea829af1e13	537756d1f474dff804f2564fc787e3f6777d12b4b73dd31811dcf66f04d6bea4	"Leistungsverzeichnis"	"Leistungsverzeichnis"	"Leistungsverzeichnis"	"Leistungsverzeichnisses"	"Leistungsverzeichnisse"	"Leistungsverzeichnisse"	"Leistungsverzeichnissen"	"Leistungsverzeichnisse"	"neuter"	"Leistungsverzeichnis"	"leistungsverzeichnis"	"leistungsverzeichnis"	"leistungsverzeichnis"	"leistungsverzeichnisses"	"leistungsverzeichnisse"	"leistungsverzeichnisse"	"leistungsverzeichnissen"	"leistungsverzeichnisse"	"leistungsverzeichnis"	"bind"
wdn_000128_N	L791796	["L791796"]	["26c1027d5e6fc18f57431446b5a9d8c270197c9b4ec807a038c20f5520d47e3c"]	"Endrenditetyp"	partial_evidence	no	wdn_000128_p002	mkN_lemma_gender	P.mkN "Endrenditetyp" P.masculine	1	none	compatible_with_inference	provisional	sampled	none_recorded	["L791796$C665EB39-2C92-45EC-9F52-3CD06A12FDCC"]	{}	[]	{"co":"provisional_inference","csep":"provisional_inference","gender":"source_exact","s_pl_acc":"provisional_inference","s_pl_dat":"provisional_inference","s_pl_gen":"provisional_inference","s_pl_nom":"provisional_inference","s_sg_acc":"provisional_inference","s_sg_dat":"provisional_inference","s_sg_gen":"provisional_inference","s_sg_nom":"provisional_inference","uncap_co":"reviewed_inference","uncap_s_pl_acc":"reviewed_inference","uncap_s_pl_dat":"reviewed_inference","uncap_s_pl_gen":"reviewed_inference","uncap_s_pl_nom":"reviewed_inference","uncap_s_sg_acc":"reviewed_inference","uncap_s_sg_dat":"reviewed_inference","uncap_s_sg_gen":"reviewed_inference","uncap_s_sg_nom":"reviewed_inference"}	yes	9145eaf1b1f226d490ee4d4cc17d37630c0f70e3c5fbdf659e9b203e65a0cc19	537756d1f474dff804f2564fc787e3f6777d12b4b73dd31811dcf66f04d6bea4	"Endrenditetyp"	"Endrenditetyp"	"Endrenditetyp"	"Endrenditetyps"	"Endrenditetype"	"Endrenditetype"	"Endrenditetypen"	"Endrenditetype"	"masculine"	"Endrenditetyp"	"endrenditetyp"	"endrenditetyp"	"endrenditetyp"	"endrenditetyps"	"endrenditetype"	"endrenditetype"	"endrenditetypen"	"endrenditetype"	"endrenditetyp"	"bind"
wdn_000129_N	L791965	["L791965"]	["7c9faa7673ac76c4243f6cc37b42c3636e8dccb59435fe8259ddcc4dd7dd1100"]	"Sozialhilfeträger"	regular_masculine	no	wdn_000129_p001	mkN_lemma	P.mkN "Sozialhilfeträger"	1	complete	exact_source_evidence	provisional	sampled	none_recorded	["L791965$D3DB34C1-4266-4FD6-B371-CA7E08F0D435"]	{"s_pl_acc":["L791965-F8"],"s_pl_dat":["L791965-F7"],"s_pl_gen":["L791965-F6"],"s_pl_nom":["L791965-F5"],"s_sg_acc":["L791965-F4"],"s_sg_dat":["L791965-F3"],"s_sg_gen":["L791965-F2"],"s_sg_nom":["L791965-F1"]}	[]	{"co":"provisional_inference","csep":"provisional_inference","gender":"source_exact","s_pl_acc":"source_exact","s_pl_dat":"source_exact","s_pl_gen":"source_exact","s_pl_nom":"source_exact","s_sg_acc":"source_exact","s_sg_dat":"source_exact","s_sg_gen":"source_exact","s_sg_nom":"source_exact","uncap_co":"reviewed_inference","uncap_s_pl_acc":"reviewed_inference","uncap_s_pl_dat":"reviewed_inference","uncap_s_pl_gen":"reviewed_inference","uncap_s_pl_nom":"reviewed_inference","uncap_s_sg_acc":"reviewed_inference","uncap_s_sg_dat":"reviewed_inference","uncap_s_sg_gen":"reviewed_inference","uncap_s_sg_nom":"reviewed_inference"}	yes	b9673922348e067ff83ea94187ba0e3b3f4b5ebcbc839cd6d429ab05bc5f2179	537756d1f474dff804f2564fc787e3f6777d12b4b73dd31811dcf66f04d6bea4	"Sozialhilfeträger"	"Sozialhilfeträger"	"Sozialhilfeträger"	"Sozialhilfeträgers"	"Sozialhilfeträger"	"Sozialhilfeträger"	"Sozialhilfeträgern"	"Sozialhilfeträger"	"masculine"	"Sozialhilfeträger"	"sozialhilfeträger"	"sozialhilfeträger"	"sozialhilfeträger"	"sozialhilfeträgers"	"sozialhilfeträger"	"sozialhilfeträger"	"sozialhilfeträgern"	"sozialhilfeträger"	"sozialhilfeträger"	"bind"
wdn_000132_N	L796718	["L796718"]	["32d9002a84c02322355a9f58ffd51d60616e633bf6a9ac16807a556bac4aff4e"]	"Führertum"	partial_evidence	no	wdn_000132_p002	mkN_lemma_gender	P.mkN "Führertum" P.neuter	1	partial	compatible_with_inference	provisional	sampled	none_recorded	["L796718$B01D0929-0439-4AE4-A128-51EDE2904473"]	{"s_sg_acc":["L796718-F4"],"s_sg_dat":["L796718-F3"],"s_sg_gen":["L796718-F2"],"s_sg_nom":["L796718-F1"]}	[]	{"co":"provisional_inference","csep":"provisional_inference","gender":"source_exact","s_pl_acc":"provisional_inference","s_pl_dat":"provisional_inference","s_pl_gen":"provisional_inference","s_pl_nom":"provisional_inference","s_sg_acc":"source_exact","s_sg_dat":"source_exact","s_sg_gen":"source_exact","s_sg_nom":"source_exact","uncap_co":"reviewed_inference","uncap_s_pl_acc":"reviewed_inference","uncap_s_pl_dat":"reviewed_inference","uncap_s_pl_gen":"reviewed_inference","uncap_s_pl_nom":"reviewed_inference","uncap_s_sg_acc":"reviewed_inference","uncap_s_sg_dat":"reviewed_inference","uncap_s_sg_gen":"reviewed_inference","uncap_s_sg_nom":"reviewed_inference"}	yes	d2d82f1b63a8cf7fca15024f2f0f6e1931fd1bd4e0b67ef37b79d6981e30183a	537756d1f474dff804f2564fc787e3f6777d12b4b73dd31811dcf66f04d6bea4	"Führertum"	"Führertum"	"Führertum"	"Führertums"	"Führertumer"	"Führertumer"	"Führertumern"	"Führertumer"	"neuter"	"Führertum"	"führertum"	"führertum"	"führertum"	"führertums"	"führertumer"	"führertumer"	"führertumern"	"führertumer"	"führertum"	"bind"
wdn_000133_N	L796738	["L796738"]	["25330a5cd93d9f286a2f3f0fd53736f9ee2508691ffbefa2f9d38bd43334a95f"]	"Vergütungssystem"	regular_neuter	no	wdn_000133_p007	mkN_two	P.mkN "Vergütungssystem" "Vergütungssysteme" P.neuter	2	complete	exact_source_evidence	provisional	sampled	none_recorded	["L796738$9495D91F-F64A-4ECB-B56A-9D3B1D050261"]	{"s_pl_acc":["L796738-F8"],"s_pl_dat":["L796738-F7"],"s_pl_gen":["L796738-F6"],"s_pl_nom":["L796738-F5"],"s_sg_acc":["L796738-F4"],"s_sg_dat":["L796738-F3"],"s_sg_gen":["L796738-F2"],"s_sg_nom":["L796738-F1"]}	[]	{"co":"provisional_inference","csep":"provisional_inference","gender":"source_exact","s_pl_acc":"source_exact","s_pl_dat":"source_exact","s_pl_gen":"source_exact","s_pl_nom":"source_exact","s_sg_acc":"source_exact","s_sg_dat":"source_exact","s_sg_gen":"source_exact","s_sg_nom":"source_exact","uncap_co":"reviewed_inference","uncap_s_pl_acc":"reviewed_inference","uncap_s_pl_dat":"reviewed_inference","uncap_s_pl_gen":"reviewed_inference","uncap_s_pl_nom":"reviewed_inference","uncap_s_sg_acc":"reviewed_inference","uncap_s_sg_dat":"reviewed_inference","uncap_s_sg_gen":"reviewed_inference","uncap_s_sg_nom":"reviewed_inference"}	yes	91e2b493234f80297c1e2d01ad29b403051b4f987383e1e8a33a554286d1b540	537756d1f474dff804f2564fc787e3f6777d12b4b73dd31811dcf66f04d6bea4	"Vergütungssystem"	"Vergütungssystem"	"Vergütungssystem"	"Vergütungssystems"	"Vergütungssysteme"	"Vergütungssysteme"	"Vergütungssystemen"	"Vergütungssysteme"	"neuter"	"Vergütungssystem"	"vergütungssystem"	"vergütungssystem"	"vergütungssystem"	"vergütungssystems"	"vergütungssysteme"	"vergütungssysteme"	"vergütungssystemen"	"vergütungssysteme"	"vergütungssystem"	"bind"
wdn_000134_N	L796939	["L796939"]	["0b88c2b5a477d9c4976e7019e7df1b445eab665b21ce35e8ed4e0ce78db7103e"]	"Erwachsenenleben"	partial_evidence	no	wdn_000134_p002	mkN_lemma_gender	P.mkN "Erwachsenenleben" P.neuter	1	partial	compatible_with_inference	provisional	sampled	none_recorded	["L796939$43DD22D3-5D5A-456C-82E9-772AF3C9636E"]	{"s_sg_acc":["L796939-F4"],"s_sg_dat":["L796939-F3"],"s_sg_gen":["L796939-F2"],"s_sg_nom":["L796939-F1"]}	[]	{"co":"provisional_inference","csep":"provisional_inference","gender":"source_exact","s_pl_acc":"provisional_inference","s_pl_dat":"provisional_inference","s_pl_gen":"provisional_inference","s_pl_nom":"provisional_inference","s_sg_acc":"source_exact","s_sg_dat":"source_exact","s_sg_gen":"source_exact","s_sg_nom":"source_exact","uncap_co":"reviewed_inference","uncap_s_pl_acc":"reviewed_inference","uncap_s_pl_dat":"reviewed_inference","uncap_s_pl_gen":"reviewed_inference","uncap_s_pl_nom":"reviewed_inference","uncap_s_sg_acc":"reviewed_inference","uncap_s_sg_dat":"reviewed_inference","uncap_s_sg_gen":"reviewed_inference","uncap_s_sg_nom":"reviewed_inference"}	yes	d7f96528150040b4852f59af2ff595289c0a67dce95056bdee6d95c580ca1d40	537756d1f474dff804f2564fc787e3f6777d12b4b73dd31811dcf66f04d6bea4	"Erwachsenenleben"	"Erwachsenenleben"	"Erwachsenenleben"	"Erwachsenenlebens"	"Erwachsenenleben"	"Erwachsenenleben"	"Erwachsenenleben"	"Erwachsenenleben"	"neuter"	"Erwachsenenleben"	"erwachsenenleben"	"erwachsenenleben"	"erwachsenenleben"	"erwachsenenlebens"	"erwachsenenleben"	"erwachsenenleben"	"erwachsenenleben"	"erwachsenenleben"	"erwachsenenleben"	"bind"
wdn_000135_N	L797674	["L797674"]	["b83215e36249f0dadcaa10956dfe89c04161de45a4eb803a6d82e085d462ed4f"]	"Schutzsystem"	regular_neuter	no	wdn_000135_p007	mkN_two	P.mkN "Schutzsystem" "Schutzsysteme" P.neuter	2	complete	exact_source_evidence	provisional	sampled	none_recorded	["L797674$EABE02B9-E6E3-41E3-B0E6-15843230FCBF"]	{"s_pl_acc":["L797674-F8"],"s_pl_dat":["L797674-F7"],"s_pl_gen":["L797674-F6"],"s_pl_nom":["L797674-F5"],"s_sg_acc":["L797674-F4"],"s_sg_dat":["L797674-F3"],"s_sg_gen":["L797674-F2"],"s_sg_nom":["L797674-F1"]}	[]	{"co":"provisional_inference","csep":"provisional_inference","gender":"source_exact","s_pl_acc":"source_exact","s_pl_dat":"source_exact","s_pl_gen":"source_exact","s_pl_nom":"source_exact","s_sg_acc":"source_exact","s_sg_dat":"source_exact","s_sg_gen":"source_exact","s_sg_nom":"source_exact","uncap_co":"reviewed_inference","uncap_s_pl_acc":"reviewed_inference","uncap_s_pl_dat":"reviewed_inference","uncap_s_pl_gen":"reviewed_inference","uncap_s_pl_nom":"reviewed_inference","uncap_s_sg_acc":"reviewed_inference","uncap_s_sg_dat":"reviewed_inference","uncap_s_sg_gen":"reviewed_inference","uncap_s_sg_nom":"reviewed_inference"}	yes	db26e2fda195b84e9f88ae6aa08b42a8a4cf17a2aa3ae160024c69cbd9ae3e06	537756d1f474dff804f2564fc787e3f6777d12b4b73dd31811dcf66f04d6bea4	"Schutzsystem"	"Schutzsystem"	"Schutzsystem"	"Schutzsystems"	"Schutzsysteme"	"Schutzsysteme"	"Schutzsystemen"	"Schutzsysteme"	"neuter"	"Schutzsystem"	"schutzsystem"	"schutzsystem"	"schutzsystem"	"schutzsystems"	"schutzsysteme"	"schutzsysteme"	"schutzsystemen"	"schutzsysteme"	"schutzsystem"	"bind"
wdn_000136_N	L797999	["L797999"]	["3523a849df839607561984615525745e52c71dbe9e2883917c2afdc9a94d0704"]	"Diamantbohrer"	regular_masculine	no	wdn_000136_p001	mkN_lemma	P.mkN "Diamantbohrer"	1	complete	exact_source_evidence	provisional	sampled	none_recorded	["L797999$AE7D6EDE-6A59-40F1-8848-594837874C4E"]	{"s_pl_acc":["L797999-F8"],"s_pl_dat":["L797999-F7"],"s_pl_gen":["L797999-F6"],"s_pl_nom":["L797999-F5"],"s_sg_acc":["L797999-F4"],"s_sg_dat":["L797999-F3"],"s_sg_gen":["L797999-F2"],"s_sg_nom":["L797999-F1"]}	[]	{"co":"provisional_inference","csep":"provisional_inference","gender":"source_exact","s_pl_acc":"source_exact","s_pl_dat":"source_exact","s_pl_gen":"source_exact","s_pl_nom":"source_exact","s_sg_acc":"source_exact","s_sg_dat":"source_exact","s_sg_gen":"source_exact","s_sg_nom":"source_exact","uncap_co":"reviewed_inference","uncap_s_pl_acc":"reviewed_inference","uncap_s_pl_dat":"reviewed_inference","uncap_s_pl_gen":"reviewed_inference","uncap_s_pl_nom":"reviewed_inference","uncap_s_sg_acc":"reviewed_inference","uncap_s_sg_dat":"reviewed_inference","uncap_s_sg_gen":"reviewed_inference","uncap_s_sg_nom":"reviewed_inference"}	yes	b18a571012437efc8bf174096eab7c7072da3b66d9249df2e223bae0f0bd1426	537756d1f474dff804f2564fc787e3f6777d12b4b73dd31811dcf66f04d6bea4	"Diamantbohrer"	"Diamantbohrer"	"Diamantbohrer"	"Diamantbohrers"	"Diamantbohrer"	"Diamantbohrer"	"Diamantbohrern"	"Diamantbohrer"	"masculine"	"Diamantbohrer"	"diamantbohrer"	"diamantbohrer"	"diamantbohrer"	"diamantbohrers"	"diamantbohrer"	"diamantbohrer"	"diamantbohrern"	"diamantbohrer"	"diamantbohrer"	"bind"
wdn_000137_N	L798189	["L798189"]	["5255a4e34753a8f4506eb8b53c54023100716c8b39864a8540060e43220baf54"]	"Rindswurst"	regular_feminine	no	wdn_000137_p007	mkN_two	P.mkN "Rindswurst" "Rindswürste" P.feminine	2	complete	exact_source_evidence	provisional	sampled	explicit_compound_analysis	["L798189$A45D2365-6CF2-4CC8-A652-6C36C10F44FF","L798189$BF8848C2-5BA9-4D0B-9133-AD217889C24B"]	{"s_pl_acc":["L798189-F8"],"s_pl_dat":["L798189-F7"],"s_pl_gen":["L798189-F6"],"s_pl_nom":["L798189-F5"],"s_sg_acc":["L798189-F4"],"s_sg_dat":["L798189-F3"],"s_sg_gen":["L798189-F2"],"s_sg_nom":["L798189-F1"]}	[]	{"co":"provisional_inference","csep":"provisional_inference","gender":"source_exact","s_pl_acc":"source_exact","s_pl_dat":"source_exact","s_pl_gen":"source_exact","s_pl_nom":"source_exact","s_sg_acc":"source_exact","s_sg_dat":"source_exact","s_sg_gen":"source_exact","s_sg_nom":"source_exact","uncap_co":"reviewed_inference","uncap_s_pl_acc":"reviewed_inference","uncap_s_pl_dat":"reviewed_inference","uncap_s_pl_gen":"reviewed_inference","uncap_s_pl_nom":"reviewed_inference","uncap_s_sg_acc":"reviewed_inference","uncap_s_sg_dat":"reviewed_inference","uncap_s_sg_gen":"reviewed_inference","uncap_s_sg_nom":"reviewed_inference"}	yes	d43306dc9ba475569ed63463b69b134bb6f0b99022d67a3395834fb48edeb985	537756d1f474dff804f2564fc787e3f6777d12b4b73dd31811dcf66f04d6bea4	"Rindswurst"	"Rindswurst"	"Rindswurst"	"Rindswurst"	"Rindswürste"	"Rindswürste"	"Rindswürsten"	"Rindswürste"	"feminine"	"Rindswurst"	"rindswurst"	"rindswurst"	"rindswurst"	"rindswurst"	"rindswürste"	"rindswürste"	"rindswürsten"	"rindswürste"	"rindswurst"	"bind"
wdn_000138_N	L798436	["L798436"]	["8733a59c439ebe2ffe99322b0588e3d4b085f6858b89874ea6501faba2b5190c"]	"Leberkäse"	partial_evidence	no	wdn_000138_p004	invarPlN_one	P.invarPlN "Leberkäse" P.masculine	1	partial	compatible_with_inference	provisional	sampled	none_recorded	["L798436$3AD51E9C-84C7-4053-B4CE-4CFF17A7AC55"]	{"s_sg_acc":["L798436-F4"],"s_sg_dat":["L798436-F3"],"s_sg_gen":["L798436-F2"],"s_sg_nom":["L798436-F1"]}	[]	{"co":"provisional_inference","csep":"provisional_inference","gender":"source_exact","s_pl_acc":"provisional_inference","s_pl_dat":"provisional_inference","s_pl_gen":"provisional_inference","s_pl_nom":"provisional_inference","s_sg_acc":"source_exact","s_sg_dat":"source_exact","s_sg_gen":"source_exact","s_sg_nom":"source_exact","uncap_co":"reviewed_inference","uncap_s_pl_acc":"reviewed_inference","uncap_s_pl_dat":"reviewed_inference","uncap_s_pl_gen":"reviewed_inference","uncap_s_pl_nom":"reviewed_inference","uncap_s_sg_acc":"reviewed_inference","uncap_s_sg_dat":"reviewed_inference","uncap_s_sg_gen":"reviewed_inference","uncap_s_sg_nom":"reviewed_inference"}	yes	53ede07ca9c671b6fa97ea7f5dc86fe2f6fafa59fb896ce423c329d98a1f8675	537756d1f474dff804f2564fc787e3f6777d12b4b73dd31811dcf66f04d6bea4	"Leberkäse"	"Leberkäse"	"Leberkäse"	"Leberkäses"	"Leberkäse"	"Leberkäse"	"Leberkäse"	"Leberkäse"	"masculine"	"Leberkäsen"	"leberkäse"	"leberkäse"	"leberkäse"	"leberkäses"	"leberkäse"	"leberkäse"	"leberkäse"	"leberkäse"	"leberkäsen"	"bind"
wdn_000140_N	L798804	["L798804"]	["c42cadd2ffdaf9e6fd710293b8dd2f8c7739dacac0565d450e1020e748358ae8"]	"SK"	abbreviation	no	wdn_000140_p002	abbrevN+mkN_lemma_gender	P.abbrevN (P.mkN "SK" P.masculine)	1	none	compatible_with_inference	provisional	sampled	none_recorded	["L798804$0EC862A7-F594-4A75-BD94-6FAC5F83E11C"]	{}	[]	{"co":"provisional_inference","csep":"reviewed_inference","gender":"source_exact","s_pl_acc":"provisional_inference","s_pl_dat":"provisional_inference","s_pl_gen":"provisional_inference","s_pl_nom":"provisional_inference","s_sg_acc":"provisional_inference","s_sg_dat":"provisional_inference","s_sg_gen":"provisional_inference","s_sg_nom":"provisional_inference","uncap_co":"reviewed_inference","uncap_s_pl_acc":"reviewed_inference","uncap_s_pl_dat":"reviewed_inference","uncap_s_pl_gen":"reviewed_inference","uncap_s_pl_nom":"reviewed_inference","uncap_s_sg_acc":"reviewed_inference","uncap_s_sg_dat":"reviewed_inference","uncap_s_sg_gen":"reviewed_inference","uncap_s_sg_nom":"reviewed_inference"}	yes	647567ea785f2bec590d8f0dc5ea50a410aade9cc539a4a2ddec06e5b54ead6a	537756d1f474dff804f2564fc787e3f6777d12b4b73dd31811dcf66f04d6bea4	"SK"	"SK"	"SK"	"SKs"	"SKe"	"SKe"	"SKen"	"SKe"	"masculine"	"SK"	"SK"	"SK"	"SK"	"SKs"	"SKe"	"SKe"	"SKen"	"SKe"	"SK"	"hyphen"
wdn_000142_N	L799204	["L799204"]	["86b249385603a272ce0647f82a5662fbd92d204397913dc3db2cb1bec3cffeef"]	"Fahrgeschäft"	regular_neuter	no	wdn_000142_p007	mkN_two	P.mkN "Fahrgeschäft" "Fahrgeschäfte" P.neuter	2	complete	exact_source_evidence	provisional	sampled	none_recorded	["L799204$36FEC54B-A2A9-4B0A-8786-46A0F37E4BFE"]	{"s_pl_acc":["L799204-F8"],"s_pl_dat":["L799204-F6"],"s_pl_gen":["L799204-F4"],"s_pl_nom":["L799204-F2"],"s_sg_acc":["L799204-F7"],"s_sg_dat":["L799204-F5"],"s_sg_gen":["L799204-F3"],"s_sg_nom":["L799204-F1"]}	[]	{"co":"provisional_inference","csep":"provisional_inference","gender":"source_exact","s_pl_acc":"source_exact","s_pl_dat":"source_exact","s_pl_gen":"source_exact","s_pl_nom":"source_exact","s_sg_acc":"source_exact","s_sg_dat":"source_exact","s_sg_gen":"source_exact","s_sg_nom":"source_exact","uncap_co":"reviewed_inference","uncap_s_pl_acc":"reviewed_inference","uncap_s_pl_dat":"reviewed_inference","uncap_s_pl_gen":"reviewed_inference","uncap_s_pl_nom":"reviewed_inference","uncap_s_sg_acc":"reviewed_inference","uncap_s_sg_dat":"reviewed_inference","uncap_s_sg_gen":"reviewed_inference","uncap_s_sg_nom":"reviewed_inference"}	yes	710bffb6810efd3de5da627876c5fc3c5a72eb9d23903692501e4921fa17bf9e	537756d1f474dff804f2564fc787e3f6777d12b4b73dd31811dcf66f04d6bea4	"Fahrgeschäft"	"Fahrgeschäft"	"Fahrgeschäft"	"Fahrgeschäfts"	"Fahrgeschäfte"	"Fahrgeschäfte"	"Fahrgeschäften"	"Fahrgeschäfte"	"neuter"	"Fahrgeschäft"	"fahrgeschäft"	"fahrgeschäft"	"fahrgeschäft"	"fahrgeschäfts"	"fahrgeschäfte"	"fahrgeschäfte"	"fahrgeschäften"	"fahrgeschäfte"	"fahrgeschäft"	"bind"
wdn_000143_N	L799654	["L799654"]	["eb379d2015e088c5a1af991e52a87d4e2b67232378efea3b428563ff3f05d25b"]	"Elaste"	regular_feminine	no	wdn_000143_p007	mkN_two	P.mkN "Elaste" "Elaste" P.feminine	2	complete	exact_source_evidence	provisional	sampled	none_recorded	["L799654$43EC21E9-20C7-483D-89FC-8EA6AD460E6E"]	{"s_pl_acc":["L799654-F8"],"s_pl_dat":["L799654-F7"],"s_pl_gen":["L799654-F6"],"s_pl_nom":["L799654-F5"],"s_sg_acc":["L799654-F4"],"s_sg_dat":["L799654-F3"],"s_sg_gen":["L799654-F2"],"s_sg_nom":["L799654-F1"]}	[]	{"co":"provisional_inference","csep":"provisional_inference","gender":"source_exact","s_pl_acc":"source_exact","s_pl_dat":"source_exact","s_pl_gen":"source_exact","s_pl_nom":"source_exact","s_sg_acc":"source_exact","s_sg_dat":"source_exact","s_sg_gen":"source_exact","s_sg_nom":"source_exact","uncap_co":"reviewed_inference","uncap_s_pl_acc":"reviewed_inference","uncap_s_pl_dat":"reviewed_inference","uncap_s_pl_gen":"reviewed_inference","uncap_s_pl_nom":"reviewed_inference","uncap_s_sg_acc":"reviewed_inference","uncap_s_sg_dat":"reviewed_inference","uncap_s_sg_gen":"reviewed_inference","uncap_s_sg_nom":"reviewed_inference"}	yes	e7fe1c5d66927ce91e59eb0ee923f09ea138cf83ca6a370b931f876b10925029	537756d1f474dff804f2564fc787e3f6777d12b4b73dd31811dcf66f04d6bea4	"Elaste"	"Elaste"	"Elaste"	"Elaste"	"Elaste"	"Elaste"	"Elasten"	"Elaste"	"feminine"	"Elasten"	"elaste"	"elaste"	"elaste"	"elaste"	"elaste"	"elaste"	"elasten"	"elaste"	"elasten"	"bind"
wdn_000144_N	L800603	["L800603"]	["6077e70b73eab7e665314754e63361450a5ba1e92a1d634227c3f0ba71cab154"]	"3-D-Kamera"	hyphenated	no	wdn_000144_p005	invarN_two	P.invarN "3-D-Kamera" "3-D-Kameras" P.feminine	2	complete	exact_source_evidence	provisional	sampled	none_recorded	["L800603$962B1D41-1AFD-40BB-B032-56BB6F122C31"]	{"s_pl_acc":["L800603-F8"],"s_pl_dat":["L800603-F7"],"s_pl_gen":["L800603-F6"],"s_pl_nom":["L800603-F5"],"s_sg_acc":["L800603-F4"],"s_sg_dat":["L800603-F3"],"s_sg_gen":["L800603-F2"],"s_sg_nom":["L800603-F1"]}	[]	{"co":"provisional_inference","csep":"reviewed_inference","gender":"source_exact","s_pl_acc":"source_exact","s_pl_dat":"source_exact","s_pl_gen":"source_exact","s_pl_nom":"source_exact","s_sg_acc":"source_exact","s_sg_dat":"source_exact","s_sg_gen":"source_exact","s_sg_nom":"source_exact","uncap_co":"reviewed_inference","uncap_s_pl_acc":"reviewed_inference","uncap_s_pl_dat":"reviewed_inference","uncap_s_pl_gen":"reviewed_inference","uncap_s_pl_nom":"reviewed_inference","uncap_s_sg_acc":"reviewed_inference","uncap_s_sg_dat":"reviewed_inference","uncap_s_sg_gen":"reviewed_inference","uncap_s_sg_nom":"reviewed_inference"}	yes	4a82b7d45f147d30f08089bfbe9ebe11db988eec88816bb8c56ec6b30c2b9018	537756d1f474dff804f2564fc787e3f6777d12b4b73dd31811dcf66f04d6bea4	"3-D-Kamera"	"3-D-Kamera"	"3-D-Kamera"	"3-D-Kamera"	"3-D-Kameras"	"3-D-Kameras"	"3-D-Kameras"	"3-D-Kameras"	"feminine"	"3-D-Kamera"	"3-D-Kamera"	"3-D-Kamera"	"3-D-Kamera"	"3-D-Kamera"	"3-D-Kameras"	"3-D-Kameras"	"3-D-Kameras"	"3-D-Kameras"	"3-D-Kamera"	"hyphen"
wdn_000146_N	L802631	["L802631"]	["3cc06587b0ba7cc861505a01d5acd397ef9c0d118df2bad027319cd6b729d226"]	"Akquisitionskosten"	plural_only	no	wdn_000146_p001	pluralOnlyN	P.pluralOnlyN "Akquisitionskosten"	1	complete	compatible_with_inference	provisional	sampled	none_recorded	["L802631$65FCA313-CEC3-46E8-A21B-C6A64296DCDA"]	{"s_pl_acc":["L802631-F4"],"s_pl_dat":["L802631-F3"],"s_pl_gen":["L802631-F2"],"s_pl_nom":["L802631-F1"]}	[]	{"co":"provisional_inference","csep":"provisional_inference","gender":"provisional_inference","s_pl_acc":"source_exact","s_pl_dat":"source_exact","s_pl_gen":"source_exact","s_pl_nom":"source_exact","s_sg_acc":"unavailable","s_sg_dat":"unavailable","s_sg_gen":"unavailable","s_sg_nom":"unavailable","uncap_co":"reviewed_inference","uncap_s_pl_acc":"reviewed_inference","uncap_s_pl_dat":"reviewed_inference","uncap_s_pl_gen":"reviewed_inference","uncap_s_pl_nom":"reviewed_inference","uncap_s_sg_acc":"unavailable","uncap_s_sg_dat":"unavailable","uncap_s_sg_gen":"unavailable","uncap_s_sg_nom":"unavailable"}	yes	eb7b42702e00f890d644ea36c7a3e97a2d3b6bf1859a7ef838e3872016d3db9f	537756d1f474dff804f2564fc787e3f6777d12b4b73dd31811dcf66f04d6bea4	""	""	""	""	"Akquisitionskosten"	"Akquisitionskosten"	"Akquisitionskosten"	"Akquisitionskosten"	"masculine"	"Akquisitionskosten"	""	""	""	""	"akquisitionskosten"	"akquisitionskosten"	"akquisitionskosten"	"akquisitionskosten"	"akquisitionskosten"	"bind"
wdn_000147_N	L802810	["L802810"]	["f9dfb6ae369943668dcb68a59c4c10c118a075f0b3c495294845238441387825"]	"Extrauterinschwangerschaft"	invariant	no	wdn_000147_p001	mkN_lemma	P.mkN "Extrauterinschwangerschaft"	1	complete	exact_source_evidence	provisional	sampled	none_recorded	["L802810$0CFC8CC3-41E2-48C9-9B70-3A348045760D"]	{"s_pl_acc":["L802810-F8"],"s_pl_dat":["L802810-F7"],"s_pl_gen":["L802810-F6"],"s_pl_nom":["L802810-F5"],"s_sg_acc":["L802810-F4"],"s_sg_dat":["L802810-F3"],"s_sg_gen":["L802810-F2"],"s_sg_nom":["L802810-F1"]}	[]	{"co":"provisional_inference","csep":"provisional_inference","gender":"source_exact","s_pl_acc":"source_exact","s_pl_dat":"source_exact","s_pl_gen":"source_exact","s_pl_nom":"source_exact","s_sg_acc":"source_exact","s_sg_dat":"source_exact","s_sg_gen":"source_exact","s_sg_nom":"source_exact","uncap_co":"reviewed_inference","uncap_s_pl_acc":"reviewed_inference","uncap_s_pl_dat":"reviewed_inference","uncap_s_pl_gen":"reviewed_inference","uncap_s_pl_nom":"reviewed_inference","uncap_s_sg_acc":"reviewed_inference","uncap_s_sg_dat":"reviewed_inference","uncap_s_sg_gen":"reviewed_inference","uncap_s_sg_nom":"reviewed_inference"}	yes	192003dc435d687d6c296e965a5423f2af7cc0856e0c7b14a6eb7110f7fb6168	537756d1f474dff804f2564fc787e3f6777d12b4b73dd31811dcf66f04d6bea4	"Extrauterinschwangerschaft"	"Extrauterinschwangerschaft"	"Extrauterinschwangerschaft"	"Extrauterinschwangerschaft"	"Extrauterinschwangerschaften"	"Extrauterinschwangerschaften"	"Extrauterinschwangerschaften"	"Extrauterinschwangerschaften"	"feminine"	"Extrauterinschwangerschaft"	"extrauterinschwangerschaft"	"extrauterinschwangerschaft"	"extrauterinschwangerschaft"	"extrauterinschwangerschaft"	"extrauterinschwangerschaften"	"extrauterinschwangerschaften"	"extrauterinschwangerschaften"	"extrauterinschwangerschaften"	"extrauterinschwangerschaft"	"bind"
wdn_000148_N	L805290	["L805290"]	["529cc76d1e3c75f2101996bd83510115d1f5999682e25a3bcf433f16734d1582"]	"PR-Desaster"	hyphenated	no	wdn_000148_p002	mkN_lemma_gender	P.mkN "PR-Desaster" P.neuter	1	complete	exact_source_evidence	provisional	sampled	none_recorded	["L805290$C744CC83-59EA-4810-876E-00D8DF38F1CF"]	{"s_pl_acc":["L805290-F8"],"s_pl_dat":["L805290-F7"],"s_pl_gen":["L805290-F6"],"s_pl_nom":["L805290-F5"],"s_sg_acc":["L805290-F4"],"s_sg_dat":["L805290-F3"],"s_sg_gen":["L805290-F2"],"s_sg_nom":["L805290-F1"]}	[]	{"co":"provisional_inference","csep":"reviewed_inference","gender":"source_exact","s_pl_acc":"source_exact","s_pl_dat":"source_exact","s_pl_gen":"source_exact","s_pl_nom":"source_exact","s_sg_acc":"source_exact","s_sg_dat":"source_exact","s_sg_gen":"source_exact","s_sg_nom":"source_exact","uncap_co":"reviewed_inference","uncap_s_pl_acc":"reviewed_inference","uncap_s_pl_dat":"reviewed_inference","uncap_s_pl_gen":"reviewed_inference","uncap_s_pl_nom":"reviewed_inference","uncap_s_sg_acc":"reviewed_inference","uncap_s_sg_dat":"reviewed_inference","uncap_s_sg_gen":"reviewed_inference","uncap_s_sg_nom":"reviewed_inference"}	yes	efcaf22510c3559614410b4248a041cb77ee5c07f7eeec547b4318df5779ff7e	537756d1f474dff804f2564fc787e3f6777d12b4b73dd31811dcf66f04d6bea4	"PR-Desaster"	"PR-Desaster"	"PR-Desaster"	"PR-Desasters"	"PR-Desaster"	"PR-Desaster"	"PR-Desastern"	"PR-Desaster"	"neuter"	"PR-Desaster"	"PR-Desaster"	"PR-Desaster"	"PR-Desaster"	"PR-Desasters"	"PR-Desaster"	"PR-Desaster"	"PR-Desastern"	"PR-Desaster"	"PR-Desaster"	"hyphen"
wdn_000149_N	L807195	["L807195"]	["8c1ad05f5eec877be8f7a5590bf9aea0db16b19b204fad932a1a18b99e67203d"]	"Sondernutzungserlaubnis"	regular_feminine	no	wdn_000149_p007	mkN_two	P.mkN "Sondernutzungserlaubnis" "Sondernutzungserlaubnisse" P.feminine	2	complete	exact_source_evidence	provisional	sampled	none_recorded	["L807195$344FD7FE-67B3-451A-AF8F-924C9766DDA8"]	{"s_pl_acc":["L807195-F8"],"s_pl_dat":["L807195-F7"],"s_pl_gen":["L807195-F6"],"s_pl_nom":["L807195-F5"],"s_sg_acc":["L807195-F4"],"s_sg_dat":["L807195-F3"],"s_sg_gen":["L807195-F2"],"s_sg_nom":["L807195-F1"]}	[]	{"co":"provisional_inference","csep":"provisional_inference","gender":"source_exact","s_pl_acc":"source_exact","s_pl_dat":"source_exact","s_pl_gen":"source_exact","s_pl_nom":"source_exact","s_sg_acc":"source_exact","s_sg_dat":"source_exact","s_sg_gen":"source_exact","s_sg_nom":"source_exact","uncap_co":"reviewed_inference","uncap_s_pl_acc":"reviewed_inference","uncap_s_pl_dat":"reviewed_inference","uncap_s_pl_gen":"reviewed_inference","uncap_s_pl_nom":"reviewed_inference","uncap_s_sg_acc":"reviewed_inference","uncap_s_sg_dat":"reviewed_inference","uncap_s_sg_gen":"reviewed_inference","uncap_s_sg_nom":"reviewed_inference"}	yes	97b77c3b5651fe6bce37573e705b047e8c7452681bd2eba57034dca0a16f15cb	537756d1f474dff804f2564fc787e3f6777d12b4b73dd31811dcf66f04d6bea4	"Sondernutzungserlaubnis"	"Sondernutzungserlaubnis"	"Sondernutzungserlaubnis"	"Sondernutzungserlaubnis"	"Sondernutzungserlaubnisse"	"Sondernutzungserlaubnisse"	"Sondernutzungserlaubnissen"	"Sondernutzungserlaubnisse"	"feminine"	"Sondernutzungserlaubnis"	"sondernutzungserlaubnis"	"sondernutzungserlaubnis"	"sondernutzungserlaubnis"	"sondernutzungserlaubnis"	"sondernutzungserlaubnisse"	"sondernutzungserlaubnisse"	"sondernutzungserlaubnissen"	"sondernutzungserlaubnisse"	"sondernutzungserlaubnis"	"bind"
wdn_000150_N	L807545	["L807545"]	["e1366399ffad733fdce3aede810ca92132b612938bf0644a854c40cd220e6a18"]	"Asphaltpflaster"	unknown_gender	no	wdn_000150_p001	mkN_lemma	P.mkN "Asphaltpflaster"	1	complete	compatible_with_inference	provisional	sampled	none_recorded	[]	{"s_pl_acc":["L807545-F8"],"s_pl_dat":["L807545-F7"],"s_pl_gen":["L807545-F6"],"s_pl_nom":["L807545-F5"],"s_sg_acc":["L807545-F4"],"s_sg_dat":["L807545-F3"],"s_sg_gen":["L807545-F2"],"s_sg_nom":["L807545-F1"]}	[]	{"co":"provisional_inference","csep":"provisional_inference","gender":"provisional_inference","s_pl_acc":"source_exact","s_pl_dat":"source_exact","s_pl_gen":"source_exact","s_pl_nom":"source_exact","s_sg_acc":"source_exact","s_sg_dat":"source_exact","s_sg_gen":"source_exact","s_sg_nom":"source_exact","uncap_co":"reviewed_inference","uncap_s_pl_acc":"reviewed_inference","uncap_s_pl_dat":"reviewed_inference","uncap_s_pl_gen":"reviewed_inference","uncap_s_pl_nom":"reviewed_inference","uncap_s_sg_acc":"reviewed_inference","uncap_s_sg_dat":"reviewed_inference","uncap_s_sg_gen":"reviewed_inference","uncap_s_sg_nom":"reviewed_inference"}	yes	3edc5aba8ef6e6ee7b568047d0d0d2d41dc1f1bd1aa73d07583be64ad20bb693	537756d1f474dff804f2564fc787e3f6777d12b4b73dd31811dcf66f04d6bea4	"Asphaltpflaster"	"Asphaltpflaster"	"Asphaltpflaster"	"Asphaltpflasters"	"Asphaltpflaster"	"Asphaltpflaster"	"Asphaltpflastern"	"Asphaltpflaster"	"masculine"	"Asphaltpflaster"	"asphaltpflaster"	"asphaltpflaster"	"asphaltpflaster"	"asphaltpflasters"	"asphaltpflaster"	"asphaltpflaster"	"asphaltpflastern"	"asphaltpflaster"	"asphaltpflaster"	"bind"
wdn_000153_N	L808839	["L808839"]	["7acae3911860b7098adc1f172f5582ffa2ed5645e70bb5c1f0fd13e00ecc82ae"]	"Marihuana"	partial_evidence	no	wdn_000153_p002	mkN_lemma_gender	P.mkN "Marihuana" P.neuter	1	partial	compatible_with_inference	provisional	sampled	none_recorded	["L808839$0E121CEF-9631-4221-B505-4B4E366A0AF2"]	{"s_sg_acc":["L808839-F4"],"s_sg_dat":["L808839-F3"],"s_sg_gen":["L808839-F2"],"s_sg_nom":["L808839-F1"]}	[]	{"co":"provisional_inference","csep":"provisional_inference","gender":"source_exact","s_pl_acc":"provisional_inference","s_pl_dat":"provisional_inference","s_pl_gen":"provisional_inference","s_pl_nom":"provisional_inference","s_sg_acc":"source_exact","s_sg_dat":"source_exact","s_sg_gen":"source_exact","s_sg_nom":"source_exact","uncap_co":"reviewed_inference","uncap_s_pl_acc":"reviewed_inference","uncap_s_pl_dat":"reviewed_inference","uncap_s_pl_gen":"reviewed_inference","uncap_s_pl_nom":"reviewed_inference","uncap_s_sg_acc":"reviewed_inference","uncap_s_sg_dat":"reviewed_inference","uncap_s_sg_gen":"reviewed_inference","uncap_s_sg_nom":"reviewed_inference"}	yes	02d90472dd2d18534c7bd9ccc0612a12b0d7fb4d1452523c6f90ff23917a3edd	537756d1f474dff804f2564fc787e3f6777d12b4b73dd31811dcf66f04d6bea4	"Marihuana"	"Marihuana"	"Marihuana"	"Marihuanas"	"Marihuanaer"	"Marihuanaer"	"Marihuanaern"	"Marihuanaer"	"neuter"	"Marihuana"	"marihuana"	"marihuana"	"marihuana"	"marihuanas"	"marihuanaer"	"marihuanaer"	"marihuanaern"	"marihuanaer"	"marihuana"	"bind"
wdn_000154_N	L809582	["L809582"]	["8df080215065cd44af860ef7dedc17f5639012fa7d6d17daf3f2236ffe375d84"]	"Kardinalproblem"	regular_neuter	no	wdn_000154_p007	mkN_two	P.mkN "Kardinalproblem" "Kardinalprobleme" P.neuter	2	complete	exact_source_evidence	provisional	sampled	none_recorded	["L809582$69A30790-CBE4-4092-AC43-3246AE854ED2"]	{"s_pl_acc":["L809582-F8"],"s_pl_dat":["L809582-F7"],"s_pl_gen":["L809582-F6"],"s_pl_nom":["L809582-F5"],"s_sg_acc":["L809582-F4"],"s_sg_dat":["L809582-F3"],"s_sg_gen":["L809582-F2"],"s_sg_nom":["L809582-F1"]}	[]	{"co":"provisional_inference","csep":"provisional_inference","gender":"source_exact","s_pl_acc":"source_exact","s_pl_dat":"source_exact","s_pl_gen":"source_exact","s_pl_nom":"source_exact","s_sg_acc":"source_exact","s_sg_dat":"source_exact","s_sg_gen":"source_exact","s_sg_nom":"source_exact","uncap_co":"reviewed_inference","uncap_s_pl_acc":"reviewed_inference","uncap_s_pl_dat":"reviewed_inference","uncap_s_pl_gen":"reviewed_inference","uncap_s_pl_nom":"reviewed_inference","uncap_s_sg_acc":"reviewed_inference","uncap_s_sg_dat":"reviewed_inference","uncap_s_sg_gen":"reviewed_inference","uncap_s_sg_nom":"reviewed_inference"}	yes	98f2ecbf929a4ffb38dd4b54f6b66eea77bc3cf84111866a2730edf6c5f8550c	537756d1f474dff804f2564fc787e3f6777d12b4b73dd31811dcf66f04d6bea4	"Kardinalproblem"	"Kardinalproblem"	"Kardinalproblem"	"Kardinalproblems"	"Kardinalprobleme"	"Kardinalprobleme"	"Kardinalproblemen"	"Kardinalprobleme"	"neuter"	"Kardinalproblem"	"kardinalproblem"	"kardinalproblem"	"kardinalproblem"	"kardinalproblems"	"kardinalprobleme"	"kardinalprobleme"	"kardinalproblemen"	"kardinalprobleme"	"kardinalproblem"	"bind"
wdn_000155_N	L809811	["L809811"]	["567d0ddfef11ab87626213d283ce905aa36423166bf31b3ad0d11a856f687614"]	"Kappnaht"	regular_feminine	no	wdn_000155_p007	mkN_two	P.mkN "Kappnaht" "Kappnähte" P.feminine	2	complete	exact_source_evidence	provisional	sampled	none_recorded	["L809811$DF880EFD-3F41-44C4-8209-A6074FE274F9"]	{"s_pl_acc":["L809811-F8"],"s_pl_dat":["L809811-F7"],"s_pl_gen":["L809811-F6"],"s_pl_nom":["L809811-F5"],"s_sg_acc":["L809811-F4"],"s_sg_dat":["L809811-F3"],"s_sg_gen":["L809811-F2"],"s_sg_nom":["L809811-F1"]}	[]	{"co":"provisional_inference","csep":"provisional_inference","gender":"source_exact","s_pl_acc":"source_exact","s_pl_dat":"source_exact","s_pl_gen":"source_exact","s_pl_nom":"source_exact","s_sg_acc":"source_exact","s_sg_dat":"source_exact","s_sg_gen":"source_exact","s_sg_nom":"source_exact","uncap_co":"reviewed_inference","uncap_s_pl_acc":"reviewed_inference","uncap_s_pl_dat":"reviewed_inference","uncap_s_pl_gen":"reviewed_inference","uncap_s_pl_nom":"reviewed_inference","uncap_s_sg_acc":"reviewed_inference","uncap_s_sg_dat":"reviewed_inference","uncap_s_sg_gen":"reviewed_inference","uncap_s_sg_nom":"reviewed_inference"}	yes	2c54225d183fd1ae4d693278f3b68c20d6cbb0d098b05b7fa9dfb86f3e8370a4	537756d1f474dff804f2564fc787e3f6777d12b4b73dd31811dcf66f04d6bea4	"Kappnaht"	"Kappnaht"	"Kappnaht"	"Kappnaht"	"Kappnähte"	"Kappnähte"	"Kappnähten"	"Kappnähte"	"feminine"	"Kappnaht"	"kappnaht"	"kappnaht"	"kappnaht"	"kappnaht"	"kappnähte"	"kappnähte"	"kappnähten"	"kappnähte"	"kappnaht"	"bind"
wdn_000157_N	L812874	["L812874"]	["6f3bf29ee9a95f622248c5f035975d613646aab9f1e2648a419cba7553ee6e76"]	"Fluh"	regular_feminine	no	wdn_000157_p007	mkN_two	P.mkN "Fluh" "Flühe" P.feminine	2	complete	exact_source_evidence	provisional	sampled	none_recorded	["L812874$57DF1182-89C6-42AA-91F9-6B89F6A48A7B"]	{"s_pl_acc":["L812874-F8"],"s_pl_dat":["L812874-F6"],"s_pl_gen":["L812874-F4"],"s_pl_nom":["L812874-F2"],"s_sg_acc":["L812874-F7"],"s_sg_dat":["L812874-F5"],"s_sg_gen":["L812874-F3"],"s_sg_nom":["L812874-F1"]}	[]	{"co":"provisional_inference","csep":"provisional_inference","gender":"source_exact","s_pl_acc":"source_exact","s_pl_dat":"source_exact","s_pl_gen":"source_exact","s_pl_nom":"source_exact","s_sg_acc":"source_exact","s_sg_dat":"source_exact","s_sg_gen":"source_exact","s_sg_nom":"source_exact","uncap_co":"reviewed_inference","uncap_s_pl_acc":"reviewed_inference","uncap_s_pl_dat":"reviewed_inference","uncap_s_pl_gen":"reviewed_inference","uncap_s_pl_nom":"reviewed_inference","uncap_s_sg_acc":"reviewed_inference","uncap_s_sg_dat":"reviewed_inference","uncap_s_sg_gen":"reviewed_inference","uncap_s_sg_nom":"reviewed_inference"}	yes	dc94c3a9ac5ab13eb58110e0f151ac99287ea4476ad5c14702d3be0f0d4028fc	537756d1f474dff804f2564fc787e3f6777d12b4b73dd31811dcf66f04d6bea4	"Fluh"	"Fluh"	"Fluh"	"Fluh"	"Flühe"	"Flühe"	"Flühen"	"Flühe"	"feminine"	"Fluh"	"fluh"	"fluh"	"fluh"	"fluh"	"flühe"	"flühe"	"flühen"	"flühe"	"fluh"	"bind"
wdn_000158_N	L813145	["L813145"]	["c1bb00010eb5110fdf9ba8672293ca01c0b23e58256249e7dfc7724e7761109b"]	"Füllofen"	invariant_plural	no	wdn_000158_p006	invarPlN_two	P.invarPlN "Füllofen" "Füllöfen" P.masculine	2	complete	exact_source_evidence	provisional	sampled	none_recorded	["L813145$4B3DFACD-782C-4F8D-A61E-BB8810A98F1E"]	{"s_pl_acc":["L813145-F8"],"s_pl_dat":["L813145-F7"],"s_pl_gen":["L813145-F6"],"s_pl_nom":["L813145-F5"],"s_sg_acc":["L813145-F4"],"s_sg_dat":["L813145-F3"],"s_sg_gen":["L813145-F2"],"s_sg_nom":["L813145-F1"]}	[]	{"co":"provisional_inference","csep":"provisional_inference","gender":"source_exact","s_pl_acc":"source_exact","s_pl_dat":"source_exact","s_pl_gen":"source_exact","s_pl_nom":"source_exact","s_sg_acc":"source_exact","s_sg_dat":"source_exact","s_sg_gen":"source_exact","s_sg_nom":"source_exact","uncap_co":"reviewed_inference","uncap_s_pl_acc":"reviewed_inference","uncap_s_pl_dat":"reviewed_inference","uncap_s_pl_gen":"reviewed_inference","uncap_s_pl_nom":"reviewed_inference","uncap_s_sg_acc":"reviewed_inference","uncap_s_sg_dat":"reviewed_inference","uncap_s_sg_gen":"reviewed_inference","uncap_s_sg_nom":"reviewed_inference"}	yes	527b9c15e46cd8fe19692e3da456731b11840cb721cfb1267ffcadb040eee769	537756d1f474dff804f2564fc787e3f6777d12b4b73dd31811dcf66f04d6bea4	"Füllofen"	"Füllofen"	"Füllofen"	"Füllofens"	"Füllöfen"	"Füllöfen"	"Füllöfen"	"Füllöfen"	"masculine"	"Füllofen"	"füllofen"	"füllofen"	"füllofen"	"füllofens"	"füllöfen"	"füllöfen"	"füllöfen"	"füllöfen"	"füllofen"	"bind"
wdn_000160_N	L817619	["L817619"]	["ebf10b4a54e8dbce78bc6467fc2e8c8246e6548eb8a326e0aa56924c648adaff"]	"Bühnenkunst"	regular_feminine	no	wdn_000160_p007	mkN_two	P.mkN "Bühnenkunst" "Bühnenkünste" P.feminine	2	complete	exact_source_evidence	provisional	sampled	none_recorded	["L817619$8CE5518A-E4D2-41AD-8205-CB73DB428C08"]	{"s_pl_acc":["L817619-F8"],"s_pl_dat":["L817619-F7"],"s_pl_gen":["L817619-F6"],"s_pl_nom":["L817619-F5"],"s_sg_acc":["L817619-F4"],"s_sg_dat":["L817619-F3"],"s_sg_gen":["L817619-F2"],"s_sg_nom":["L817619-F1"]}	[]	{"co":"provisional_inference","csep":"provisional_inference","gender":"source_exact","s_pl_acc":"source_exact","s_pl_dat":"source_exact","s_pl_gen":"source_exact","s_pl_nom":"source_exact","s_sg_acc":"source_exact","s_sg_dat":"source_exact","s_sg_gen":"source_exact","s_sg_nom":"source_exact","uncap_co":"reviewed_inference","uncap_s_pl_acc":"reviewed_inference","uncap_s_pl_dat":"reviewed_inference","uncap_s_pl_gen":"reviewed_inference","uncap_s_pl_nom":"reviewed_inference","uncap_s_sg_acc":"reviewed_inference","uncap_s_sg_dat":"reviewed_inference","uncap_s_sg_gen":"reviewed_inference","uncap_s_sg_nom":"reviewed_inference"}	yes	e3c06105de0e7056bafa5a1a276929f13ddf98625753d7ba39137c29c41505ea	537756d1f474dff804f2564fc787e3f6777d12b4b73dd31811dcf66f04d6bea4	"Bühnenkunst"	"Bühnenkunst"	"Bühnenkunst"	"Bühnenkunst"	"Bühnenkünste"	"Bühnenkünste"	"Bühnenkünsten"	"Bühnenkünste"	"feminine"	"Bühnenkunst"	"bühnenkunst"	"bühnenkunst"	"bühnenkunst"	"bühnenkunst"	"bühnenkünste"	"bühnenkünste"	"bühnenkünsten"	"bühnenkünste"	"bühnenkunst"	"bind"
wdn_000161_N	L821562	["L821562"]	["5223643ea897e781ea54a702084b63acc0325091db5517fc0c55021daf741c45"]	"Wurzelhaut"	regular_feminine	no	wdn_000161_p007	mkN_two	P.mkN "Wurzelhaut" "Wurzelhäute" P.feminine	2	complete	exact_source_evidence	provisional	sampled	none_recorded	["L821562$1A91F30A-4DC9-4F75-885A-23F9B64075B4"]	{"s_pl_acc":["L821562-F8"],"s_pl_dat":["L821562-F7"],"s_pl_gen":["L821562-F6"],"s_pl_nom":["L821562-F5"],"s_sg_acc":["L821562-F4"],"s_sg_dat":["L821562-F3"],"s_sg_gen":["L821562-F2"],"s_sg_nom":["L821562-F1"]}	[]	{"co":"provisional_inference","csep":"provisional_inference","gender":"source_exact","s_pl_acc":"source_exact","s_pl_dat":"source_exact","s_pl_gen":"source_exact","s_pl_nom":"source_exact","s_sg_acc":"source_exact","s_sg_dat":"source_exact","s_sg_gen":"source_exact","s_sg_nom":"source_exact","uncap_co":"reviewed_inference","uncap_s_pl_acc":"reviewed_inference","uncap_s_pl_dat":"reviewed_inference","uncap_s_pl_gen":"reviewed_inference","uncap_s_pl_nom":"reviewed_inference","uncap_s_sg_acc":"reviewed_inference","uncap_s_sg_dat":"reviewed_inference","uncap_s_sg_gen":"reviewed_inference","uncap_s_sg_nom":"reviewed_inference"}	yes	e85a10a80617ce3fd49912f1fe8b6aef6e232cdeaac55d7a095d6d7004586928	537756d1f474dff804f2564fc787e3f6777d12b4b73dd31811dcf66f04d6bea4	"Wurzelhaut"	"Wurzelhaut"	"Wurzelhaut"	"Wurzelhaut"	"Wurzelhäute"	"Wurzelhäute"	"Wurzelhäuten"	"Wurzelhäute"	"feminine"	"Wurzelhaut"	"wurzelhaut"	"wurzelhaut"	"wurzelhaut"	"wurzelhaut"	"wurzelhäute"	"wurzelhäute"	"wurzelhäuten"	"wurzelhäute"	"wurzelhaut"	"bind"
wdn_000162_N	L822069	["L822069"]	["1ebe893f271cfcda56e327f1bacdd8be87b497314f6b4a103c0c9caaf31302be"]	"Zollrevisor"	invariant_plural	no	wdn_000162_p006	invarPlN_two	P.invarPlN "Zollrevisor" "Zollrevisoren" P.masculine	2	complete	exact_source_evidence	provisional	sampled	none_recorded	["L822069$36C2874D-F771-477C-8E9C-DCDC00E0D156"]	{"s_pl_acc":["L822069-F8"],"s_pl_dat":["L822069-F7"],"s_pl_gen":["L822069-F6"],"s_pl_nom":["L822069-F5"],"s_sg_acc":["L822069-F4"],"s_sg_dat":["L822069-F3"],"s_sg_gen":["L822069-F2"],"s_sg_nom":["L822069-F1"]}	[]	{"co":"provisional_inference","csep":"provisional_inference","gender":"source_exact","s_pl_acc":"source_exact","s_pl_dat":"source_exact","s_pl_gen":"source_exact","s_pl_nom":"source_exact","s_sg_acc":"source_exact","s_sg_dat":"source_exact","s_sg_gen":"source_exact","s_sg_nom":"source_exact","uncap_co":"reviewed_inference","uncap_s_pl_acc":"reviewed_inference","uncap_s_pl_dat":"reviewed_inference","uncap_s_pl_gen":"reviewed_inference","uncap_s_pl_nom":"reviewed_inference","uncap_s_sg_acc":"reviewed_inference","uncap_s_sg_dat":"reviewed_inference","uncap_s_sg_gen":"reviewed_inference","uncap_s_sg_nom":"reviewed_inference"}	yes	eb3fd5c57b2e665afdd5ce6a1116c6a92cc96dcaf3067c015dd9a65f7aa9a7ae	537756d1f474dff804f2564fc787e3f6777d12b4b73dd31811dcf66f04d6bea4	"Zollrevisor"	"Zollrevisor"	"Zollrevisor"	"Zollrevisors"	"Zollrevisoren"	"Zollrevisoren"	"Zollrevisoren"	"Zollrevisoren"	"masculine"	"Zollrevisor"	"zollrevisor"	"zollrevisor"	"zollrevisor"	"zollrevisors"	"zollrevisoren"	"zollrevisoren"	"zollrevisoren"	"zollrevisoren"	"zollrevisor"	"bind"
wdn_000163_N	L822982	["L822982"]	["d86a195efb9a597d4bb21958895a8bf9e61bea71f5f0b2f49baa7352cad2a280"]	"Kleinigkeitskrämer"	unknown_gender	no	wdn_000163_p001	mkN_lemma	P.mkN "Kleinigkeitskrämer"	1	complete	compatible_with_inference	provisional	sampled	none_recorded	[]	{"s_pl_acc":["L822982-F8"],"s_pl_dat":["L822982-F7"],"s_pl_gen":["L822982-F6"],"s_pl_nom":["L822982-F5"],"s_sg_acc":["L822982-F4"],"s_sg_dat":["L822982-F3"],"s_sg_gen":["L822982-F2"],"s_sg_nom":["L822982-F1"]}	[]	{"co":"provisional_inference","csep":"provisional_inference","gender":"provisional_inference","s_pl_acc":"source_exact","s_pl_dat":"source_exact","s_pl_gen":"source_exact","s_pl_nom":"source_exact","s_sg_acc":"source_exact","s_sg_dat":"source_exact","s_sg_gen":"source_exact","s_sg_nom":"source_exact","uncap_co":"reviewed_inference","uncap_s_pl_acc":"reviewed_inference","uncap_s_pl_dat":"reviewed_inference","uncap_s_pl_gen":"reviewed_inference","uncap_s_pl_nom":"reviewed_inference","uncap_s_sg_acc":"reviewed_inference","uncap_s_sg_dat":"reviewed_inference","uncap_s_sg_gen":"reviewed_inference","uncap_s_sg_nom":"reviewed_inference"}	yes	850ddd86a32a11594ee731b0b7ee0fd933f3344b8687507c9c394a1a9607271a	537756d1f474dff804f2564fc787e3f6777d12b4b73dd31811dcf66f04d6bea4	"Kleinigkeitskrämer"	"Kleinigkeitskrämer"	"Kleinigkeitskrämer"	"Kleinigkeitskrämers"	"Kleinigkeitskrämer"	"Kleinigkeitskrämer"	"Kleinigkeitskrämern"	"Kleinigkeitskrämer"	"masculine"	"Kleinigkeitskrämer"	"kleinigkeitskrämer"	"kleinigkeitskrämer"	"kleinigkeitskrämer"	"kleinigkeitskrämers"	"kleinigkeitskrämer"	"kleinigkeitskrämer"	"kleinigkeitskrämern"	"kleinigkeitskrämer"	"kleinigkeitskrämer"	"bind"
wdn_000164_N	L823098	["L823098"]	["6a57e66b234fe01ab28accf4bed3caaadbac71ba1636b4e9b33c312d72c1e6e5"]	"Urkundenschreiber"	unknown_gender	no	wdn_000164_p001	mkN_lemma	P.mkN "Urkundenschreiber"	1	complete	compatible_with_inference	provisional	sampled	none_recorded	[]	{"s_pl_acc":["L823098-F8"],"s_pl_dat":["L823098-F7"],"s_pl_gen":["L823098-F6"],"s_pl_nom":["L823098-F5"],"s_sg_acc":["L823098-F4"],"s_sg_dat":["L823098-F3"],"s_sg_gen":["L823098-F2"],"s_sg_nom":["L823098-F1"]}	[]	{"co":"provisional_inference","csep":"provisional_inference","gender":"provisional_inference","s_pl_acc":"source_exact","s_pl_dat":"source_exact","s_pl_gen":"source_exact","s_pl_nom":"source_exact","s_sg_acc":"source_exact","s_sg_dat":"source_exact","s_sg_gen":"source_exact","s_sg_nom":"source_exact","uncap_co":"reviewed_inference","uncap_s_pl_acc":"reviewed_inference","uncap_s_pl_dat":"reviewed_inference","uncap_s_pl_gen":"reviewed_inference","uncap_s_pl_nom":"reviewed_inference","uncap_s_sg_acc":"reviewed_inference","uncap_s_sg_dat":"reviewed_inference","uncap_s_sg_gen":"reviewed_inference","uncap_s_sg_nom":"reviewed_inference"}	yes	0291d555674ebede26a099cf30538c22a7b666d0602bc9acec934b63edf4b183	537756d1f474dff804f2564fc787e3f6777d12b4b73dd31811dcf66f04d6bea4	"Urkundenschreiber"	"Urkundenschreiber"	"Urkundenschreiber"	"Urkundenschreibers"	"Urkundenschreiber"	"Urkundenschreiber"	"Urkundenschreibern"	"Urkundenschreiber"	"masculine"	"Urkundenschreiber"	"urkundenschreiber"	"urkundenschreiber"	"urkundenschreiber"	"urkundenschreibers"	"urkundenschreiber"	"urkundenschreiber"	"urkundenschreibern"	"urkundenschreiber"	"urkundenschreiber"	"bind"
wdn_000165_N	L824177	["L824177"]	["8747fb3cfe4cf45c8a200a05d16492b6c6fcf3eac8848aee3892daa06dd4b752"]	"Hasenlöffel"	plural_only	no	wdn_000165_p001	pluralOnlyN	P.pluralOnlyN "Hasenlöffel"	1	complete	compatible_with_inference	provisional	sampled	none_recorded	["L824177$B02C4F5F-755A-4108-B3E8-45DF35165B13"]	{"s_pl_acc":["L824177-F4"],"s_pl_dat":["L824177-F3"],"s_pl_gen":["L824177-F2"],"s_pl_nom":["L824177-F1"]}	[]	{"co":"provisional_inference","csep":"provisional_inference","gender":"provisional_inference","s_pl_acc":"source_exact","s_pl_dat":"source_exact","s_pl_gen":"source_exact","s_pl_nom":"source_exact","s_sg_acc":"unavailable","s_sg_dat":"unavailable","s_sg_gen":"unavailable","s_sg_nom":"unavailable","uncap_co":"reviewed_inference","uncap_s_pl_acc":"reviewed_inference","uncap_s_pl_dat":"reviewed_inference","uncap_s_pl_gen":"reviewed_inference","uncap_s_pl_nom":"reviewed_inference","uncap_s_sg_acc":"unavailable","uncap_s_sg_dat":"unavailable","uncap_s_sg_gen":"unavailable","uncap_s_sg_nom":"unavailable"}	yes	1568e28753a6d19d70a47d8941f46b7adfd9398572b1e332549521c034c3a9a2	537756d1f474dff804f2564fc787e3f6777d12b4b73dd31811dcf66f04d6bea4	""	""	""	""	"Hasenlöffel"	"Hasenlöffel"	"Hasenlöffeln"	"Hasenlöffel"	"masculine"	"Hasenlöffel"	""	""	""	""	"hasenlöffel"	"hasenlöffel"	"hasenlöffeln"	"hasenlöffel"	"hasenlöffel"	"bind"
wdn_000166_N	L824752	["L824752"]	["e807029446534e2c237ff2e87c7345f6bbbfa2034983e5b63c9644ec386404d3"]	"Halsausschnitt"	regular_masculine	no	wdn_000166_p001	mkN_lemma	P.mkN "Halsausschnitt"	1	complete	exact_source_evidence	provisional	sampled	none_recorded	["L824752$F3EFC566-D8C7-4678-9143-5579D1B64803"]	{"s_pl_acc":["L824752-F8"],"s_pl_dat":["L824752-F6"],"s_pl_gen":["L824752-F4"],"s_pl_nom":["L824752-F2"],"s_sg_acc":["L824752-F7"],"s_sg_dat":["L824752-F5"],"s_sg_gen":["L824752-F3"],"s_sg_nom":["L824752-F1"]}	[]	{"co":"provisional_inference","csep":"provisional_inference","gender":"source_exact","s_pl_acc":"source_exact","s_pl_dat":"source_exact","s_pl_gen":"source_exact","s_pl_nom":"source_exact","s_sg_acc":"source_exact","s_sg_dat":"source_exact","s_sg_gen":"source_exact","s_sg_nom":"source_exact","uncap_co":"reviewed_inference","uncap_s_pl_acc":"reviewed_inference","uncap_s_pl_dat":"reviewed_inference","uncap_s_pl_gen":"reviewed_inference","uncap_s_pl_nom":"reviewed_inference","uncap_s_sg_acc":"reviewed_inference","uncap_s_sg_dat":"reviewed_inference","uncap_s_sg_gen":"reviewed_inference","uncap_s_sg_nom":"reviewed_inference"}	yes	fac15d8099f5db7000e091b0ed08a529ea5c60b12f763ba1facf0ea0c6ad6e6b	537756d1f474dff804f2564fc787e3f6777d12b4b73dd31811dcf66f04d6bea4	"Halsausschnitt"	"Halsausschnitt"	"Halsausschnitt"	"Halsausschnittes"	"Halsausschnitte"	"Halsausschnitte"	"Halsausschnitten"	"Halsausschnitte"	"masculine"	"Halsausschnitt"	"halsausschnitt"	"halsausschnitt"	"halsausschnitt"	"halsausschnittes"	"halsausschnitte"	"halsausschnitte"	"halsausschnitten"	"halsausschnitte"	"halsausschnitt"	"bind"
wdn_000168_N	L825172	["L825172"]	["e446a1180eb39eb7d5a192e34ac729dc9b80cc5000e1136686c0efdb9d12d64d"]	"Chevreauleder"	regular_neuter	no	wdn_000168_p002	mkN_lemma_gender	P.mkN "Chevreauleder" P.neuter	1	complete	exact_source_evidence	provisional	sampled	none_recorded	["L825172$2D5DAD5A-9292-47B7-B5DD-4792A81B7130"]	{"s_pl_acc":["L825172-F8"],"s_pl_dat":["L825172-F7"],"s_pl_gen":["L825172-F6"],"s_pl_nom":["L825172-F5"],"s_sg_acc":["L825172-F4"],"s_sg_dat":["L825172-F3"],"s_sg_gen":["L825172-F2"],"s_sg_nom":["L825172-F1"]}	[]	{"co":"provisional_inference","csep":"provisional_inference","gender":"source_exact","s_pl_acc":"source_exact","s_pl_dat":"source_exact","s_pl_gen":"source_exact","s_pl_nom":"source_exact","s_sg_acc":"source_exact","s_sg_dat":"source_exact","s_sg_gen":"source_exact","s_sg_nom":"source_exact","uncap_co":"reviewed_inference","uncap_s_pl_acc":"reviewed_inference","uncap_s_pl_dat":"reviewed_inference","uncap_s_pl_gen":"reviewed_inference","uncap_s_pl_nom":"reviewed_inference","uncap_s_sg_acc":"reviewed_inference","uncap_s_sg_dat":"reviewed_inference","uncap_s_sg_gen":"reviewed_inference","uncap_s_sg_nom":"reviewed_inference"}	yes	73f06c9477cfc1e676aae3f8fb5ee3ea9278a06c04e5fe158b90f37965f7cacf	537756d1f474dff804f2564fc787e3f6777d12b4b73dd31811dcf66f04d6bea4	"Chevreauleder"	"Chevreauleder"	"Chevreauleder"	"Chevreauleders"	"Chevreauleder"	"Chevreauleder"	"Chevreauledern"	"Chevreauleder"	"neuter"	"Chevreauleder"	"chevreauleder"	"chevreauleder"	"chevreauleder"	"chevreauleders"	"chevreauleder"	"chevreauleder"	"chevreauledern"	"chevreauleder"	"chevreauleder"	"bind"
wdn_000169_N	L826404	["L826404"]	["4337d3d0caa91f3690d33c9840a3a01754eebb4135ed08782713befde0e8ddcf"]	"Übergangsstadium"	invariant_plural	no	wdn_000169_p006	invarPlN_two	P.invarPlN "Übergangsstadium" "Übergangsstadien" P.neuter	2	complete	exact_source_evidence	provisional	sampled	none_recorded	["L826404$7D036198-9232-4937-9C28-CC06B63B83E8"]	{"s_pl_acc":["L826404-F8"],"s_pl_dat":["L826404-F7"],"s_pl_gen":["L826404-F6"],"s_pl_nom":["L826404-F5"],"s_sg_acc":["L826404-F4"],"s_sg_dat":["L826404-F3"],"s_sg_gen":["L826404-F2"],"s_sg_nom":["L826404-F1"]}	[]	{"co":"provisional_inference","csep":"provisional_inference","gender":"source_exact","s_pl_acc":"source_exact","s_pl_dat":"source_exact","s_pl_gen":"source_exact","s_pl_nom":"source_exact","s_sg_acc":"source_exact","s_sg_dat":"source_exact","s_sg_gen":"source_exact","s_sg_nom":"source_exact","uncap_co":"reviewed_inference","uncap_s_pl_acc":"reviewed_inference","uncap_s_pl_dat":"reviewed_inference","uncap_s_pl_gen":"reviewed_inference","uncap_s_pl_nom":"reviewed_inference","uncap_s_sg_acc":"reviewed_inference","uncap_s_sg_dat":"reviewed_inference","uncap_s_sg_gen":"reviewed_inference","uncap_s_sg_nom":"reviewed_inference"}	yes	3750fec8e84cb5a037c7dc5cf57ed9516387fc15f2ae3450980880b7667dfc25	537756d1f474dff804f2564fc787e3f6777d12b4b73dd31811dcf66f04d6bea4	"Übergangsstadium"	"Übergangsstadium"	"Übergangsstadium"	"Übergangsstadiums"	"Übergangsstadien"	"Übergangsstadien"	"Übergangsstadien"	"Übergangsstadien"	"neuter"	"Übergangsstadium"	"übergangsstadium"	"übergangsstadium"	"übergangsstadium"	"übergangsstadiums"	"übergangsstadien"	"übergangsstadien"	"übergangsstadien"	"übergangsstadien"	"übergangsstadium"	"bind"
wdn_000170_N	L826418	["L826418"]	["6bedac594ef9b29930c64d0b675e332eaaffbced1ef886b2f54cd2abebcf0ee1"]	"Übernachtungskosten"	plural_only	no	wdn_000170_p001	pluralOnlyN	P.pluralOnlyN "Übernachtungskosten"	1	complete	compatible_with_inference	provisional	sampled	none_recorded	["L826418$C70CA0FE-C652-487E-A41E-55ABB1B938AE"]	{"s_pl_acc":["L826418-F4"],"s_pl_dat":["L826418-F3"],"s_pl_gen":["L826418-F2"],"s_pl_nom":["L826418-F1"]}	[]	{"co":"provisional_inference","csep":"provisional_inference","gender":"provisional_inference","s_pl_acc":"source_exact","s_pl_dat":"source_exact","s_pl_gen":"source_exact","s_pl_nom":"source_exact","s_sg_acc":"unavailable","s_sg_dat":"unavailable","s_sg_gen":"unavailable","s_sg_nom":"unavailable","uncap_co":"reviewed_inference","uncap_s_pl_acc":"reviewed_inference","uncap_s_pl_dat":"reviewed_inference","uncap_s_pl_gen":"reviewed_inference","uncap_s_pl_nom":"reviewed_inference","uncap_s_sg_acc":"unavailable","uncap_s_sg_dat":"unavailable","uncap_s_sg_gen":"unavailable","uncap_s_sg_nom":"unavailable"}	yes	976e89d5d5f0a482a12cf3298a039357768c92789a3de10ccbcdd3ad7c71ca48	537756d1f474dff804f2564fc787e3f6777d12b4b73dd31811dcf66f04d6bea4	""	""	""	""	"Übernachtungskosten"	"Übernachtungskosten"	"Übernachtungskosten"	"Übernachtungskosten"	"masculine"	"Übernachtungskosten"	""	""	""	""	"übernachtungskosten"	"übernachtungskosten"	"übernachtungskosten"	"übernachtungskosten"	"übernachtungskosten"	"bind"
wdn_000171_N	L826433	["L826433"]	["f977cbf8f29fd9cfa3b5bfbde932890b60e5385d5cc0b2ebb739ca3af06bacd7"]	"Überschwemmungsgebiet"	regular_neuter	no	wdn_000171_p007	mkN_two	P.mkN "Überschwemmungsgebiet" "Überschwemmungsgebiete" P.neuter	2	complete	exact_source_evidence	provisional	sampled	none_recorded	["L826433$00EDAAF8-A538-46E0-8B47-FE5001843AB6"]	{"s_pl_acc":["L826433-F8"],"s_pl_dat":["L826433-F6"],"s_pl_gen":["L826433-F4"],"s_pl_nom":["L826433-F2"],"s_sg_acc":["L826433-F7"],"s_sg_dat":["L826433-F5"],"s_sg_gen":["L826433-F3"],"s_sg_nom":["L826433-F1"]}	[]	{"co":"provisional_inference","csep":"provisional_inference","gender":"source_exact","s_pl_acc":"source_exact","s_pl_dat":"source_exact","s_pl_gen":"source_exact","s_pl_nom":"source_exact","s_sg_acc":"source_exact","s_sg_dat":"source_exact","s_sg_gen":"source_exact","s_sg_nom":"source_exact","uncap_co":"reviewed_inference","uncap_s_pl_acc":"reviewed_inference","uncap_s_pl_dat":"reviewed_inference","uncap_s_pl_gen":"reviewed_inference","uncap_s_pl_nom":"reviewed_inference","uncap_s_sg_acc":"reviewed_inference","uncap_s_sg_dat":"reviewed_inference","uncap_s_sg_gen":"reviewed_inference","uncap_s_sg_nom":"reviewed_inference"}	yes	1d751d7f82e200678c56a89015dad37475021a4120a5b4679e3878d5befc49ee	537756d1f474dff804f2564fc787e3f6777d12b4b73dd31811dcf66f04d6bea4	"Überschwemmungsgebiet"	"Überschwemmungsgebiet"	"Überschwemmungsgebiet"	"Überschwemmungsgebietes"	"Überschwemmungsgebiete"	"Überschwemmungsgebiete"	"Überschwemmungsgebieten"	"Überschwemmungsgebiete"	"neuter"	"Überschwemmungsgebiet"	"überschwemmungsgebiet"	"überschwemmungsgebiet"	"überschwemmungsgebiet"	"überschwemmungsgebietes"	"überschwemmungsgebiete"	"überschwemmungsgebiete"	"überschwemmungsgebieten"	"überschwemmungsgebiete"	"überschwemmungsgebiet"	"bind"
wdn_000173_N	L829959	["L829959"]	["e342c91f072212a177b4af9fa338acf1cccdea1e9f0c2b57a9cdedbfd25adf82"]	"Alchimist"	irregular_full	no	wdn_000173_p007	mkN_two	P.mkN "Alchimist" "Alchimisten" P.masculine	2	complete	exact_source_evidence	provisional	sampled	none_recorded	["L829959$A32686E4-423C-4AEE-BC65-B0380E1B943C"]	{"s_pl_acc":["L829959-F8"],"s_pl_dat":["L829959-F6"],"s_pl_gen":["L829959-F4"],"s_pl_nom":["L829959-F2"],"s_sg_acc":["L829959-F7"],"s_sg_dat":["L829959-F5"],"s_sg_gen":["L829959-F3"],"s_sg_nom":["L829959-F1"]}	[]	{"co":"provisional_inference","csep":"provisional_inference","gender":"source_exact","s_pl_acc":"source_exact","s_pl_dat":"source_exact","s_pl_gen":"source_exact","s_pl_nom":"source_exact","s_sg_acc":"source_exact","s_sg_dat":"source_exact","s_sg_gen":"source_exact","s_sg_nom":"source_exact","uncap_co":"reviewed_inference","uncap_s_pl_acc":"reviewed_inference","uncap_s_pl_dat":"reviewed_inference","uncap_s_pl_gen":"reviewed_inference","uncap_s_pl_nom":"reviewed_inference","uncap_s_sg_acc":"reviewed_inference","uncap_s_sg_dat":"reviewed_inference","uncap_s_sg_gen":"reviewed_inference","uncap_s_sg_nom":"reviewed_inference"}	yes	0f5f41a22860de57249f6e2441b540c546fcdc0ebf2c21703559e46d1923aa78	537756d1f474dff804f2564fc787e3f6777d12b4b73dd31811dcf66f04d6bea4	"Alchimist"	"Alchimisten"	"Alchimisten"	"Alchimisten"	"Alchimisten"	"Alchimisten"	"Alchimisten"	"Alchimisten"	"masculine"	"Alchimist"	"alchimist"	"alchimisten"	"alchimisten"	"alchimisten"	"alchimisten"	"alchimisten"	"alchimisten"	"alchimisten"	"alchimist"	"bind"
wdn_000175_N	L833152	["L833152"]	["2405c2c1262d07892dc2e50319bdf3dbdff04e6c7b9cd75de3936798cd89c8e2"]	"Zukost"	partial_evidence	no	wdn_000175_p002	mkN_lemma_gender	P.mkN "Zukost" P.feminine	1	partial	compatible_with_inference	provisional	sampled	none_recorded	["L833152$9A3B871D-7719-4720-9DD6-70A356FCCB8F"]	{"s_sg_acc":["L833152-F4"],"s_sg_dat":["L833152-F3"],"s_sg_gen":["L833152-F2"],"s_sg_nom":["L833152-F1"]}	[]	{"co":"provisional_inference","csep":"provisional_inference","gender":"source_exact","s_pl_acc":"provisional_inference","s_pl_dat":"provisional_inference","s_pl_gen":"provisional_inference","s_pl_nom":"provisional_inference","s_sg_acc":"source_exact","s_sg_dat":"source_exact","s_sg_gen":"source_exact","s_sg_nom":"source_exact","uncap_co":"reviewed_inference","uncap_s_pl_acc":"reviewed_inference","uncap_s_pl_dat":"reviewed_inference","uncap_s_pl_gen":"reviewed_inference","uncap_s_pl_nom":"reviewed_inference","uncap_s_sg_acc":"reviewed_inference","uncap_s_sg_dat":"reviewed_inference","uncap_s_sg_gen":"reviewed_inference","uncap_s_sg_nom":"reviewed_inference"}	yes	05ad407ee52e7a277b35daf50330dbf11c3b8530275f519c38ab51b7df889d5e	537756d1f474dff804f2564fc787e3f6777d12b4b73dd31811dcf66f04d6bea4	"Zukost"	"Zukost"	"Zukost"	"Zukost"	"Zukosten"	"Zukosten"	"Zukosten"	"Zukosten"	"feminine"	"Zukost"	"zukost"	"zukost"	"zukost"	"zukost"	"zukosten"	"zukosten"	"zukosten"	"zukosten"	"zukost"	"bind"
wdn_000176_N	L836481	["L836481"]	["a2bf8df8f282ad143f6ee2e772a1d1561c14100b8e554510d7c9a610c015e802"]	"Goetheabend"	regular_masculine	no	wdn_000176_p001	mkN_lemma	P.mkN "Goetheabend"	1	complete	exact_source_evidence	provisional	sampled	none_recorded	["L836481$32dcd044-2d6c-4d53-a6c7-614e05228094"]	{"s_pl_acc":["L836481-F8"],"s_pl_dat":["L836481-F7"],"s_pl_gen":["L836481-F6"],"s_pl_nom":["L836481-F5"],"s_sg_acc":["L836481-F4"],"s_sg_dat":["L836481-F3"],"s_sg_gen":["L836481-F2"],"s_sg_nom":["L836481-F1"]}	[]	{"co":"provisional_inference","csep":"provisional_inference","gender":"source_exact","s_pl_acc":"source_exact","s_pl_dat":"source_exact","s_pl_gen":"source_exact","s_pl_nom":"source_exact","s_sg_acc":"source_exact","s_sg_dat":"source_exact","s_sg_gen":"source_exact","s_sg_nom":"source_exact","uncap_co":"reviewed_inference","uncap_s_pl_acc":"reviewed_inference","uncap_s_pl_dat":"reviewed_inference","uncap_s_pl_gen":"reviewed_inference","uncap_s_pl_nom":"reviewed_inference","uncap_s_sg_acc":"reviewed_inference","uncap_s_sg_dat":"reviewed_inference","uncap_s_sg_gen":"reviewed_inference","uncap_s_sg_nom":"reviewed_inference"}	yes	ef97dbec2d190f62797edf54589a2831c0adaa1fc42bb84f89f227e9ad249d46	537756d1f474dff804f2564fc787e3f6777d12b4b73dd31811dcf66f04d6bea4	"Goetheabend"	"Goetheabend"	"Goetheabend"	"Goetheabends"	"Goetheabende"	"Goetheabende"	"Goetheabenden"	"Goetheabende"	"masculine"	"Goetheabend"	"goetheabend"	"goetheabend"	"goetheabend"	"goetheabends"	"goetheabende"	"goetheabende"	"goetheabenden"	"goetheabende"	"goetheabend"	"bind"
wdn_000177_N	L836814	["L836814"]	["32b097b7f2eac211bd90b50859701f448a65b1190106ea1b84810ebe2714d03b"]	"Augenaufschlag"	regular_masculine	no	wdn_000177_p007	mkN_two	P.mkN "Augenaufschlag" "Augenaufschläge" P.masculine	2	complete	exact_source_evidence	provisional	sampled	none_recorded	["L836814$2E1104D1-F9BA-4F60-9892-91C9CCD73CE6"]	{"s_pl_acc":["L836814-F8"],"s_pl_dat":["L836814-F6"],"s_pl_gen":["L836814-F4"],"s_pl_nom":["L836814-F2"],"s_sg_acc":["L836814-F7"],"s_sg_dat":["L836814-F5"],"s_sg_gen":["L836814-F3"],"s_sg_nom":["L836814-F1"]}	[]	{"co":"provisional_inference","csep":"provisional_inference","gender":"source_exact","s_pl_acc":"source_exact","s_pl_dat":"source_exact","s_pl_gen":"source_exact","s_pl_nom":"source_exact","s_sg_acc":"source_exact","s_sg_dat":"source_exact","s_sg_gen":"source_exact","s_sg_nom":"source_exact","uncap_co":"reviewed_inference","uncap_s_pl_acc":"reviewed_inference","uncap_s_pl_dat":"reviewed_inference","uncap_s_pl_gen":"reviewed_inference","uncap_s_pl_nom":"reviewed_inference","uncap_s_sg_acc":"reviewed_inference","uncap_s_sg_dat":"reviewed_inference","uncap_s_sg_gen":"reviewed_inference","uncap_s_sg_nom":"reviewed_inference"}	yes	3ab5241fe08cd045fa0c2152e630bfaec285b2e4afaef0313e58f5185fbb4b9f	537756d1f474dff804f2564fc787e3f6777d12b4b73dd31811dcf66f04d6bea4	"Augenaufschlag"	"Augenaufschlag"	"Augenaufschlag"	"Augenaufschlags"	"Augenaufschläge"	"Augenaufschläge"	"Augenaufschlägen"	"Augenaufschläge"	"masculine"	"Augenaufschlag"	"augenaufschlag"	"augenaufschlag"	"augenaufschlag"	"augenaufschlags"	"augenaufschläge"	"augenaufschläge"	"augenaufschlägen"	"augenaufschläge"	"augenaufschlag"	"bind"
wdn_000178_N	L837273	["L837273"]	["7bcb2f6461ca421b9fed7bdc1d9af5a49da61904ca128d46c9342e2b7258ac38"]	"Augenzahn"	regular_masculine	no	wdn_000178_p007	mkN_two	P.mkN "Augenzahn" "Augenzähne" P.masculine	2	complete	exact_source_evidence	provisional	sampled	none_recorded	["L837273$997227df-43fa-45ec-b1cd-d073f5b7bf2f"]	{"s_pl_acc":["L837273-F8"],"s_pl_dat":["L837273-F6"],"s_pl_gen":["L837273-F4"],"s_pl_nom":["L837273-F2"],"s_sg_acc":["L837273-F7"],"s_sg_dat":["L837273-F5"],"s_sg_gen":["L837273-F3"],"s_sg_nom":["L837273-F1"]}	[]	{"co":"provisional_inference","csep":"provisional_inference","gender":"source_exact","s_pl_acc":"source_exact","s_pl_dat":"source_exact","s_pl_gen":"source_exact","s_pl_nom":"source_exact","s_sg_acc":"source_exact","s_sg_dat":"source_exact","s_sg_gen":"source_exact","s_sg_nom":"source_exact","uncap_co":"reviewed_inference","uncap_s_pl_acc":"reviewed_inference","uncap_s_pl_dat":"reviewed_inference","uncap_s_pl_gen":"reviewed_inference","uncap_s_pl_nom":"reviewed_inference","uncap_s_sg_acc":"reviewed_inference","uncap_s_sg_dat":"reviewed_inference","uncap_s_sg_gen":"reviewed_inference","uncap_s_sg_nom":"reviewed_inference"}	yes	17c3f6ebaac79e488e9e40a14a107b91615c67de05caf892dad889b0ced231c8	537756d1f474dff804f2564fc787e3f6777d12b4b73dd31811dcf66f04d6bea4	"Augenzahn"	"Augenzahn"	"Augenzahn"	"Augenzahns"	"Augenzähne"	"Augenzähne"	"Augenzähnen"	"Augenzähne"	"masculine"	"Augenzahn"	"augenzahn"	"augenzahn"	"augenzahn"	"augenzahns"	"augenzähne"	"augenzähne"	"augenzähnen"	"augenzähne"	"augenzahn"	"bind"
wdn_000179_N	L837286	["L837286"]	["78e73c5b66a7d1781830cb0bd767d5ac806be72d760fac75553fb2061d263451"]	"Auktionator"	invariant_plural	no	wdn_000179_p006	invarPlN_two	P.invarPlN "Auktionator" "Auktionatoren" P.masculine	2	complete	exact_source_evidence	provisional	sampled	none_recorded	["L837286$05FEF86D-2A66-4A51-BE02-EE149477BE95"]	{"s_pl_acc":["L837286-F8"],"s_pl_dat":["L837286-F6"],"s_pl_gen":["L837286-F4"],"s_pl_nom":["L837286-F2"],"s_sg_acc":["L837286-F7"],"s_sg_dat":["L837286-F5"],"s_sg_gen":["L837286-F3"],"s_sg_nom":["L837286-F1"]}	[]	{"co":"provisional_inference","csep":"provisional_inference","gender":"source_exact","s_pl_acc":"source_exact","s_pl_dat":"source_exact","s_pl_gen":"source_exact","s_pl_nom":"source_exact","s_sg_acc":"source_exact","s_sg_dat":"source_exact","s_sg_gen":"source_exact","s_sg_nom":"source_exact","uncap_co":"reviewed_inference","uncap_s_pl_acc":"reviewed_inference","uncap_s_pl_dat":"reviewed_inference","uncap_s_pl_gen":"reviewed_inference","uncap_s_pl_nom":"reviewed_inference","uncap_s_sg_acc":"reviewed_inference","uncap_s_sg_dat":"reviewed_inference","uncap_s_sg_gen":"reviewed_inference","uncap_s_sg_nom":"reviewed_inference"}	yes	dc5b20e25f403210ff7f676b0dd168ade36897dd16021e9a73488e5618a3a81c	537756d1f474dff804f2564fc787e3f6777d12b4b73dd31811dcf66f04d6bea4	"Auktionator"	"Auktionator"	"Auktionator"	"Auktionators"	"Auktionatoren"	"Auktionatoren"	"Auktionatoren"	"Auktionatoren"	"masculine"	"Auktionator"	"auktionator"	"auktionator"	"auktionator"	"auktionators"	"auktionatoren"	"auktionatoren"	"auktionatoren"	"auktionatoren"	"auktionator"	"bind"
wdn_000180_N	L838082	["L838082"]	["6c0d167c64539301e02f1dfec9d950881936582793585288f67bfd6a4ae06a2d"]	"Augenschatten"	plural_only	no	wdn_000180_p001	pluralOnlyN	P.pluralOnlyN "Augenschatten"	1	complete	exact_source_evidence	provisional	sampled	explicit_compound_analysis	["L838082$02AF9343-7D68-4C20-993B-E240986B99DA","L838082$2dba94db-415f-72b9-1d0e-900debb307b5","L838082$8056A60E-69D9-4A7F-B1F0-B9BB1A8F514B","L838082$c45f846b-462a-7a61-1a93-71bfe984073f"]	{"s_pl_acc":["L838082-F4"],"s_pl_dat":["L838082-F3"],"s_pl_gen":["L838082-F2"],"s_pl_nom":["L838082-F1"]}	[]	{"co":"provisional_inference","csep":"provisional_inference","gender":"source_exact","s_pl_acc":"source_exact","s_pl_dat":"source_exact","s_pl_gen":"source_exact","s_pl_nom":"source_exact","s_sg_acc":"unavailable","s_sg_dat":"unavailable","s_sg_gen":"unavailable","s_sg_nom":"unavailable","uncap_co":"reviewed_inference","uncap_s_pl_acc":"reviewed_inference","uncap_s_pl_dat":"reviewed_inference","uncap_s_pl_gen":"reviewed_inference","uncap_s_pl_nom":"reviewed_inference","uncap_s_sg_acc":"unavailable","uncap_s_sg_dat":"unavailable","uncap_s_sg_gen":"unavailable","uncap_s_sg_nom":"unavailable"}	yes	b6f34a0f3924bdf7432e376432f7fed7bd33c42f8165ce6b8622083405d1f25e	537756d1f474dff804f2564fc787e3f6777d12b4b73dd31811dcf66f04d6bea4	""	""	""	""	"Augenschatten"	"Augenschatten"	"Augenschatten"	"Augenschatten"	"masculine"	"Augenschatten"	""	""	""	""	"augenschatten"	"augenschatten"	"augenschatten"	"augenschatten"	"augenschatten"	"bind"
wdn_000181_N	L838408	["L838408"]	["efd8b8defeca353f988b810580c36558d86d59a3e2bd4ee33b8bc418fc8be51b"]	"Auswanderungserlaubnis"	regular_feminine	no	wdn_000181_p007	mkN_two	P.mkN "Auswanderungserlaubnis" "Auswanderungserlaubnisse" P.feminine	2	complete	exact_source_evidence	provisional	sampled	none_recorded	["L838408$E01E6D53-4416-4871-AB7A-74BB2A08B621"]	{"s_pl_acc":["L838408-F8"],"s_pl_dat":["L838408-F7"],"s_pl_gen":["L838408-F6"],"s_pl_nom":["L838408-F5"],"s_sg_acc":["L838408-F4"],"s_sg_dat":["L838408-F3"],"s_sg_gen":["L838408-F2"],"s_sg_nom":["L838408-F1"]}	[]	{"co":"provisional_inference","csep":"provisional_inference","gender":"source_exact","s_pl_acc":"source_exact","s_pl_dat":"source_exact","s_pl_gen":"source_exact","s_pl_nom":"source_exact","s_sg_acc":"source_exact","s_sg_dat":"source_exact","s_sg_gen":"source_exact","s_sg_nom":"source_exact","uncap_co":"reviewed_inference","uncap_s_pl_acc":"reviewed_inference","uncap_s_pl_dat":"reviewed_inference","uncap_s_pl_gen":"reviewed_inference","uncap_s_pl_nom":"reviewed_inference","uncap_s_sg_acc":"reviewed_inference","uncap_s_sg_dat":"reviewed_inference","uncap_s_sg_gen":"reviewed_inference","uncap_s_sg_nom":"reviewed_inference"}	yes	066dbe1f0d497b47fc766d9906a87064feafb1d10c9c69641721152cb93dec9a	537756d1f474dff804f2564fc787e3f6777d12b4b73dd31811dcf66f04d6bea4	"Auswanderungserlaubnis"	"Auswanderungserlaubnis"	"Auswanderungserlaubnis"	"Auswanderungserlaubnis"	"Auswanderungserlaubnisse"	"Auswanderungserlaubnisse"	"Auswanderungserlaubnissen"	"Auswanderungserlaubnisse"	"feminine"	"Auswanderungserlaubnis"	"auswanderungserlaubnis"	"auswanderungserlaubnis"	"auswanderungserlaubnis"	"auswanderungserlaubnis"	"auswanderungserlaubnisse"	"auswanderungserlaubnisse"	"auswanderungserlaubnissen"	"auswanderungserlaubnisse"	"auswanderungserlaubnis"	"bind"
wdn_000182_N	L841742	["L841742"]	["26c6064117567cafb1d3ed5793a8bc91aaf006e665067212d948ac7d0d84fb38"]	"Schlingbeschwerden"	plural_only	no	wdn_000182_p001	pluralOnlyN	P.pluralOnlyN "Schlingbeschwerden"	1	complete	compatible_with_inference	provisional	sampled	none_recorded	["L841742$9BEC4E56-DF10-4A00-97B6-8FC06FF16A51"]	{"s_pl_acc":["L841742-F4"],"s_pl_dat":["L841742-F3"],"s_pl_gen":["L841742-F2"],"s_pl_nom":["L841742-F1"]}	[]	{"co":"provisional_inference","csep":"provisional_inference","gender":"provisional_inference","s_pl_acc":"source_exact","s_pl_dat":"source_exact","s_pl_gen":"source_exact","s_pl_nom":"source_exact","s_sg_acc":"unavailable","s_sg_dat":"unavailable","s_sg_gen":"unavailable","s_sg_nom":"unavailable","uncap_co":"reviewed_inference","uncap_s_pl_acc":"reviewed_inference","uncap_s_pl_dat":"reviewed_inference","uncap_s_pl_gen":"reviewed_inference","uncap_s_pl_nom":"reviewed_inference","uncap_s_sg_acc":"unavailable","uncap_s_sg_dat":"unavailable","uncap_s_sg_gen":"unavailable","uncap_s_sg_nom":"unavailable"}	yes	bc7ed86dc6cee4df718eb727106fafb19233be7e64dd81569131c4eaea024e6a	537756d1f474dff804f2564fc787e3f6777d12b4b73dd31811dcf66f04d6bea4	""	""	""	""	"Schlingbeschwerden"	"Schlingbeschwerden"	"Schlingbeschwerden"	"Schlingbeschwerden"	"masculine"	"Schlingbeschwerden"	""	""	""	""	"schlingbeschwerden"	"schlingbeschwerden"	"schlingbeschwerden"	"schlingbeschwerden"	"schlingbeschwerden"	"bind"
wdn_000183_N	L842700	["L842700"]	["7827887743b09084284aa6a035c025ad685de30eda5ca8538289acc7cb7af9d1"]	"Schieferbank"	regular_feminine	no	wdn_000183_p007	mkN_two	P.mkN "Schieferbank" "Schieferbänke" P.feminine	2	complete	exact_source_evidence	provisional	sampled	none_recorded	["L842700$ca6aeeb7-7d1b-463a-8f67-9ddd840b70ca"]	{"s_pl_acc":["L842700-F8"],"s_pl_dat":["L842700-F7"],"s_pl_gen":["L842700-F6"],"s_pl_nom":["L842700-F5"],"s_sg_acc":["L842700-F4"],"s_sg_dat":["L842700-F3"],"s_sg_gen":["L842700-F2"],"s_sg_nom":["L842700-F1"]}	[]	{"co":"provisional_inference","csep":"provisional_inference","gender":"source_exact","s_pl_acc":"source_exact","s_pl_dat":"source_exact","s_pl_gen":"source_exact","s_pl_nom":"source_exact","s_sg_acc":"source_exact","s_sg_dat":"source_exact","s_sg_gen":"source_exact","s_sg_nom":"source_exact","uncap_co":"reviewed_inference","uncap_s_pl_acc":"reviewed_inference","uncap_s_pl_dat":"reviewed_inference","uncap_s_pl_gen":"reviewed_inference","uncap_s_pl_nom":"reviewed_inference","uncap_s_sg_acc":"reviewed_inference","uncap_s_sg_dat":"reviewed_inference","uncap_s_sg_gen":"reviewed_inference","uncap_s_sg_nom":"reviewed_inference"}	yes	1aeb618fd2f76f4bb67e7b0340969fdb1a22dfdbb0e4f13930e82762a59939a0	537756d1f474dff804f2564fc787e3f6777d12b4b73dd31811dcf66f04d6bea4	"Schieferbank"	"Schieferbank"	"Schieferbank"	"Schieferbank"	"Schieferbänke"	"Schieferbänke"	"Schieferbänken"	"Schieferbänke"	"feminine"	"Schieferbank"	"schieferbank"	"schieferbank"	"schieferbank"	"schieferbank"	"schieferbänke"	"schieferbänke"	"schieferbänken"	"schieferbänke"	"schieferbank"	"bind"
wdn_000184_N	L843814	["L843814"]	["e8adca0f9f009f74be4081a6bba4ac1c3308acfe173551b18e4765e7d970640e"]	"Scherenfutteral"	regular_neuter	no	wdn_000184_p007	mkN_two	P.mkN "Scherenfutteral" "Scherenfutterale" P.neuter	2	complete	exact_source_evidence	provisional	sampled	none_recorded	["L843814$36094A99-5160-4372-A962-9132272AD2F2"]	{"s_pl_acc":["L843814-F8"],"s_pl_dat":["L843814-F7"],"s_pl_gen":["L843814-F6"],"s_pl_nom":["L843814-F5"],"s_sg_acc":["L843814-F4"],"s_sg_dat":["L843814-F3"],"s_sg_gen":["L843814-F2"],"s_sg_nom":["L843814-F1"]}	[]	{"co":"provisional_inference","csep":"provisional_inference","gender":"source_exact","s_pl_acc":"source_exact","s_pl_dat":"source_exact","s_pl_gen":"source_exact","s_pl_nom":"source_exact","s_sg_acc":"source_exact","s_sg_dat":"source_exact","s_sg_gen":"source_exact","s_sg_nom":"source_exact","uncap_co":"reviewed_inference","uncap_s_pl_acc":"reviewed_inference","uncap_s_pl_dat":"reviewed_inference","uncap_s_pl_gen":"reviewed_inference","uncap_s_pl_nom":"reviewed_inference","uncap_s_sg_acc":"reviewed_inference","uncap_s_sg_dat":"reviewed_inference","uncap_s_sg_gen":"reviewed_inference","uncap_s_sg_nom":"reviewed_inference"}	yes	b34695f565e00f3d3a0da074a3a1028da86467b5a9059b3fd90f45b3dc6c7ea0	537756d1f474dff804f2564fc787e3f6777d12b4b73dd31811dcf66f04d6bea4	"Scherenfutteral"	"Scherenfutteral"	"Scherenfutteral"	"Scherenfutterals"	"Scherenfutterale"	"Scherenfutterale"	"Scherenfutteralen"	"Scherenfutterale"	"neuter"	"Scherenfutteral"	"scherenfutteral"	"scherenfutteral"	"scherenfutteral"	"scherenfutterals"	"scherenfutterale"	"scherenfutterale"	"scherenfutteralen"	"scherenfutterale"	"scherenfutteral"	"bind"
wdn_000185_N	L846292	["L846292"]	["9bb9dd7cc1ddf9d17362839213fd032177697ac64eb5bdccc6d9e3458de2b041"]	"Großbrand"	regular_masculine	no	wdn_000185_p007	mkN_two	P.mkN "Großbrand" "Großbrände" P.masculine	2	complete	exact_source_evidence	provisional	sampled	none_recorded	["L846292$15052ED4-7A99-4EE8-985D-A2A156CDF226"]	{"s_pl_acc":["L846292-F8"],"s_pl_dat":["L846292-F6"],"s_pl_gen":["L846292-F4"],"s_pl_nom":["L846292-F2"],"s_sg_acc":["L846292-F7"],"s_sg_dat":["L846292-F5"],"s_sg_gen":["L846292-F3"],"s_sg_nom":["L846292-F1"]}	[]	{"co":"provisional_inference","csep":"provisional_inference","gender":"source_exact","s_pl_acc":"source_exact","s_pl_dat":"source_exact","s_pl_gen":"source_exact","s_pl_nom":"source_exact","s_sg_acc":"source_exact","s_sg_dat":"source_exact","s_sg_gen":"source_exact","s_sg_nom":"source_exact","uncap_co":"reviewed_inference","uncap_s_pl_acc":"reviewed_inference","uncap_s_pl_dat":"reviewed_inference","uncap_s_pl_gen":"reviewed_inference","uncap_s_pl_nom":"reviewed_inference","uncap_s_sg_acc":"reviewed_inference","uncap_s_sg_dat":"reviewed_inference","uncap_s_sg_gen":"reviewed_inference","uncap_s_sg_nom":"reviewed_inference"}	yes	810d38a9a906749d4f813017957ddca2716eb1b635f007b53ef318863e5331f5	537756d1f474dff804f2564fc787e3f6777d12b4b73dd31811dcf66f04d6bea4	"Großbrand"	"Großbrand"	"Großbrand"	"Großbrandes"	"Großbrände"	"Großbrände"	"Großbränden"	"Großbrände"	"masculine"	"Großbrand"	"großbrand"	"großbrand"	"großbrand"	"großbrandes"	"großbrände"	"großbrände"	"großbränden"	"großbrände"	"großbrand"	"bind"
wdn_000186_N	L846592	["L846592"]	["bd1dfeff0c906d352df9c8e8f5a443a98fc03ddf63f4ccced03d40bcdb010872"]	"Notabeln"	plural_only	no	wdn_000186_p001	pluralOnlyN	P.pluralOnlyN "Notabeln"	1	complete	compatible_with_inference	provisional	sampled	none_recorded	["L846592$6F60EEAB-A30C-4469-8719-9317E4BD8ADF"]	{"s_pl_acc":["L846592-F4"],"s_pl_dat":["L846592-F3"],"s_pl_gen":["L846592-F2"],"s_pl_nom":["L846592-F1"]}	[]	{"co":"provisional_inference","csep":"provisional_inference","gender":"provisional_inference","s_pl_acc":"source_exact","s_pl_dat":"source_exact","s_pl_gen":"source_exact","s_pl_nom":"source_exact","s_sg_acc":"unavailable","s_sg_dat":"unavailable","s_sg_gen":"unavailable","s_sg_nom":"unavailable","uncap_co":"reviewed_inference","uncap_s_pl_acc":"reviewed_inference","uncap_s_pl_dat":"reviewed_inference","uncap_s_pl_gen":"reviewed_inference","uncap_s_pl_nom":"reviewed_inference","uncap_s_sg_acc":"unavailable","uncap_s_sg_dat":"unavailable","uncap_s_sg_gen":"unavailable","uncap_s_sg_nom":"unavailable"}	yes	14f19be5b70a7d4f6cc30d6a6f000df8469b224442a8d848d47d9dcf1be6030f	537756d1f474dff804f2564fc787e3f6777d12b4b73dd31811dcf66f04d6bea4	""	""	""	""	"Notabeln"	"Notabeln"	"Notabeln"	"Notabeln"	"masculine"	"Notabeln"	""	""	""	""	"notabeln"	"notabeln"	"notabeln"	"notabeln"	"notabeln"	"bind"
wdn_000187_N	L846941	["L846941"]	["22eeca57f3faedc3464de8ef24af02308f0e1f3279e2355cccbd8ebd1245025b"]	"Arbeiterkind"	regular_neuter	no	wdn_000187_p002	mkN_lemma_gender	P.mkN "Arbeiterkind" P.neuter	1	complete	exact_source_evidence	provisional	sampled	none_recorded	["L846941$1B0083D6-D2B5-446B-B3AA-FC032EC76102"]	{"s_pl_acc":["L846941-F8"],"s_pl_dat":["L846941-F6"],"s_pl_gen":["L846941-F4"],"s_pl_nom":["L846941-F2"],"s_sg_acc":["L846941-F7"],"s_sg_dat":["L846941-F5"],"s_sg_gen":["L846941-F3"],"s_sg_nom":["L846941-F1"]}	[]	{"co":"provisional_inference","csep":"provisional_inference","gender":"source_exact","s_pl_acc":"source_exact","s_pl_dat":"source_exact","s_pl_gen":"source_exact","s_pl_nom":"source_exact","s_sg_acc":"source_exact","s_sg_dat":"source_exact","s_sg_gen":"source_exact","s_sg_nom":"source_exact","uncap_co":"reviewed_inference","uncap_s_pl_acc":"reviewed_inference","uncap_s_pl_dat":"reviewed_inference","uncap_s_pl_gen":"reviewed_inference","uncap_s_pl_nom":"reviewed_inference","uncap_s_sg_acc":"reviewed_inference","uncap_s_sg_dat":"reviewed_inference","uncap_s_sg_gen":"reviewed_inference","uncap_s_sg_nom":"reviewed_inference"}	yes	e4b91511017efab341ecf799151c01336969e40b41222f1404e679aaaa82c1b1	537756d1f474dff804f2564fc787e3f6777d12b4b73dd31811dcf66f04d6bea4	"Arbeiterkind"	"Arbeiterkind"	"Arbeiterkind"	"Arbeiterkindes"	"Arbeiterkinder"	"Arbeiterkinder"	"Arbeiterkindern"	"Arbeiterkinder"	"neuter"	"Arbeiterkind"	"arbeiterkind"	"arbeiterkind"	"arbeiterkind"	"arbeiterkindes"	"arbeiterkinder"	"arbeiterkinder"	"arbeiterkindern"	"arbeiterkinder"	"arbeiterkind"	"bind"
wdn_000189_N	L848501	["L848501"]	["5d6cd9648a9bf6792ca0eeb95a20ef969af45e9efce27bd7e72f69b6c9cd5641"]	"Wichs"	regular_masculine	no	wdn_000189_p001	mkN_lemma	P.mkN "Wichs"	1	complete	exact_source_evidence	provisional	sampled	none_recorded	["L848501$FCFE98C7-C10C-4C55-8503-8BD8F89F2CEB"]	{"s_pl_acc":["L848501-F8"],"s_pl_dat":["L848501-F6"],"s_pl_gen":["L848501-F4"],"s_pl_nom":["L848501-F2"],"s_sg_acc":["L848501-F7"],"s_sg_dat":["L848501-F5"],"s_sg_gen":["L848501-F3"],"s_sg_nom":["L848501-F1"]}	[]	{"co":"provisional_inference","csep":"provisional_inference","gender":"source_exact","s_pl_acc":"source_exact","s_pl_dat":"source_exact","s_pl_gen":"source_exact","s_pl_nom":"source_exact","s_sg_acc":"source_exact","s_sg_dat":"source_exact","s_sg_gen":"source_exact","s_sg_nom":"source_exact","uncap_co":"reviewed_inference","uncap_s_pl_acc":"reviewed_inference","uncap_s_pl_dat":"reviewed_inference","uncap_s_pl_gen":"reviewed_inference","uncap_s_pl_nom":"reviewed_inference","uncap_s_sg_acc":"reviewed_inference","uncap_s_sg_dat":"reviewed_inference","uncap_s_sg_gen":"reviewed_inference","uncap_s_sg_nom":"reviewed_inference"}	yes	c87fdba9fa2bec7aa176fcb731a5e90fbc2ab273ae5124b7edcad11784834d76	537756d1f474dff804f2564fc787e3f6777d12b4b73dd31811dcf66f04d6bea4	"Wichs"	"Wichs"	"Wichs"	"Wichses"	"Wichse"	"Wichse"	"Wichsen"	"Wichse"	"masculine"	"Wichs"	"wichs"	"wichs"	"wichs"	"wichses"	"wichse"	"wichse"	"wichsen"	"wichse"	"wichs"	"bind"
wdn_000190_N	L848652	["L848652"]	["2b965a7f17fe1c111a0d92c4deb87faa8b05ba8c12136d7b5f7192c6eeb071fa"]	"Winterhilfe"	invariant	no	wdn_000190_p001	mkN_lemma	P.mkN "Winterhilfe"	1	complete	exact_source_evidence	provisional	sampled	none_recorded	["L848652$7bef7443-d4f6-4939-acd5-ff429a618927"]	{"s_pl_acc":["L848652-F8"],"s_pl_dat":["L848652-F6"],"s_pl_gen":["L848652-F4"],"s_pl_nom":["L848652-F2"],"s_sg_acc":["L848652-F7"],"s_sg_dat":["L848652-F5"],"s_sg_gen":["L848652-F3"],"s_sg_nom":["L848652-F1"]}	[]	{"co":"provisional_inference","csep":"provisional_inference","gender":"source_exact","s_pl_acc":"source_exact","s_pl_dat":"source_exact","s_pl_gen":"source_exact","s_pl_nom":"source_exact","s_sg_acc":"source_exact","s_sg_dat":"source_exact","s_sg_gen":"source_exact","s_sg_nom":"source_exact","uncap_co":"reviewed_inference","uncap_s_pl_acc":"reviewed_inference","uncap_s_pl_dat":"reviewed_inference","uncap_s_pl_gen":"reviewed_inference","uncap_s_pl_nom":"reviewed_inference","uncap_s_sg_acc":"reviewed_inference","uncap_s_sg_dat":"reviewed_inference","uncap_s_sg_gen":"reviewed_inference","uncap_s_sg_nom":"reviewed_inference"}	yes	1c62ea5cc2e6ebff729f6b52e6dc3c05b3011a5f5b879eb86546cf03dc150316	537756d1f474dff804f2564fc787e3f6777d12b4b73dd31811dcf66f04d6bea4	"Winterhilfe"	"Winterhilfe"	"Winterhilfe"	"Winterhilfe"	"Winterhilfen"	"Winterhilfen"	"Winterhilfen"	"Winterhilfen"	"feminine"	"Winterhilfen"	"winterhilfe"	"winterhilfe"	"winterhilfe"	"winterhilfe"	"winterhilfen"	"winterhilfen"	"winterhilfen"	"winterhilfen"	"winterhilfen"	"bind"
wdn_000191_N	L849989	["L849989"]	["18dfb6acfb47003f2b2ff1a2d1c0df342163bc3d61b1c8ff8015b6a04861ec28"]	"Kolonialwarenladen"	invariant_plural	no	wdn_000191_p006	invarPlN_two	P.invarPlN "Kolonialwarenladen" "Kolonialwarenläden" P.masculine	2	complete	exact_source_evidence	provisional	sampled	none_recorded	["L849989$8420C4C6-E023-485B-9DA5-239E4DD7423F"]	{"s_pl_acc":["L849989-F8"],"s_pl_dat":["L849989-F6"],"s_pl_gen":["L849989-F4"],"s_pl_nom":["L849989-F2"],"s_sg_acc":["L849989-F7"],"s_sg_dat":["L849989-F5"],"s_sg_gen":["L849989-F3"],"s_sg_nom":["L849989-F1"]}	[]	{"co":"provisional_inference","csep":"provisional_inference","gender":"source_exact","s_pl_acc":"source_exact","s_pl_dat":"source_exact","s_pl_gen":"source_exact","s_pl_nom":"source_exact","s_sg_acc":"source_exact","s_sg_dat":"source_exact","s_sg_gen":"source_exact","s_sg_nom":"source_exact","uncap_co":"reviewed_inference","uncap_s_pl_acc":"reviewed_inference","uncap_s_pl_dat":"reviewed_inference","uncap_s_pl_gen":"reviewed_inference","uncap_s_pl_nom":"reviewed_inference","uncap_s_sg_acc":"reviewed_inference","uncap_s_sg_dat":"reviewed_inference","uncap_s_sg_gen":"reviewed_inference","uncap_s_sg_nom":"reviewed_inference"}	yes	8a41c489a24aef1d4ef4b2bf81fdf05cb3f30ed7f441311a6da67d7d1928ccf7	537756d1f474dff804f2564fc787e3f6777d12b4b73dd31811dcf66f04d6bea4	"Kolonialwarenladen"	"Kolonialwarenladen"	"Kolonialwarenladen"	"Kolonialwarenladens"	"Kolonialwarenläden"	"Kolonialwarenläden"	"Kolonialwarenläden"	"Kolonialwarenläden"	"masculine"	"Kolonialwarenladen"	"kolonialwarenladen"	"kolonialwarenladen"	"kolonialwarenladen"	"kolonialwarenladens"	"kolonialwarenläden"	"kolonialwarenläden"	"kolonialwarenläden"	"kolonialwarenläden"	"kolonialwarenladen"	"bind"
wdn_000192_N	L850618	["L850618"]	["5c56381bef2ac4fce3df7683cf68281fec1386cdb542b2c747c304a366ffbe24"]	"Kopfpreis"	regular_masculine	no	wdn_000192_p001	mkN_lemma	P.mkN "Kopfpreis"	1	complete	exact_source_evidence	provisional	sampled	none_recorded	["L850618$80A2DDA7-6D11-4F39-95B9-2DDF110C5A4A"]	{"s_pl_acc":["L850618-F8"],"s_pl_dat":["L850618-F7"],"s_pl_gen":["L850618-F6"],"s_pl_nom":["L850618-F5"],"s_sg_acc":["L850618-F4"],"s_sg_dat":["L850618-F3"],"s_sg_gen":["L850618-F2"],"s_sg_nom":["L850618-F1"]}	[]	{"co":"provisional_inference","csep":"provisional_inference","gender":"source_exact","s_pl_acc":"source_exact","s_pl_dat":"source_exact","s_pl_gen":"source_exact","s_pl_nom":"source_exact","s_sg_acc":"source_exact","s_sg_dat":"source_exact","s_sg_gen":"source_exact","s_sg_nom":"source_exact","uncap_co":"reviewed_inference","uncap_s_pl_acc":"reviewed_inference","uncap_s_pl_dat":"reviewed_inference","uncap_s_pl_gen":"reviewed_inference","uncap_s_pl_nom":"reviewed_inference","uncap_s_sg_acc":"reviewed_inference","uncap_s_sg_dat":"reviewed_inference","uncap_s_sg_gen":"reviewed_inference","uncap_s_sg_nom":"reviewed_inference"}	yes	a00cbe98bb1177d4b26bc305e523e2ff944d27d7c4fbde5b492082fd6b334d0d	537756d1f474dff804f2564fc787e3f6777d12b4b73dd31811dcf66f04d6bea4	"Kopfpreis"	"Kopfpreis"	"Kopfpreis"	"Kopfpreises"	"Kopfpreise"	"Kopfpreise"	"Kopfpreisen"	"Kopfpreise"	"masculine"	"Kopfpreis"	"kopfpreis"	"kopfpreis"	"kopfpreis"	"kopfpreises"	"kopfpreise"	"kopfpreise"	"kopfpreisen"	"kopfpreise"	"kopfpreis"	"bind"
wdn_000193_N	L852791	["L852791"]	["a52c7e94aef0c9c666e8cd9ffc4e10c808cc4077eaa304f623bca4ae085984a9"]	"Kulturkonferenz"	invariant	no	wdn_000193_p002	mkN_lemma_gender	P.mkN "Kulturkonferenz" P.feminine	1	complete	exact_source_evidence	provisional	sampled	none_recorded	["L852791$d37666d0-f248-4325-bb6a-85714fa80cc2"]	{"s_pl_acc":["L852791-F8"],"s_pl_dat":["L852791-F6"],"s_pl_gen":["L852791-F4"],"s_pl_nom":["L852791-F2"],"s_sg_acc":["L852791-F7"],"s_sg_dat":["L852791-F5"],"s_sg_gen":["L852791-F3"],"s_sg_nom":["L852791-F1"]}	[]	{"co":"provisional_inference","csep":"provisional_inference","gender":"source_exact","s_pl_acc":"source_exact","s_pl_dat":"source_exact","s_pl_gen":"source_exact","s_pl_nom":"source_exact","s_sg_acc":"source_exact","s_sg_dat":"source_exact","s_sg_gen":"source_exact","s_sg_nom":"source_exact","uncap_co":"reviewed_inference","uncap_s_pl_acc":"reviewed_inference","uncap_s_pl_dat":"reviewed_inference","uncap_s_pl_gen":"reviewed_inference","uncap_s_pl_nom":"reviewed_inference","uncap_s_sg_acc":"reviewed_inference","uncap_s_sg_dat":"reviewed_inference","uncap_s_sg_gen":"reviewed_inference","uncap_s_sg_nom":"reviewed_inference"}	yes	fcb47ed1766a6ce372bb604052cfee2fae3ed6381a440a843f43dbe2f8b03c98	537756d1f474dff804f2564fc787e3f6777d12b4b73dd31811dcf66f04d6bea4	"Kulturkonferenz"	"Kulturkonferenz"	"Kulturkonferenz"	"Kulturkonferenz"	"Kulturkonferenzen"	"Kulturkonferenzen"	"Kulturkonferenzen"	"Kulturkonferenzen"	"feminine"	"Kulturkonferenz"	"kulturkonferenz"	"kulturkonferenz"	"kulturkonferenz"	"kulturkonferenz"	"kulturkonferenzen"	"kulturkonferenzen"	"kulturkonferenzen"	"kulturkonferenzen"	"kulturkonferenz"	"bind"
wdn_000194_N	L853347	["L853347"]	["828f1c17e9b88e9d1cda019292846f69f1c982fd01be8648eaba64516405f782"]	"Shorts"	plural_only	no	wdn_000194_p001	pluralOnlyN	P.pluralOnlyN "Shorts"	1	complete	compatible_with_inference	provisional	sampled	none_recorded	["L853347$465F51D1-E129-48EE-A54F-EEA8AE8B4F30"]	{"s_pl_acc":["L853347-F4"],"s_pl_dat":["L853347-F3"],"s_pl_gen":["L853347-F2"],"s_pl_nom":["L853347-F1"]}	[]	{"co":"provisional_inference","csep":"provisional_inference","gender":"provisional_inference","s_pl_acc":"source_exact","s_pl_dat":"source_exact","s_pl_gen":"source_exact","s_pl_nom":"source_exact","s_sg_acc":"unavailable","s_sg_dat":"unavailable","s_sg_gen":"unavailable","s_sg_nom":"unavailable","uncap_co":"reviewed_inference","uncap_s_pl_acc":"reviewed_inference","uncap_s_pl_dat":"reviewed_inference","uncap_s_pl_gen":"reviewed_inference","uncap_s_pl_nom":"reviewed_inference","uncap_s_sg_acc":"unavailable","uncap_s_sg_dat":"unavailable","uncap_s_sg_gen":"unavailable","uncap_s_sg_nom":"unavailable"}	yes	87980b5ce3edf99494c11c002d142769787476525e78ee24f1f8545c2e2a2fbe	537756d1f474dff804f2564fc787e3f6777d12b4b73dd31811dcf66f04d6bea4	""	""	""	""	"Shorts"	"Shorts"	"Shorts"	"Shorts"	"masculine"	"Shorts"	""	""	""	""	"shorts"	"shorts"	"shorts"	"shorts"	"shorts"	"bind"
wdn_000195_N	L854892	["L854892"]	["8a19e98fb5a960776d9d78e8d77880c8e01a1cd7276c0853d4fae359a7fa4e41"]	"Jahreseinkunft"	regular_feminine	no	wdn_000195_p007	mkN_two	P.mkN "Jahreseinkunft" "Jahreseinkünfte" P.feminine	2	complete	exact_source_evidence	provisional	sampled	none_recorded	["L854892$1F27C80C-FCEC-4531-975C-62FF3DECA0B7"]	{"s_pl_acc":["L854892-F8"],"s_pl_dat":["L854892-F7"],"s_pl_gen":["L854892-F6"],"s_pl_nom":["L854892-F5"],"s_sg_acc":["L854892-F4"],"s_sg_dat":["L854892-F3"],"s_sg_gen":["L854892-F2"],"s_sg_nom":["L854892-F1"]}	[]	{"co":"provisional_inference","csep":"provisional_inference","gender":"source_exact","s_pl_acc":"source_exact","s_pl_dat":"source_exact","s_pl_gen":"source_exact","s_pl_nom":"source_exact","s_sg_acc":"source_exact","s_sg_dat":"source_exact","s_sg_gen":"source_exact","s_sg_nom":"source_exact","uncap_co":"reviewed_inference","uncap_s_pl_acc":"reviewed_inference","uncap_s_pl_dat":"reviewed_inference","uncap_s_pl_gen":"reviewed_inference","uncap_s_pl_nom":"reviewed_inference","uncap_s_sg_acc":"reviewed_inference","uncap_s_sg_dat":"reviewed_inference","uncap_s_sg_gen":"reviewed_inference","uncap_s_sg_nom":"reviewed_inference"}	yes	5ebbe171b3682ac1e2d10281983d2303e6486ed373cf337767914e24a18d7868	537756d1f474dff804f2564fc787e3f6777d12b4b73dd31811dcf66f04d6bea4	"Jahreseinkunft"	"Jahreseinkunft"	"Jahreseinkunft"	"Jahreseinkunft"	"Jahreseinkünfte"	"Jahreseinkünfte"	"Jahreseinkünften"	"Jahreseinkünfte"	"feminine"	"Jahreseinkunft"	"jahreseinkunft"	"jahreseinkunft"	"jahreseinkunft"	"jahreseinkunft"	"jahreseinkünfte"	"jahreseinkünfte"	"jahreseinkünften"	"jahreseinkünfte"	"jahreseinkunft"	"bind"
wdn_000196_N	L855906	["L855906"]	["447dfbcf140a8e8505617bbbb39028f031370ac56f69517e420babd24d15a3c8"]	"Xylophon"	regular_neuter	no	wdn_000196_p007	mkN_two	P.mkN "Xylophon" "Xylophone" P.neuter	2	complete	exact_source_evidence	provisional	sampled	none_recorded	["L855906$050DE9C9-7F77-4FD5-BBBE-AE6BAA2CFACC"]	{"s_pl_acc":["L855906-F8"],"s_pl_dat":["L855906-F6"],"s_pl_gen":["L855906-F4"],"s_pl_nom":["L855906-F2"],"s_sg_acc":["L855906-F7"],"s_sg_dat":["L855906-F5"],"s_sg_gen":["L855906-F3"],"s_sg_nom":["L855906-F1"]}	[]	{"co":"provisional_inference","csep":"provisional_inference","gender":"source_exact","s_pl_acc":"source_exact","s_pl_dat":"source_exact","s_pl_gen":"source_exact","s_pl_nom":"source_exact","s_sg_acc":"source_exact","s_sg_dat":"source_exact","s_sg_gen":"source_exact","s_sg_nom":"source_exact","uncap_co":"reviewed_inference","uncap_s_pl_acc":"reviewed_inference","uncap_s_pl_dat":"reviewed_inference","uncap_s_pl_gen":"reviewed_inference","uncap_s_pl_nom":"reviewed_inference","uncap_s_sg_acc":"reviewed_inference","uncap_s_sg_dat":"reviewed_inference","uncap_s_sg_gen":"reviewed_inference","uncap_s_sg_nom":"reviewed_inference"}	yes	4e3666bb30ca30e5e5ef371714fa9d4d3fb487ef49993ca8ac15129fb02be746	537756d1f474dff804f2564fc787e3f6777d12b4b73dd31811dcf66f04d6bea4	"Xylophon"	"Xylophon"	"Xylophon"	"Xylophons"	"Xylophone"	"Xylophone"	"Xylophonen"	"Xylophone"	"neuter"	"Xylophon"	"xylophon"	"xylophon"	"xylophon"	"xylophons"	"xylophone"	"xylophone"	"xylophonen"	"xylophone"	"xylophon"	"bind"
wdn_000197_N	L856575	["L856575"]	["e91d20ea11258142d0697d9bfdb45d25e31de293efdfe753fba4d4ce998f5e89"]	"Durchschnittsmensch"	irregular_full	no	wdn_000197_p007	mkN_two	P.mkN "Durchschnittsmensch" "Durchschnittsmenschen" P.masculine	2	complete	exact_source_evidence	provisional	sampled	none_recorded	["L856575$AE76B8E2-2256-490F-8479-E44FA4E2FE81"]	{"s_pl_acc":["L856575-F8"],"s_pl_dat":["L856575-F6"],"s_pl_gen":["L856575-F4"],"s_pl_nom":["L856575-F2"],"s_sg_acc":["L856575-F7"],"s_sg_dat":["L856575-F5"],"s_sg_gen":["L856575-F3"],"s_sg_nom":["L856575-F1"]}	[]	{"co":"provisional_inference","csep":"provisional_inference","gender":"source_exact","s_pl_acc":"source_exact","s_pl_dat":"source_exact","s_pl_gen":"source_exact","s_pl_nom":"source_exact","s_sg_acc":"source_exact","s_sg_dat":"source_exact","s_sg_gen":"source_exact","s_sg_nom":"source_exact","uncap_co":"reviewed_inference","uncap_s_pl_acc":"reviewed_inference","uncap_s_pl_dat":"reviewed_inference","uncap_s_pl_gen":"reviewed_inference","uncap_s_pl_nom":"reviewed_inference","uncap_s_sg_acc":"reviewed_inference","uncap_s_sg_dat":"reviewed_inference","uncap_s_sg_gen":"reviewed_inference","uncap_s_sg_nom":"reviewed_inference"}	yes	af339a15dfeb5e8df9949d8108bfe29d929cc1c6fe5d5b466cb2cfb33a98da18	537756d1f474dff804f2564fc787e3f6777d12b4b73dd31811dcf66f04d6bea4	"Durchschnittsmensch"	"Durchschnittsmenschen"	"Durchschnittsmenschen"	"Durchschnittsmenschen"	"Durchschnittsmenschen"	"Durchschnittsmenschen"	"Durchschnittsmenschen"	"Durchschnittsmenschen"	"masculine"	"Durchschnittsmensch"	"durchschnittsmensch"	"durchschnittsmenschen"	"durchschnittsmenschen"	"durchschnittsmenschen"	"durchschnittsmenschen"	"durchschnittsmenschen"	"durchschnittsmenschen"	"durchschnittsmenschen"	"durchschnittsmensch"	"bind"
wdn_000198_N	L857783	["L857783"]	["90c82be79d716f1a8311b00a65221a9a31fe420c49f2053e29005865637fbbd1"]	"Feld-Wald-und-Wiesen-Tee"	hyphenated	no	wdn_000198_p006	invarPlN_two	P.invarPlN "Feld-Wald-und-Wiesen-Tee" "Feld-Wald-und-Wiesen-Tees" P.masculine	2	complete	exact_source_evidence	provisional	sampled	none_recorded	["L857783$F0FDF713-DFCE-48CC-88D4-ED8C1A1FF23B"]	{"s_pl_acc":["L857783-F8"],"s_pl_dat":["L857783-F7"],"s_pl_gen":["L857783-F6"],"s_pl_nom":["L857783-F5"],"s_sg_acc":["L857783-F4"],"s_sg_dat":["L857783-F3"],"s_sg_gen":["L857783-F2"],"s_sg_nom":["L857783-F1"]}	[]	{"co":"provisional_inference","csep":"reviewed_inference","gender":"source_exact","s_pl_acc":"source_exact","s_pl_dat":"source_exact","s_pl_gen":"source_exact","s_pl_nom":"source_exact","s_sg_acc":"source_exact","s_sg_dat":"source_exact","s_sg_gen":"source_exact","s_sg_nom":"source_exact","uncap_co":"reviewed_inference","uncap_s_pl_acc":"reviewed_inference","uncap_s_pl_dat":"reviewed_inference","uncap_s_pl_gen":"reviewed_inference","uncap_s_pl_nom":"reviewed_inference","uncap_s_sg_acc":"reviewed_inference","uncap_s_sg_dat":"reviewed_inference","uncap_s_sg_gen":"reviewed_inference","uncap_s_sg_nom":"reviewed_inference"}	yes	dee26c6f11babd03f82ed910a319475e33094536b1d36a5f66955c69aa1f1a3f	537756d1f474dff804f2564fc787e3f6777d12b4b73dd31811dcf66f04d6bea4	"Feld-Wald-und-Wiesen-Tee"	"Feld-Wald-und-Wiesen-Tee"	"Feld-Wald-und-Wiesen-Tee"	"Feld-Wald-und-Wiesen-Tees"	"Feld-Wald-und-Wiesen-Tees"	"Feld-Wald-und-Wiesen-Tees"	"Feld-Wald-und-Wiesen-Tees"	"Feld-Wald-und-Wiesen-Tees"	"masculine"	"Feld-Wald-und-Wiesen-Teen"	"Feld-Wald-und-Wiesen-Tee"	"Feld-Wald-und-Wiesen-Tee"	"Feld-Wald-und-Wiesen-Tee"	"Feld-Wald-und-Wiesen-Tees"	"Feld-Wald-und-Wiesen-Tees"	"Feld-Wald-und-Wiesen-Tees"	"Feld-Wald-und-Wiesen-Tees"	"Feld-Wald-und-Wiesen-Tees"	"Feld-Wald-und-Wiesen-Teen"	"hyphen"
wdn_000200_N	L860619	["L860619"]	["ae2a40ad8724b9433d12eaccb88ad8f9b1464b167ec3c36a65a28d6229004d13"]	"Weibsleute"	plural_only	no	wdn_000200_p001	pluralOnlyN	P.pluralOnlyN "Weibsleute"	1	complete	compatible_with_inference	provisional	sampled	none_recorded	["L860619$F443866C-A4C3-4640-A068-711D97B60DF9"]	{"s_pl_acc":["L860619-F4"],"s_pl_dat":["L860619-F3"],"s_pl_gen":["L860619-F2"],"s_pl_nom":["L860619-F1"]}	[]	{"co":"provisional_inference","csep":"provisional_inference","gender":"provisional_inference","s_pl_acc":"source_exact","s_pl_dat":"source_exact","s_pl_gen":"source_exact","s_pl_nom":"source_exact","s_sg_acc":"unavailable","s_sg_dat":"unavailable","s_sg_gen":"unavailable","s_sg_nom":"unavailable","uncap_co":"reviewed_inference","uncap_s_pl_acc":"reviewed_inference","uncap_s_pl_dat":"reviewed_inference","uncap_s_pl_gen":"reviewed_inference","uncap_s_pl_nom":"reviewed_inference","uncap_s_sg_acc":"unavailable","uncap_s_sg_dat":"unavailable","uncap_s_sg_gen":"unavailable","uncap_s_sg_nom":"unavailable"}	yes	3fcbe8c0834628e406f60dd602ad87f43d6656011b52376a5da4f022e7c0ca42	537756d1f474dff804f2564fc787e3f6777d12b4b73dd31811dcf66f04d6bea4	""	""	""	""	"Weibsleute"	"Weibsleute"	"Weibsleuten"	"Weibsleute"	"masculine"	"Weibsleute"	""	""	""	""	"weibsleute"	"weibsleute"	"weibsleuten"	"weibsleute"	"weibsleute"	"bind"
wdn_000201_N	L861059	["L861059"]	["93cd83ee9d2247ccef88da0021276ac4547afb1a95859eb01f803a434376b355"]	"Weltkenntnis"	regular_feminine	no	wdn_000201_p007	mkN_two	P.mkN "Weltkenntnis" "Weltkenntnisse" P.feminine	2	complete	exact_source_evidence	provisional	sampled	none_recorded	["L861059$D61DC85C-B12A-4CC9-8F80-4F3C4E352C15"]	{"s_pl_acc":["L861059-F8"],"s_pl_dat":["L861059-F7"],"s_pl_gen":["L861059-F6"],"s_pl_nom":["L861059-F5"],"s_sg_acc":["L861059-F4"],"s_sg_dat":["L861059-F3"],"s_sg_gen":["L861059-F2"],"s_sg_nom":["L861059-F1"]}	[]	{"co":"provisional_inference","csep":"provisional_inference","gender":"source_exact","s_pl_acc":"source_exact","s_pl_dat":"source_exact","s_pl_gen":"source_exact","s_pl_nom":"source_exact","s_sg_acc":"source_exact","s_sg_dat":"source_exact","s_sg_gen":"source_exact","s_sg_nom":"source_exact","uncap_co":"reviewed_inference","uncap_s_pl_acc":"reviewed_inference","uncap_s_pl_dat":"reviewed_inference","uncap_s_pl_gen":"reviewed_inference","uncap_s_pl_nom":"reviewed_inference","uncap_s_sg_acc":"reviewed_inference","uncap_s_sg_dat":"reviewed_inference","uncap_s_sg_gen":"reviewed_inference","uncap_s_sg_nom":"reviewed_inference"}	yes	7b1b3de1b7708bf3778cf0eff8d96170f411f7538d510b42852ec770c065d713	537756d1f474dff804f2564fc787e3f6777d12b4b73dd31811dcf66f04d6bea4	"Weltkenntnis"	"Weltkenntnis"	"Weltkenntnis"	"Weltkenntnis"	"Weltkenntnisse"	"Weltkenntnisse"	"Weltkenntnissen"	"Weltkenntnisse"	"feminine"	"Weltkenntnis"	"weltkenntnis"	"weltkenntnis"	"weltkenntnis"	"weltkenntnis"	"weltkenntnisse"	"weltkenntnisse"	"weltkenntnissen"	"weltkenntnisse"	"weltkenntnis"	"bind"
wdn_000202_N	L862912	["L862912"]	["297a38c797071dcb4fd6d4ab8a7900249b4a6f9e199e3e79774e06ae79defdeb"]	"VR"	abbreviation	no	wdn_000202_p002	abbrevN+mkN_lemma_gender	P.abbrevN (P.mkN "VR" P.feminine)	1	none	compatible_with_inference	provisional	sampled	none_recorded	["L862912$D4014E40-D51C-405F-A497-38F605CB2606"]	{}	[]	{"co":"provisional_inference","csep":"reviewed_inference","gender":"source_exact","s_pl_acc":"provisional_inference","s_pl_dat":"provisional_inference","s_pl_gen":"provisional_inference","s_pl_nom":"provisional_inference","s_sg_acc":"provisional_inference","s_sg_dat":"provisional_inference","s_sg_gen":"provisional_inference","s_sg_nom":"provisional_inference","uncap_co":"reviewed_inference","uncap_s_pl_acc":"reviewed_inference","uncap_s_pl_dat":"reviewed_inference","uncap_s_pl_gen":"reviewed_inference","uncap_s_pl_nom":"reviewed_inference","uncap_s_sg_acc":"reviewed_inference","uncap_s_sg_dat":"reviewed_inference","uncap_s_sg_gen":"reviewed_inference","uncap_s_sg_nom":"reviewed_inference"}	yes	f12d81404f1d9e947d3f6603e1f8f4afcdc0f44f32f8a4172b7b9bebbe15ad4a	537756d1f474dff804f2564fc787e3f6777d12b4b73dd31811dcf66f04d6bea4	"VR"	"VR"	"VR"	"VR"	"VRen"	"VRen"	"VRen"	"VRen"	"feminine"	"VR"	"VR"	"VR"	"VR"	"VR"	"VRen"	"VRen"	"VRen"	"VRen"	"VR"	"hyphen"
wdn_000203_N	L864096	["L864096"]	["df3bc293c79564311b9fa65d141e12141a1c5712da56d61bd74c0ea59a402eed"]	"Reittier"	regular_neuter	no	wdn_000203_p008	mkN_six	P.mkN "Reittier" "Reittier" "Reittier" "Reittieres" "Reittiere" "Reittieren" P.neuter	6	complete	exact_source_evidence	provisional	sampled	none_recorded	["L864096$68B9EE8F-2353-452C-A2C1-40E0D87814CC"]	{"s_pl_acc":["L864096-F8"],"s_pl_dat":["L864096-F6"],"s_pl_gen":["L864096-F4"],"s_pl_nom":["L864096-F2"],"s_sg_acc":["L864096-F7"],"s_sg_dat":["L864096-F5"],"s_sg_gen":["L864096-F3"],"s_sg_nom":["L864096-F1"]}	[]	{"co":"provisional_inference","csep":"provisional_inference","gender":"source_exact","s_pl_acc":"source_exact","s_pl_dat":"source_exact","s_pl_gen":"source_exact","s_pl_nom":"source_exact","s_sg_acc":"source_exact","s_sg_dat":"source_exact","s_sg_gen":"source_exact","s_sg_nom":"source_exact","uncap_co":"reviewed_inference","uncap_s_pl_acc":"reviewed_inference","uncap_s_pl_dat":"reviewed_inference","uncap_s_pl_gen":"reviewed_inference","uncap_s_pl_nom":"reviewed_inference","uncap_s_sg_acc":"reviewed_inference","uncap_s_sg_dat":"reviewed_inference","uncap_s_sg_gen":"reviewed_inference","uncap_s_sg_nom":"reviewed_inference"}	yes	bca4fe8d32b82751d76245c767135bf4edb1410e3deb70b81d8f731ad272e243	537756d1f474dff804f2564fc787e3f6777d12b4b73dd31811dcf66f04d6bea4	"Reittier"	"Reittier"	"Reittier"	"Reittieres"	"Reittiere"	"Reittiere"	"Reittieren"	"Reittiere"	"neuter"	"Reittier"	"reittier"	"reittier"	"reittier"	"reittieres"	"reittiere"	"reittiere"	"reittieren"	"reittiere"	"reittier"	"bind"
wdn_000205_N	L864786	["L864786"]	["9531c10ca7e5275b1e6b39c22dfead5bfaeb07eacdbf3770750db6deccaf941e"]	"Trappist"	irregular_full	no	wdn_000205_p007	mkN_two	P.mkN "Trappist" "Trappisten" P.masculine	2	complete	exact_source_evidence	provisional	sampled	none_recorded	["L864786$A81575D6-6C66-4BD0-AD10-EC11FE68807B"]	{"s_pl_acc":["L864786-F8"],"s_pl_dat":["L864786-F6"],"s_pl_gen":["L864786-F4"],"s_pl_nom":["L864786-F2"],"s_sg_acc":["L864786-F7"],"s_sg_dat":["L864786-F5"],"s_sg_gen":["L864786-F3"],"s_sg_nom":["L864786-F1"]}	[]	{"co":"provisional_inference","csep":"provisional_inference","gender":"source_exact","s_pl_acc":"source_exact","s_pl_dat":"source_exact","s_pl_gen":"source_exact","s_pl_nom":"source_exact","s_sg_acc":"source_exact","s_sg_dat":"source_exact","s_sg_gen":"source_exact","s_sg_nom":"source_exact","uncap_co":"reviewed_inference","uncap_s_pl_acc":"reviewed_inference","uncap_s_pl_dat":"reviewed_inference","uncap_s_pl_gen":"reviewed_inference","uncap_s_pl_nom":"reviewed_inference","uncap_s_sg_acc":"reviewed_inference","uncap_s_sg_dat":"reviewed_inference","uncap_s_sg_gen":"reviewed_inference","uncap_s_sg_nom":"reviewed_inference"}	yes	fc1d4c7fc6b157fdb1e926bea8b4e6e49e0e5d390ca25a1a70c54b8e28d767e7	537756d1f474dff804f2564fc787e3f6777d12b4b73dd31811dcf66f04d6bea4	"Trappist"	"Trappisten"	"Trappisten"	"Trappisten"	"Trappisten"	"Trappisten"	"Trappisten"	"Trappisten"	"masculine"	"Trappist"	"trappist"	"trappisten"	"trappisten"	"trappisten"	"trappisten"	"trappisten"	"trappisten"	"trappisten"	"trappist"	"bind"
wdn_000207_N	L867451	["L867451"]	["8d75fd697d962e779f5222e2f1a67a10302a2f2774b888a5975293f577998c5c"]	"Bildstreifen"	invariant_plural	no	wdn_000207_p001	mkN_lemma	P.mkN "Bildstreifen"	1	complete	exact_source_evidence	provisional	sampled	none_recorded	["L867451$BC4DCA24-8BCE-40ED-9685-748C85158FE6"]	{"s_pl_acc":["L867451-F8"],"s_pl_dat":["L867451-F7"],"s_pl_gen":["L867451-F6"],"s_pl_nom":["L867451-F5"],"s_sg_acc":["L867451-F4"],"s_sg_dat":["L867451-F3"],"s_sg_gen":["L867451-F2"],"s_sg_nom":["L867451-F1"]}	[]	{"co":"provisional_inference","csep":"provisional_inference","gender":"source_exact","s_pl_acc":"source_exact","s_pl_dat":"source_exact","s_pl_gen":"source_exact","s_pl_nom":"source_exact","s_sg_acc":"source_exact","s_sg_dat":"source_exact","s_sg_gen":"source_exact","s_sg_nom":"source_exact","uncap_co":"reviewed_inference","uncap_s_pl_acc":"reviewed_inference","uncap_s_pl_dat":"reviewed_inference","uncap_s_pl_gen":"reviewed_inference","uncap_s_pl_nom":"reviewed_inference","uncap_s_sg_acc":"reviewed_inference","uncap_s_sg_dat":"reviewed_inference","uncap_s_sg_gen":"reviewed_inference","uncap_s_sg_nom":"reviewed_inference"}	yes	e0243938e4e95a2ca13b58fa3747f5d7a7b83db1c9f2a4239b38c67ad3586a4a	537756d1f474dff804f2564fc787e3f6777d12b4b73dd31811dcf66f04d6bea4	"Bildstreifen"	"Bildstreifen"	"Bildstreifen"	"Bildstreifens"	"Bildstreifen"	"Bildstreifen"	"Bildstreifen"	"Bildstreifen"	"masculine"	"Bildstreifen"	"bildstreifen"	"bildstreifen"	"bildstreifen"	"bildstreifens"	"bildstreifen"	"bildstreifen"	"bildstreifen"	"bildstreifen"	"bildstreifen"	"bind"
wdn_000210_N	L868326	["L868326"]	["f34f61af48b858c841badb2f112dd88261454a8735894beb2d5e0a2baba2dc23"]	"Lieblingstochter"	regular_feminine	no	wdn_000210_p007	mkN_two	P.mkN "Lieblingstochter" "Lieblingstöchter" P.feminine	2	complete	exact_source_evidence	provisional	sampled	none_recorded	["L868326$C44305E8-3088-41D1-9E96-01763250348D"]	{"s_pl_acc":["L868326-F8"],"s_pl_dat":["L868326-F7"],"s_pl_gen":["L868326-F6"],"s_pl_nom":["L868326-F5"],"s_sg_acc":["L868326-F4"],"s_sg_dat":["L868326-F3"],"s_sg_gen":["L868326-F2"],"s_sg_nom":["L868326-F1"]}	[]	{"co":"provisional_inference","csep":"provisional_inference","gender":"source_exact","s_pl_acc":"source_exact","s_pl_dat":"source_exact","s_pl_gen":"source_exact","s_pl_nom":"source_exact","s_sg_acc":"source_exact","s_sg_dat":"source_exact","s_sg_gen":"source_exact","s_sg_nom":"source_exact","uncap_co":"reviewed_inference","uncap_s_pl_acc":"reviewed_inference","uncap_s_pl_dat":"reviewed_inference","uncap_s_pl_gen":"reviewed_inference","uncap_s_pl_nom":"reviewed_inference","uncap_s_sg_acc":"reviewed_inference","uncap_s_sg_dat":"reviewed_inference","uncap_s_sg_gen":"reviewed_inference","uncap_s_sg_nom":"reviewed_inference"}	yes	f4f52a9cd5bff4ea90a79178551aaa1d9aad5b505a4214224d888c1bd4efe857	537756d1f474dff804f2564fc787e3f6777d12b4b73dd31811dcf66f04d6bea4	"Lieblingstochter"	"Lieblingstochter"	"Lieblingstochter"	"Lieblingstochter"	"Lieblingstöchter"	"Lieblingstöchter"	"Lieblingstöchtern"	"Lieblingstöchter"	"feminine"	"Lieblingstochter"	"lieblingstochter"	"lieblingstochter"	"lieblingstochter"	"lieblingstochter"	"lieblingstöchter"	"lieblingstöchter"	"lieblingstöchtern"	"lieblingstöchter"	"lieblingstochter"	"bind"
wdn_000211_N	L868971	["L868971"]	["6467085ed1c49d1cf838cc7e56c2dae243b11537949020c0f4bd3d0bb0df41a7"]	"Propagandabluff"	invariant_plural	no	wdn_000211_p006	invarPlN_two	P.invarPlN "Propagandabluff" "Propagandabluffs" P.masculine	2	complete	exact_source_evidence	provisional	sampled	none_recorded	["L868971$b81472dd-bec7-4d80-b735-e070bccb07c4"]	{"s_pl_acc":["L868971-F8"],"s_pl_dat":["L868971-F7"],"s_pl_gen":["L868971-F6"],"s_pl_nom":["L868971-F5"],"s_sg_acc":["L868971-F4"],"s_sg_dat":["L868971-F3"],"s_sg_gen":["L868971-F2"],"s_sg_nom":["L868971-F1"]}	[]	{"co":"provisional_inference","csep":"provisional_inference","gender":"source_exact","s_pl_acc":"source_exact","s_pl_dat":"source_exact","s_pl_gen":"source_exact","s_pl_nom":"source_exact","s_sg_acc":"source_exact","s_sg_dat":"source_exact","s_sg_gen":"source_exact","s_sg_nom":"source_exact","uncap_co":"reviewed_inference","uncap_s_pl_acc":"reviewed_inference","uncap_s_pl_dat":"reviewed_inference","uncap_s_pl_gen":"reviewed_inference","uncap_s_pl_nom":"reviewed_inference","uncap_s_sg_acc":"reviewed_inference","uncap_s_sg_dat":"reviewed_inference","uncap_s_sg_gen":"reviewed_inference","uncap_s_sg_nom":"reviewed_inference"}	yes	4aae42052264d37986913f18cdd736bfea094a302407d70f4b9c5f3805e2210f	537756d1f474dff804f2564fc787e3f6777d12b4b73dd31811dcf66f04d6bea4	"Propagandabluff"	"Propagandabluff"	"Propagandabluff"	"Propagandabluffs"	"Propagandabluffs"	"Propagandabluffs"	"Propagandabluffs"	"Propagandabluffs"	"masculine"	"Propagandabluff"	"propagandabluff"	"propagandabluff"	"propagandabluff"	"propagandabluffs"	"propagandabluffs"	"propagandabluffs"	"propagandabluffs"	"propagandabluffs"	"propagandabluff"	"bind"
wdn_000213_N	L876378	["L876378"]	["42c1493464c18526562234fdaac1b4e9a662f612c295531e04475d24543281ce"]	"Kennwort"	regular_neuter	no	wdn_000213_p007	mkN_two	P.mkN "Kennwort" "Kennwörter" P.neuter	2	complete	exact_source_evidence	provisional	sampled	none_recorded	["L876378$DD457B11-0073-46E1-B1E3-069C8C332549"]	{"s_pl_acc":["L876378-F8"],"s_pl_dat":["L876378-F6"],"s_pl_gen":["L876378-F4"],"s_pl_nom":["L876378-F2"],"s_sg_acc":["L876378-F7"],"s_sg_dat":["L876378-F5"],"s_sg_gen":["L876378-F3"],"s_sg_nom":["L876378-F1"]}	[]	{"co":"provisional_inference","csep":"provisional_inference","gender":"source_exact","s_pl_acc":"source_exact","s_pl_dat":"source_exact","s_pl_gen":"source_exact","s_pl_nom":"source_exact","s_sg_acc":"source_exact","s_sg_dat":"source_exact","s_sg_gen":"source_exact","s_sg_nom":"source_exact","uncap_co":"reviewed_inference","uncap_s_pl_acc":"reviewed_inference","uncap_s_pl_dat":"reviewed_inference","uncap_s_pl_gen":"reviewed_inference","uncap_s_pl_nom":"reviewed_inference","uncap_s_sg_acc":"reviewed_inference","uncap_s_sg_dat":"reviewed_inference","uncap_s_sg_gen":"reviewed_inference","uncap_s_sg_nom":"reviewed_inference"}	yes	d9120a8a1e62df4e5bf5fb49da9742d0b7fa929996830ecca76a0666e9041c4b	537756d1f474dff804f2564fc787e3f6777d12b4b73dd31811dcf66f04d6bea4	"Kennwort"	"Kennwort"	"Kennwort"	"Kennwortes"	"Kennwörter"	"Kennwörter"	"Kennwörtern"	"Kennwörter"	"neuter"	"Kennwort"	"kennwort"	"kennwort"	"kennwort"	"kennwortes"	"kennwörter"	"kennwörter"	"kennwörtern"	"kennwörter"	"kennwort"	"bind"
wdn_000215_N	L877334	["L877334"]	["2f37f0f82f882109cfb7b53430819dc4e1c44512b43ed6a452131d420c060f1a"]	"Isolator"	invariant_plural	no	wdn_000215_p006	invarPlN_two	P.invarPlN "Isolator" "Isolatoren" P.masculine	2	complete	exact_source_evidence	provisional	sampled	none_recorded	["L877334$B7D27846-0775-40C6-B721-53FD037971E7"]	{"s_pl_acc":["L877334-F8"],"s_pl_dat":["L877334-F6"],"s_pl_gen":["L877334-F4"],"s_pl_nom":["L877334-F2"],"s_sg_acc":["L877334-F7"],"s_sg_dat":["L877334-F5"],"s_sg_gen":["L877334-F3"],"s_sg_nom":["L877334-F1"]}	[]	{"co":"provisional_inference","csep":"provisional_inference","gender":"source_exact","s_pl_acc":"source_exact","s_pl_dat":"source_exact","s_pl_gen":"source_exact","s_pl_nom":"source_exact","s_sg_acc":"source_exact","s_sg_dat":"source_exact","s_sg_gen":"source_exact","s_sg_nom":"source_exact","uncap_co":"reviewed_inference","uncap_s_pl_acc":"reviewed_inference","uncap_s_pl_dat":"reviewed_inference","uncap_s_pl_gen":"reviewed_inference","uncap_s_pl_nom":"reviewed_inference","uncap_s_sg_acc":"reviewed_inference","uncap_s_sg_dat":"reviewed_inference","uncap_s_sg_gen":"reviewed_inference","uncap_s_sg_nom":"reviewed_inference"}	yes	2d7b390e0d86bd1b6bb737dd937904aa6bd0b99c1a0e06c7f1a280c2520a49fa	537756d1f474dff804f2564fc787e3f6777d12b4b73dd31811dcf66f04d6bea4	"Isolator"	"Isolator"	"Isolator"	"Isolators"	"Isolatoren"	"Isolatoren"	"Isolatoren"	"Isolatoren"	"masculine"	"Isolator"	"isolator"	"isolator"	"isolator"	"isolators"	"isolatoren"	"isolatoren"	"isolatoren"	"isolatoren"	"isolator"	"bind"
wdn_000217_N	L879950	["L879950"]	["332c7451906152a23580b8e31944fc9adf02399a72816ac4bdb2bdda6e476140"]	"Verstellungskunst"	regular_feminine	no	wdn_000217_p007	mkN_two	P.mkN "Verstellungskunst" "Verstellungskünste" P.feminine	2	complete	exact_source_evidence	provisional	sampled	none_recorded	["L879950$C7258588-83EA-4C21-B5B5-ABC0CDE07EC4"]	{"s_pl_acc":["L879950-F8"],"s_pl_dat":["L879950-F6"],"s_pl_gen":["L879950-F4"],"s_pl_nom":["L879950-F2"],"s_sg_acc":["L879950-F7"],"s_sg_dat":["L879950-F5"],"s_sg_gen":["L879950-F3"],"s_sg_nom":["L879950-F1"]}	[]	{"co":"provisional_inference","csep":"provisional_inference","gender":"source_exact","s_pl_acc":"source_exact","s_pl_dat":"source_exact","s_pl_gen":"source_exact","s_pl_nom":"source_exact","s_sg_acc":"source_exact","s_sg_dat":"source_exact","s_sg_gen":"source_exact","s_sg_nom":"source_exact","uncap_co":"reviewed_inference","uncap_s_pl_acc":"reviewed_inference","uncap_s_pl_dat":"reviewed_inference","uncap_s_pl_gen":"reviewed_inference","uncap_s_pl_nom":"reviewed_inference","uncap_s_sg_acc":"reviewed_inference","uncap_s_sg_dat":"reviewed_inference","uncap_s_sg_gen":"reviewed_inference","uncap_s_sg_nom":"reviewed_inference"}	yes	e612952f04a97a3dc6a762eec170817fe634cb9f2f26d9ef85f9a0bc221d047f	537756d1f474dff804f2564fc787e3f6777d12b4b73dd31811dcf66f04d6bea4	"Verstellungskunst"	"Verstellungskunst"	"Verstellungskunst"	"Verstellungskunst"	"Verstellungskünste"	"Verstellungskünste"	"Verstellungskünsten"	"Verstellungskünste"	"feminine"	"Verstellungskunst"	"verstellungskunst"	"verstellungskunst"	"verstellungskunst"	"verstellungskunst"	"verstellungskünste"	"verstellungskünste"	"verstellungskünsten"	"verstellungskünste"	"verstellungskunst"	"bind"
wdn_000218_N	L883084	["L883084"]	["ad91f25ef3f307c1cf83691947256e0c9ffa66d460671418f6de4368580c4f81"]	"Diamantenschleifer"	partial_evidence	no	wdn_000218_p001	mkN_lemma	P.mkN "Diamantenschleifer"	1	none	compatible_with_inference	provisional	sampled	none_recorded	["L883084$244402A3-DB4E-4DC5-920D-519A77334EB7"]	{}	[]	{"co":"provisional_inference","csep":"provisional_inference","gender":"source_exact","s_pl_acc":"provisional_inference","s_pl_dat":"provisional_inference","s_pl_gen":"provisional_inference","s_pl_nom":"provisional_inference","s_sg_acc":"provisional_inference","s_sg_dat":"provisional_inference","s_sg_gen":"provisional_inference","s_sg_nom":"provisional_inference","uncap_co":"reviewed_inference","uncap_s_pl_acc":"reviewed_inference","uncap_s_pl_dat":"reviewed_inference","uncap_s_pl_gen":"reviewed_inference","uncap_s_pl_nom":"reviewed_inference","uncap_s_sg_acc":"reviewed_inference","uncap_s_sg_dat":"reviewed_inference","uncap_s_sg_gen":"reviewed_inference","uncap_s_sg_nom":"reviewed_inference"}	yes	c1cb7a04bf5979c4333517dc078d1acb723d62db43961ce435e2f8ab471d5626	537756d1f474dff804f2564fc787e3f6777d12b4b73dd31811dcf66f04d6bea4	"Diamantenschleifer"	"Diamantenschleifer"	"Diamantenschleifer"	"Diamantenschleifers"	"Diamantenschleifer"	"Diamantenschleifer"	"Diamantenschleifern"	"Diamantenschleifer"	"masculine"	"Diamantenschleifer"	"diamantenschleifer"	"diamantenschleifer"	"diamantenschleifer"	"diamantenschleifers"	"diamantenschleifer"	"diamantenschleifer"	"diamantenschleifern"	"diamantenschleifer"	"diamantenschleifer"	"bind"
wdn_000219_N	L884159	["L884159"]	["b6795c2dd83cf12de7fd5d798a3b3db2ab78bd97681277150870f6a72b04c950"]	"Abklatschwalzer"	regular_masculine	no	wdn_000219_p001	mkN_lemma	P.mkN "Abklatschwalzer"	1	complete	exact_source_evidence	provisional	sampled	none_recorded	["L884159$C253212C-179F-4E0C-A813-1A9A94A2340C"]	{"s_pl_acc":["L884159-F8"],"s_pl_dat":["L884159-F7"],"s_pl_gen":["L884159-F6"],"s_pl_nom":["L884159-F5"],"s_sg_acc":["L884159-F4"],"s_sg_dat":["L884159-F3"],"s_sg_gen":["L884159-F2"],"s_sg_nom":["L884159-F1"]}	[]	{"co":"provisional_inference","csep":"provisional_inference","gender":"source_exact","s_pl_acc":"source_exact","s_pl_dat":"source_exact","s_pl_gen":"source_exact","s_pl_nom":"source_exact","s_sg_acc":"source_exact","s_sg_dat":"source_exact","s_sg_gen":"source_exact","s_sg_nom":"source_exact","uncap_co":"reviewed_inference","uncap_s_pl_acc":"reviewed_inference","uncap_s_pl_dat":"reviewed_inference","uncap_s_pl_gen":"reviewed_inference","uncap_s_pl_nom":"reviewed_inference","uncap_s_sg_acc":"reviewed_inference","uncap_s_sg_dat":"reviewed_inference","uncap_s_sg_gen":"reviewed_inference","uncap_s_sg_nom":"reviewed_inference"}	yes	37016b2866fb6bebf96e24bb24ec25fa31fbb3abc9b8d81a918a2455360f9686	537756d1f474dff804f2564fc787e3f6777d12b4b73dd31811dcf66f04d6bea4	"Abklatschwalzer"	"Abklatschwalzer"	"Abklatschwalzer"	"Abklatschwalzers"	"Abklatschwalzer"	"Abklatschwalzer"	"Abklatschwalzern"	"Abklatschwalzer"	"masculine"	"Abklatschwalzer"	"abklatschwalzer"	"abklatschwalzer"	"abklatschwalzer"	"abklatschwalzers"	"abklatschwalzer"	"abklatschwalzer"	"abklatschwalzern"	"abklatschwalzer"	"abklatschwalzer"	"bind"
wdn_000220_N	L884236	["L884236"]	["8d3461fa7980f4254934cc263a9073c838b8fc5fbdb2d5724d23daa95f565df9"]	"Abrüstungsabkommen"	invariant_plural	no	wdn_000220_p002	mkN_lemma_gender	P.mkN "Abrüstungsabkommen" P.neuter	1	complete	exact_source_evidence	provisional	sampled	none_recorded	["L884236$BCD91EC2-0FEF-4FD2-AB8E-8B5210914AC8"]	{"s_pl_acc":["L884236-F8"],"s_pl_dat":["L884236-F7"],"s_pl_gen":["L884236-F6"],"s_pl_nom":["L884236-F5"],"s_sg_acc":["L884236-F4"],"s_sg_dat":["L884236-F3"],"s_sg_gen":["L884236-F2"],"s_sg_nom":["L884236-F1"]}	[]	{"co":"provisional_inference","csep":"provisional_inference","gender":"source_exact","s_pl_acc":"source_exact","s_pl_dat":"source_exact","s_pl_gen":"source_exact","s_pl_nom":"source_exact","s_sg_acc":"source_exact","s_sg_dat":"source_exact","s_sg_gen":"source_exact","s_sg_nom":"source_exact","uncap_co":"reviewed_inference","uncap_s_pl_acc":"reviewed_inference","uncap_s_pl_dat":"reviewed_inference","uncap_s_pl_gen":"reviewed_inference","uncap_s_pl_nom":"reviewed_inference","uncap_s_sg_acc":"reviewed_inference","uncap_s_sg_dat":"reviewed_inference","uncap_s_sg_gen":"reviewed_inference","uncap_s_sg_nom":"reviewed_inference"}	yes	10b662f2a1bf5fbe839a7a6fec1fe2e97cb06104bcf0ae8cb240e1c48900eb73	537756d1f474dff804f2564fc787e3f6777d12b4b73dd31811dcf66f04d6bea4	"Abrüstungsabkommen"	"Abrüstungsabkommen"	"Abrüstungsabkommen"	"Abrüstungsabkommens"	"Abrüstungsabkommen"	"Abrüstungsabkommen"	"Abrüstungsabkommen"	"Abrüstungsabkommen"	"neuter"	"Abrüstungsabkommen"	"abrüstungsabkommen"	"abrüstungsabkommen"	"abrüstungsabkommen"	"abrüstungsabkommens"	"abrüstungsabkommen"	"abrüstungsabkommen"	"abrüstungsabkommen"	"abrüstungsabkommen"	"abrüstungsabkommen"	"bind"
wdn_000222_N	L887101	["L887101"]	["76ed398dd21096c2ec6bb5f897fa3b9acd11d39d874d9cc47f0dbb0f5a30c12c"]	"Postzeitungsliste"	invariant	no	wdn_000222_p001	mkN_lemma	P.mkN "Postzeitungsliste"	1	complete	exact_source_evidence	provisional	sampled	none_recorded	["L887101$d510a46b-944b-46ce-be90-208a98a6daec"]	{"s_pl_acc":["L887101-F8"],"s_pl_dat":["L887101-F7"],"s_pl_gen":["L887101-F6"],"s_pl_nom":["L887101-F5"],"s_sg_acc":["L887101-F4"],"s_sg_dat":["L887101-F3"],"s_sg_gen":["L887101-F2"],"s_sg_nom":["L887101-F1"]}	[]	{"co":"provisional_inference","csep":"provisional_inference","gender":"source_exact","s_pl_acc":"source_exact","s_pl_dat":"source_exact","s_pl_gen":"source_exact","s_pl_nom":"source_exact","s_sg_acc":"source_exact","s_sg_dat":"source_exact","s_sg_gen":"source_exact","s_sg_nom":"source_exact","uncap_co":"reviewed_inference","uncap_s_pl_acc":"reviewed_inference","uncap_s_pl_dat":"reviewed_inference","uncap_s_pl_gen":"reviewed_inference","uncap_s_pl_nom":"reviewed_inference","uncap_s_sg_acc":"reviewed_inference","uncap_s_sg_dat":"reviewed_inference","uncap_s_sg_gen":"reviewed_inference","uncap_s_sg_nom":"reviewed_inference"}	yes	265362cf1948368844feb9331b807938b16e2c48e9d5ee8e94fda1f85f4150c9	537756d1f474dff804f2564fc787e3f6777d12b4b73dd31811dcf66f04d6bea4	"Postzeitungsliste"	"Postzeitungsliste"	"Postzeitungsliste"	"Postzeitungsliste"	"Postzeitungslisten"	"Postzeitungslisten"	"Postzeitungslisten"	"Postzeitungslisten"	"feminine"	"Postzeitungslisten"	"postzeitungsliste"	"postzeitungsliste"	"postzeitungsliste"	"postzeitungsliste"	"postzeitungslisten"	"postzeitungslisten"	"postzeitungslisten"	"postzeitungslisten"	"postzeitungslisten"	"bind"
wdn_000223_N	L888217	["L888217"]	["dbfa4988f87486a8e866b734960e8fb7a9593ef590596bf73bb43d2211702bdd"]	"Filmkopie"	invariant	no	wdn_000223_p001	mkN_lemma	P.mkN "Filmkopie"	1	complete	exact_source_evidence	provisional	sampled	none_recorded	["L888217$2C033178-E311-432A-AB55-50C1085A251B"]	{"s_pl_acc":["L888217-F8"],"s_pl_dat":["L888217-F7"],"s_pl_gen":["L888217-F6"],"s_pl_nom":["L888217-F5"],"s_sg_acc":["L888217-F4"],"s_sg_dat":["L888217-F3"],"s_sg_gen":["L888217-F2"],"s_sg_nom":["L888217-F1"]}	[]	{"co":"provisional_inference","csep":"provisional_inference","gender":"source_exact","s_pl_acc":"source_exact","s_pl_dat":"source_exact","s_pl_gen":"source_exact","s_pl_nom":"source_exact","s_sg_acc":"source_exact","s_sg_dat":"source_exact","s_sg_gen":"source_exact","s_sg_nom":"source_exact","uncap_co":"reviewed_inference","uncap_s_pl_acc":"reviewed_inference","uncap_s_pl_dat":"reviewed_inference","uncap_s_pl_gen":"reviewed_inference","uncap_s_pl_nom":"reviewed_inference","uncap_s_sg_acc":"reviewed_inference","uncap_s_sg_dat":"reviewed_inference","uncap_s_sg_gen":"reviewed_inference","uncap_s_sg_nom":"reviewed_inference"}	yes	be2d36a03b952df289c3c992e5d8b64668aada5f7c46e17653e35ac686148bb5	537756d1f474dff804f2564fc787e3f6777d12b4b73dd31811dcf66f04d6bea4	"Filmkopie"	"Filmkopie"	"Filmkopie"	"Filmkopie"	"Filmkopien"	"Filmkopien"	"Filmkopien"	"Filmkopien"	"feminine"	"Filmkopien"	"filmkopie"	"filmkopie"	"filmkopie"	"filmkopie"	"filmkopien"	"filmkopien"	"filmkopien"	"filmkopien"	"filmkopien"	"bind"
wdn_000224_N	L889587	["L889587"]	["e924910bf6fe231c5809adf545c1a28216a7239cb609e76e85c1833810b18662"]	"Sexualhormon"	regular_neuter	no	wdn_000224_p007	mkN_two	P.mkN "Sexualhormon" "Sexualhormone" P.neuter	2	complete	exact_source_evidence	provisional	sampled	none_recorded	["L889587$DF4EAB0B-EE15-461B-A61E-4172B70B1BBF"]	{"s_pl_acc":["L889587-F8"],"s_pl_dat":["L889587-F7"],"s_pl_gen":["L889587-F6"],"s_pl_nom":["L889587-F5"],"s_sg_acc":["L889587-F4"],"s_sg_dat":["L889587-F3"],"s_sg_gen":["L889587-F2"],"s_sg_nom":["L889587-F1"]}	[]	{"co":"provisional_inference","csep":"provisional_inference","gender":"source_exact","s_pl_acc":"source_exact","s_pl_dat":"source_exact","s_pl_gen":"source_exact","s_pl_nom":"source_exact","s_sg_acc":"source_exact","s_sg_dat":"source_exact","s_sg_gen":"source_exact","s_sg_nom":"source_exact","uncap_co":"reviewed_inference","uncap_s_pl_acc":"reviewed_inference","uncap_s_pl_dat":"reviewed_inference","uncap_s_pl_gen":"reviewed_inference","uncap_s_pl_nom":"reviewed_inference","uncap_s_sg_acc":"reviewed_inference","uncap_s_sg_dat":"reviewed_inference","uncap_s_sg_gen":"reviewed_inference","uncap_s_sg_nom":"reviewed_inference"}	yes	e9045cef8eda12486d7a9301d75f74e8e353efb0d0aa621ae8ca68c5eaca8c51	537756d1f474dff804f2564fc787e3f6777d12b4b73dd31811dcf66f04d6bea4	"Sexualhormon"	"Sexualhormon"	"Sexualhormon"	"Sexualhormons"	"Sexualhormone"	"Sexualhormone"	"Sexualhormonen"	"Sexualhormone"	"neuter"	"Sexualhormon"	"sexualhormon"	"sexualhormon"	"sexualhormon"	"sexualhormons"	"sexualhormone"	"sexualhormone"	"sexualhormonen"	"sexualhormone"	"sexualhormon"	"bind"
wdn_000225_N	L889945	["L889945"]	["a6f13c2d48a5a81f61994cf47f4c57128c0f31a0a97dbe0fcf782f4b795e8e6a"]	"Spionageagent"	irregular_full	no	wdn_000225_p007	mkN_two	P.mkN "Spionageagent" "Spionageagenten" P.masculine	2	complete	exact_source_evidence	provisional	sampled	none_recorded	["L889945$38D0002C-41C4-4871-B7A2-4C3BBF459527"]	{"s_pl_acc":["L889945-F8"],"s_pl_dat":["L889945-F7"],"s_pl_gen":["L889945-F6"],"s_pl_nom":["L889945-F5"],"s_sg_acc":["L889945-F4"],"s_sg_dat":["L889945-F3"],"s_sg_gen":["L889945-F2"],"s_sg_nom":["L889945-F1"]}	[]	{"co":"provisional_inference","csep":"provisional_inference","gender":"source_exact","s_pl_acc":"source_exact","s_pl_dat":"source_exact","s_pl_gen":"source_exact","s_pl_nom":"source_exact","s_sg_acc":"source_exact","s_sg_dat":"source_exact","s_sg_gen":"source_exact","s_sg_nom":"source_exact","uncap_co":"reviewed_inference","uncap_s_pl_acc":"reviewed_inference","uncap_s_pl_dat":"reviewed_inference","uncap_s_pl_gen":"reviewed_inference","uncap_s_pl_nom":"reviewed_inference","uncap_s_sg_acc":"reviewed_inference","uncap_s_sg_dat":"reviewed_inference","uncap_s_sg_gen":"reviewed_inference","uncap_s_sg_nom":"reviewed_inference"}	yes	49b8f09f4359ffa61c64a79dd953136e06bdd0a7c96107ea72e5c1d5c7caf086	537756d1f474dff804f2564fc787e3f6777d12b4b73dd31811dcf66f04d6bea4	"Spionageagent"	"Spionageagenten"	"Spionageagenten"	"Spionageagenten"	"Spionageagenten"	"Spionageagenten"	"Spionageagenten"	"Spionageagenten"	"masculine"	"Spionageagent"	"spionageagent"	"spionageagenten"	"spionageagenten"	"spionageagenten"	"spionageagenten"	"spionageagenten"	"spionageagenten"	"spionageagenten"	"spionageagent"	"bind"
wdn_000228_N	L891602	["L891602"]	["623257bcf339b4a2c5af184efabb0da94574e114d9930130d29414544476b17a"]	"Totogewinn"	unknown_gender	no	wdn_000228_p001	mkN_lemma	P.mkN "Totogewinn"	1	complete	compatible_with_inference	provisional	sampled	none_recorded	[]	{"s_pl_acc":["L891602-F8"],"s_pl_dat":["L891602-F6"],"s_pl_gen":["L891602-F4"],"s_pl_nom":["L891602-F2"],"s_sg_acc":["L891602-F7"],"s_sg_dat":["L891602-F5"],"s_sg_gen":["L891602-F3"],"s_sg_nom":["L891602-F1"]}	[]	{"co":"provisional_inference","csep":"provisional_inference","gender":"provisional_inference","s_pl_acc":"source_exact","s_pl_dat":"source_exact","s_pl_gen":"source_exact","s_pl_nom":"source_exact","s_sg_acc":"source_exact","s_sg_dat":"source_exact","s_sg_gen":"source_exact","s_sg_nom":"source_exact","uncap_co":"reviewed_inference","uncap_s_pl_acc":"reviewed_inference","uncap_s_pl_dat":"reviewed_inference","uncap_s_pl_gen":"reviewed_inference","uncap_s_pl_nom":"reviewed_inference","uncap_s_sg_acc":"reviewed_inference","uncap_s_sg_dat":"reviewed_inference","uncap_s_sg_gen":"reviewed_inference","uncap_s_sg_nom":"reviewed_inference"}	yes	56b44249c2d5e88d9cf97f2aef908432a783597d60423259be0859eee4ec4baa	537756d1f474dff804f2564fc787e3f6777d12b4b73dd31811dcf66f04d6bea4	"Totogewinn"	"Totogewinn"	"Totogewinn"	"Totogewinnes"	"Totogewinne"	"Totogewinne"	"Totogewinnen"	"Totogewinne"	"masculine"	"Totogewinn"	"totogewinn"	"totogewinn"	"totogewinn"	"totogewinnes"	"totogewinne"	"totogewinne"	"totogewinnen"	"totogewinne"	"totogewinn"	"bind"
wdn_000229_N	L893017	["L893017"]	["4ee7720a1259e11c909314b4a914bd2a3762521a8eedd8803fc7a59738c9ae74"]	"Knackwurst"	regular_feminine	no	wdn_000229_p007	mkN_two	P.mkN "Knackwurst" "Knackwürste" P.feminine	2	complete	exact_source_evidence	provisional	sampled	explicit_compound_analysis	["L893017$14C88709-C6EB-42F9-9990-9E6916F73B88","L893017$7351ed9f-4668-0830-80f5-757060cbf0bf","L893017$81920727-4b02-cb09-f31f-3a67fa6fe3af"]	{"s_pl_acc":["L893017-F8"],"s_pl_dat":["L893017-F6"],"s_pl_gen":["L893017-F4"],"s_pl_nom":["L893017-F2"],"s_sg_acc":["L893017-F7"],"s_sg_dat":["L893017-F5"],"s_sg_gen":["L893017-F3"],"s_sg_nom":["L893017-F1"]}	[]	{"co":"provisional_inference","csep":"provisional_inference","gender":"source_exact","s_pl_acc":"source_exact","s_pl_dat":"source_exact","s_pl_gen":"source_exact","s_pl_nom":"source_exact","s_sg_acc":"source_exact","s_sg_dat":"source_exact","s_sg_gen":"source_exact","s_sg_nom":"source_exact","uncap_co":"reviewed_inference","uncap_s_pl_acc":"reviewed_inference","uncap_s_pl_dat":"reviewed_inference","uncap_s_pl_gen":"reviewed_inference","uncap_s_pl_nom":"reviewed_inference","uncap_s_sg_acc":"reviewed_inference","uncap_s_sg_dat":"reviewed_inference","uncap_s_sg_gen":"reviewed_inference","uncap_s_sg_nom":"reviewed_inference"}	yes	a3331977b3fd0eba3b2b9cfb35cd6102e8240240eee1b5dde57185a0cb767793	537756d1f474dff804f2564fc787e3f6777d12b4b73dd31811dcf66f04d6bea4	"Knackwurst"	"Knackwurst"	"Knackwurst"	"Knackwurst"	"Knackwürste"	"Knackwürste"	"Knackwürsten"	"Knackwürste"	"feminine"	"Knackwurst"	"knackwurst"	"knackwurst"	"knackwurst"	"knackwurst"	"knackwürste"	"knackwürste"	"knackwürsten"	"knackwürste"	"knackwurst"	"bind"
wdn_000230_N	L893233	["L893233"]	["14bcd5c78c3b63cf63c22de05929e7246dbb2cc7bef8960a3005006d63f8def9"]	"Knospenkapitell"	unknown_gender	no	wdn_000230_p001	mkN_lemma	P.mkN "Knospenkapitell"	1	complete	compatible_with_inference	provisional	sampled	none_recorded	[]	{"s_pl_acc":["L893233-F8"],"s_pl_dat":["L893233-F7"],"s_pl_gen":["L893233-F6"],"s_pl_nom":["L893233-F5"],"s_sg_acc":["L893233-F4"],"s_sg_dat":["L893233-F3"],"s_sg_gen":["L893233-F2"],"s_sg_nom":["L893233-F1"]}	[]	{"co":"provisional_inference","csep":"provisional_inference","gender":"provisional_inference","s_pl_acc":"source_exact","s_pl_dat":"source_exact","s_pl_gen":"source_exact","s_pl_nom":"source_exact","s_sg_acc":"source_exact","s_sg_dat":"source_exact","s_sg_gen":"source_exact","s_sg_nom":"source_exact","uncap_co":"reviewed_inference","uncap_s_pl_acc":"reviewed_inference","uncap_s_pl_dat":"reviewed_inference","uncap_s_pl_gen":"reviewed_inference","uncap_s_pl_nom":"reviewed_inference","uncap_s_sg_acc":"reviewed_inference","uncap_s_sg_dat":"reviewed_inference","uncap_s_sg_gen":"reviewed_inference","uncap_s_sg_nom":"reviewed_inference"}	yes	f2ea681968a3d3060adc7a95a7589905af63a8200c43d228221f1371253064ac	537756d1f474dff804f2564fc787e3f6777d12b4b73dd31811dcf66f04d6bea4	"Knospenkapitell"	"Knospenkapitell"	"Knospenkapitell"	"Knospenkapitells"	"Knospenkapitelle"	"Knospenkapitelle"	"Knospenkapitellen"	"Knospenkapitelle"	"masculine"	"Knospenkapitell"	"knospenkapitell"	"knospenkapitell"	"knospenkapitell"	"knospenkapitells"	"knospenkapitelle"	"knospenkapitelle"	"knospenkapitellen"	"knospenkapitelle"	"knospenkapitell"	"bind"
wdn_000233_N	L895362	["L895362"]	["ef8b542957b2137e8b4f98752584088c3ee8d0a8fdddd0aaa3e5393627156a2c"]	"Geschirrspülen"	partial_evidence	no	wdn_000233_p002	mkN_lemma_gender	P.mkN "Geschirrspülen" P.neuter	1	partial	compatible_with_inference	provisional	sampled	none_recorded	["L895362$ACA0AB89-1446-4304-B001-5CC500513EDF"]	{"s_sg_acc":["L895362-F4"],"s_sg_dat":["L895362-F3"],"s_sg_gen":["L895362-F2"],"s_sg_nom":["L895362-F1"]}	[]	{"co":"provisional_inference","csep":"provisional_inference","gender":"source_exact","s_pl_acc":"provisional_inference","s_pl_dat":"provisional_inference","s_pl_gen":"provisional_inference","s_pl_nom":"provisional_inference","s_sg_acc":"source_exact","s_sg_dat":"source_exact","s_sg_gen":"source_exact","s_sg_nom":"source_exact","uncap_co":"reviewed_inference","uncap_s_pl_acc":"reviewed_inference","uncap_s_pl_dat":"reviewed_inference","uncap_s_pl_gen":"reviewed_inference","uncap_s_pl_nom":"reviewed_inference","uncap_s_sg_acc":"reviewed_inference","uncap_s_sg_dat":"reviewed_inference","uncap_s_sg_gen":"reviewed_inference","uncap_s_sg_nom":"reviewed_inference"}	yes	19ef079254bd7751b601db7517a8806b6669861cb049224e954f13bed0d516b8	537756d1f474dff804f2564fc787e3f6777d12b4b73dd31811dcf66f04d6bea4	"Geschirrspülen"	"Geschirrspülen"	"Geschirrspülen"	"Geschirrspülens"	"Geschirrspülen"	"Geschirrspülen"	"Geschirrspülen"	"Geschirrspülen"	"neuter"	"Geschirrspülen"	"geschirrspülen"	"geschirrspülen"	"geschirrspülen"	"geschirrspülens"	"geschirrspülen"	"geschirrspülen"	"geschirrspülen"	"geschirrspülen"	"geschirrspülen"	"bind"
wdn_000234_N	L896297	["L896297"]	["c751886e899070b396912222e6ca9459809b8af7398b49370356b6cb3ab92a5f"]	"Gesamtkonstitution"	partial_evidence	no	wdn_000234_p001	mkN_lemma	P.mkN "Gesamtkonstitution"	1	partial	compatible_with_inference	provisional	sampled	none_recorded	["L896297$02A8B0CE-3DC7-49C3-8FC4-F45935DBCED4"]	{"s_sg_acc":["L896297-F4"],"s_sg_dat":["L896297-F3"],"s_sg_gen":["L896297-F2"],"s_sg_nom":["L896297-F1"]}	[]	{"co":"provisional_inference","csep":"provisional_inference","gender":"source_exact","s_pl_acc":"provisional_inference","s_pl_dat":"provisional_inference","s_pl_gen":"provisional_inference","s_pl_nom":"provisional_inference","s_sg_acc":"source_exact","s_sg_dat":"source_exact","s_sg_gen":"source_exact","s_sg_nom":"source_exact","uncap_co":"reviewed_inference","uncap_s_pl_acc":"reviewed_inference","uncap_s_pl_dat":"reviewed_inference","uncap_s_pl_gen":"reviewed_inference","uncap_s_pl_nom":"reviewed_inference","uncap_s_sg_acc":"reviewed_inference","uncap_s_sg_dat":"reviewed_inference","uncap_s_sg_gen":"reviewed_inference","uncap_s_sg_nom":"reviewed_inference"}	yes	b10773638a762be9cfff9ea7ab62d52346609e22e4911747585e0ce338f5d9ed	537756d1f474dff804f2564fc787e3f6777d12b4b73dd31811dcf66f04d6bea4	"Gesamtkonstitution"	"Gesamtkonstitution"	"Gesamtkonstitution"	"Gesamtkonstitution"	"Gesamtkonstitutionen"	"Gesamtkonstitutionen"	"Gesamtkonstitutionen"	"Gesamtkonstitutionen"	"feminine"	"Gesamtkonstitution"	"gesamtkonstitution"	"gesamtkonstitution"	"gesamtkonstitution"	"gesamtkonstitution"	"gesamtkonstitutionen"	"gesamtkonstitutionen"	"gesamtkonstitutionen"	"gesamtkonstitutionen"	"gesamtkonstitution"	"bind"
wdn_000237_N	L897618	["L897618"]	["21e0c66dedc24d3337dd2aa4f6814c96d72b943f5e7cb79176e6cf5a94101e31"]	"Geisterhand"	regular_feminine	no	wdn_000237_p007	mkN_two	P.mkN "Geisterhand" "Geisterhände" P.feminine	2	complete	exact_source_evidence	provisional	sampled	none_recorded	["L897618$105D17CB-5373-44F7-B8B8-0DA2004470D8"]	{"s_pl_acc":["L897618-F8"],"s_pl_dat":["L897618-F6"],"s_pl_gen":["L897618-F4"],"s_pl_nom":["L897618-F2"],"s_sg_acc":["L897618-F7"],"s_sg_dat":["L897618-F5"],"s_sg_gen":["L897618-F3"],"s_sg_nom":["L897618-F1"]}	[]	{"co":"provisional_inference","csep":"provisional_inference","gender":"source_exact","s_pl_acc":"source_exact","s_pl_dat":"source_exact","s_pl_gen":"source_exact","s_pl_nom":"source_exact","s_sg_acc":"source_exact","s_sg_dat":"source_exact","s_sg_gen":"source_exact","s_sg_nom":"source_exact","uncap_co":"reviewed_inference","uncap_s_pl_acc":"reviewed_inference","uncap_s_pl_dat":"reviewed_inference","uncap_s_pl_gen":"reviewed_inference","uncap_s_pl_nom":"reviewed_inference","uncap_s_sg_acc":"reviewed_inference","uncap_s_sg_dat":"reviewed_inference","uncap_s_sg_gen":"reviewed_inference","uncap_s_sg_nom":"reviewed_inference"}	yes	a0fc87b75666ecefe7dbc9f87270cc8f354348df65a7e683f0b7d9b4e8e9aef5	537756d1f474dff804f2564fc787e3f6777d12b4b73dd31811dcf66f04d6bea4	"Geisterhand"	"Geisterhand"	"Geisterhand"	"Geisterhand"	"Geisterhände"	"Geisterhände"	"Geisterhänden"	"Geisterhände"	"feminine"	"Geisterhand"	"geisterhand"	"geisterhand"	"geisterhand"	"geisterhand"	"geisterhände"	"geisterhände"	"geisterhänden"	"geisterhände"	"geisterhand"	"bind"
wdn_000238_N	L897936	["L897936"]	["f151743be8e7771dab5a897934b42da86c550e7dababd5a5f117baca543ab957"]	"Ostermette"	invariant	no	wdn_000238_p001	mkN_lemma	P.mkN "Ostermette"	1	complete	exact_source_evidence	provisional	sampled	none_recorded	["L897936$A037F25F-800F-4FED-BF98-EF12C579CAF6"]	{"s_pl_acc":["L897936-F8"],"s_pl_dat":["L897936-F6"],"s_pl_gen":["L897936-F4"],"s_pl_nom":["L897936-F2"],"s_sg_acc":["L897936-F7"],"s_sg_dat":["L897936-F5"],"s_sg_gen":["L897936-F3"],"s_sg_nom":["L897936-F1"]}	[]	{"co":"provisional_inference","csep":"provisional_inference","gender":"source_exact","s_pl_acc":"source_exact","s_pl_dat":"source_exact","s_pl_gen":"source_exact","s_pl_nom":"source_exact","s_sg_acc":"source_exact","s_sg_dat":"source_exact","s_sg_gen":"source_exact","s_sg_nom":"source_exact","uncap_co":"reviewed_inference","uncap_s_pl_acc":"reviewed_inference","uncap_s_pl_dat":"reviewed_inference","uncap_s_pl_gen":"reviewed_inference","uncap_s_pl_nom":"reviewed_inference","uncap_s_sg_acc":"reviewed_inference","uncap_s_sg_dat":"reviewed_inference","uncap_s_sg_gen":"reviewed_inference","uncap_s_sg_nom":"reviewed_inference"}	yes	522402d1f124613fac5ad3985d388212424504a3204f77128f01b2c645b62239	537756d1f474dff804f2564fc787e3f6777d12b4b73dd31811dcf66f04d6bea4	"Ostermette"	"Ostermette"	"Ostermette"	"Ostermette"	"Ostermetten"	"Ostermetten"	"Ostermetten"	"Ostermetten"	"feminine"	"Ostermetten"	"ostermette"	"ostermette"	"ostermette"	"ostermette"	"ostermetten"	"ostermetten"	"ostermetten"	"ostermetten"	"ostermetten"	"bind"
wdn_000239_N	L898439	["L898439"]	["1b0067f77003f06aa94b4ed12a4c1dcb338cb6775698e207d44cfe93c37e9dec"]	"Milizsoldat"	irregular_full	no	wdn_000239_p007	mkN_two	P.mkN "Milizsoldat" "Milizsoldaten" P.masculine	2	complete	exact_source_evidence	provisional	sampled	none_recorded	["L898439$7A395362-1CDD-4AE0-BF12-7B12C956564A"]	{"s_pl_acc":["L898439-F8"],"s_pl_dat":["L898439-F7"],"s_pl_gen":["L898439-F6"],"s_pl_nom":["L898439-F5"],"s_sg_acc":["L898439-F4"],"s_sg_dat":["L898439-F3"],"s_sg_gen":["L898439-F2"],"s_sg_nom":["L898439-F1"]}	[]	{"co":"provisional_inference","csep":"provisional_inference","gender":"source_exact","s_pl_acc":"source_exact","s_pl_dat":"source_exact","s_pl_gen":"source_exact","s_pl_nom":"source_exact","s_sg_acc":"source_exact","s_sg_dat":"source_exact","s_sg_gen":"source_exact","s_sg_nom":"source_exact","uncap_co":"reviewed_inference","uncap_s_pl_acc":"reviewed_inference","uncap_s_pl_dat":"reviewed_inference","uncap_s_pl_gen":"reviewed_inference","uncap_s_pl_nom":"reviewed_inference","uncap_s_sg_acc":"reviewed_inference","uncap_s_sg_dat":"reviewed_inference","uncap_s_sg_gen":"reviewed_inference","uncap_s_sg_nom":"reviewed_inference"}	yes	81c63dd3f8f107baae30a9c1fe3fa78bff02d1035e90bccef57e0421386677cc	537756d1f474dff804f2564fc787e3f6777d12b4b73dd31811dcf66f04d6bea4	"Milizsoldat"	"Milizsoldaten"	"Milizsoldaten"	"Milizsoldaten"	"Milizsoldaten"	"Milizsoldaten"	"Milizsoldaten"	"Milizsoldaten"	"masculine"	"Milizsoldat"	"milizsoldat"	"milizsoldaten"	"milizsoldaten"	"milizsoldaten"	"milizsoldaten"	"milizsoldaten"	"milizsoldaten"	"milizsoldaten"	"milizsoldat"	"bind"
wdn_000240_N	L898621	["L898621"]	["26a4d7ec5bb1f7259178c4b0e16e0a6819471f4f8e6b9acbdfa9c0b33f21ad1d"]	"Minorität"	invariant	no	wdn_000240_p002	mkN_lemma_gender	P.mkN "Minorität" P.feminine	1	complete	exact_source_evidence	provisional	sampled	none_recorded	["L898621$895E7591-E196-44E8-91FC-CB76D6D28090"]	{"s_pl_acc":["L898621-F8"],"s_pl_dat":["L898621-F6"],"s_pl_gen":["L898621-F4"],"s_pl_nom":["L898621-F2"],"s_sg_acc":["L898621-F7"],"s_sg_dat":["L898621-F5"],"s_sg_gen":["L898621-F3"],"s_sg_nom":["L898621-F1"]}	[]	{"co":"provisional_inference","csep":"provisional_inference","gender":"source_exact","s_pl_acc":"source_exact","s_pl_dat":"source_exact","s_pl_gen":"source_exact","s_pl_nom":"source_exact","s_sg_acc":"source_exact","s_sg_dat":"source_exact","s_sg_gen":"source_exact","s_sg_nom":"source_exact","uncap_co":"reviewed_inference","uncap_s_pl_acc":"reviewed_inference","uncap_s_pl_dat":"reviewed_inference","uncap_s_pl_gen":"reviewed_inference","uncap_s_pl_nom":"reviewed_inference","uncap_s_sg_acc":"reviewed_inference","uncap_s_sg_dat":"reviewed_inference","uncap_s_sg_gen":"reviewed_inference","uncap_s_sg_nom":"reviewed_inference"}	yes	8c9c3c907cb518679d044420eb90b414c32cb34770e8fa48883235f6342960c2	537756d1f474dff804f2564fc787e3f6777d12b4b73dd31811dcf66f04d6bea4	"Minorität"	"Minorität"	"Minorität"	"Minorität"	"Minoritäten"	"Minoritäten"	"Minoritäten"	"Minoritäten"	"feminine"	"Minorität"	"minorität"	"minorität"	"minorität"	"minorität"	"minoritäten"	"minoritäten"	"minoritäten"	"minoritäten"	"minorität"	"bind"
wdn_000241_N	L898977	["L898977"]	["e5c0f34bc54dbd3142589b2f7e79ae9b6db173d3b6be6d9d6b825a77ccde7548"]	"Vasomotoren"	plural_only	no	wdn_000241_p001	pluralOnlyN	P.pluralOnlyN "Vasomotoren"	1	complete	compatible_with_inference	provisional	sampled	none_recorded	["L898977$73C50E66-88C9-436B-9E08-B295208C94EE"]	{"s_pl_acc":["L898977-F4"],"s_pl_dat":["L898977-F3"],"s_pl_gen":["L898977-F2"],"s_pl_nom":["L898977-F1"]}	[]	{"co":"provisional_inference","csep":"provisional_inference","gender":"provisional_inference","s_pl_acc":"source_exact","s_pl_dat":"source_exact","s_pl_gen":"source_exact","s_pl_nom":"source_exact","s_sg_acc":"unavailable","s_sg_dat":"unavailable","s_sg_gen":"unavailable","s_sg_nom":"unavailable","uncap_co":"reviewed_inference","uncap_s_pl_acc":"reviewed_inference","uncap_s_pl_dat":"reviewed_inference","uncap_s_pl_gen":"reviewed_inference","uncap_s_pl_nom":"reviewed_inference","uncap_s_sg_acc":"unavailable","uncap_s_sg_dat":"unavailable","uncap_s_sg_gen":"unavailable","uncap_s_sg_nom":"unavailable"}	yes	bb4c88130f9bee14434c87999edbd69e0d65ddea583fd5950ec674641ff9cec9	537756d1f474dff804f2564fc787e3f6777d12b4b73dd31811dcf66f04d6bea4	""	""	""	""	"Vasomotoren"	"Vasomotoren"	"Vasomotoren"	"Vasomotoren"	"masculine"	"Vasomotoren"	""	""	""	""	"vasomotoren"	"vasomotoren"	"vasomotoren"	"vasomotoren"	"vasomotoren"	"bind"
wdn_000242_N	L901354	["L901354"]	["2267c41dca3c79edc5b10e7d5cd067a08be051d6065409c84765d4f9a5fb88bf"]	"Riesenkraft"	regular_feminine	no	wdn_000242_p007	mkN_two	P.mkN "Riesenkraft" "Riesenkräfte" P.feminine	2	complete	exact_source_evidence	provisional	sampled	explicit_compound_analysis	["L901354$8EA984BE-3C4F-46CA-AFF6-461D7022D41A","L901354$9CE6B71A-54E2-470B-BCBA-BA1BF83DCAD0"]	{"s_pl_acc":["L901354-F8"],"s_pl_dat":["L901354-F7"],"s_pl_gen":["L901354-F6"],"s_pl_nom":["L901354-F5"],"s_sg_acc":["L901354-F4"],"s_sg_dat":["L901354-F3"],"s_sg_gen":["L901354-F2"],"s_sg_nom":["L901354-F1"]}	[]	{"co":"provisional_inference","csep":"provisional_inference","gender":"source_exact","s_pl_acc":"source_exact","s_pl_dat":"source_exact","s_pl_gen":"source_exact","s_pl_nom":"source_exact","s_sg_acc":"source_exact","s_sg_dat":"source_exact","s_sg_gen":"source_exact","s_sg_nom":"source_exact","uncap_co":"reviewed_inference","uncap_s_pl_acc":"reviewed_inference","uncap_s_pl_dat":"reviewed_inference","uncap_s_pl_gen":"reviewed_inference","uncap_s_pl_nom":"reviewed_inference","uncap_s_sg_acc":"reviewed_inference","uncap_s_sg_dat":"reviewed_inference","uncap_s_sg_gen":"reviewed_inference","uncap_s_sg_nom":"reviewed_inference"}	yes	7142cc779f8f7216ac962618655eb2a80a0c25cf359fdd7ab177db8d72d893eb	537756d1f474dff804f2564fc787e3f6777d12b4b73dd31811dcf66f04d6bea4	"Riesenkraft"	"Riesenkraft"	"Riesenkraft"	"Riesenkraft"	"Riesenkräfte"	"Riesenkräfte"	"Riesenkräften"	"Riesenkräfte"	"feminine"	"Riesenkraft"	"riesenkraft"	"riesenkraft"	"riesenkraft"	"riesenkraft"	"riesenkräfte"	"riesenkräfte"	"riesenkräften"	"riesenkräfte"	"riesenkraft"	"bind"
wdn_000243_N	L902237	["L902237"]	["d2e54efb2e3c7823edf409a3bb8246fd07695fb387150f2ffa471b7f0c94fdf3"]	"Niederwald"	regular_masculine	no	wdn_000243_p007	mkN_two	P.mkN "Niederwald" "Niederwälder" P.masculine	2	complete	exact_source_evidence	provisional	sampled	none_recorded	["L902237$5E3E5A15-773D-462A-9281-BF494BD100AC"]	{"s_pl_acc":["L902237-F8"],"s_pl_dat":["L902237-F6"],"s_pl_gen":["L902237-F4"],"s_pl_nom":["L902237-F2"],"s_sg_acc":["L902237-F7"],"s_sg_dat":["L902237-F5"],"s_sg_gen":["L902237-F3"],"s_sg_nom":["L902237-F1"]}	[]	{"co":"provisional_inference","csep":"provisional_inference","gender":"source_exact","s_pl_acc":"source_exact","s_pl_dat":"source_exact","s_pl_gen":"source_exact","s_pl_nom":"source_exact","s_sg_acc":"source_exact","s_sg_dat":"source_exact","s_sg_gen":"source_exact","s_sg_nom":"source_exact","uncap_co":"reviewed_inference","uncap_s_pl_acc":"reviewed_inference","uncap_s_pl_dat":"reviewed_inference","uncap_s_pl_gen":"reviewed_inference","uncap_s_pl_nom":"reviewed_inference","uncap_s_sg_acc":"reviewed_inference","uncap_s_sg_dat":"reviewed_inference","uncap_s_sg_gen":"reviewed_inference","uncap_s_sg_nom":"reviewed_inference"}	yes	6fdf4dd5a899e38eb459bbb5816b03b663fd5f81ce4c17b56474f7c523d2f029	537756d1f474dff804f2564fc787e3f6777d12b4b73dd31811dcf66f04d6bea4	"Niederwald"	"Niederwald"	"Niederwald"	"Niederwaldes"	"Niederwälder"	"Niederwälder"	"Niederwäldern"	"Niederwälder"	"masculine"	"Niederwald"	"niederwald"	"niederwald"	"niederwald"	"niederwaldes"	"niederwälder"	"niederwälder"	"niederwäldern"	"niederwälder"	"niederwald"	"bind"
wdn_000244_N	L903230	["L903230"]	["cb2c5abe3953846684b7b67b658e65e2631442423dc5dfbb8be5a2485cf3e009"]	"Nachrichtennetz"	unknown_gender	no	wdn_000244_p001	mkN_lemma	P.mkN "Nachrichtennetz"	1	complete	compatible_with_inference	provisional	sampled	none_recorded	[]	{"s_pl_acc":["L903230-F8"],"s_pl_dat":["L903230-F7"],"s_pl_gen":["L903230-F6"],"s_pl_nom":["L903230-F5"],"s_sg_acc":["L903230-F4"],"s_sg_dat":["L903230-F3"],"s_sg_gen":["L903230-F2"],"s_sg_nom":["L903230-F1"]}	[]	{"co":"provisional_inference","csep":"provisional_inference","gender":"provisional_inference","s_pl_acc":"source_exact","s_pl_dat":"source_exact","s_pl_gen":"source_exact","s_pl_nom":"source_exact","s_sg_acc":"source_exact","s_sg_dat":"source_exact","s_sg_gen":"source_exact","s_sg_nom":"source_exact","uncap_co":"reviewed_inference","uncap_s_pl_acc":"reviewed_inference","uncap_s_pl_dat":"reviewed_inference","uncap_s_pl_gen":"reviewed_inference","uncap_s_pl_nom":"reviewed_inference","uncap_s_sg_acc":"reviewed_inference","uncap_s_sg_dat":"reviewed_inference","uncap_s_sg_gen":"reviewed_inference","uncap_s_sg_nom":"reviewed_inference"}	yes	4f6d8c5e81fc394f7fe5af02f2f56528c36f518ea40e37d77d5af321efd28567	537756d1f474dff804f2564fc787e3f6777d12b4b73dd31811dcf66f04d6bea4	"Nachrichtennetz"	"Nachrichtennetz"	"Nachrichtennetz"	"Nachrichtennetzes"	"Nachrichtennetze"	"Nachrichtennetze"	"Nachrichtennetzen"	"Nachrichtennetze"	"masculine"	"Nachrichtennetz"	"nachrichtennetz"	"nachrichtennetz"	"nachrichtennetz"	"nachrichtennetzes"	"nachrichtennetze"	"nachrichtennetze"	"nachrichtennetzen"	"nachrichtennetze"	"nachrichtennetz"	"bind"
wdn_000245_N	L905154	["L905154"]	["3c8602883a9722d04b95b90bcd2604b0891b3ffffbfd3f544c1dfe5a3d73f101"]	"Vis-à-vis"	hyphenated	no	wdn_000245_p003	invarN_one	P.invarN "Vis-à-vis" P.neuter	1	complete	exact_source_evidence	provisional	sampled	none_recorded	["L905154$40434CB0-1E6A-4BDC-8177-C9C98DAB169F"]	{"s_pl_acc":["L905154-F8"],"s_pl_dat":["L905154-F6"],"s_pl_gen":["L905154-F4"],"s_pl_nom":["L905154-F2"],"s_sg_acc":["L905154-F7"],"s_sg_dat":["L905154-F5"],"s_sg_gen":["L905154-F3"],"s_sg_nom":["L905154-F1"]}	[]	{"co":"provisional_inference","csep":"reviewed_inference","gender":"source_exact","s_pl_acc":"source_exact","s_pl_dat":"source_exact","s_pl_gen":"source_exact","s_pl_nom":"source_exact","s_sg_acc":"source_exact","s_sg_dat":"source_exact","s_sg_gen":"source_exact","s_sg_nom":"source_exact","uncap_co":"reviewed_inference","uncap_s_pl_acc":"reviewed_inference","uncap_s_pl_dat":"reviewed_inference","uncap_s_pl_gen":"reviewed_inference","uncap_s_pl_nom":"reviewed_inference","uncap_s_sg_acc":"reviewed_inference","uncap_s_sg_dat":"reviewed_inference","uncap_s_sg_gen":"reviewed_inference","uncap_s_sg_nom":"reviewed_inference"}	yes	a57a3f730c848bdb424707624642d8190e252ed283757807ef660123710ecda0	537756d1f474dff804f2564fc787e3f6777d12b4b73dd31811dcf66f04d6bea4	"Vis-à-vis"	"Vis-à-vis"	"Vis-à-vis"	"Vis-à-vis"	"Vis-à-vis"	"Vis-à-vis"	"Vis-à-vis"	"Vis-à-vis"	"neuter"	"Vis-à-vis"	"Vis-à-vis"	"Vis-à-vis"	"Vis-à-vis"	"Vis-à-vis"	"Vis-à-vis"	"Vis-à-vis"	"Vis-à-vis"	"Vis-à-vis"	"Vis-à-vis"	"hyphen"
wdn_000248_N	L907682	["L907682"]	["be983216ea05cb7ea7c183f2f68f03f14934efc8524293b4a1ef874077689bd1"]	"Lichtsensor"	invariant_plural	no	wdn_000248_p006	invarPlN_two	P.invarPlN "Lichtsensor" "Lichtsensoren" P.masculine	2	complete	exact_source_evidence	provisional	sampled	none_recorded	["L907682$FE42C8C3-8C72-46E9-973E-B19AB13EAA79"]	{"s_pl_acc":["L907682-F8"],"s_pl_dat":["L907682-F7"],"s_pl_gen":["L907682-F6"],"s_pl_nom":["L907682-F5"],"s_sg_acc":["L907682-F4"],"s_sg_dat":["L907682-F3"],"s_sg_gen":["L907682-F2"],"s_sg_nom":["L907682-F1"]}	[]	{"co":"provisional_inference","csep":"provisional_inference","gender":"source_exact","s_pl_acc":"source_exact","s_pl_dat":"source_exact","s_pl_gen":"source_exact","s_pl_nom":"source_exact","s_sg_acc":"source_exact","s_sg_dat":"source_exact","s_sg_gen":"source_exact","s_sg_nom":"source_exact","uncap_co":"reviewed_inference","uncap_s_pl_acc":"reviewed_inference","uncap_s_pl_dat":"reviewed_inference","uncap_s_pl_gen":"reviewed_inference","uncap_s_pl_nom":"reviewed_inference","uncap_s_sg_acc":"reviewed_inference","uncap_s_sg_dat":"reviewed_inference","uncap_s_sg_gen":"reviewed_inference","uncap_s_sg_nom":"reviewed_inference"}	yes	d5d935b9ab514525cf528326ec1da0f3a7ea7df1fc7c5fe0bcc45800fc58284d	537756d1f474dff804f2564fc787e3f6777d12b4b73dd31811dcf66f04d6bea4	"Lichtsensor"	"Lichtsensor"	"Lichtsensor"	"Lichtsensors"	"Lichtsensoren"	"Lichtsensoren"	"Lichtsensoren"	"Lichtsensoren"	"masculine"	"Lichtsensor"	"lichtsensor"	"lichtsensor"	"lichtsensor"	"lichtsensors"	"lichtsensoren"	"lichtsensoren"	"lichtsensoren"	"lichtsensoren"	"lichtsensor"	"bind"
wdn_000249_N	L910769	["L910769"]	["61160d04a1d742a6a569ed38c0e741cd8a4e2e73aa8a3b7bc85bc8041592be25"]	"Gussglas"	regular_neuter	no	wdn_000249_p007	mkN_two	P.mkN "Gussglas" "Gussgläser" P.neuter	2	complete	exact_source_evidence	provisional	sampled	none_recorded	["L910769$57C44C55-F70C-4A8F-80DF-D990F5648C69"]	{"s_pl_acc":["L910769-F8"],"s_pl_dat":["L910769-F7"],"s_pl_gen":["L910769-F6"],"s_pl_nom":["L910769-F5"],"s_sg_acc":["L910769-F4"],"s_sg_dat":["L910769-F3"],"s_sg_gen":["L910769-F2"],"s_sg_nom":["L910769-F1"]}	[]	{"co":"provisional_inference","csep":"provisional_inference","gender":"source_exact","s_pl_acc":"source_exact","s_pl_dat":"source_exact","s_pl_gen":"source_exact","s_pl_nom":"source_exact","s_sg_acc":"source_exact","s_sg_dat":"source_exact","s_sg_gen":"source_exact","s_sg_nom":"source_exact","uncap_co":"reviewed_inference","uncap_s_pl_acc":"reviewed_inference","uncap_s_pl_dat":"reviewed_inference","uncap_s_pl_gen":"reviewed_inference","uncap_s_pl_nom":"reviewed_inference","uncap_s_sg_acc":"reviewed_inference","uncap_s_sg_dat":"reviewed_inference","uncap_s_sg_gen":"reviewed_inference","uncap_s_sg_nom":"reviewed_inference"}	yes	e90670bf1ae5c86a6e3943e3144122552a0b749c86068dac38525487f1516a0f	537756d1f474dff804f2564fc787e3f6777d12b4b73dd31811dcf66f04d6bea4	"Gussglas"	"Gussglas"	"Gussglas"	"Gussglases"	"Gussgläser"	"Gussgläser"	"Gussgläsern"	"Gussgläser"	"neuter"	"Gussglas"	"gussglas"	"gussglas"	"gussglas"	"gussglases"	"gussgläser"	"gussgläser"	"gussgläsern"	"gussgläser"	"gussglas"	"bind"
wdn_000250_N	L912711	["L912711"]	["be6c0b5b92806999cadbd5cb2500f01336ffb804a35318aa35fed7b3aa3730dd"]	"Herzangst"	regular_feminine	no	wdn_000250_p007	mkN_two	P.mkN "Herzangst" "Herzängste" P.feminine	2	complete	exact_source_evidence	provisional	sampled	none_recorded	["L912711$6F482F34-5ABA-46E6-8E06-21D1808F0867"]	{"s_pl_acc":["L912711-F8"],"s_pl_dat":["L912711-F7"],"s_pl_gen":["L912711-F6"],"s_pl_nom":["L912711-F5"],"s_sg_acc":["L912711-F4"],"s_sg_dat":["L912711-F3"],"s_sg_gen":["L912711-F2"],"s_sg_nom":["L912711-F1"]}	[]	{"co":"provisional_inference","csep":"provisional_inference","gender":"source_exact","s_pl_acc":"source_exact","s_pl_dat":"source_exact","s_pl_gen":"source_exact","s_pl_nom":"source_exact","s_sg_acc":"source_exact","s_sg_dat":"source_exact","s_sg_gen":"source_exact","s_sg_nom":"source_exact","uncap_co":"reviewed_inference","uncap_s_pl_acc":"reviewed_inference","uncap_s_pl_dat":"reviewed_inference","uncap_s_pl_gen":"reviewed_inference","uncap_s_pl_nom":"reviewed_inference","uncap_s_sg_acc":"reviewed_inference","uncap_s_sg_dat":"reviewed_inference","uncap_s_sg_gen":"reviewed_inference","uncap_s_sg_nom":"reviewed_inference"}	yes	4c5b1508b3b79808971b920e695bd87b9de964662045dceccf35a5eecc544520	537756d1f474dff804f2564fc787e3f6777d12b4b73dd31811dcf66f04d6bea4	"Herzangst"	"Herzangst"	"Herzangst"	"Herzangst"	"Herzängste"	"Herzängste"	"Herzängsten"	"Herzängste"	"feminine"	"Herzangst"	"herzangst"	"herzangst"	"herzangst"	"herzangst"	"herzängste"	"herzängste"	"herzängsten"	"herzängste"	"herzangst"	"bind"
wdn_000251_N	L913344	["L913344"]	["67c95e316f49055bcde7d947dc53cdfa371e78722dc3dc38ab8e867028072da1"]	"Alkyl"	partial_evidence	no	wdn_000251_p003	invarN_one	P.invarN "Alkyl" P.neuter	1	none	compatible_with_inference	provisional	sampled	none_recorded	["L913344$77080A19-BEAA-4DA6-AC9C-22C0F3DCDC18"]	{}	[]	{"co":"provisional_inference","csep":"provisional_inference","gender":"source_exact","s_pl_acc":"provisional_inference","s_pl_dat":"provisional_inference","s_pl_gen":"provisional_inference","s_pl_nom":"provisional_inference","s_sg_acc":"provisional_inference","s_sg_dat":"provisional_inference","s_sg_gen":"provisional_inference","s_sg_nom":"provisional_inference","uncap_co":"reviewed_inference","uncap_s_pl_acc":"reviewed_inference","uncap_s_pl_dat":"reviewed_inference","uncap_s_pl_gen":"reviewed_inference","uncap_s_pl_nom":"reviewed_inference","uncap_s_sg_acc":"reviewed_inference","uncap_s_sg_dat":"reviewed_inference","uncap_s_sg_gen":"reviewed_inference","uncap_s_sg_nom":"reviewed_inference"}	yes	daac13cb9efef953ce2877617b2ff57a860233db5e0d5adbfa2903af9efef201	537756d1f474dff804f2564fc787e3f6777d12b4b73dd31811dcf66f04d6bea4	"Alkyl"	"Alkyl"	"Alkyl"	"Alkyl"	"Alkyl"	"Alkyl"	"Alkyl"	"Alkyl"	"neuter"	"Alkyl"	"alkyl"	"alkyl"	"alkyl"	"alkyl"	"alkyl"	"alkyl"	"alkyl"	"alkyl"	"alkyl"	"bind"
wdn_000252_N	L913589	["L913589"]	["141f04adfab832de66c256eff1e185ea4ccaf0e7576ec690c10fa959a7dc8c61"]	"Lendensteak"	invariant_plural	no	wdn_000252_p006	invarPlN_two	P.invarPlN "Lendensteak" "Lendensteaks" P.neuter	2	complete	exact_source_evidence	provisional	sampled	none_recorded	["L913589$0C0782B0-D988-4271-9931-E989369B6A57"]	{"s_pl_acc":["L913589-F8"],"s_pl_dat":["L913589-F7"],"s_pl_gen":["L913589-F6"],"s_pl_nom":["L913589-F5"],"s_sg_acc":["L913589-F4"],"s_sg_dat":["L913589-F3"],"s_sg_gen":["L913589-F2"],"s_sg_nom":["L913589-F1"]}	[]	{"co":"provisional_inference","csep":"provisional_inference","gender":"source_exact","s_pl_acc":"source_exact","s_pl_dat":"source_exact","s_pl_gen":"source_exact","s_pl_nom":"source_exact","s_sg_acc":"source_exact","s_sg_dat":"source_exact","s_sg_gen":"source_exact","s_sg_nom":"source_exact","uncap_co":"reviewed_inference","uncap_s_pl_acc":"reviewed_inference","uncap_s_pl_dat":"reviewed_inference","uncap_s_pl_gen":"reviewed_inference","uncap_s_pl_nom":"reviewed_inference","uncap_s_sg_acc":"reviewed_inference","uncap_s_sg_dat":"reviewed_inference","uncap_s_sg_gen":"reviewed_inference","uncap_s_sg_nom":"reviewed_inference"}	yes	78c4a92766c39b1d4b33e1454815c6fa6027ca47426c09350925541330e9473f	537756d1f474dff804f2564fc787e3f6777d12b4b73dd31811dcf66f04d6bea4	"Lendensteak"	"Lendensteak"	"Lendensteak"	"Lendensteaks"	"Lendensteaks"	"Lendensteaks"	"Lendensteaks"	"Lendensteaks"	"neuter"	"Lendensteak"	"lendensteak"	"lendensteak"	"lendensteak"	"lendensteaks"	"lendensteaks"	"lendensteaks"	"lendensteaks"	"lendensteaks"	"lendensteak"	"bind"
wdn_000253_N	L913712	["L913712"]	["647b4965cd6d810ab91b67fb191042239e94653dbf1e617491c8303b8b67548d"]	"Lehrverfahren"	invariant_plural	no	wdn_000253_p002	mkN_lemma_gender	P.mkN "Lehrverfahren" P.neuter	1	complete	exact_source_evidence	provisional	sampled	none_recorded	["L913712$E0F3D8AF-F1CF-4830-8542-9C57C6F0697D"]	{"s_pl_acc":["L913712-F8"],"s_pl_dat":["L913712-F7"],"s_pl_gen":["L913712-F6"],"s_pl_nom":["L913712-F5"],"s_sg_acc":["L913712-F4"],"s_sg_dat":["L913712-F3"],"s_sg_gen":["L913712-F2"],"s_sg_nom":["L913712-F1"]}	[]	{"co":"provisional_inference","csep":"provisional_inference","gender":"source_exact","s_pl_acc":"source_exact","s_pl_dat":"source_exact","s_pl_gen":"source_exact","s_pl_nom":"source_exact","s_sg_acc":"source_exact","s_sg_dat":"source_exact","s_sg_gen":"source_exact","s_sg_nom":"source_exact","uncap_co":"reviewed_inference","uncap_s_pl_acc":"reviewed_inference","uncap_s_pl_dat":"reviewed_inference","uncap_s_pl_gen":"reviewed_inference","uncap_s_pl_nom":"reviewed_inference","uncap_s_sg_acc":"reviewed_inference","uncap_s_sg_dat":"reviewed_inference","uncap_s_sg_gen":"reviewed_inference","uncap_s_sg_nom":"reviewed_inference"}	yes	4b780a40ecdc1cf2d8e26313b206f67a2bd7c5c715568d0efc87bd9be6125c6e	537756d1f474dff804f2564fc787e3f6777d12b4b73dd31811dcf66f04d6bea4	"Lehrverfahren"	"Lehrverfahren"	"Lehrverfahren"	"Lehrverfahrens"	"Lehrverfahren"	"Lehrverfahren"	"Lehrverfahren"	"Lehrverfahren"	"neuter"	"Lehrverfahren"	"lehrverfahren"	"lehrverfahren"	"lehrverfahren"	"lehrverfahrens"	"lehrverfahren"	"lehrverfahren"	"lehrverfahren"	"lehrverfahren"	"lehrverfahren"	"bind"
wdn_000254_N	L913840	["L913840"]	["28a61db69b0a6c64239a102dfb3a3203ddab2e7c44bce1a7e5ed0f9427fdfb33"]	"Clearingabkommen"	invariant_plural	no	wdn_000254_p002	mkN_lemma_gender	P.mkN "Clearingabkommen" P.neuter	1	complete	exact_source_evidence	provisional	sampled	none_recorded	["L913840$D7AB2904-361A-4008-B5F4-31E2EEFD431A"]	{"s_pl_acc":["L913840-F8"],"s_pl_dat":["L913840-F7"],"s_pl_gen":["L913840-F6"],"s_pl_nom":["L913840-F5"],"s_sg_acc":["L913840-F4"],"s_sg_dat":["L913840-F3"],"s_sg_gen":["L913840-F2"],"s_sg_nom":["L913840-F1"]}	[]	{"co":"provisional_inference","csep":"provisional_inference","gender":"source_exact","s_pl_acc":"source_exact","s_pl_dat":"source_exact","s_pl_gen":"source_exact","s_pl_nom":"source_exact","s_sg_acc":"source_exact","s_sg_dat":"source_exact","s_sg_gen":"source_exact","s_sg_nom":"source_exact","uncap_co":"reviewed_inference","uncap_s_pl_acc":"reviewed_inference","uncap_s_pl_dat":"reviewed_inference","uncap_s_pl_gen":"reviewed_inference","uncap_s_pl_nom":"reviewed_inference","uncap_s_sg_acc":"reviewed_inference","uncap_s_sg_dat":"reviewed_inference","uncap_s_sg_gen":"reviewed_inference","uncap_s_sg_nom":"reviewed_inference"}	yes	1d0dad6dca8b23ecd31b793e348d7dafbb69bc675f0a6dcf76c9d0c5a147bf51	537756d1f474dff804f2564fc787e3f6777d12b4b73dd31811dcf66f04d6bea4	"Clearingabkommen"	"Clearingabkommen"	"Clearingabkommen"	"Clearingabkommens"	"Clearingabkommen"	"Clearingabkommen"	"Clearingabkommen"	"Clearingabkommen"	"neuter"	"Clearingabkommen"	"clearingabkommen"	"clearingabkommen"	"clearingabkommen"	"clearingabkommens"	"clearingabkommen"	"clearingabkommen"	"clearingabkommen"	"clearingabkommen"	"clearingabkommen"	"bind"
wdn_000255_N	L914718	["L914718"]	["de402eaa1c5d81fe1616b6073a098c63a2f804ecfd7f375ffa0fbe95d45188b3"]	"Auslieger"	regular_masculine	no	wdn_000255_p001	mkN_lemma	P.mkN "Auslieger"	1	complete	exact_source_evidence	provisional	sampled	none_recorded	["L914718$CFC53E5A-6282-4B08-95B3-ED9B58B9BB86"]	{"s_pl_acc":["L914718-F8"],"s_pl_dat":["L914718-F7"],"s_pl_gen":["L914718-F6"],"s_pl_nom":["L914718-F5"],"s_sg_acc":["L914718-F4"],"s_sg_dat":["L914718-F3"],"s_sg_gen":["L914718-F2"],"s_sg_nom":["L914718-F1"]}	[]	{"co":"provisional_inference","csep":"provisional_inference","gender":"source_exact","s_pl_acc":"source_exact","s_pl_dat":"source_exact","s_pl_gen":"source_exact","s_pl_nom":"source_exact","s_sg_acc":"source_exact","s_sg_dat":"source_exact","s_sg_gen":"source_exact","s_sg_nom":"source_exact","uncap_co":"reviewed_inference","uncap_s_pl_acc":"reviewed_inference","uncap_s_pl_dat":"reviewed_inference","uncap_s_pl_gen":"reviewed_inference","uncap_s_pl_nom":"reviewed_inference","uncap_s_sg_acc":"reviewed_inference","uncap_s_sg_dat":"reviewed_inference","uncap_s_sg_gen":"reviewed_inference","uncap_s_sg_nom":"reviewed_inference"}	yes	7855ea79f0139de1add6315143a850b62ef5ceb90d5f404c1305762eb1a952b2	537756d1f474dff804f2564fc787e3f6777d12b4b73dd31811dcf66f04d6bea4	"Auslieger"	"Auslieger"	"Auslieger"	"Ausliegers"	"Auslieger"	"Auslieger"	"Ausliegern"	"Auslieger"	"masculine"	"Auslieger"	"auslieger"	"auslieger"	"auslieger"	"ausliegers"	"auslieger"	"auslieger"	"ausliegern"	"auslieger"	"auslieger"	"bind"
wdn_000256_N	L915126	["L915126"]	["e83dc0e2c049d704e25734a942de5ecb6a3216cac1ae68a067d0afaf8e20db86"]	"Baier"	irregular_full	no	wdn_000256_p008	mkN_six	P.mkN "Baier" "Baiern" "Baiern" "Baiern" "Baiern" "Baiern" P.masculine	6	complete	exact_source_evidence	provisional	sampled	none_recorded	["L915126$FF42408A-08DF-4CB7-967B-64BC1BCDF0AC"]	{"s_pl_acc":["L915126-F8"],"s_pl_dat":["L915126-F7"],"s_pl_gen":["L915126-F6"],"s_pl_nom":["L915126-F5"],"s_sg_acc":["L915126-F4"],"s_sg_dat":["L915126-F3"],"s_sg_gen":["L915126-F2"],"s_sg_nom":["L915126-F1"]}	[]	{"co":"provisional_inference","csep":"provisional_inference","gender":"source_exact","s_pl_acc":"source_exact","s_pl_dat":"source_exact","s_pl_gen":"source_exact","s_pl_nom":"source_exact","s_sg_acc":"source_exact","s_sg_dat":"source_exact","s_sg_gen":"source_exact","s_sg_nom":"source_exact","uncap_co":"reviewed_inference","uncap_s_pl_acc":"reviewed_inference","uncap_s_pl_dat":"reviewed_inference","uncap_s_pl_gen":"reviewed_inference","uncap_s_pl_nom":"reviewed_inference","uncap_s_sg_acc":"reviewed_inference","uncap_s_sg_dat":"reviewed_inference","uncap_s_sg_gen":"reviewed_inference","uncap_s_sg_nom":"reviewed_inference"}	yes	618f723bf5782c4b3c4bc95dd595d29d054d50ab3f24afed32d83fbee619cbe2	537756d1f474dff804f2564fc787e3f6777d12b4b73dd31811dcf66f04d6bea4	"Baier"	"Baiern"	"Baiern"	"Baiern"	"Baiern"	"Baiern"	"Baiern"	"Baiern"	"masculine"	"Baier"	"baier"	"baiern"	"baiern"	"baiern"	"baiern"	"baiern"	"baiern"	"baiern"	"baier"	"bind"
wdn_000257_N	L915604	["L915604"]	["ac58dea8534f81622f086acd45bcc140327516715e9196386367ca58d82cd607"]	"Schädelnaht"	regular_feminine	no	wdn_000257_p007	mkN_two	P.mkN "Schädelnaht" "Schädelnähte" P.feminine	2	complete	exact_source_evidence	provisional	sampled	none_recorded	["L915604$434E43CE-8801-410A-B80D-FBB08D2A5798"]	{"s_pl_acc":["L915604-F8"],"s_pl_dat":["L915604-F7"],"s_pl_gen":["L915604-F6"],"s_pl_nom":["L915604-F5"],"s_sg_acc":["L915604-F4"],"s_sg_dat":["L915604-F3"],"s_sg_gen":["L915604-F2"],"s_sg_nom":["L915604-F1"]}	[]	{"co":"provisional_inference","csep":"provisional_inference","gender":"source_exact","s_pl_acc":"source_exact","s_pl_dat":"source_exact","s_pl_gen":"source_exact","s_pl_nom":"source_exact","s_sg_acc":"source_exact","s_sg_dat":"source_exact","s_sg_gen":"source_exact","s_sg_nom":"source_exact","uncap_co":"reviewed_inference","uncap_s_pl_acc":"reviewed_inference","uncap_s_pl_dat":"reviewed_inference","uncap_s_pl_gen":"reviewed_inference","uncap_s_pl_nom":"reviewed_inference","uncap_s_sg_acc":"reviewed_inference","uncap_s_sg_dat":"reviewed_inference","uncap_s_sg_gen":"reviewed_inference","uncap_s_sg_nom":"reviewed_inference"}	yes	ff52e1d21b91e3017a0d5e08ea9fd04db166553b21bf5f3e608c05dceba8e8d0	537756d1f474dff804f2564fc787e3f6777d12b4b73dd31811dcf66f04d6bea4	"Schädelnaht"	"Schädelnaht"	"Schädelnaht"	"Schädelnaht"	"Schädelnähte"	"Schädelnähte"	"Schädelnähten"	"Schädelnähte"	"feminine"	"Schädelnaht"	"schädelnaht"	"schädelnaht"	"schädelnaht"	"schädelnaht"	"schädelnähte"	"schädelnähte"	"schädelnähten"	"schädelnähte"	"schädelnaht"	"bind"
wdn_000258_N	L916818	["L916818"]	["afdf3aee73d84224b994f25ac78df461e2eee08a8835b445cdbc6c6c74ad2beb"]	"Tandemdampfmaschine"	invariant	no	wdn_000258_p001	mkN_lemma	P.mkN "Tandemdampfmaschine"	1	complete	exact_source_evidence	provisional	sampled	none_recorded	["L916818$377E450F-2492-42C6-8775-69052DC9CD4F"]	{"s_pl_acc":["L916818-F8"],"s_pl_dat":["L916818-F7"],"s_pl_gen":["L916818-F6"],"s_pl_nom":["L916818-F5"],"s_sg_acc":["L916818-F4"],"s_sg_dat":["L916818-F3"],"s_sg_gen":["L916818-F2"],"s_sg_nom":["L916818-F1"]}	[]	{"co":"provisional_inference","csep":"provisional_inference","gender":"source_exact","s_pl_acc":"source_exact","s_pl_dat":"source_exact","s_pl_gen":"source_exact","s_pl_nom":"source_exact","s_sg_acc":"source_exact","s_sg_dat":"source_exact","s_sg_gen":"source_exact","s_sg_nom":"source_exact","uncap_co":"reviewed_inference","uncap_s_pl_acc":"reviewed_inference","uncap_s_pl_dat":"reviewed_inference","uncap_s_pl_gen":"reviewed_inference","uncap_s_pl_nom":"reviewed_inference","uncap_s_sg_acc":"reviewed_inference","uncap_s_sg_dat":"reviewed_inference","uncap_s_sg_gen":"reviewed_inference","uncap_s_sg_nom":"reviewed_inference"}	yes	3aa94aed391e7562e0bc9a141fd90885dad4185eb5bdc2e13dde938f8350df23	537756d1f474dff804f2564fc787e3f6777d12b4b73dd31811dcf66f04d6bea4	"Tandemdampfmaschine"	"Tandemdampfmaschine"	"Tandemdampfmaschine"	"Tandemdampfmaschine"	"Tandemdampfmaschinen"	"Tandemdampfmaschinen"	"Tandemdampfmaschinen"	"Tandemdampfmaschinen"	"feminine"	"Tandemdampfmaschinen"	"tandemdampfmaschine"	"tandemdampfmaschine"	"tandemdampfmaschine"	"tandemdampfmaschine"	"tandemdampfmaschinen"	"tandemdampfmaschinen"	"tandemdampfmaschinen"	"tandemdampfmaschinen"	"tandemdampfmaschinen"	"bind"
wdn_000259_N	L916893	["L916893"]	["edbb22daab0a033cf778e41a3bb4bdc75ef6b70c40006b455242faf680d7034f"]	"Taxidermist"	irregular_full	no	wdn_000259_p007	mkN_two	P.mkN "Taxidermist" "Taxidermisten" P.masculine	2	complete	exact_source_evidence	provisional	sampled	none_recorded	["L916893$48820F54-8D74-46C9-81D5-7B676A9F18EC"]	{"s_pl_acc":["L916893-F8"],"s_pl_dat":["L916893-F6"],"s_pl_gen":["L916893-F4"],"s_pl_nom":["L916893-F2"],"s_sg_acc":["L916893-F7"],"s_sg_dat":["L916893-F5"],"s_sg_gen":["L916893-F3"],"s_sg_nom":["L916893-F1"]}	[]	{"co":"provisional_inference","csep":"provisional_inference","gender":"source_exact","s_pl_acc":"source_exact","s_pl_dat":"source_exact","s_pl_gen":"source_exact","s_pl_nom":"source_exact","s_sg_acc":"source_exact","s_sg_dat":"source_exact","s_sg_gen":"source_exact","s_sg_nom":"source_exact","uncap_co":"reviewed_inference","uncap_s_pl_acc":"reviewed_inference","uncap_s_pl_dat":"reviewed_inference","uncap_s_pl_gen":"reviewed_inference","uncap_s_pl_nom":"reviewed_inference","uncap_s_sg_acc":"reviewed_inference","uncap_s_sg_dat":"reviewed_inference","uncap_s_sg_gen":"reviewed_inference","uncap_s_sg_nom":"reviewed_inference"}	yes	0abe6f77623af65a27fc905347eec29ceea6143f3047bd6d364aca58f40134e8	537756d1f474dff804f2564fc787e3f6777d12b4b73dd31811dcf66f04d6bea4	"Taxidermist"	"Taxidermisten"	"Taxidermisten"	"Taxidermisten"	"Taxidermisten"	"Taxidermisten"	"Taxidermisten"	"Taxidermisten"	"masculine"	"Taxidermist"	"taxidermist"	"taxidermisten"	"taxidermisten"	"taxidermisten"	"taxidermisten"	"taxidermisten"	"taxidermisten"	"taxidermisten"	"taxidermist"	"bind"
wdn_000260_N	L917023	["L917023"]	["3d5b502882899ea545de6e89ee2e3cb99f0f86d1c57cbf0413bc68e0d0084fbc"]	"Mc-Job"	hyphenated	no	wdn_000260_p006	invarPlN_two	P.invarPlN "Mc-Job" "Mc-Jobs" P.masculine	2	complete	exact_source_evidence	provisional	sampled	none_recorded	["L917023$E52C395B-83D4-477B-849C-E72EA91E9B88"]	{"s_pl_acc":["L917023-F8"],"s_pl_dat":["L917023-F7"],"s_pl_gen":["L917023-F6"],"s_pl_nom":["L917023-F5"],"s_sg_acc":["L917023-F4"],"s_sg_dat":["L917023-F3"],"s_sg_gen":["L917023-F2"],"s_sg_nom":["L917023-F1"]}	[]	{"co":"provisional_inference","csep":"reviewed_inference","gender":"source_exact","s_pl_acc":"source_exact","s_pl_dat":"source_exact","s_pl_gen":"source_exact","s_pl_nom":"source_exact","s_sg_acc":"source_exact","s_sg_dat":"source_exact","s_sg_gen":"source_exact","s_sg_nom":"source_exact","uncap_co":"reviewed_inference","uncap_s_pl_acc":"reviewed_inference","uncap_s_pl_dat":"reviewed_inference","uncap_s_pl_gen":"reviewed_inference","uncap_s_pl_nom":"reviewed_inference","uncap_s_sg_acc":"reviewed_inference","uncap_s_sg_dat":"reviewed_inference","uncap_s_sg_gen":"reviewed_inference","uncap_s_sg_nom":"reviewed_inference"}	yes	7fb1f1230a2bf0d028e4f3e56231c44a04863bd38d40a57a9d7a7c7cb30b7566	537756d1f474dff804f2564fc787e3f6777d12b4b73dd31811dcf66f04d6bea4	"Mc-Job"	"Mc-Job"	"Mc-Job"	"Mc-Jobs"	"Mc-Jobs"	"Mc-Jobs"	"Mc-Jobs"	"Mc-Jobs"	"masculine"	"Mc-Job"	"Mc-Job"	"Mc-Job"	"Mc-Job"	"Mc-Jobs"	"Mc-Jobs"	"Mc-Jobs"	"Mc-Jobs"	"Mc-Jobs"	"Mc-Job"	"hyphen"
wdn_000261_N	L917352	["L917352"]	["a897910c1f1e223095e6dfc55677781cafc97f30150cf516ed78d398076e9e0f"]	"Kotkäfer"	regular_masculine	no	wdn_000261_p001	mkN_lemma	P.mkN "Kotkäfer"	1	complete	exact_source_evidence	provisional	sampled	none_recorded	["L917352$9B2CE20D-A007-4638-992A-4BDBD22135E9"]	{"s_pl_acc":["L917352-F8"],"s_pl_dat":["L917352-F7"],"s_pl_gen":["L917352-F6"],"s_pl_nom":["L917352-F5"],"s_sg_acc":["L917352-F4"],"s_sg_dat":["L917352-F3"],"s_sg_gen":["L917352-F2"],"s_sg_nom":["L917352-F1"]}	[]	{"co":"provisional_inference","csep":"provisional_inference","gender":"source_exact","s_pl_acc":"source_exact","s_pl_dat":"source_exact","s_pl_gen":"source_exact","s_pl_nom":"source_exact","s_sg_acc":"source_exact","s_sg_dat":"source_exact","s_sg_gen":"source_exact","s_sg_nom":"source_exact","uncap_co":"reviewed_inference","uncap_s_pl_acc":"reviewed_inference","uncap_s_pl_dat":"reviewed_inference","uncap_s_pl_gen":"reviewed_inference","uncap_s_pl_nom":"reviewed_inference","uncap_s_sg_acc":"reviewed_inference","uncap_s_sg_dat":"reviewed_inference","uncap_s_sg_gen":"reviewed_inference","uncap_s_sg_nom":"reviewed_inference"}	yes	cf9c95bba860aace87dd811d25ef35818465235a408365aceb5701161f33f08d	537756d1f474dff804f2564fc787e3f6777d12b4b73dd31811dcf66f04d6bea4	"Kotkäfer"	"Kotkäfer"	"Kotkäfer"	"Kotkäfers"	"Kotkäfer"	"Kotkäfer"	"Kotkäfern"	"Kotkäfer"	"masculine"	"Kotkäfer"	"kotkäfer"	"kotkäfer"	"kotkäfer"	"kotkäfers"	"kotkäfer"	"kotkäfer"	"kotkäfern"	"kotkäfer"	"kotkäfer"	"bind"
wdn_000262_N	L918271	["L918271"]	["d688f93239d21f009bf8dc7485165b1c8c42c04b8c73750b24f41f782b75f4ac"]	"Zeilendrucker"	regular_masculine	no	wdn_000262_p001	mkN_lemma	P.mkN "Zeilendrucker"	1	complete	exact_source_evidence	provisional	sampled	none_recorded	["L918271$D7D8DAFC-D682-4000-B875-AA2980AE9874"]	{"s_pl_acc":["L918271-F8"],"s_pl_dat":["L918271-F7"],"s_pl_gen":["L918271-F6"],"s_pl_nom":["L918271-F5"],"s_sg_acc":["L918271-F4"],"s_sg_dat":["L918271-F3"],"s_sg_gen":["L918271-F2"],"s_sg_nom":["L918271-F1"]}	[]	{"co":"provisional_inference","csep":"provisional_inference","gender":"source_exact","s_pl_acc":"source_exact","s_pl_dat":"source_exact","s_pl_gen":"source_exact","s_pl_nom":"source_exact","s_sg_acc":"source_exact","s_sg_dat":"source_exact","s_sg_gen":"source_exact","s_sg_nom":"source_exact","uncap_co":"reviewed_inference","uncap_s_pl_acc":"reviewed_inference","uncap_s_pl_dat":"reviewed_inference","uncap_s_pl_gen":"reviewed_inference","uncap_s_pl_nom":"reviewed_inference","uncap_s_sg_acc":"reviewed_inference","uncap_s_sg_dat":"reviewed_inference","uncap_s_sg_gen":"reviewed_inference","uncap_s_sg_nom":"reviewed_inference"}	yes	bad2eab8cb999811e45fabf008ad29d86a52b6fdb172ef3083a7116053300d22	537756d1f474dff804f2564fc787e3f6777d12b4b73dd31811dcf66f04d6bea4	"Zeilendrucker"	"Zeilendrucker"	"Zeilendrucker"	"Zeilendruckers"	"Zeilendrucker"	"Zeilendrucker"	"Zeilendruckern"	"Zeilendrucker"	"masculine"	"Zeilendrucker"	"zeilendrucker"	"zeilendrucker"	"zeilendrucker"	"zeilendruckers"	"zeilendrucker"	"zeilendrucker"	"zeilendruckern"	"zeilendrucker"	"zeilendrucker"	"bind"
wdn_000263_N	L919838	["L919838"]	["8a9d195cb93986cb6c422fb25d1e2914b96dae7af6a4fbfcda6b01ea26d2ba90"]	"Metabasis"	invariant	no	wdn_000263_p005	invarN_two	P.invarN "Metabasis" "Metabasen" P.feminine	2	complete	exact_source_evidence	provisional	sampled	none_recorded	["L919838$0E5BE8FF-4DEC-4217-9079-3C61AC0E0627"]	{"s_pl_acc":["L919838-F8"],"s_pl_dat":["L919838-F7"],"s_pl_gen":["L919838-F6"],"s_pl_nom":["L919838-F5"],"s_sg_acc":["L919838-F4"],"s_sg_dat":["L919838-F3"],"s_sg_gen":["L919838-F2"],"s_sg_nom":["L919838-F1"]}	[]	{"co":"provisional_inference","csep":"provisional_inference","gender":"source_exact","s_pl_acc":"source_exact","s_pl_dat":"source_exact","s_pl_gen":"source_exact","s_pl_nom":"source_exact","s_sg_acc":"source_exact","s_sg_dat":"source_exact","s_sg_gen":"source_exact","s_sg_nom":"source_exact","uncap_co":"reviewed_inference","uncap_s_pl_acc":"reviewed_inference","uncap_s_pl_dat":"reviewed_inference","uncap_s_pl_gen":"reviewed_inference","uncap_s_pl_nom":"reviewed_inference","uncap_s_sg_acc":"reviewed_inference","uncap_s_sg_dat":"reviewed_inference","uncap_s_sg_gen":"reviewed_inference","uncap_s_sg_nom":"reviewed_inference"}	yes	d7bfc0b27515ae163102713a1523fd840dcda9cb802ddad8af81bfd572e5f488	537756d1f474dff804f2564fc787e3f6777d12b4b73dd31811dcf66f04d6bea4	"Metabasis"	"Metabasis"	"Metabasis"	"Metabasis"	"Metabasen"	"Metabasen"	"Metabasen"	"Metabasen"	"feminine"	"Metabasis"	"metabasis"	"metabasis"	"metabasis"	"metabasis"	"metabasen"	"metabasen"	"metabasen"	"metabasen"	"metabasis"	"bind"
wdn_000264_N	L920090	["L920090"]	["ec2c8a8963447b0636a37612a830269c102f9e9af2533dd37ecf40e0160b1717"]	"Amtsgehilfe"	irregular_full	no	wdn_000264_p002	mkN_lemma_gender	P.mkN "Amtsgehilfe" P.masculine	1	complete	exact_source_evidence	provisional	sampled	none_recorded	["L920090$DA126F97-192C-4E24-AB15-4C873535E589"]	{"s_pl_acc":["L920090-F8"],"s_pl_dat":["L920090-F7"],"s_pl_gen":["L920090-F6"],"s_pl_nom":["L920090-F5"],"s_sg_acc":["L920090-F4"],"s_sg_dat":["L920090-F3"],"s_sg_gen":["L920090-F2"],"s_sg_nom":["L920090-F1"]}	[]	{"co":"provisional_inference","csep":"provisional_inference","gender":"source_exact","s_pl_acc":"source_exact","s_pl_dat":"source_exact","s_pl_gen":"source_exact","s_pl_nom":"source_exact","s_sg_acc":"source_exact","s_sg_dat":"source_exact","s_sg_gen":"source_exact","s_sg_nom":"source_exact","uncap_co":"reviewed_inference","uncap_s_pl_acc":"reviewed_inference","uncap_s_pl_dat":"reviewed_inference","uncap_s_pl_gen":"reviewed_inference","uncap_s_pl_nom":"reviewed_inference","uncap_s_sg_acc":"reviewed_inference","uncap_s_sg_dat":"reviewed_inference","uncap_s_sg_gen":"reviewed_inference","uncap_s_sg_nom":"reviewed_inference"}	yes	1220842437d19c16a74f31b39939a93c663b8125f8ba7e7398f560e3c7858471	537756d1f474dff804f2564fc787e3f6777d12b4b73dd31811dcf66f04d6bea4	"Amtsgehilfe"	"Amtsgehilfen"	"Amtsgehilfen"	"Amtsgehilfen"	"Amtsgehilfen"	"Amtsgehilfen"	"Amtsgehilfen"	"Amtsgehilfen"	"masculine"	"Amtsgehilfen"	"amtsgehilfe"	"amtsgehilfen"	"amtsgehilfen"	"amtsgehilfen"	"amtsgehilfen"	"amtsgehilfen"	"amtsgehilfen"	"amtsgehilfen"	"amtsgehilfen"	"bind"
wdn_000265_N	L922736	["L922736"]	["151f2b2ebb9cc4035271dca1977b6003ec98f5aea9f8adbc0a424ecddb8b749b"]	"Staatskirchentum"	regular_neuter	no	wdn_000265_p007	mkN_two	P.mkN "Staatskirchentum" "Staatskirchentümer" P.neuter	2	complete	exact_source_evidence	provisional	sampled	none_recorded	["L922736$A2A7E9A7-2965-4F55-9A01-A9583B4A1E77"]	{"s_pl_acc":["L922736-F8"],"s_pl_dat":["L922736-F7"],"s_pl_gen":["L922736-F6"],"s_pl_nom":["L922736-F5"],"s_sg_acc":["L922736-F4"],"s_sg_dat":["L922736-F3"],"s_sg_gen":["L922736-F2"],"s_sg_nom":["L922736-F1"]}	[]	{"co":"provisional_inference","csep":"provisional_inference","gender":"source_exact","s_pl_acc":"source_exact","s_pl_dat":"source_exact","s_pl_gen":"source_exact","s_pl_nom":"source_exact","s_sg_acc":"source_exact","s_sg_dat":"source_exact","s_sg_gen":"source_exact","s_sg_nom":"source_exact","uncap_co":"reviewed_inference","uncap_s_pl_acc":"reviewed_inference","uncap_s_pl_dat":"reviewed_inference","uncap_s_pl_gen":"reviewed_inference","uncap_s_pl_nom":"reviewed_inference","uncap_s_sg_acc":"reviewed_inference","uncap_s_sg_dat":"reviewed_inference","uncap_s_sg_gen":"reviewed_inference","uncap_s_sg_nom":"reviewed_inference"}	yes	c6b0c27446e02229fffbfd000b6548998b33d1791909643fac1ea8a2ce3cf8c7	537756d1f474dff804f2564fc787e3f6777d12b4b73dd31811dcf66f04d6bea4	"Staatskirchentum"	"Staatskirchentum"	"Staatskirchentum"	"Staatskirchentums"	"Staatskirchentümer"	"Staatskirchentümer"	"Staatskirchentümern"	"Staatskirchentümer"	"neuter"	"Staatskirchentum"	"staatskirchentum"	"staatskirchentum"	"staatskirchentum"	"staatskirchentums"	"staatskirchentümer"	"staatskirchentümer"	"staatskirchentümern"	"staatskirchentümer"	"staatskirchentum"	"bind"
wdn_000266_N	L923436	["L923436"]	["51409dbb11d22f1f8f921d7f1fa951105e075c7459a1eb455143f8ddbaea0747"]	"Lamellenverschluss"	regular_masculine	no	wdn_000266_p007	mkN_two	P.mkN "Lamellenverschluss" "Lamellenverschlüsse" P.masculine	2	complete	exact_source_evidence	provisional	sampled	none_recorded	["L923436$208A6F18-854F-42B0-A0BA-C5AF37B1C565"]	{"s_pl_acc":["L923436-F8"],"s_pl_dat":["L923436-F7"],"s_pl_gen":["L923436-F6"],"s_pl_nom":["L923436-F5"],"s_sg_acc":["L923436-F4"],"s_sg_dat":["L923436-F3"],"s_sg_gen":["L923436-F2"],"s_sg_nom":["L923436-F1"]}	[]	{"co":"provisional_inference","csep":"provisional_inference","gender":"source_exact","s_pl_acc":"source_exact","s_pl_dat":"source_exact","s_pl_gen":"source_exact","s_pl_nom":"source_exact","s_sg_acc":"source_exact","s_sg_dat":"source_exact","s_sg_gen":"source_exact","s_sg_nom":"source_exact","uncap_co":"reviewed_inference","uncap_s_pl_acc":"reviewed_inference","uncap_s_pl_dat":"reviewed_inference","uncap_s_pl_gen":"reviewed_inference","uncap_s_pl_nom":"reviewed_inference","uncap_s_sg_acc":"reviewed_inference","uncap_s_sg_dat":"reviewed_inference","uncap_s_sg_gen":"reviewed_inference","uncap_s_sg_nom":"reviewed_inference"}	yes	db5d00147dc875ecf2905358dcbe9b662d298df04f549c3033b9df38380f9f94	537756d1f474dff804f2564fc787e3f6777d12b4b73dd31811dcf66f04d6bea4	"Lamellenverschluss"	"Lamellenverschluss"	"Lamellenverschluss"	"Lamellenverschlusses"	"Lamellenverschlüsse"	"Lamellenverschlüsse"	"Lamellenverschlüssen"	"Lamellenverschlüsse"	"masculine"	"Lamellenverschluss"	"lamellenverschluss"	"lamellenverschluss"	"lamellenverschluss"	"lamellenverschlusses"	"lamellenverschlüsse"	"lamellenverschlüsse"	"lamellenverschlüssen"	"lamellenverschlüsse"	"lamellenverschluss"	"bind"
wdn_000267_N	L924301	["L924301"]	["d8bfaef847ea82c7745286f9100d74b455bbb934f04f45f5e4b8cc80fee464ec"]	"Rabbit-Punch"	hyphenated	no	wdn_000267_p002	mkN_lemma_gender	P.mkN "Rabbit-Punch" P.masculine	1	none	compatible_with_inference	provisional	sampled	none_recorded	["L924301$5C331D9B-564A-4F91-9163-81F7D61ACAC7"]	{}	[]	{"co":"provisional_inference","csep":"reviewed_inference","gender":"source_exact","s_pl_acc":"provisional_inference","s_pl_dat":"provisional_inference","s_pl_gen":"provisional_inference","s_pl_nom":"provisional_inference","s_sg_acc":"provisional_inference","s_sg_dat":"provisional_inference","s_sg_gen":"provisional_inference","s_sg_nom":"provisional_inference","uncap_co":"reviewed_inference","uncap_s_pl_acc":"reviewed_inference","uncap_s_pl_dat":"reviewed_inference","uncap_s_pl_gen":"reviewed_inference","uncap_s_pl_nom":"reviewed_inference","uncap_s_sg_acc":"reviewed_inference","uncap_s_sg_dat":"reviewed_inference","uncap_s_sg_gen":"reviewed_inference","uncap_s_sg_nom":"reviewed_inference"}	yes	b52780efd1fb8b003cce89da6a3a1a767e468cc0da3c33b3cdb97ab0055a4c94	537756d1f474dff804f2564fc787e3f6777d12b4b73dd31811dcf66f04d6bea4	"Rabbit-Punch"	"Rabbit-Punch"	"Rabbit-Punch"	"Rabbit-Punchs"	"Rabbit-Punche"	"Rabbit-Punche"	"Rabbit-Punchen"	"Rabbit-Punche"	"masculine"	"Rabbit-Punch"	"Rabbit-Punch"	"Rabbit-Punch"	"Rabbit-Punch"	"Rabbit-Punchs"	"Rabbit-Punche"	"Rabbit-Punche"	"Rabbit-Punchen"	"Rabbit-Punche"	"Rabbit-Punch"	"hyphen"
wdn_000268_N	L927806	["L927806"]	["b0542cdbae1934096f7aff5c05fef9a225eff5bd0b043c00ce97d0bf093948b8"]	"Skolopender"	regular_masculine	no	wdn_000268_p001	mkN_lemma	P.mkN "Skolopender"	1	complete	exact_source_evidence	provisional	sampled	none_recorded	["L927806$98039ADB-6D58-417E-8AE3-705783B4FCAE"]	{"s_pl_acc":["L927806-F8"],"s_pl_dat":["L927806-F7"],"s_pl_gen":["L927806-F6"],"s_pl_nom":["L927806-F5"],"s_sg_acc":["L927806-F4"],"s_sg_dat":["L927806-F3"],"s_sg_gen":["L927806-F2"],"s_sg_nom":["L927806-F1"]}	[]	{"co":"provisional_inference","csep":"provisional_inference","gender":"source_exact","s_pl_acc":"source_exact","s_pl_dat":"source_exact","s_pl_gen":"source_exact","s_pl_nom":"source_exact","s_sg_acc":"source_exact","s_sg_dat":"source_exact","s_sg_gen":"source_exact","s_sg_nom":"source_exact","uncap_co":"reviewed_inference","uncap_s_pl_acc":"reviewed_inference","uncap_s_pl_dat":"reviewed_inference","uncap_s_pl_gen":"reviewed_inference","uncap_s_pl_nom":"reviewed_inference","uncap_s_sg_acc":"reviewed_inference","uncap_s_sg_dat":"reviewed_inference","uncap_s_sg_gen":"reviewed_inference","uncap_s_sg_nom":"reviewed_inference"}	yes	67d008aaa75c77c49c7dc6cc14d7dd28572cc86e7a126927dd50fb0792fd2e55	537756d1f474dff804f2564fc787e3f6777d12b4b73dd31811dcf66f04d6bea4	"Skolopender"	"Skolopender"	"Skolopender"	"Skolopenders"	"Skolopender"	"Skolopender"	"Skolopendern"	"Skolopender"	"masculine"	"Skolopender"	"skolopender"	"skolopender"	"skolopender"	"skolopenders"	"skolopender"	"skolopender"	"skolopendern"	"skolopender"	"skolopender"	"bind"
wdn_000269_N	L928111	["L928111"]	["96ddba94ce938e0318ed69ad41242acc4b34b13fbfd7d9328dedef22e465ac41"]	"Höflichkeitsgemüse"	regular_neuter	no	wdn_000269_p007	mkN_two	P.mkN "Höflichkeitsgemüse" "Höflichkeitsgemüse" P.neuter	2	complete	exact_source_evidence	provisional	sampled	none_recorded	["L928111$B11F6910-40D3-4BCB-A5C3-37B0570C0478"]	{"s_pl_acc":["L928111-F8"],"s_pl_dat":["L928111-F7"],"s_pl_gen":["L928111-F6"],"s_pl_nom":["L928111-F5"],"s_sg_acc":["L928111-F4"],"s_sg_dat":["L928111-F3"],"s_sg_gen":["L928111-F2"],"s_sg_nom":["L928111-F1"]}	[]	{"co":"provisional_inference","csep":"provisional_inference","gender":"source_exact","s_pl_acc":"source_exact","s_pl_dat":"source_exact","s_pl_gen":"source_exact","s_pl_nom":"source_exact","s_sg_acc":"source_exact","s_sg_dat":"source_exact","s_sg_gen":"source_exact","s_sg_nom":"source_exact","uncap_co":"reviewed_inference","uncap_s_pl_acc":"reviewed_inference","uncap_s_pl_dat":"reviewed_inference","uncap_s_pl_gen":"reviewed_inference","uncap_s_pl_nom":"reviewed_inference","uncap_s_sg_acc":"reviewed_inference","uncap_s_sg_dat":"reviewed_inference","uncap_s_sg_gen":"reviewed_inference","uncap_s_sg_nom":"reviewed_inference"}	yes	d96b8b44f9e626dc20af1af4d816aa9a18ca4248c686464452e8c0a955994506	537756d1f474dff804f2564fc787e3f6777d12b4b73dd31811dcf66f04d6bea4	"Höflichkeitsgemüse"	"Höflichkeitsgemüse"	"Höflichkeitsgemüse"	"Höflichkeitsgemüses"	"Höflichkeitsgemüse"	"Höflichkeitsgemüse"	"Höflichkeitsgemüsen"	"Höflichkeitsgemüse"	"neuter"	"Höflichkeitsgemüsen"	"höflichkeitsgemüse"	"höflichkeitsgemüse"	"höflichkeitsgemüse"	"höflichkeitsgemüses"	"höflichkeitsgemüse"	"höflichkeitsgemüse"	"höflichkeitsgemüsen"	"höflichkeitsgemüse"	"höflichkeitsgemüsen"	"bind"
wdn_000270_N	L928538	["L928538"]	["078214e3cc8d25d94cf9331b01e90db42c572f1a6f8eb931412064dd97476e22"]	"Gesellschaftslöwe"	irregular_full	no	wdn_000270_p002	mkN_lemma_gender	P.mkN "Gesellschaftslöwe" P.masculine	1	complete	exact_source_evidence	provisional	sampled	none_recorded	["L928538$CA44675D-9E54-4FFA-90D8-886EDAEF0129"]	{"s_pl_acc":["L928538-F8"],"s_pl_dat":["L928538-F7"],"s_pl_gen":["L928538-F6"],"s_pl_nom":["L928538-F5"],"s_sg_acc":["L928538-F4"],"s_sg_dat":["L928538-F3"],"s_sg_gen":["L928538-F2"],"s_sg_nom":["L928538-F1"]}	[]	{"co":"provisional_inference","csep":"provisional_inference","gender":"source_exact","s_pl_acc":"source_exact","s_pl_dat":"source_exact","s_pl_gen":"source_exact","s_pl_nom":"source_exact","s_sg_acc":"source_exact","s_sg_dat":"source_exact","s_sg_gen":"source_exact","s_sg_nom":"source_exact","uncap_co":"reviewed_inference","uncap_s_pl_acc":"reviewed_inference","uncap_s_pl_dat":"reviewed_inference","uncap_s_pl_gen":"reviewed_inference","uncap_s_pl_nom":"reviewed_inference","uncap_s_sg_acc":"reviewed_inference","uncap_s_sg_dat":"reviewed_inference","uncap_s_sg_gen":"reviewed_inference","uncap_s_sg_nom":"reviewed_inference"}	yes	e7feb9e4ff68f8fc274b4becc3ee8f4289a055c49dc7e16cfc00d08c011699f0	537756d1f474dff804f2564fc787e3f6777d12b4b73dd31811dcf66f04d6bea4	"Gesellschaftslöwe"	"Gesellschaftslöwen"	"Gesellschaftslöwen"	"Gesellschaftslöwen"	"Gesellschaftslöwen"	"Gesellschaftslöwen"	"Gesellschaftslöwen"	"Gesellschaftslöwen"	"masculine"	"Gesellschaftslöwen"	"gesellschaftslöwe"	"gesellschaftslöwen"	"gesellschaftslöwen"	"gesellschaftslöwen"	"gesellschaftslöwen"	"gesellschaftslöwen"	"gesellschaftslöwen"	"gesellschaftslöwen"	"gesellschaftslöwen"	"bind"
wdn_000271_N	L928632	["L928632"]	["987216fa3b017e309f8d8c1ba3f8fe8de1a768d6316233d9fe2769e16660a8b3"]	"Gegenspionage"	partial_evidence	no	wdn_000271_p001	mkN_lemma	P.mkN "Gegenspionage"	1	partial	compatible_with_inference	provisional	sampled	none_recorded	["L928632$5592587D-B51E-4A39-94B0-5C6E77906FF7"]	{"s_sg_acc":["L928632-F4"],"s_sg_dat":["L928632-F3"],"s_sg_gen":["L928632-F2"],"s_sg_nom":["L928632-F1"]}	[]	{"co":"provisional_inference","csep":"provisional_inference","gender":"source_exact","s_pl_acc":"provisional_inference","s_pl_dat":"provisional_inference","s_pl_gen":"provisional_inference","s_pl_nom":"provisional_inference","s_sg_acc":"source_exact","s_sg_dat":"source_exact","s_sg_gen":"source_exact","s_sg_nom":"source_exact","uncap_co":"reviewed_inference","uncap_s_pl_acc":"reviewed_inference","uncap_s_pl_dat":"reviewed_inference","uncap_s_pl_gen":"reviewed_inference","uncap_s_pl_nom":"reviewed_inference","uncap_s_sg_acc":"reviewed_inference","uncap_s_sg_dat":"reviewed_inference","uncap_s_sg_gen":"reviewed_inference","uncap_s_sg_nom":"reviewed_inference"}	yes	e5989584e6c5be5213c0d334f8892c373f2da806dd8753f37f7f5e397f90335c	537756d1f474dff804f2564fc787e3f6777d12b4b73dd31811dcf66f04d6bea4	"Gegenspionage"	"Gegenspionage"	"Gegenspionage"	"Gegenspionage"	"Gegenspionagen"	"Gegenspionagen"	"Gegenspionagen"	"Gegenspionagen"	"feminine"	"Gegenspionagen"	"gegenspionage"	"gegenspionage"	"gegenspionage"	"gegenspionage"	"gegenspionagen"	"gegenspionagen"	"gegenspionagen"	"gegenspionagen"	"gegenspionagen"	"bind"
wdn_000272_N	L928648	["L928648"]	["40137d6d6443e54e0d735db7083eed0f0979c756da96ec72189308de62741a61"]	"Geldausgabeautomat"	irregular_full	no	wdn_000272_p007	mkN_two	P.mkN "Geldausgabeautomat" "Geldausgabeautomaten" P.masculine	2	complete	exact_source_evidence	provisional	sampled	none_recorded	["L928648$FB544150-62B4-4EAE-A06C-8944754CE501"]	{"s_pl_acc":["L928648-F8"],"s_pl_dat":["L928648-F6"],"s_pl_gen":["L928648-F4"],"s_pl_nom":["L928648-F2"],"s_sg_acc":["L928648-F7"],"s_sg_dat":["L928648-F5"],"s_sg_gen":["L928648-F3"],"s_sg_nom":["L928648-F1"]}	[]	{"co":"provisional_inference","csep":"provisional_inference","gender":"source_exact","s_pl_acc":"source_exact","s_pl_dat":"source_exact","s_pl_gen":"source_exact","s_pl_nom":"source_exact","s_sg_acc":"source_exact","s_sg_dat":"source_exact","s_sg_gen":"source_exact","s_sg_nom":"source_exact","uncap_co":"reviewed_inference","uncap_s_pl_acc":"reviewed_inference","uncap_s_pl_dat":"reviewed_inference","uncap_s_pl_gen":"reviewed_inference","uncap_s_pl_nom":"reviewed_inference","uncap_s_sg_acc":"reviewed_inference","uncap_s_sg_dat":"reviewed_inference","uncap_s_sg_gen":"reviewed_inference","uncap_s_sg_nom":"reviewed_inference"}	yes	cf35cedf171ce04268d0f3b0c05cec77249fdfdec959f9d9afa3980c7ebe10f3	537756d1f474dff804f2564fc787e3f6777d12b4b73dd31811dcf66f04d6bea4	"Geldausgabeautomat"	"Geldausgabeautomaten"	"Geldausgabeautomaten"	"Geldausgabeautomaten"	"Geldausgabeautomaten"	"Geldausgabeautomaten"	"Geldausgabeautomaten"	"Geldausgabeautomaten"	"masculine"	"Geldausgabeautomat"	"geldausgabeautomat"	"geldausgabeautomaten"	"geldausgabeautomaten"	"geldausgabeautomaten"	"geldausgabeautomaten"	"geldausgabeautomaten"	"geldausgabeautomaten"	"geldausgabeautomaten"	"geldausgabeautomat"	"bind"
wdn_000273_N	L928815	["L928815"]	["6e7b8572f02c3c8d847b4492e6a493a42f41209c45a1d116dd6534d57655847f"]	"Geheimfavorit"	irregular_full	no	wdn_000273_p007	mkN_two	P.mkN "Geheimfavorit" "Geheimfavoriten" P.masculine	2	complete	exact_source_evidence	provisional	sampled	none_recorded	["L928815$B2312037-9829-44F6-B004-1610F266317E"]	{"s_pl_acc":["L928815-F8"],"s_pl_dat":["L928815-F7"],"s_pl_gen":["L928815-F6"],"s_pl_nom":["L928815-F5"],"s_sg_acc":["L928815-F4"],"s_sg_dat":["L928815-F3"],"s_sg_gen":["L928815-F2"],"s_sg_nom":["L928815-F1"]}	[]	{"co":"provisional_inference","csep":"provisional_inference","gender":"source_exact","s_pl_acc":"source_exact","s_pl_dat":"source_exact","s_pl_gen":"source_exact","s_pl_nom":"source_exact","s_sg_acc":"source_exact","s_sg_dat":"source_exact","s_sg_gen":"source_exact","s_sg_nom":"source_exact","uncap_co":"reviewed_inference","uncap_s_pl_acc":"reviewed_inference","uncap_s_pl_dat":"reviewed_inference","uncap_s_pl_gen":"reviewed_inference","uncap_s_pl_nom":"reviewed_inference","uncap_s_sg_acc":"reviewed_inference","uncap_s_sg_dat":"reviewed_inference","uncap_s_sg_gen":"reviewed_inference","uncap_s_sg_nom":"reviewed_inference"}	yes	72c8d956dfdeeb792f24dcfe720ef762c7fefac29f754cf0c6fa2fb42134035d	537756d1f474dff804f2564fc787e3f6777d12b4b73dd31811dcf66f04d6bea4	"Geheimfavorit"	"Geheimfavoriten"	"Geheimfavoriten"	"Geheimfavoriten"	"Geheimfavoriten"	"Geheimfavoriten"	"Geheimfavoriten"	"Geheimfavoriten"	"masculine"	"Geheimfavorit"	"geheimfavorit"	"geheimfavoriten"	"geheimfavoriten"	"geheimfavoriten"	"geheimfavoriten"	"geheimfavoriten"	"geheimfavoriten"	"geheimfavoriten"	"geheimfavorit"	"bind"
wdn_000274_N	L928910	["L928910"]	["c2ca91a6ec1d781cb0f0a8dc42d67103d6a1575b427397598137edddb2df5c2f"]	"Geheimbote"	irregular_full	no	wdn_000274_p002	mkN_lemma_gender	P.mkN "Geheimbote" P.masculine	1	complete	exact_source_evidence	provisional	sampled	none_recorded	["L928910$B45C9911-A8F2-4EE3-98D1-FA594F6C65CC"]	{"s_pl_acc":["L928910-F8"],"s_pl_dat":["L928910-F7"],"s_pl_gen":["L928910-F6"],"s_pl_nom":["L928910-F5"],"s_sg_acc":["L928910-F4"],"s_sg_dat":["L928910-F3"],"s_sg_gen":["L928910-F2"],"s_sg_nom":["L928910-F1"]}	[]	{"co":"provisional_inference","csep":"provisional_inference","gender":"source_exact","s_pl_acc":"source_exact","s_pl_dat":"source_exact","s_pl_gen":"source_exact","s_pl_nom":"source_exact","s_sg_acc":"source_exact","s_sg_dat":"source_exact","s_sg_gen":"source_exact","s_sg_nom":"source_exact","uncap_co":"reviewed_inference","uncap_s_pl_acc":"reviewed_inference","uncap_s_pl_dat":"reviewed_inference","uncap_s_pl_gen":"reviewed_inference","uncap_s_pl_nom":"reviewed_inference","uncap_s_sg_acc":"reviewed_inference","uncap_s_sg_dat":"reviewed_inference","uncap_s_sg_gen":"reviewed_inference","uncap_s_sg_nom":"reviewed_inference"}	yes	a380f49e6e7b4cdc0a11788cc1f3ebb31a48c60593d5c75a3238b892b8a739f1	537756d1f474dff804f2564fc787e3f6777d12b4b73dd31811dcf66f04d6bea4	"Geheimbote"	"Geheimboten"	"Geheimboten"	"Geheimboten"	"Geheimboten"	"Geheimboten"	"Geheimboten"	"Geheimboten"	"masculine"	"Geheimboten"	"geheimbote"	"geheimboten"	"geheimboten"	"geheimboten"	"geheimboten"	"geheimboten"	"geheimboten"	"geheimboten"	"geheimboten"	"bind"
wdn_000275_N	L930912	["L930912"]	["d055a0c8da4c516eac7325016dcc92dd30a9ba36d6fba1702e0e3eccfd1293ea"]	"Vorratsdaten"	plural_only	no	wdn_000275_p001	pluralOnlyN	P.pluralOnlyN "Vorratsdaten"	1	complete	compatible_with_inference	provisional	sampled	none_recorded	["L930912$FEC9FAA9-7E0A-4E68-987A-CBFF16F94709"]	{"s_pl_acc":["L930912-F4"],"s_pl_dat":["L930912-F3"],"s_pl_gen":["L930912-F2"],"s_pl_nom":["L930912-F1"]}	[]	{"co":"provisional_inference","csep":"provisional_inference","gender":"provisional_inference","s_pl_acc":"source_exact","s_pl_dat":"source_exact","s_pl_gen":"source_exact","s_pl_nom":"source_exact","s_sg_acc":"unavailable","s_sg_dat":"unavailable","s_sg_gen":"unavailable","s_sg_nom":"unavailable","uncap_co":"reviewed_inference","uncap_s_pl_acc":"reviewed_inference","uncap_s_pl_dat":"reviewed_inference","uncap_s_pl_gen":"reviewed_inference","uncap_s_pl_nom":"reviewed_inference","uncap_s_sg_acc":"unavailable","uncap_s_sg_dat":"unavailable","uncap_s_sg_gen":"unavailable","uncap_s_sg_nom":"unavailable"}	yes	51201cc168ac2a0ea7ffc13c7fe2bffb3a8eb7bceb89bf8108152237ed263684	537756d1f474dff804f2564fc787e3f6777d12b4b73dd31811dcf66f04d6bea4	""	""	""	""	"Vorratsdaten"	"Vorratsdaten"	"Vorratsdaten"	"Vorratsdaten"	"masculine"	"Vorratsdaten"	""	""	""	""	"vorratsdaten"	"vorratsdaten"	"vorratsdaten"	"vorratsdaten"	"vorratsdaten"	"bind"
wdn_000276_N	L931703	["L931703"]	["b88338cb9da3571c4c1587098475bf07ad8ee3c8756516b954bb773bce6da344"]	"Spitzenverdienerin"	invariant	no	wdn_000276_p005	invarN_two	P.invarN "Spitzenverdienerin" "Spitzenverdienerinnen" P.feminine	2	complete	exact_source_evidence	provisional	sampled	none_recorded	["L931703$15ECA228-91E0-431C-871A-AE29B1B58D19"]	{"s_pl_acc":["L931703-F8"],"s_pl_dat":["L931703-F7"],"s_pl_gen":["L931703-F6"],"s_pl_nom":["L931703-F5"],"s_sg_acc":["L931703-F4"],"s_sg_dat":["L931703-F3"],"s_sg_gen":["L931703-F2"],"s_sg_nom":["L931703-F1"]}	[]	{"co":"provisional_inference","csep":"provisional_inference","gender":"source_exact","s_pl_acc":"source_exact","s_pl_dat":"source_exact","s_pl_gen":"source_exact","s_pl_nom":"source_exact","s_sg_acc":"source_exact","s_sg_dat":"source_exact","s_sg_gen":"source_exact","s_sg_nom":"source_exact","uncap_co":"reviewed_inference","uncap_s_pl_acc":"reviewed_inference","uncap_s_pl_dat":"reviewed_inference","uncap_s_pl_gen":"reviewed_inference","uncap_s_pl_nom":"reviewed_inference","uncap_s_sg_acc":"reviewed_inference","uncap_s_sg_dat":"reviewed_inference","uncap_s_sg_gen":"reviewed_inference","uncap_s_sg_nom":"reviewed_inference"}	yes	5a7c540161fea1bf906d61f10da36e8675fd8cfe4391fe62eb31b79dbe90eedb	537756d1f474dff804f2564fc787e3f6777d12b4b73dd31811dcf66f04d6bea4	"Spitzenverdienerin"	"Spitzenverdienerin"	"Spitzenverdienerin"	"Spitzenverdienerin"	"Spitzenverdienerinnen"	"Spitzenverdienerinnen"	"Spitzenverdienerinnen"	"Spitzenverdienerinnen"	"feminine"	"Spitzenverdienerin"	"spitzenverdienerin"	"spitzenverdienerin"	"spitzenverdienerin"	"spitzenverdienerin"	"spitzenverdienerinnen"	"spitzenverdienerinnen"	"spitzenverdienerinnen"	"spitzenverdienerinnen"	"spitzenverdienerin"	"bind"
wdn_000279_N	L932990	["L932990"]	["7532d9bb4aab875e91317d7683b9bc30d79ea7d789378677714019ff51510050"]	"Höchstpunktzahl"	partial_evidence	no	wdn_000279_p002	mkN_lemma_gender	P.mkN "Höchstpunktzahl" P.feminine	1	none	compatible_with_inference	provisional	sampled	none_recorded	["L932990$5ABFF9F8-6178-4FA7-BF93-F763569CD162"]	{}	[]	{"co":"provisional_inference","csep":"provisional_inference","gender":"source_exact","s_pl_acc":"provisional_inference","s_pl_dat":"provisional_inference","s_pl_gen":"provisional_inference","s_pl_nom":"provisional_inference","s_sg_acc":"provisional_inference","s_sg_dat":"provisional_inference","s_sg_gen":"provisional_inference","s_sg_nom":"provisional_inference","uncap_co":"reviewed_inference","uncap_s_pl_acc":"reviewed_inference","uncap_s_pl_dat":"reviewed_inference","uncap_s_pl_gen":"reviewed_inference","uncap_s_pl_nom":"reviewed_inference","uncap_s_sg_acc":"reviewed_inference","uncap_s_sg_dat":"reviewed_inference","uncap_s_sg_gen":"reviewed_inference","uncap_s_sg_nom":"reviewed_inference"}	yes	271a65ddb8ca902ca100a6551d42488cecddef6818e9fd0b897ee1338dd99f5a	537756d1f474dff804f2564fc787e3f6777d12b4b73dd31811dcf66f04d6bea4	"Höchstpunktzahl"	"Höchstpunktzahl"	"Höchstpunktzahl"	"Höchstpunktzahl"	"Höchstpunktzahlen"	"Höchstpunktzahlen"	"Höchstpunktzahlen"	"Höchstpunktzahlen"	"feminine"	"Höchstpunktzahl"	"höchstpunktzahl"	"höchstpunktzahl"	"höchstpunktzahl"	"höchstpunktzahl"	"höchstpunktzahlen"	"höchstpunktzahlen"	"höchstpunktzahlen"	"höchstpunktzahlen"	"höchstpunktzahl"	"bind"
wdn_000280_N	L932997	["L932997"]	["c41ba291cd2aa7dfc58393a7da002a25a6e2606200cb246dccc3c69b87e697ff"]	"Ladeschütze"	irregular_full	no	wdn_000280_p002	mkN_lemma_gender	P.mkN "Ladeschütze" P.masculine	1	complete	exact_source_evidence	provisional	sampled	none_recorded	["L932997$9FB43740-F29A-471E-90A9-F7082D3F6D63"]	{"s_pl_acc":["L932997-F8"],"s_pl_dat":["L932997-F6"],"s_pl_gen":["L932997-F4"],"s_pl_nom":["L932997-F2"],"s_sg_acc":["L932997-F7"],"s_sg_dat":["L932997-F5"],"s_sg_gen":["L932997-F3"],"s_sg_nom":["L932997-F1"]}	[]	{"co":"provisional_inference","csep":"provisional_inference","gender":"source_exact","s_pl_acc":"source_exact","s_pl_dat":"source_exact","s_pl_gen":"source_exact","s_pl_nom":"source_exact","s_sg_acc":"source_exact","s_sg_dat":"source_exact","s_sg_gen":"source_exact","s_sg_nom":"source_exact","uncap_co":"reviewed_inference","uncap_s_pl_acc":"reviewed_inference","uncap_s_pl_dat":"reviewed_inference","uncap_s_pl_gen":"reviewed_inference","uncap_s_pl_nom":"reviewed_inference","uncap_s_sg_acc":"reviewed_inference","uncap_s_sg_dat":"reviewed_inference","uncap_s_sg_gen":"reviewed_inference","uncap_s_sg_nom":"reviewed_inference"}	yes	1287af8cb11d9ed878105b50eec96c79d1125c5e3e66aaca7163183dcb2e0494	537756d1f474dff804f2564fc787e3f6777d12b4b73dd31811dcf66f04d6bea4	"Ladeschütze"	"Ladeschützen"	"Ladeschützen"	"Ladeschützen"	"Ladeschützen"	"Ladeschützen"	"Ladeschützen"	"Ladeschützen"	"masculine"	"Ladeschützen"	"ladeschütze"	"ladeschützen"	"ladeschützen"	"ladeschützen"	"ladeschützen"	"ladeschützen"	"ladeschützen"	"ladeschützen"	"ladeschützen"	"bind"
wdn_000282_N	L933923	["L933923"]	["445e8721ddcbaf70285c4d6f2913a69f56196b6dbd165aa393159fa3bb8f6b8f"]	"SBZ"	abbreviation	no	wdn_000282_p002	abbrevN+mkN_lemma_gender	P.abbrevN (P.mkN "SBZ" P.feminine)	1	partial	compatible_with_inference	provisional	sampled	none_recorded	["L933923$F0203E49-E684-4B81-B0CE-EF6F68FD7DD8"]	{"s_sg_acc":["L933923-F4"],"s_sg_dat":["L933923-F3"],"s_sg_gen":["L933923-F2"],"s_sg_nom":["L933923-F1"]}	[]	{"co":"provisional_inference","csep":"reviewed_inference","gender":"source_exact","s_pl_acc":"provisional_inference","s_pl_dat":"provisional_inference","s_pl_gen":"provisional_inference","s_pl_nom":"provisional_inference","s_sg_acc":"source_exact","s_sg_dat":"source_exact","s_sg_gen":"source_exact","s_sg_nom":"source_exact","uncap_co":"reviewed_inference","uncap_s_pl_acc":"reviewed_inference","uncap_s_pl_dat":"reviewed_inference","uncap_s_pl_gen":"reviewed_inference","uncap_s_pl_nom":"reviewed_inference","uncap_s_sg_acc":"reviewed_inference","uncap_s_sg_dat":"reviewed_inference","uncap_s_sg_gen":"reviewed_inference","uncap_s_sg_nom":"reviewed_inference"}	yes	b3d6e987669b3758a60f1562d346dae2a2cb48f3ef86abf36105ac578522ddd6	537756d1f474dff804f2564fc787e3f6777d12b4b73dd31811dcf66f04d6bea4	"SBZ"	"SBZ"	"SBZ"	"SBZ"	"SBZen"	"SBZen"	"SBZen"	"SBZen"	"feminine"	"SBZ"	"SBZ"	"SBZ"	"SBZ"	"SBZ"	"SBZen"	"SBZen"	"SBZen"	"SBZen"	"SBZ"	"hyphen"
wdn_000284_N	L934621	["L934621"]	["279310ed92280f20edbfa8ed422b4e4cf02e77e2261cfdefff1fe91f7c9f52a6"]	"Wahlregister"	regular_neuter	no	wdn_000284_p002	mkN_lemma_gender	P.mkN "Wahlregister" P.neuter	1	complete	exact_source_evidence	provisional	sampled	none_recorded	["L934621$05D2BA5E-2D28-4CEE-A3CF-9111735476AD"]	{"s_pl_acc":["L934621-F8"],"s_pl_dat":["L934621-F7"],"s_pl_gen":["L934621-F6"],"s_pl_nom":["L934621-F5"],"s_sg_acc":["L934621-F4"],"s_sg_dat":["L934621-F3"],"s_sg_gen":["L934621-F2"],"s_sg_nom":["L934621-F1"]}	[]	{"co":"provisional_inference","csep":"provisional_inference","gender":"source_exact","s_pl_acc":"source_exact","s_pl_dat":"source_exact","s_pl_gen":"source_exact","s_pl_nom":"source_exact","s_sg_acc":"source_exact","s_sg_dat":"source_exact","s_sg_gen":"source_exact","s_sg_nom":"source_exact","uncap_co":"reviewed_inference","uncap_s_pl_acc":"reviewed_inference","uncap_s_pl_dat":"reviewed_inference","uncap_s_pl_gen":"reviewed_inference","uncap_s_pl_nom":"reviewed_inference","uncap_s_sg_acc":"reviewed_inference","uncap_s_sg_dat":"reviewed_inference","uncap_s_sg_gen":"reviewed_inference","uncap_s_sg_nom":"reviewed_inference"}	yes	d8604a4bbe01a27bec0c402fb305463cf29b47f7ecbfd15b2310a7c326d2dfcc	537756d1f474dff804f2564fc787e3f6777d12b4b73dd31811dcf66f04d6bea4	"Wahlregister"	"Wahlregister"	"Wahlregister"	"Wahlregisters"	"Wahlregister"	"Wahlregister"	"Wahlregistern"	"Wahlregister"	"neuter"	"Wahlregister"	"wahlregister"	"wahlregister"	"wahlregister"	"wahlregisters"	"wahlregister"	"wahlregister"	"wahlregistern"	"wahlregister"	"wahlregister"	"bind"
wdn_000285_N	L934760	["L934760"]	["4c972270253561f45336f1751632975df650ad5f38a39ed0487bd41a3d4ebf53"]	"Non-Profit-Organisation"	hyphenated	no	wdn_000285_p001	mkN_lemma	P.mkN "Non-Profit-Organisation"	1	complete	exact_source_evidence	provisional	sampled	none_recorded	["L934760$D2939E6C-32EB-4EB6-9510-39A1796C45FE"]	{"s_pl_acc":["L934760-F8"],"s_pl_dat":["L934760-F7"],"s_pl_gen":["L934760-F6"],"s_pl_nom":["L934760-F5"],"s_sg_acc":["L934760-F4"],"s_sg_dat":["L934760-F3"],"s_sg_gen":["L934760-F2"],"s_sg_nom":["L934760-F1"]}	[]	{"co":"provisional_inference","csep":"reviewed_inference","gender":"source_exact","s_pl_acc":"source_exact","s_pl_dat":"source_exact","s_pl_gen":"source_exact","s_pl_nom":"source_exact","s_sg_acc":"source_exact","s_sg_dat":"source_exact","s_sg_gen":"source_exact","s_sg_nom":"source_exact","uncap_co":"reviewed_inference","uncap_s_pl_acc":"reviewed_inference","uncap_s_pl_dat":"reviewed_inference","uncap_s_pl_gen":"reviewed_inference","uncap_s_pl_nom":"reviewed_inference","uncap_s_sg_acc":"reviewed_inference","uncap_s_sg_dat":"reviewed_inference","uncap_s_sg_gen":"reviewed_inference","uncap_s_sg_nom":"reviewed_inference"}	yes	56de810fb4730aa4ca2158945ae17ed5609a7eb4c6bb05fc59abbd3b179a59e0	537756d1f474dff804f2564fc787e3f6777d12b4b73dd31811dcf66f04d6bea4	"Non-Profit-Organisation"	"Non-Profit-Organisation"	"Non-Profit-Organisation"	"Non-Profit-Organisation"	"Non-Profit-Organisationen"	"Non-Profit-Organisationen"	"Non-Profit-Organisationen"	"Non-Profit-Organisationen"	"feminine"	"Non-Profit-Organisation"	"Non-Profit-Organisation"	"Non-Profit-Organisation"	"Non-Profit-Organisation"	"Non-Profit-Organisation"	"Non-Profit-Organisationen"	"Non-Profit-Organisationen"	"Non-Profit-Organisationen"	"Non-Profit-Organisationen"	"Non-Profit-Organisation"	"hyphen"
wdn_000286_N	L935604	["L935604"]	["913139c6b94efded8cfcedbad93202accfb99c6431c25e84c4108f4469e964b0"]	"IBAN"	abbreviation	no	wdn_000286_p005	abbrevN+invarN_two	P.abbrevN (P.invarN "IBAN" "IBANs" P.feminine)	2	complete	exact_source_evidence	provisional	sampled	none_recorded	["L935604$D0529D99-FDFE-4C27-B003-D3034AAC183E"]	{"s_pl_acc":["L935604-F8"],"s_pl_dat":["L935604-F7"],"s_pl_gen":["L935604-F6"],"s_pl_nom":["L935604-F5"],"s_sg_acc":["L935604-F4"],"s_sg_dat":["L935604-F3"],"s_sg_gen":["L935604-F2"],"s_sg_nom":["L935604-F1"]}	[]	{"co":"provisional_inference","csep":"reviewed_inference","gender":"source_exact","s_pl_acc":"source_exact","s_pl_dat":"source_exact","s_pl_gen":"source_exact","s_pl_nom":"source_exact","s_sg_acc":"source_exact","s_sg_dat":"source_exact","s_sg_gen":"source_exact","s_sg_nom":"source_exact","uncap_co":"reviewed_inference","uncap_s_pl_acc":"reviewed_inference","uncap_s_pl_dat":"reviewed_inference","uncap_s_pl_gen":"reviewed_inference","uncap_s_pl_nom":"reviewed_inference","uncap_s_sg_acc":"reviewed_inference","uncap_s_sg_dat":"reviewed_inference","uncap_s_sg_gen":"reviewed_inference","uncap_s_sg_nom":"reviewed_inference"}	yes	6f22c960ba782591ff0e4aa95e1b637cd115de66c9d4343cc5456186b76c8de8	537756d1f474dff804f2564fc787e3f6777d12b4b73dd31811dcf66f04d6bea4	"IBAN"	"IBAN"	"IBAN"	"IBAN"	"IBANs"	"IBANs"	"IBANs"	"IBANs"	"feminine"	"IBAN"	"IBAN"	"IBAN"	"IBAN"	"IBAN"	"IBANs"	"IBANs"	"IBANs"	"IBANs"	"IBAN"	"hyphen"
wdn_000287_N	L935631	["L935631"]	["1ac6b92290d422d119889444e47a447f9117c38acd4fb11f5172ff45dd9fcd8b"]	"Smartglasses"	plural_only	no	wdn_000287_p001	pluralOnlyN	P.pluralOnlyN "Smartglasses"	1	complete	compatible_with_inference	provisional	sampled	none_recorded	["L935631$ECEADFB6-EA98-49A6-9473-0303F79F3420"]	{"s_pl_acc":["L935631-F4"],"s_pl_dat":["L935631-F3"],"s_pl_gen":["L935631-F2"],"s_pl_nom":["L935631-F1"]}	[]	{"co":"provisional_inference","csep":"provisional_inference","gender":"provisional_inference","s_pl_acc":"source_exact","s_pl_dat":"source_exact","s_pl_gen":"source_exact","s_pl_nom":"source_exact","s_sg_acc":"unavailable","s_sg_dat":"unavailable","s_sg_gen":"unavailable","s_sg_nom":"unavailable","uncap_co":"reviewed_inference","uncap_s_pl_acc":"reviewed_inference","uncap_s_pl_dat":"reviewed_inference","uncap_s_pl_gen":"reviewed_inference","uncap_s_pl_nom":"reviewed_inference","uncap_s_sg_acc":"unavailable","uncap_s_sg_dat":"unavailable","uncap_s_sg_gen":"unavailable","uncap_s_sg_nom":"unavailable"}	yes	9792cdc256c3ee486a1e7463ae966ccde0be8ab709749736a2e8a8e8f99aa6f8	537756d1f474dff804f2564fc787e3f6777d12b4b73dd31811dcf66f04d6bea4	""	""	""	""	"Smartglasses"	"Smartglasses"	"Smartglasses"	"Smartglasses"	"masculine"	"Smartglasses"	""	""	""	""	"smartglasses"	"smartglasses"	"smartglasses"	"smartglasses"	"smartglasses"	"bind"
wdn_000288_N	L936931	["L936931"]	["162fe33d01eecbad4b95ec7c736cb32806a9a5b804d6e94552f4a78045f27f4e"]	"Lesepate"	irregular_full	no	wdn_000288_p002	mkN_lemma_gender	P.mkN "Lesepate" P.masculine	1	complete	exact_source_evidence	provisional	sampled	none_recorded	["L936931$D787067A-3079-4C41-A054-760FA8545940"]	{"s_pl_acc":["L936931-F8"],"s_pl_dat":["L936931-F7"],"s_pl_gen":["L936931-F6"],"s_pl_nom":["L936931-F5"],"s_sg_acc":["L936931-F4"],"s_sg_dat":["L936931-F3"],"s_sg_gen":["L936931-F2"],"s_sg_nom":["L936931-F1"]}	[]	{"co":"provisional_inference","csep":"provisional_inference","gender":"source_exact","s_pl_acc":"source_exact","s_pl_dat":"source_exact","s_pl_gen":"source_exact","s_pl_nom":"source_exact","s_sg_acc":"source_exact","s_sg_dat":"source_exact","s_sg_gen":"source_exact","s_sg_nom":"source_exact","uncap_co":"reviewed_inference","uncap_s_pl_acc":"reviewed_inference","uncap_s_pl_dat":"reviewed_inference","uncap_s_pl_gen":"reviewed_inference","uncap_s_pl_nom":"reviewed_inference","uncap_s_sg_acc":"reviewed_inference","uncap_s_sg_dat":"reviewed_inference","uncap_s_sg_gen":"reviewed_inference","uncap_s_sg_nom":"reviewed_inference"}	yes	0d18d20ac7b0a12279c5c1558a5f4cf41b06fe89083dd8469585cd6fc4728a2d	537756d1f474dff804f2564fc787e3f6777d12b4b73dd31811dcf66f04d6bea4	"Lesepate"	"Lesepaten"	"Lesepaten"	"Lesepaten"	"Lesepaten"	"Lesepaten"	"Lesepaten"	"Lesepaten"	"masculine"	"Lesepaten"	"lesepate"	"lesepaten"	"lesepaten"	"lesepaten"	"lesepaten"	"lesepaten"	"lesepaten"	"lesepaten"	"lesepaten"	"bind"
wdn_000289_N	L937570	["L937570"]	["520571f8b273860a97bb1da8fa4cab8ed735c04c03510fa8b10ed5b20c746706"]	"Tortenwerfer"	regular_masculine	no	wdn_000289_p001	mkN_lemma	P.mkN "Tortenwerfer"	1	complete	exact_source_evidence	provisional	sampled	none_recorded	["L937570$8EB3CFBC-C42A-44D8-9B61-AA4EB191FB20"]	{"s_pl_acc":["L937570-F8"],"s_pl_dat":["L937570-F7"],"s_pl_gen":["L937570-F6"],"s_pl_nom":["L937570-F5"],"s_sg_acc":["L937570-F4"],"s_sg_dat":["L937570-F3"],"s_sg_gen":["L937570-F2"],"s_sg_nom":["L937570-F1"]}	[]	{"co":"provisional_inference","csep":"provisional_inference","gender":"source_exact","s_pl_acc":"source_exact","s_pl_dat":"source_exact","s_pl_gen":"source_exact","s_pl_nom":"source_exact","s_sg_acc":"source_exact","s_sg_dat":"source_exact","s_sg_gen":"source_exact","s_sg_nom":"source_exact","uncap_co":"reviewed_inference","uncap_s_pl_acc":"reviewed_inference","uncap_s_pl_dat":"reviewed_inference","uncap_s_pl_gen":"reviewed_inference","uncap_s_pl_nom":"reviewed_inference","uncap_s_sg_acc":"reviewed_inference","uncap_s_sg_dat":"reviewed_inference","uncap_s_sg_gen":"reviewed_inference","uncap_s_sg_nom":"reviewed_inference"}	yes	61a539456e4507e5ffe053125b4b55e70c3d6b37b636da7345e7a2b92c8e6521	537756d1f474dff804f2564fc787e3f6777d12b4b73dd31811dcf66f04d6bea4	"Tortenwerfer"	"Tortenwerfer"	"Tortenwerfer"	"Tortenwerfers"	"Tortenwerfer"	"Tortenwerfer"	"Tortenwerfern"	"Tortenwerfer"	"masculine"	"Tortenwerfer"	"tortenwerfer"	"tortenwerfer"	"tortenwerfer"	"tortenwerfers"	"tortenwerfer"	"tortenwerfer"	"tortenwerfern"	"tortenwerfer"	"tortenwerfer"	"bind"
wdn_000290_N	L938031	["L938031"]	["75efd86295e575cd7f4423236d0ee26941a628ac3ead9b19cb99b11dfc8764cf"]	"Botnetz"	regular_neuter	no	wdn_000290_p007	mkN_two	P.mkN "Botnetz" "Botnetze" P.neuter	2	complete	exact_source_evidence	provisional	sampled	none_recorded	["L938031$2D793B5D-3159-4341-A64B-FA08693FD97B"]	{"s_pl_acc":["L938031-F8"],"s_pl_dat":["L938031-F7"],"s_pl_gen":["L938031-F6"],"s_pl_nom":["L938031-F5"],"s_sg_acc":["L938031-F4"],"s_sg_dat":["L938031-F3"],"s_sg_gen":["L938031-F2"],"s_sg_nom":["L938031-F1"]}	[]	{"co":"provisional_inference","csep":"provisional_inference","gender":"source_exact","s_pl_acc":"source_exact","s_pl_dat":"source_exact","s_pl_gen":"source_exact","s_pl_nom":"source_exact","s_sg_acc":"source_exact","s_sg_dat":"source_exact","s_sg_gen":"source_exact","s_sg_nom":"source_exact","uncap_co":"reviewed_inference","uncap_s_pl_acc":"reviewed_inference","uncap_s_pl_dat":"reviewed_inference","uncap_s_pl_gen":"reviewed_inference","uncap_s_pl_nom":"reviewed_inference","uncap_s_sg_acc":"reviewed_inference","uncap_s_sg_dat":"reviewed_inference","uncap_s_sg_gen":"reviewed_inference","uncap_s_sg_nom":"reviewed_inference"}	yes	8d6b80e59341f9ab24e51184cf2b72f218fee3149989d79caa277aa9226e40a9	537756d1f474dff804f2564fc787e3f6777d12b4b73dd31811dcf66f04d6bea4	"Botnetz"	"Botnetz"	"Botnetz"	"Botnetzes"	"Botnetze"	"Botnetze"	"Botnetzen"	"Botnetze"	"neuter"	"Botnetz"	"botnetz"	"botnetz"	"botnetz"	"botnetzes"	"botnetze"	"botnetze"	"botnetzen"	"botnetze"	"botnetz"	"bind"
wdn_000291_N	L938610	["L938610"]	["97031fa0fd5cea7f9a31a0ddd9a73c2f7725fbe4a9df19f9a1a896f503db7532"]	"Tanztrainer"	regular_masculine	no	wdn_000291_p001	mkN_lemma	P.mkN "Tanztrainer"	1	complete	exact_source_evidence	provisional	sampled	none_recorded	["L938610$FB6F8B83-B480-40BB-B5BE-C9466C15285E"]	{"s_pl_acc":["L938610-F8"],"s_pl_dat":["L938610-F7"],"s_pl_gen":["L938610-F6"],"s_pl_nom":["L938610-F5"],"s_sg_acc":["L938610-F4"],"s_sg_dat":["L938610-F3"],"s_sg_gen":["L938610-F2"],"s_sg_nom":["L938610-F1"]}	[]	{"co":"provisional_inference","csep":"provisional_inference","gender":"source_exact","s_pl_acc":"source_exact","s_pl_dat":"source_exact","s_pl_gen":"source_exact","s_pl_nom":"source_exact","s_sg_acc":"source_exact","s_sg_dat":"source_exact","s_sg_gen":"source_exact","s_sg_nom":"source_exact","uncap_co":"reviewed_inference","uncap_s_pl_acc":"reviewed_inference","uncap_s_pl_dat":"reviewed_inference","uncap_s_pl_gen":"reviewed_inference","uncap_s_pl_nom":"reviewed_inference","uncap_s_sg_acc":"reviewed_inference","uncap_s_sg_dat":"reviewed_inference","uncap_s_sg_gen":"reviewed_inference","uncap_s_sg_nom":"reviewed_inference"}	yes	3c0422fc109437652072a16eb286771662a685250b304056e9d763d9761efd22	537756d1f474dff804f2564fc787e3f6777d12b4b73dd31811dcf66f04d6bea4	"Tanztrainer"	"Tanztrainer"	"Tanztrainer"	"Tanztrainers"	"Tanztrainer"	"Tanztrainer"	"Tanztrainern"	"Tanztrainer"	"masculine"	"Tanztrainer"	"tanztrainer"	"tanztrainer"	"tanztrainer"	"tanztrainers"	"tanztrainer"	"tanztrainer"	"tanztrainern"	"tanztrainer"	"tanztrainer"	"bind"
wdn_000292_N	L939416	["L939416"]	["3b36d88c2d361d459c8f2b5f0b3f8c04b3aea4dcf0ffdb58ed7623ffeab692b4"]	"Lizenzproblem"	regular_neuter	no	wdn_000292_p007	mkN_two	P.mkN "Lizenzproblem" "Lizenzprobleme" P.neuter	2	complete	exact_source_evidence	provisional	sampled	none_recorded	["L939416$41BC340D-E286-44AE-BA48-332D6D65760F"]	{"s_pl_acc":["L939416-F8"],"s_pl_dat":["L939416-F7"],"s_pl_gen":["L939416-F6"],"s_pl_nom":["L939416-F5"],"s_sg_acc":["L939416-F4"],"s_sg_dat":["L939416-F3"],"s_sg_gen":["L939416-F2"],"s_sg_nom":["L939416-F1"]}	[]	{"co":"provisional_inference","csep":"provisional_inference","gender":"source_exact","s_pl_acc":"source_exact","s_pl_dat":"source_exact","s_pl_gen":"source_exact","s_pl_nom":"source_exact","s_sg_acc":"source_exact","s_sg_dat":"source_exact","s_sg_gen":"source_exact","s_sg_nom":"source_exact","uncap_co":"reviewed_inference","uncap_s_pl_acc":"reviewed_inference","uncap_s_pl_dat":"reviewed_inference","uncap_s_pl_gen":"reviewed_inference","uncap_s_pl_nom":"reviewed_inference","uncap_s_sg_acc":"reviewed_inference","uncap_s_sg_dat":"reviewed_inference","uncap_s_sg_gen":"reviewed_inference","uncap_s_sg_nom":"reviewed_inference"}	yes	254d64fc42b0d36913efa5104038563d7b3b65daad79ffd42e5144f7da6e76e2	537756d1f474dff804f2564fc787e3f6777d12b4b73dd31811dcf66f04d6bea4	"Lizenzproblem"	"Lizenzproblem"	"Lizenzproblem"	"Lizenzproblems"	"Lizenzprobleme"	"Lizenzprobleme"	"Lizenzproblemen"	"Lizenzprobleme"	"neuter"	"Lizenzproblem"	"lizenzproblem"	"lizenzproblem"	"lizenzproblem"	"lizenzproblems"	"lizenzprobleme"	"lizenzprobleme"	"lizenzproblemen"	"lizenzprobleme"	"lizenzproblem"	"bind"
wdn_000293_N	L939675	["L939675"]	["3e15b183627a7824720079ca18caa8787447f8474cce19dd63fcdeb1564c4fb9"]	"Rußausstoß"	regular_masculine	no	wdn_000293_p007	mkN_two	P.mkN "Rußausstoß" "Rußausstöße" P.masculine	2	complete	exact_source_evidence	provisional	sampled	none_recorded	["L939675$2C97DF8A-9E7D-436D-BCE1-18BF7A4ADA84"]	{"s_pl_acc":["L939675-F8"],"s_pl_dat":["L939675-F7"],"s_pl_gen":["L939675-F6"],"s_pl_nom":["L939675-F5"],"s_sg_acc":["L939675-F4"],"s_sg_dat":["L939675-F3"],"s_sg_gen":["L939675-F2"],"s_sg_nom":["L939675-F1"]}	[]	{"co":"provisional_inference","csep":"provisional_inference","gender":"source_exact","s_pl_acc":"source_exact","s_pl_dat":"source_exact","s_pl_gen":"source_exact","s_pl_nom":"source_exact","s_sg_acc":"source_exact","s_sg_dat":"source_exact","s_sg_gen":"source_exact","s_sg_nom":"source_exact","uncap_co":"reviewed_inference","uncap_s_pl_acc":"reviewed_inference","uncap_s_pl_dat":"reviewed_inference","uncap_s_pl_gen":"reviewed_inference","uncap_s_pl_nom":"reviewed_inference","uncap_s_sg_acc":"reviewed_inference","uncap_s_sg_dat":"reviewed_inference","uncap_s_sg_gen":"reviewed_inference","uncap_s_sg_nom":"reviewed_inference"}	yes	dbe0613d2c76c63178e4483ea8f1c9df74e8b2aba9dc8490e7f505b6cd07c038	537756d1f474dff804f2564fc787e3f6777d12b4b73dd31811dcf66f04d6bea4	"Rußausstoß"	"Rußausstoß"	"Rußausstoß"	"Rußausstoßes"	"Rußausstöße"	"Rußausstöße"	"Rußausstößen"	"Rußausstöße"	"masculine"	"Rußausstoß"	"rußausstoß"	"rußausstoß"	"rußausstoß"	"rußausstoßes"	"rußausstöße"	"rußausstöße"	"rußausstößen"	"rußausstöße"	"rußausstoß"	"bind"
wdn_000295_N	L1422854	["L1422854"]	["067fe1108b46006634ba3efe8918ee126d05219668ef6024150b0c6cbc312ef4"]	"AIDS"	abbreviation	no	wdn_000295_p003	abbrevN+invarN_one	P.abbrevN (P.invarN "AIDS" P.neuter)	1	partial	compatible_with_inference	provisional	sampled	none_recorded	["L1422854$ABF0D0EA-7634-4B43-AE17-49BA765EA302"]	{"s_sg_acc":["L1422854-F4"],"s_sg_dat":["L1422854-F3"],"s_sg_gen":["L1422854-F2"],"s_sg_nom":["L1422854-F1"]}	[]	{"co":"provisional_inference","csep":"reviewed_inference","gender":"source_exact","s_pl_acc":"provisional_inference","s_pl_dat":"provisional_inference","s_pl_gen":"provisional_inference","s_pl_nom":"provisional_inference","s_sg_acc":"source_exact","s_sg_dat":"source_exact","s_sg_gen":"source_exact","s_sg_nom":"source_exact","uncap_co":"reviewed_inference","uncap_s_pl_acc":"reviewed_inference","uncap_s_pl_dat":"reviewed_inference","uncap_s_pl_gen":"reviewed_inference","uncap_s_pl_nom":"reviewed_inference","uncap_s_sg_acc":"reviewed_inference","uncap_s_sg_dat":"reviewed_inference","uncap_s_sg_gen":"reviewed_inference","uncap_s_sg_nom":"reviewed_inference"}	yes	766a2ef5549bd6ac2410a371494931f5389d485e248743290c5f5e7b7fc94373	537756d1f474dff804f2564fc787e3f6777d12b4b73dd31811dcf66f04d6bea4	"AIDS"	"AIDS"	"AIDS"	"AIDS"	"AIDS"	"AIDS"	"AIDS"	"AIDS"	"neuter"	"AIDS"	"AIDS"	"AIDS"	"AIDS"	"AIDS"	"AIDS"	"AIDS"	"AIDS"	"AIDS"	"AIDS"	"hyphen"
wdn_000296_N	L1422857	["L1422857"]	["4c31b16c531cb6cce23dc1da96d587896da660d423f0f586dcabc867b625d9b3"]	"ARGE"	abbreviation	no	wdn_000296_p005	abbrevN+invarN_two	P.abbrevN (P.invarN "ARGE" "ARGEn" P.feminine)	2	complete	exact_source_evidence	provisional	sampled	none_recorded	["L1422857$46BC5335-7091-419D-8114-F96D281976E7"]	{"s_pl_acc":["L1422857-F8"],"s_pl_dat":["L1422857-F7"],"s_pl_gen":["L1422857-F6"],"s_pl_nom":["L1422857-F5"],"s_sg_acc":["L1422857-F4"],"s_sg_dat":["L1422857-F3"],"s_sg_gen":["L1422857-F2"],"s_sg_nom":["L1422857-F1"]}	[]	{"co":"provisional_inference","csep":"reviewed_inference","gender":"source_exact","s_pl_acc":"source_exact","s_pl_dat":"source_exact","s_pl_gen":"source_exact","s_pl_nom":"source_exact","s_sg_acc":"source_exact","s_sg_dat":"source_exact","s_sg_gen":"source_exact","s_sg_nom":"source_exact","uncap_co":"reviewed_inference","uncap_s_pl_acc":"reviewed_inference","uncap_s_pl_dat":"reviewed_inference","uncap_s_pl_gen":"reviewed_inference","uncap_s_pl_nom":"reviewed_inference","uncap_s_sg_acc":"reviewed_inference","uncap_s_sg_dat":"reviewed_inference","uncap_s_sg_gen":"reviewed_inference","uncap_s_sg_nom":"reviewed_inference"}	yes	90d8b61aa5ace4949bdeb10986a43a4c2fc9a7d84acb1d6006de2662cd46a7e4	537756d1f474dff804f2564fc787e3f6777d12b4b73dd31811dcf66f04d6bea4	"ARGE"	"ARGE"	"ARGE"	"ARGE"	"ARGEn"	"ARGEn"	"ARGEn"	"ARGEn"	"feminine"	"ARGE"	"ARGE"	"ARGE"	"ARGE"	"ARGE"	"ARGEn"	"ARGEn"	"ARGEn"	"ARGEn"	"ARGE"	"hyphen"
wdn_000297_N	L1423094	["L1423094"]	["97fc46d66e69c34c27bd09282c266a9c93f8bf8f5d1f748404459ad01c4bd546"]	"Abschlussverfügung"	invariant	no	wdn_000297_p001	mkN_lemma	P.mkN "Abschlussverfügung"	1	complete	exact_source_evidence	provisional	sampled	none_recorded	["L1423094$24D4364B-604F-49A7-AFB9-396276D2BBA5"]	{"s_pl_acc":["L1423094-F8"],"s_pl_dat":["L1423094-F7"],"s_pl_gen":["L1423094-F6"],"s_pl_nom":["L1423094-F5"],"s_sg_acc":["L1423094-F4"],"s_sg_dat":["L1423094-F3"],"s_sg_gen":["L1423094-F2"],"s_sg_nom":["L1423094-F1"]}	[]	{"co":"provisional_inference","csep":"provisional_inference","gender":"source_exact","s_pl_acc":"source_exact","s_pl_dat":"source_exact","s_pl_gen":"source_exact","s_pl_nom":"source_exact","s_sg_acc":"source_exact","s_sg_dat":"source_exact","s_sg_gen":"source_exact","s_sg_nom":"source_exact","uncap_co":"reviewed_inference","uncap_s_pl_acc":"reviewed_inference","uncap_s_pl_dat":"reviewed_inference","uncap_s_pl_gen":"reviewed_inference","uncap_s_pl_nom":"reviewed_inference","uncap_s_sg_acc":"reviewed_inference","uncap_s_sg_dat":"reviewed_inference","uncap_s_sg_gen":"reviewed_inference","uncap_s_sg_nom":"reviewed_inference"}	yes	9e5d01b2d1555bdbdf5b4849eac9f43c040a170d38ee810bf2f70b393eba3be9	537756d1f474dff804f2564fc787e3f6777d12b4b73dd31811dcf66f04d6bea4	"Abschlussverfügung"	"Abschlussverfügung"	"Abschlussverfügung"	"Abschlussverfügung"	"Abschlussverfügungen"	"Abschlussverfügungen"	"Abschlussverfügungen"	"Abschlussverfügungen"	"feminine"	"Abschlussverfügungs"	"abschlussverfügung"	"abschlussverfügung"	"abschlussverfügung"	"abschlussverfügung"	"abschlussverfügungen"	"abschlussverfügungen"	"abschlussverfügungen"	"abschlussverfügungen"	"abschlussverfügungs"	"bind"
wdn_000298_N	L1423908	["L1423908"]	["01bcbaf3dbe19fada08327810c584bc2d4960f6aea413beeea421dafdb8eff49"]	"Assistenzeinsatz"	regular_masculine	no	wdn_000298_p007	mkN_two	P.mkN "Assistenzeinsatz" "Assistenzeinsätze" P.masculine	2	complete	exact_source_evidence	provisional	sampled	none_recorded	["L1423908$A24C5394-B0C7-4676-9F02-231077529501"]	{"s_pl_acc":["L1423908-F8"],"s_pl_dat":["L1423908-F7"],"s_pl_gen":["L1423908-F6"],"s_pl_nom":["L1423908-F5"],"s_sg_acc":["L1423908-F4"],"s_sg_dat":["L1423908-F3"],"s_sg_gen":["L1423908-F2"],"s_sg_nom":["L1423908-F1"]}	[]	{"co":"provisional_inference","csep":"provisional_inference","gender":"source_exact","s_pl_acc":"source_exact","s_pl_dat":"source_exact","s_pl_gen":"source_exact","s_pl_nom":"source_exact","s_sg_acc":"source_exact","s_sg_dat":"source_exact","s_sg_gen":"source_exact","s_sg_nom":"source_exact","uncap_co":"reviewed_inference","uncap_s_pl_acc":"reviewed_inference","uncap_s_pl_dat":"reviewed_inference","uncap_s_pl_gen":"reviewed_inference","uncap_s_pl_nom":"reviewed_inference","uncap_s_sg_acc":"reviewed_inference","uncap_s_sg_dat":"reviewed_inference","uncap_s_sg_gen":"reviewed_inference","uncap_s_sg_nom":"reviewed_inference"}	yes	22c2b39df037c5e09b79725fa44db9c3dc5923bb566539acdfa481d04fdf7ca3	537756d1f474dff804f2564fc787e3f6777d12b4b73dd31811dcf66f04d6bea4	"Assistenzeinsatz"	"Assistenzeinsatz"	"Assistenzeinsatz"	"Assistenzeinsatzes"	"Assistenzeinsätze"	"Assistenzeinsätze"	"Assistenzeinsätzen"	"Assistenzeinsätze"	"masculine"	"Assistenzeinsatz"	"assistenzeinsatz"	"assistenzeinsatz"	"assistenzeinsatz"	"assistenzeinsatzes"	"assistenzeinsätze"	"assistenzeinsätze"	"assistenzeinsätzen"	"assistenzeinsätze"	"assistenzeinsatz"	"bind"
wdn_000299_N	L1423992	["L1423992"]	["7409cb5b9b7ff94f104ad9fe255bfcd5fbac38d82b497aed07fc56e0b53c3903"]	"Aufbahrungszimmer"	regular_neuter	no	wdn_000299_p002	mkN_lemma_gender	P.mkN "Aufbahrungszimmer" P.neuter	1	complete	exact_source_evidence	provisional	sampled	none_recorded	["L1423992$49024F73-FD36-4A84-BA68-8B9891A32B62"]	{"s_pl_acc":["L1423992-F8"],"s_pl_dat":["L1423992-F7"],"s_pl_gen":["L1423992-F6"],"s_pl_nom":["L1423992-F5"],"s_sg_acc":["L1423992-F4"],"s_sg_dat":["L1423992-F3"],"s_sg_gen":["L1423992-F2"],"s_sg_nom":["L1423992-F1"]}	[]	{"co":"provisional_inference","csep":"provisional_inference","gender":"source_exact","s_pl_acc":"source_exact","s_pl_dat":"source_exact","s_pl_gen":"source_exact","s_pl_nom":"source_exact","s_sg_acc":"source_exact","s_sg_dat":"source_exact","s_sg_gen":"source_exact","s_sg_nom":"source_exact","uncap_co":"reviewed_inference","uncap_s_pl_acc":"reviewed_inference","uncap_s_pl_dat":"reviewed_inference","uncap_s_pl_gen":"reviewed_inference","uncap_s_pl_nom":"reviewed_inference","uncap_s_sg_acc":"reviewed_inference","uncap_s_sg_dat":"reviewed_inference","uncap_s_sg_gen":"reviewed_inference","uncap_s_sg_nom":"reviewed_inference"}	yes	71dccaaf226b8ade0ce3fd23fe34998de132cfc890cb4c9c2f251757a5454d64	537756d1f474dff804f2564fc787e3f6777d12b4b73dd31811dcf66f04d6bea4	"Aufbahrungszimmer"	"Aufbahrungszimmer"	"Aufbahrungszimmer"	"Aufbahrungszimmers"	"Aufbahrungszimmer"	"Aufbahrungszimmer"	"Aufbahrungszimmern"	"Aufbahrungszimmer"	"neuter"	"Aufbahrungszimmer"	"aufbahrungszimmer"	"aufbahrungszimmer"	"aufbahrungszimmer"	"aufbahrungszimmers"	"aufbahrungszimmer"	"aufbahrungszimmer"	"aufbahrungszimmern"	"aufbahrungszimmer"	"aufbahrungszimmer"	"bind"
wdn_000300_N	L1424325	["L1424325"]	["3a74c67b02f296cfa2b89367db4699fd5acb07d987586447f26bb4a8589b45c4"]	"BKP"	abbreviation	no	wdn_000300_p002	abbrevN+mkN_lemma_gender	P.abbrevN (P.mkN "BKP" P.feminine)	1	partial	compatible_with_inference	provisional	sampled	none_recorded	["L1424325$2C944604-B4E5-4730-A47C-720DA7FAC2C0"]	{"s_sg_acc":["L1424325-F4"],"s_sg_dat":["L1424325-F3"],"s_sg_gen":["L1424325-F2"],"s_sg_nom":["L1424325-F1"]}	[]	{"co":"provisional_inference","csep":"reviewed_inference","gender":"source_exact","s_pl_acc":"provisional_inference","s_pl_dat":"provisional_inference","s_pl_gen":"provisional_inference","s_pl_nom":"provisional_inference","s_sg_acc":"source_exact","s_sg_dat":"source_exact","s_sg_gen":"source_exact","s_sg_nom":"source_exact","uncap_co":"reviewed_inference","uncap_s_pl_acc":"reviewed_inference","uncap_s_pl_dat":"reviewed_inference","uncap_s_pl_gen":"reviewed_inference","uncap_s_pl_nom":"reviewed_inference","uncap_s_sg_acc":"reviewed_inference","uncap_s_sg_dat":"reviewed_inference","uncap_s_sg_gen":"reviewed_inference","uncap_s_sg_nom":"reviewed_inference"}	yes	cae716567a9c2414fe0f4361e2579aac850a0cef779b44505cecc0f84ee7766d	537756d1f474dff804f2564fc787e3f6777d12b4b73dd31811dcf66f04d6bea4	"BKP"	"BKP"	"BKP"	"BKP"	"BKPen"	"BKPen"	"BKPen"	"BKPen"	"feminine"	"BKP"	"BKP"	"BKP"	"BKP"	"BKP"	"BKPen"	"BKPen"	"BKPen"	"BKPen"	"BKP"	"hyphen"
wdn_000301_N	L1424357	["L1424357"]	["d59a3e2cd2d97c21bd7ecd3c67fb30e4b988b5f42134ae26e84a1508e4d4fc44"]	"BSW"	abbreviation	no	wdn_000301_p003	abbrevN+invarN_one	P.abbrevN (P.invarN "BSW" P.neuter)	1	none	compatible_with_inference	provisional	sampled	none_recorded	["L1424357$82F20DE1-1C1E-433E-A89B-AF25D166C95C"]	{}	[]	{"co":"provisional_inference","csep":"reviewed_inference","gender":"source_exact","s_pl_acc":"provisional_inference","s_pl_dat":"provisional_inference","s_pl_gen":"provisional_inference","s_pl_nom":"provisional_inference","s_sg_acc":"provisional_inference","s_sg_dat":"provisional_inference","s_sg_gen":"provisional_inference","s_sg_nom":"provisional_inference","uncap_co":"reviewed_inference","uncap_s_pl_acc":"reviewed_inference","uncap_s_pl_dat":"reviewed_inference","uncap_s_pl_gen":"reviewed_inference","uncap_s_pl_nom":"reviewed_inference","uncap_s_sg_acc":"reviewed_inference","uncap_s_sg_dat":"reviewed_inference","uncap_s_sg_gen":"reviewed_inference","uncap_s_sg_nom":"reviewed_inference"}	yes	fc52832c2cea240d5b00fa258d774b4ddeac18b545e121aee6a7701cbcb6c2bd	537756d1f474dff804f2564fc787e3f6777d12b4b73dd31811dcf66f04d6bea4	"BSW"	"BSW"	"BSW"	"BSW"	"BSW"	"BSW"	"BSW"	"BSW"	"neuter"	"BSW"	"BSW"	"BSW"	"BSW"	"BSW"	"BSW"	"BSW"	"BSW"	"BSW"	"BSW"	"hyphen"
wdn_000302_N	L1425687	["L1425687"]	["2da9129f717ad5a4e06261c41934f3d86f8fe0f216f053da407c45efb9d2e658"]	"Bürostadt"	regular_feminine	no	wdn_000302_p007	mkN_two	P.mkN "Bürostadt" "Bürostädte" P.feminine	2	complete	exact_source_evidence	provisional	sampled	none_recorded	["L1425687$7D93B12B-ECF5-4E93-842E-C172C4723242"]	{"s_pl_acc":["L1425687-F8"],"s_pl_dat":["L1425687-F7"],"s_pl_gen":["L1425687-F6"],"s_pl_nom":["L1425687-F5"],"s_sg_acc":["L1425687-F4"],"s_sg_dat":["L1425687-F3"],"s_sg_gen":["L1425687-F2"],"s_sg_nom":["L1425687-F1"]}	[]	{"co":"provisional_inference","csep":"provisional_inference","gender":"source_exact","s_pl_acc":"source_exact","s_pl_dat":"source_exact","s_pl_gen":"source_exact","s_pl_nom":"source_exact","s_sg_acc":"source_exact","s_sg_dat":"source_exact","s_sg_gen":"source_exact","s_sg_nom":"source_exact","uncap_co":"reviewed_inference","uncap_s_pl_acc":"reviewed_inference","uncap_s_pl_dat":"reviewed_inference","uncap_s_pl_gen":"reviewed_inference","uncap_s_pl_nom":"reviewed_inference","uncap_s_sg_acc":"reviewed_inference","uncap_s_sg_dat":"reviewed_inference","uncap_s_sg_gen":"reviewed_inference","uncap_s_sg_nom":"reviewed_inference"}	yes	fe19ac7f8717ab7ce8d32a4bb9ffd69fe1aa7aa7c7e0aa30d46050d345e6197e	537756d1f474dff804f2564fc787e3f6777d12b4b73dd31811dcf66f04d6bea4	"Bürostadt"	"Bürostadt"	"Bürostadt"	"Bürostadt"	"Bürostädte"	"Bürostädte"	"Bürostädten"	"Bürostädte"	"feminine"	"Bürostadt"	"bürostadt"	"bürostadt"	"bürostadt"	"bürostadt"	"bürostädte"	"bürostädte"	"bürostädten"	"bürostädte"	"bürostadt"	"bind"
wdn_000303_N	L1425702	["L1425702"]	["fe12fa7319edca6a13074ca60f88c37b76a7ac50784ef6b8525b4adabe3c970b"]	"CNC"	abbreviation	no	wdn_000303_p002	abbrevN+mkN_lemma_gender	P.abbrevN (P.mkN "CNC" P.feminine)	1	partial	compatible_with_inference	provisional	sampled	none_recorded	["L1425702$4AC0D744-3839-40E0-97E6-6EFD622E9778"]	{"s_sg_acc":["L1425702-F4"],"s_sg_dat":["L1425702-F3"],"s_sg_gen":["L1425702-F2"],"s_sg_nom":["L1425702-F1"]}	[]	{"co":"provisional_inference","csep":"reviewed_inference","gender":"source_exact","s_pl_acc":"provisional_inference","s_pl_dat":"provisional_inference","s_pl_gen":"provisional_inference","s_pl_nom":"provisional_inference","s_sg_acc":"source_exact","s_sg_dat":"source_exact","s_sg_gen":"source_exact","s_sg_nom":"source_exact","uncap_co":"reviewed_inference","uncap_s_pl_acc":"reviewed_inference","uncap_s_pl_dat":"reviewed_inference","uncap_s_pl_gen":"reviewed_inference","uncap_s_pl_nom":"reviewed_inference","uncap_s_sg_acc":"reviewed_inference","uncap_s_sg_dat":"reviewed_inference","uncap_s_sg_gen":"reviewed_inference","uncap_s_sg_nom":"reviewed_inference"}	yes	9bd60e9f7f073e151f0fccd2c72c7756d7b280f740660a157814f767157d99fc	537756d1f474dff804f2564fc787e3f6777d12b4b73dd31811dcf66f04d6bea4	"CNC"	"CNC"	"CNC"	"CNC"	"CNCen"	"CNCen"	"CNCen"	"CNCen"	"feminine"	"CNC"	"CNC"	"CNC"	"CNC"	"CNC"	"CNCen"	"CNCen"	"CNCen"	"CNCen"	"CNC"	"hyphen"
wdn_000305_N	L1426764	["L1426764"]	["cf67cbf49685caaba1c7660b8c20a6a503907bfdf6f9c13880b970fd8c6d8a5f"]	"EG"	abbreviation	no	wdn_000305_p002	abbrevN+mkN_lemma_gender	P.abbrevN (P.mkN "EG" P.feminine)	1	partial	compatible_with_inference	provisional	sampled	none_recorded	["L1426764$2A7E325D-97E3-474B-ADA6-0207CC530B42"]	{"s_sg_acc":["L1426764-F4"],"s_sg_dat":["L1426764-F3"],"s_sg_gen":["L1426764-F2"],"s_sg_nom":["L1426764-F1"]}	[]	{"co":"provisional_inference","csep":"reviewed_inference","gender":"source_exact","s_pl_acc":"provisional_inference","s_pl_dat":"provisional_inference","s_pl_gen":"provisional_inference","s_pl_nom":"provisional_inference","s_sg_acc":"source_exact","s_sg_dat":"source_exact","s_sg_gen":"source_exact","s_sg_nom":"source_exact","uncap_co":"reviewed_inference","uncap_s_pl_acc":"reviewed_inference","uncap_s_pl_dat":"reviewed_inference","uncap_s_pl_gen":"reviewed_inference","uncap_s_pl_nom":"reviewed_inference","uncap_s_sg_acc":"reviewed_inference","uncap_s_sg_dat":"reviewed_inference","uncap_s_sg_gen":"reviewed_inference","uncap_s_sg_nom":"reviewed_inference"}	yes	1e81590575d8c8ced7e2bb24ffb99883b41cba18007aacd120e17b55ce747dc9	537756d1f474dff804f2564fc787e3f6777d12b4b73dd31811dcf66f04d6bea4	"EG"	"EG"	"EG"	"EG"	"EGen"	"EGen"	"EGen"	"EGen"	"feminine"	"EG"	"EG"	"EG"	"EG"	"EG"	"EGen"	"EGen"	"EGen"	"EGen"	"EG"	"hyphen"
wdn_000306_N	L1426785	["L1426785"]	["0cc7136f0491521ff359f7f35fd89c22d1f66d07b2e4715c3280aef2b4aa1779"]	"EGMR"	abbreviation	no	wdn_000306_p003	abbrevN+invarN_one	P.abbrevN (P.invarN "EGMR" P.masculine)	1	partial	compatible_with_inference	provisional	sampled	none_recorded	["L1426785$3E3F927D-4E18-40C5-8F6F-BAFEE0161A94"]	{"s_sg_acc":["L1426785-F4"],"s_sg_dat":["L1426785-F3"],"s_sg_gen":["L1426785-F2"],"s_sg_nom":["L1426785-F1"]}	[]	{"co":"provisional_inference","csep":"reviewed_inference","gender":"source_exact","s_pl_acc":"provisional_inference","s_pl_dat":"provisional_inference","s_pl_gen":"provisional_inference","s_pl_nom":"provisional_inference","s_sg_acc":"source_exact","s_sg_dat":"source_exact","s_sg_gen":"source_exact","s_sg_nom":"source_exact","uncap_co":"reviewed_inference","uncap_s_pl_acc":"reviewed_inference","uncap_s_pl_dat":"reviewed_inference","uncap_s_pl_gen":"reviewed_inference","uncap_s_pl_nom":"reviewed_inference","uncap_s_sg_acc":"reviewed_inference","uncap_s_sg_dat":"reviewed_inference","uncap_s_sg_gen":"reviewed_inference","uncap_s_sg_nom":"reviewed_inference"}	yes	8105a04cd6f7fc8600ee0b39c4032c4e671b20081f1a66b45bfd1156b80b391c	537756d1f474dff804f2564fc787e3f6777d12b4b73dd31811dcf66f04d6bea4	"EGMR"	"EGMR"	"EGMR"	"EGMR"	"EGMR"	"EGMR"	"EGMR"	"EGMR"	"masculine"	"EGMR"	"EGMR"	"EGMR"	"EGMR"	"EGMR"	"EGMR"	"EGMR"	"EGMR"	"EGMR"	"EGMR"	"hyphen"
wdn_000307_N	L1426790	["L1426790"]	["ef8b00c8a0088abe424bad12380f0eec48b65d57bb21b5b1a03424711c869a62"]	"EM"	abbreviation	no	wdn_000307_p005	abbrevN+invarN_two	P.abbrevN (P.invarN "EM" "EMs" P.feminine)	2	complete	exact_source_evidence	provisional	sampled	component_target	["L1426790$51E879F6-3539-4138-AC00-F506A62549F6"]	{"s_pl_acc":["L1426790-F8"],"s_pl_dat":["L1426790-F7"],"s_pl_gen":["L1426790-F6"],"s_pl_nom":["L1426790-F5"],"s_sg_acc":["L1426790-F4"],"s_sg_dat":["L1426790-F3"],"s_sg_gen":["L1426790-F2"],"s_sg_nom":["L1426790-F1"]}	[]	{"co":"provisional_inference","csep":"reviewed_inference","gender":"source_exact","s_pl_acc":"source_exact","s_pl_dat":"source_exact","s_pl_gen":"source_exact","s_pl_nom":"source_exact","s_sg_acc":"source_exact","s_sg_dat":"source_exact","s_sg_gen":"source_exact","s_sg_nom":"source_exact","uncap_co":"reviewed_inference","uncap_s_pl_acc":"reviewed_inference","uncap_s_pl_dat":"reviewed_inference","uncap_s_pl_gen":"reviewed_inference","uncap_s_pl_nom":"reviewed_inference","uncap_s_sg_acc":"reviewed_inference","uncap_s_sg_dat":"reviewed_inference","uncap_s_sg_gen":"reviewed_inference","uncap_s_sg_nom":"reviewed_inference"}	yes	d47da8dab6ceaae88970fde4c88b293b606316f95585ef6009232ba5d608ca85	537756d1f474dff804f2564fc787e3f6777d12b4b73dd31811dcf66f04d6bea4	"EM"	"EM"	"EM"	"EM"	"EMs"	"EMs"	"EMs"	"EMs"	"feminine"	"EM"	"EM"	"EM"	"EM"	"EM"	"EMs"	"EMs"	"EMs"	"EMs"	"EM"	"hyphen"
wdn_000308_N	L1426866	["L1426866"]	["cb0f87a0ca0f97f24a3682b13d5e883432db109e794369320a275ecef071589e"]	"EU-Außenkommissarin"	hyphenated	no	wdn_000308_p005	invarN_two	P.invarN "EU-Außenkommissarin" "EU-Außenkommissarinnen" P.feminine	2	complete	exact_source_evidence	provisional	sampled	none_recorded	["L1426866$F2ADEAB2-0674-42FA-B1D6-D7F431922702"]	{"s_pl_acc":["L1426866-F8"],"s_pl_dat":["L1426866-F7"],"s_pl_gen":["L1426866-F6"],"s_pl_nom":["L1426866-F5"],"s_sg_acc":["L1426866-F4"],"s_sg_dat":["L1426866-F3"],"s_sg_gen":["L1426866-F2"],"s_sg_nom":["L1426866-F1"]}	[]	{"co":"provisional_inference","csep":"reviewed_inference","gender":"source_exact","s_pl_acc":"source_exact","s_pl_dat":"source_exact","s_pl_gen":"source_exact","s_pl_nom":"source_exact","s_sg_acc":"source_exact","s_sg_dat":"source_exact","s_sg_gen":"source_exact","s_sg_nom":"source_exact","uncap_co":"reviewed_inference","uncap_s_pl_acc":"reviewed_inference","uncap_s_pl_dat":"reviewed_inference","uncap_s_pl_gen":"reviewed_inference","uncap_s_pl_nom":"reviewed_inference","uncap_s_sg_acc":"reviewed_inference","uncap_s_sg_dat":"reviewed_inference","uncap_s_sg_gen":"reviewed_inference","uncap_s_sg_nom":"reviewed_inference"}	yes	c353065dc227e00b1a1a259214a3b6436063132af3dd36ddcdc170d5fceaafe1	537756d1f474dff804f2564fc787e3f6777d12b4b73dd31811dcf66f04d6bea4	"EU-Außenkommissarin"	"EU-Außenkommissarin"	"EU-Außenkommissarin"	"EU-Außenkommissarin"	"EU-Außenkommissarinnen"	"EU-Außenkommissarinnen"	"EU-Außenkommissarinnen"	"EU-Außenkommissarinnen"	"feminine"	"EU-Außenkommissarin"	"EU-Außenkommissarin"	"EU-Außenkommissarin"	"EU-Außenkommissarin"	"EU-Außenkommissarin"	"EU-Außenkommissarinnen"	"EU-Außenkommissarinnen"	"EU-Außenkommissarinnen"	"EU-Außenkommissarinnen"	"EU-Außenkommissarin"	"hyphen"
wdn_000309_N	L1427224	["L1427224"]	["b4052bb17c49a28944db11697a57f199ec943042df7cbb131897447827902fff"]	"Elektrofachkraft"	regular_feminine	no	wdn_000309_p007	mkN_two	P.mkN "Elektrofachkraft" "Elektrofachkräfte" P.feminine	2	complete	exact_source_evidence	provisional	sampled	none_recorded	["L1427224$53975DA3-5CE5-43B9-A608-7CF13078C3A7"]	{"s_pl_acc":["L1427224-F8"],"s_pl_dat":["L1427224-F7"],"s_pl_gen":["L1427224-F6"],"s_pl_nom":["L1427224-F5"],"s_sg_acc":["L1427224-F4"],"s_sg_dat":["L1427224-F3"],"s_sg_gen":["L1427224-F2"],"s_sg_nom":["L1427224-F1"]}	[]	{"co":"provisional_inference","csep":"provisional_inference","gender":"source_exact","s_pl_acc":"source_exact","s_pl_dat":"source_exact","s_pl_gen":"source_exact","s_pl_nom":"source_exact","s_sg_acc":"source_exact","s_sg_dat":"source_exact","s_sg_gen":"source_exact","s_sg_nom":"source_exact","uncap_co":"reviewed_inference","uncap_s_pl_acc":"reviewed_inference","uncap_s_pl_dat":"reviewed_inference","uncap_s_pl_gen":"reviewed_inference","uncap_s_pl_nom":"reviewed_inference","uncap_s_sg_acc":"reviewed_inference","uncap_s_sg_dat":"reviewed_inference","uncap_s_sg_gen":"reviewed_inference","uncap_s_sg_nom":"reviewed_inference"}	yes	91b98873ef49797f85d1e25399926b8915fec80c743191a12696d279e2582de1	537756d1f474dff804f2564fc787e3f6777d12b4b73dd31811dcf66f04d6bea4	"Elektrofachkraft"	"Elektrofachkraft"	"Elektrofachkraft"	"Elektrofachkraft"	"Elektrofachkräfte"	"Elektrofachkräfte"	"Elektrofachkräften"	"Elektrofachkräfte"	"feminine"	"Elektrofachkraft"	"elektrofachkraft"	"elektrofachkraft"	"elektrofachkraft"	"elektrofachkraft"	"elektrofachkräfte"	"elektrofachkräfte"	"elektrofachkräften"	"elektrofachkräfte"	"elektrofachkraft"	"bind"
wdn_000310_N	L1427445	["L1427445"]	["ff486cac0b7bbb432f8b2ecad89449585081d3ddeaf6580d9d4b7e93d1b55dcf"]	"Erdäpfelplatzke"	plural_only	no	wdn_000310_p001	pluralOnlyN	P.pluralOnlyN "Erdäpfelplatzke"	1	complete	compatible_with_inference	provisional	sampled	none_recorded	["L1427445$3A8A9B37-2DAB-4684-BDED-2D932160ABB1"]	{"s_pl_acc":["L1427445-F4"],"s_pl_dat":["L1427445-F3"],"s_pl_gen":["L1427445-F2"],"s_pl_nom":["L1427445-F1"]}	[]	{"co":"provisional_inference","csep":"provisional_inference","gender":"provisional_inference","s_pl_acc":"source_exact","s_pl_dat":"source_exact","s_pl_gen":"source_exact","s_pl_nom":"source_exact","s_sg_acc":"unavailable","s_sg_dat":"unavailable","s_sg_gen":"unavailable","s_sg_nom":"unavailable","uncap_co":"reviewed_inference","uncap_s_pl_acc":"reviewed_inference","uncap_s_pl_dat":"reviewed_inference","uncap_s_pl_gen":"reviewed_inference","uncap_s_pl_nom":"reviewed_inference","uncap_s_sg_acc":"unavailable","uncap_s_sg_dat":"unavailable","uncap_s_sg_gen":"unavailable","uncap_s_sg_nom":"unavailable"}	yes	ef07d688b8dc9d72b6bdc9c28c0695ca32517f9385705b823d3411cc67c3a54f	537756d1f474dff804f2564fc787e3f6777d12b4b73dd31811dcf66f04d6bea4	""	""	""	""	"Erdäpfelplatzke"	"Erdäpfelplatzke"	"Erdäpfelplatzken"	"Erdäpfelplatzke"	"masculine"	"Erdäpfelplatzke"	""	""	""	""	"erdäpfelplatzke"	"erdäpfelplatzke"	"erdäpfelplatzken"	"erdäpfelplatzke"	"erdäpfelplatzke"	"bind"
wdn_000311_N	L1427738	["L1427738"]	["dfbb483204438f723c395238aad18f6633de7fddf4ae4d5e9801b9ad685dc46b"]	"FSME"	abbreviation	no	wdn_000311_p002	abbrevN+mkN_lemma_gender	P.abbrevN (P.mkN "FSME" P.feminine)	1	partial	compatible_with_inference	provisional	sampled	none_recorded	["L1427738$BE10C6E3-2975-4BCC-82D8-5989C79EC2A0"]	{"s_sg_acc":["L1427738-F4"],"s_sg_dat":["L1427738-F3"],"s_sg_gen":["L1427738-F2"],"s_sg_nom":["L1427738-F1"]}	[]	{"co":"provisional_inference","csep":"reviewed_inference","gender":"source_exact","s_pl_acc":"provisional_inference","s_pl_dat":"provisional_inference","s_pl_gen":"provisional_inference","s_pl_nom":"provisional_inference","s_sg_acc":"source_exact","s_sg_dat":"source_exact","s_sg_gen":"source_exact","s_sg_nom":"source_exact","uncap_co":"reviewed_inference","uncap_s_pl_acc":"reviewed_inference","uncap_s_pl_dat":"reviewed_inference","uncap_s_pl_gen":"reviewed_inference","uncap_s_pl_nom":"reviewed_inference","uncap_s_sg_acc":"reviewed_inference","uncap_s_sg_dat":"reviewed_inference","uncap_s_sg_gen":"reviewed_inference","uncap_s_sg_nom":"reviewed_inference"}	yes	2600ac98a8bbf6daaba5447c94451e271700896e594b0d7187532742ac516a41	537756d1f474dff804f2564fc787e3f6777d12b4b73dd31811dcf66f04d6bea4	"FSME"	"FSME"	"FSME"	"FSME"	"FSMEen"	"FSMEen"	"FSMEen"	"FSMEen"	"feminine"	"FSME"	"FSME"	"FSME"	"FSME"	"FSME"	"FSMEen"	"FSMEen"	"FSMEen"	"FSMEen"	"FSME"	"hyphen"
wdn_000313_N	L1429440	["L1429440"]	["d1552529c5de4ebd0a9b3ae6f9fb0837da8ef6b8c688feeb40f1eb23fbe3ca57"]	"Geräuscharmut"	partial_evidence	no	wdn_000313_p002	mkN_lemma_gender	P.mkN "Geräuscharmut" P.feminine	1	partial	compatible_with_inference	provisional	sampled	none_recorded	["L1429440$6203886D-8B5D-44E5-8A9B-C6D210355E04"]	{"s_sg_acc":["L1429440-F4"],"s_sg_dat":["L1429440-F3"],"s_sg_gen":["L1429440-F2"],"s_sg_nom":["L1429440-F1"]}	[]	{"co":"provisional_inference","csep":"provisional_inference","gender":"source_exact","s_pl_acc":"provisional_inference","s_pl_dat":"provisional_inference","s_pl_gen":"provisional_inference","s_pl_nom":"provisional_inference","s_sg_acc":"source_exact","s_sg_dat":"source_exact","s_sg_gen":"source_exact","s_sg_nom":"source_exact","uncap_co":"reviewed_inference","uncap_s_pl_acc":"reviewed_inference","uncap_s_pl_dat":"reviewed_inference","uncap_s_pl_gen":"reviewed_inference","uncap_s_pl_nom":"reviewed_inference","uncap_s_sg_acc":"reviewed_inference","uncap_s_sg_dat":"reviewed_inference","uncap_s_sg_gen":"reviewed_inference","uncap_s_sg_nom":"reviewed_inference"}	yes	a916542025bafbd15624a8f1cdf960e8dfaf508c8972c40d6231040aa8601685	537756d1f474dff804f2564fc787e3f6777d12b4b73dd31811dcf66f04d6bea4	"Geräuscharmut"	"Geräuscharmut"	"Geräuscharmut"	"Geräuscharmut"	"Geräuscharmuten"	"Geräuscharmuten"	"Geräuscharmuten"	"Geräuscharmuten"	"feminine"	"Geräuscharmut"	"geräuscharmut"	"geräuscharmut"	"geräuscharmut"	"geräuscharmut"	"geräuscharmuten"	"geräuscharmuten"	"geräuscharmuten"	"geräuscharmuten"	"geräuscharmut"	"bind"
wdn_000314_N	L1429537	["L1429537"]	["9475a76b6771414349603a8f1d27a2699321f45c4d3f4bb973dcb488a22d4c9e"]	"Gesundheitsberater"	regular_masculine	no	wdn_000314_p001	mkN_lemma	P.mkN "Gesundheitsberater"	1	complete	exact_source_evidence	provisional	sampled	none_recorded	["L1429537$B3D2AD8C-5428-4E16-9DE7-45C7C543F2A3"]	{"s_pl_acc":["L1429537-F8"],"s_pl_dat":["L1429537-F7"],"s_pl_gen":["L1429537-F6"],"s_pl_nom":["L1429537-F5"],"s_sg_acc":["L1429537-F4"],"s_sg_dat":["L1429537-F3"],"s_sg_gen":["L1429537-F2"],"s_sg_nom":["L1429537-F1"]}	[]	{"co":"provisional_inference","csep":"provisional_inference","gender":"source_exact","s_pl_acc":"source_exact","s_pl_dat":"source_exact","s_pl_gen":"source_exact","s_pl_nom":"source_exact","s_sg_acc":"source_exact","s_sg_dat":"source_exact","s_sg_gen":"source_exact","s_sg_nom":"source_exact","uncap_co":"reviewed_inference","uncap_s_pl_acc":"reviewed_inference","uncap_s_pl_dat":"reviewed_inference","uncap_s_pl_gen":"reviewed_inference","uncap_s_pl_nom":"reviewed_inference","uncap_s_sg_acc":"reviewed_inference","uncap_s_sg_dat":"reviewed_inference","uncap_s_sg_gen":"reviewed_inference","uncap_s_sg_nom":"reviewed_inference"}	yes	d6852d0e87bf4d754890a9fe1dd7814a9c08bf0194286191fb4b2236d314e881	537756d1f474dff804f2564fc787e3f6777d12b4b73dd31811dcf66f04d6bea4	"Gesundheitsberater"	"Gesundheitsberater"	"Gesundheitsberater"	"Gesundheitsberaters"	"Gesundheitsberater"	"Gesundheitsberater"	"Gesundheitsberatern"	"Gesundheitsberater"	"masculine"	"Gesundheitsberater"	"gesundheitsberater"	"gesundheitsberater"	"gesundheitsberater"	"gesundheitsberaters"	"gesundheitsberater"	"gesundheitsberater"	"gesundheitsberatern"	"gesundheitsberater"	"gesundheitsberater"	"bind"
wdn_000315_N	L1430313	["L1430313"]	["99d2bbbff714da6e5f89fe7f0983b5395dda0172665cbbd036e341e6f1e8f1f5"]	"Hand-Bike"	hyphenated	no	wdn_000315_p006	invarPlN_two	P.invarPlN "Hand-Bike" "Hand-Bikes" P.neuter	2	complete	exact_source_evidence	provisional	sampled	none_recorded	["L1430313$AD2AFA25-E2F6-45FE-A740-858EE21AE328"]	{"s_pl_acc":["L1430313-F8"],"s_pl_dat":["L1430313-F7"],"s_pl_gen":["L1430313-F6"],"s_pl_nom":["L1430313-F5"],"s_sg_acc":["L1430313-F4"],"s_sg_dat":["L1430313-F3"],"s_sg_gen":["L1430313-F2"],"s_sg_nom":["L1430313-F1"]}	[]	{"co":"provisional_inference","csep":"reviewed_inference","gender":"source_exact","s_pl_acc":"source_exact","s_pl_dat":"source_exact","s_pl_gen":"source_exact","s_pl_nom":"source_exact","s_sg_acc":"source_exact","s_sg_dat":"source_exact","s_sg_gen":"source_exact","s_sg_nom":"source_exact","uncap_co":"reviewed_inference","uncap_s_pl_acc":"reviewed_inference","uncap_s_pl_dat":"reviewed_inference","uncap_s_pl_gen":"reviewed_inference","uncap_s_pl_nom":"reviewed_inference","uncap_s_sg_acc":"reviewed_inference","uncap_s_sg_dat":"reviewed_inference","uncap_s_sg_gen":"reviewed_inference","uncap_s_sg_nom":"reviewed_inference"}	yes	33361892b3bba2d08f9e7405273edb131c205d84d14c6bc16692bd3779577f21	537756d1f474dff804f2564fc787e3f6777d12b4b73dd31811dcf66f04d6bea4	"Hand-Bike"	"Hand-Bike"	"Hand-Bike"	"Hand-Bikes"	"Hand-Bikes"	"Hand-Bikes"	"Hand-Bikes"	"Hand-Bikes"	"neuter"	"Hand-Biken"	"Hand-Bike"	"Hand-Bike"	"Hand-Bike"	"Hand-Bikes"	"Hand-Bikes"	"Hand-Bikes"	"Hand-Bikes"	"Hand-Bikes"	"Hand-Biken"	"hyphen"
wdn_000317_N	L1430688	["L1430688"]	["b4f76ebb3ddd84646238e702d8f71995da424881620d70ddaa9793414e58bb42"]	"Hindernisfahren"	partial_evidence	no	wdn_000317_p002	mkN_lemma_gender	P.mkN "Hindernisfahren" P.neuter	1	partial	compatible_with_inference	provisional	sampled	none_recorded	["L1430688$8599CF5B-9D83-41BD-94CB-D7016EE36836"]	{"s_sg_acc":["L1430688-F4"],"s_sg_dat":["L1430688-F3"],"s_sg_gen":["L1430688-F2"],"s_sg_nom":["L1430688-F1"]}	[]	{"co":"provisional_inference","csep":"provisional_inference","gender":"source_exact","s_pl_acc":"provisional_inference","s_pl_dat":"provisional_inference","s_pl_gen":"provisional_inference","s_pl_nom":"provisional_inference","s_sg_acc":"source_exact","s_sg_dat":"source_exact","s_sg_gen":"source_exact","s_sg_nom":"source_exact","uncap_co":"reviewed_inference","uncap_s_pl_acc":"reviewed_inference","uncap_s_pl_dat":"reviewed_inference","uncap_s_pl_gen":"reviewed_inference","uncap_s_pl_nom":"reviewed_inference","uncap_s_sg_acc":"reviewed_inference","uncap_s_sg_dat":"reviewed_inference","uncap_s_sg_gen":"reviewed_inference","uncap_s_sg_nom":"reviewed_inference"}	yes	82c901920594f360a84d205b6fa9e7ae33c91938735e054e283392718de7ea8c	537756d1f474dff804f2564fc787e3f6777d12b4b73dd31811dcf66f04d6bea4	"Hindernisfahren"	"Hindernisfahren"	"Hindernisfahren"	"Hindernisfahrens"	"Hindernisfahren"	"Hindernisfahren"	"Hindernisfahren"	"Hindernisfahren"	"neuter"	"Hindernisfahren"	"hindernisfahren"	"hindernisfahren"	"hindernisfahren"	"hindernisfahrens"	"hindernisfahren"	"hindernisfahren"	"hindernisfahren"	"hindernisfahren"	"hindernisfahren"	"bind"
wdn_000318_N	L1431205	["L1431205"]	["05d1cf7b73fea634ff467cf4f9dd4a856eb382c7b6af67b8773b72945ac4215f"]	"ISSN"	abbreviation	no	wdn_000318_p005	abbrevN+invarN_two	P.abbrevN (P.invarN "ISSN" "ISSNs" P.feminine)	2	complete	exact_source_evidence	provisional	sampled	none_recorded	["L1431205$C300185F-553E-4732-8949-967E1720C6C8"]	{"s_pl_acc":["L1431205-F8"],"s_pl_dat":["L1431205-F7"],"s_pl_gen":["L1431205-F6"],"s_pl_nom":["L1431205-F5"],"s_sg_acc":["L1431205-F4"],"s_sg_dat":["L1431205-F3"],"s_sg_gen":["L1431205-F2"],"s_sg_nom":["L1431205-F1"]}	[]	{"co":"provisional_inference","csep":"reviewed_inference","gender":"source_exact","s_pl_acc":"source_exact","s_pl_dat":"source_exact","s_pl_gen":"source_exact","s_pl_nom":"source_exact","s_sg_acc":"source_exact","s_sg_dat":"source_exact","s_sg_gen":"source_exact","s_sg_nom":"source_exact","uncap_co":"reviewed_inference","uncap_s_pl_acc":"reviewed_inference","uncap_s_pl_dat":"reviewed_inference","uncap_s_pl_gen":"reviewed_inference","uncap_s_pl_nom":"reviewed_inference","uncap_s_sg_acc":"reviewed_inference","uncap_s_sg_dat":"reviewed_inference","uncap_s_sg_gen":"reviewed_inference","uncap_s_sg_nom":"reviewed_inference"}	yes	2d4bd22efa00e4d7201ec47e89389fa50164476eb5e8675daeb193e438bb49c7	537756d1f474dff804f2564fc787e3f6777d12b4b73dd31811dcf66f04d6bea4	"ISSN"	"ISSN"	"ISSN"	"ISSN"	"ISSNs"	"ISSNs"	"ISSNs"	"ISSNs"	"feminine"	"ISSN"	"ISSN"	"ISSN"	"ISSN"	"ISSN"	"ISSNs"	"ISSNs"	"ISSNs"	"ISSNs"	"ISSN"	"hyphen"
wdn_000319_N	L1431218	["L1431218"]	["76abf54789d9a993fe6d4919efb0916553274c6894a56485d64c211f77f6f1d9"]	"IV"	abbreviation	no	wdn_000319_p002	abbrevN+mkN_lemma_gender	P.abbrevN (P.mkN "IV" P.feminine)	1	partial	compatible_with_inference	provisional	sampled	none_recorded	["L1431218$95F41D39-3A5E-45AE-AEEF-146D0C153195"]	{"s_sg_acc":["L1431218-F4"],"s_sg_dat":["L1431218-F3"],"s_sg_gen":["L1431218-F2"],"s_sg_nom":["L1431218-F1"]}	[]	{"co":"provisional_inference","csep":"reviewed_inference","gender":"source_exact","s_pl_acc":"provisional_inference","s_pl_dat":"provisional_inference","s_pl_gen":"provisional_inference","s_pl_nom":"provisional_inference","s_sg_acc":"source_exact","s_sg_dat":"source_exact","s_sg_gen":"source_exact","s_sg_nom":"source_exact","uncap_co":"reviewed_inference","uncap_s_pl_acc":"reviewed_inference","uncap_s_pl_dat":"reviewed_inference","uncap_s_pl_gen":"reviewed_inference","uncap_s_pl_nom":"reviewed_inference","uncap_s_sg_acc":"reviewed_inference","uncap_s_sg_dat":"reviewed_inference","uncap_s_sg_gen":"reviewed_inference","uncap_s_sg_nom":"reviewed_inference"}	yes	d45454184931ef4b1154695e79e97865f158467045f4a7e045358c51a44ed170	537756d1f474dff804f2564fc787e3f6777d12b4b73dd31811dcf66f04d6bea4	"IV"	"IV"	"IV"	"IV"	"IVen"	"IVen"	"IVen"	"IVen"	"feminine"	"IV"	"IV"	"IV"	"IV"	"IV"	"IVen"	"IVen"	"IVen"	"IVen"	"IV"	"hyphen"
wdn_000320_N	L1431516	["L1431516"]	["8745007ba1912418f5cf4594ff080d4033b767fb6635a902961e77a3a4d91474"]	"Interkalarfrüchte"	plural_only	no	wdn_000320_p001	pluralOnlyN	P.pluralOnlyN "Interkalarfrüchte"	1	complete	compatible_with_inference	provisional	sampled	none_recorded	["L1431516$3BD07E94-F922-47E1-9800-0F837CCD188D"]	{"s_pl_acc":["L1431516-F4"],"s_pl_dat":["L1431516-F3"],"s_pl_gen":["L1431516-F2"],"s_pl_nom":["L1431516-F1"]}	[]	{"co":"provisional_inference","csep":"provisional_inference","gender":"provisional_inference","s_pl_acc":"source_exact","s_pl_dat":"source_exact","s_pl_gen":"source_exact","s_pl_nom":"source_exact","s_sg_acc":"unavailable","s_sg_dat":"unavailable","s_sg_gen":"unavailable","s_sg_nom":"unavailable","uncap_co":"reviewed_inference","uncap_s_pl_acc":"reviewed_inference","uncap_s_pl_dat":"reviewed_inference","uncap_s_pl_gen":"reviewed_inference","uncap_s_pl_nom":"reviewed_inference","uncap_s_sg_acc":"unavailable","uncap_s_sg_dat":"unavailable","uncap_s_sg_gen":"unavailable","uncap_s_sg_nom":"unavailable"}	yes	106c76d266ce62e96595520f7b89bc559bc416e433571d6bc5837cf4b79538be	537756d1f474dff804f2564fc787e3f6777d12b4b73dd31811dcf66f04d6bea4	""	""	""	""	"Interkalarfrüchte"	"Interkalarfrüchte"	"Interkalarfrüchten"	"Interkalarfrüchte"	"masculine"	"Interkalarfrüchte"	""	""	""	""	"interkalarfrüchte"	"interkalarfrüchte"	"interkalarfrüchten"	"interkalarfrüchte"	"interkalarfrüchte"	"bind"
wdn_000321_N	L1431818	["L1431818"]	["ad86d2c2b2acc36c7921f4384a1df1e6d1b53ef2a91766fcad07c3dae3e4c44c"]	"Jungfernfrüchtigkeit"	partial_evidence	no	wdn_000321_p001	mkN_lemma	P.mkN "Jungfernfrüchtigkeit"	1	partial	compatible_with_inference	provisional	sampled	none_recorded	["L1431818$7DC94442-A36B-47D6-9A09-DA2D3A7DF2EE"]	{"s_sg_acc":["L1431818-F4"],"s_sg_dat":["L1431818-F3"],"s_sg_gen":["L1431818-F2"],"s_sg_nom":["L1431818-F1"]}	[]	{"co":"provisional_inference","csep":"provisional_inference","gender":"source_exact","s_pl_acc":"provisional_inference","s_pl_dat":"provisional_inference","s_pl_gen":"provisional_inference","s_pl_nom":"provisional_inference","s_sg_acc":"source_exact","s_sg_dat":"source_exact","s_sg_gen":"source_exact","s_sg_nom":"source_exact","uncap_co":"reviewed_inference","uncap_s_pl_acc":"reviewed_inference","uncap_s_pl_dat":"reviewed_inference","uncap_s_pl_gen":"reviewed_inference","uncap_s_pl_nom":"reviewed_inference","uncap_s_sg_acc":"reviewed_inference","uncap_s_sg_dat":"reviewed_inference","uncap_s_sg_gen":"reviewed_inference","uncap_s_sg_nom":"reviewed_inference"}	yes	9e2ffb8c0b365546a89aad762ae74d8da0a41151276f71a4562c36f2fed47272	537756d1f474dff804f2564fc787e3f6777d12b4b73dd31811dcf66f04d6bea4	"Jungfernfrüchtigkeit"	"Jungfernfrüchtigkeit"	"Jungfernfrüchtigkeit"	"Jungfernfrüchtigkeit"	"Jungfernfrüchtigkeiten"	"Jungfernfrüchtigkeiten"	"Jungfernfrüchtigkeiten"	"Jungfernfrüchtigkeiten"	"feminine"	"Jungfernfrüchtigkeits"	"jungfernfrüchtigkeit"	"jungfernfrüchtigkeit"	"jungfernfrüchtigkeit"	"jungfernfrüchtigkeit"	"jungfernfrüchtigkeiten"	"jungfernfrüchtigkeiten"	"jungfernfrüchtigkeiten"	"jungfernfrüchtigkeiten"	"jungfernfrüchtigkeits"	"bind"
wdn_000322_N	L1431884	["L1431884"]	["1f6e622f3a2ab49608bbc9a1d08872a53b2d78cebf0eb5d30281dd82445855bc"]	"KFZ"	abbreviation	no	wdn_000322_p003	abbrevN+invarN_one	P.abbrevN (P.invarN "KFZ" P.neuter)	1	complete	exact_source_evidence	provisional	sampled	none_recorded	["L1431884$2E32FDBD-0A8C-4B49-BF5F-CA0D627F1430"]	{"s_pl_acc":["L1431884-F8"],"s_pl_dat":["L1431884-F7"],"s_pl_gen":["L1431884-F6"],"s_pl_nom":["L1431884-F5"],"s_sg_acc":["L1431884-F4"],"s_sg_dat":["L1431884-F3"],"s_sg_gen":["L1431884-F2"],"s_sg_nom":["L1431884-F1"]}	[]	{"co":"provisional_inference","csep":"reviewed_inference","gender":"source_exact","s_pl_acc":"source_exact","s_pl_dat":"source_exact","s_pl_gen":"source_exact","s_pl_nom":"source_exact","s_sg_acc":"source_exact","s_sg_dat":"source_exact","s_sg_gen":"source_exact","s_sg_nom":"source_exact","uncap_co":"reviewed_inference","uncap_s_pl_acc":"reviewed_inference","uncap_s_pl_dat":"reviewed_inference","uncap_s_pl_gen":"reviewed_inference","uncap_s_pl_nom":"reviewed_inference","uncap_s_sg_acc":"reviewed_inference","uncap_s_sg_dat":"reviewed_inference","uncap_s_sg_gen":"reviewed_inference","uncap_s_sg_nom":"reviewed_inference"}	yes	060e5b358d93daad7659d4a8e902b7a6b5c8d42ff7051502abd83c1bfec33899	537756d1f474dff804f2564fc787e3f6777d12b4b73dd31811dcf66f04d6bea4	"KFZ"	"KFZ"	"KFZ"	"KFZ"	"KFZ"	"KFZ"	"KFZ"	"KFZ"	"neuter"	"KFZ"	"KFZ"	"KFZ"	"KFZ"	"KFZ"	"KFZ"	"KFZ"	"KFZ"	"KFZ"	"KFZ"	"hyphen"
wdn_000323_N	L1432696	["L1432696"]	["45abc18c035469d5fcf339cbf993b7ff65078893bd876cf3f25952ddb4f11bc4"]	"Kolometrie"	partial_evidence	no	wdn_000323_p001	mkN_lemma	P.mkN "Kolometrie"	1	partial	compatible_with_inference	provisional	sampled	none_recorded	["L1432696$B7BE182F-8B02-48E5-8CC6-1C4352EA1395"]	{"s_sg_acc":["L1432696-F4"],"s_sg_dat":["L1432696-F3"],"s_sg_gen":["L1432696-F2"],"s_sg_nom":["L1432696-F1"]}	[]	{"co":"provisional_inference","csep":"provisional_inference","gender":"source_exact","s_pl_acc":"provisional_inference","s_pl_dat":"provisional_inference","s_pl_gen":"provisional_inference","s_pl_nom":"provisional_inference","s_sg_acc":"source_exact","s_sg_dat":"source_exact","s_sg_gen":"source_exact","s_sg_nom":"source_exact","uncap_co":"reviewed_inference","uncap_s_pl_acc":"reviewed_inference","uncap_s_pl_dat":"reviewed_inference","uncap_s_pl_gen":"reviewed_inference","uncap_s_pl_nom":"reviewed_inference","uncap_s_sg_acc":"reviewed_inference","uncap_s_sg_dat":"reviewed_inference","uncap_s_sg_gen":"reviewed_inference","uncap_s_sg_nom":"reviewed_inference"}	yes	26054c590e45ccaf813fa888f2939acc983d229cb2e4ed7f16cdfc76b09e4cee	537756d1f474dff804f2564fc787e3f6777d12b4b73dd31811dcf66f04d6bea4	"Kolometrie"	"Kolometrie"	"Kolometrie"	"Kolometrie"	"Kolometrien"	"Kolometrien"	"Kolometrien"	"Kolometrien"	"feminine"	"Kolometrien"	"kolometrie"	"kolometrie"	"kolometrie"	"kolometrie"	"kolometrien"	"kolometrien"	"kolometrien"	"kolometrien"	"kolometrien"	"bind"
wdn_000324_N	L1433614	["L1433614"]	["54a6ceffb1e164a6b730bdb0c921de12654106446cd0c7235fbcd58c369736d8"]	"Langerhans-Inseln"	plural_only	no	wdn_000324_p001	pluralOnlyN	P.pluralOnlyN "Langerhans-Inseln"	1	complete	compatible_with_inference	provisional	sampled	none_recorded	["L1433614$5196D32A-A658-442D-8CEF-68CE7901ED18"]	{"s_pl_acc":["L1433614-F4"],"s_pl_dat":["L1433614-F3"],"s_pl_gen":["L1433614-F2"],"s_pl_nom":["L1433614-F1"]}	[]	{"co":"provisional_inference","csep":"reviewed_inference","gender":"provisional_inference","s_pl_acc":"source_exact","s_pl_dat":"source_exact","s_pl_gen":"source_exact","s_pl_nom":"source_exact","s_sg_acc":"unavailable","s_sg_dat":"unavailable","s_sg_gen":"unavailable","s_sg_nom":"unavailable","uncap_co":"reviewed_inference","uncap_s_pl_acc":"reviewed_inference","uncap_s_pl_dat":"reviewed_inference","uncap_s_pl_gen":"reviewed_inference","uncap_s_pl_nom":"reviewed_inference","uncap_s_sg_acc":"unavailable","uncap_s_sg_dat":"unavailable","uncap_s_sg_gen":"unavailable","uncap_s_sg_nom":"unavailable"}	yes	75ff16e4e1c197979dc7a6e2d132c5f22d831007b3f99998478f09d36b3767f1	537756d1f474dff804f2564fc787e3f6777d12b4b73dd31811dcf66f04d6bea4	""	""	""	""	"Langerhans-Inseln"	"Langerhans-Inseln"	"Langerhans-Inseln"	"Langerhans-Inseln"	"masculine"	"Langerhans-Inseln"	""	""	""	""	"Langerhans-Inseln"	"Langerhans-Inseln"	"Langerhans-Inseln"	"Langerhans-Inseln"	"Langerhans-Inseln"	"hyphen"
wdn_000325_N	L1435111	["L1435111"]	["20c93668fa55f0be5889f6e6a563ea92e9309a42460678916ac8c044e2a0530c"]	"Modeexperte"	irregular_full	no	wdn_000325_p002	mkN_lemma_gender	P.mkN "Modeexperte" P.masculine	1	complete	exact_source_evidence	provisional	sampled	none_recorded	["L1435111$6048444D-0F19-4B55-8C0D-171F9CB44A33"]	{"s_pl_acc":["L1435111-F8"],"s_pl_dat":["L1435111-F7"],"s_pl_gen":["L1435111-F6"],"s_pl_nom":["L1435111-F5"],"s_sg_acc":["L1435111-F4"],"s_sg_dat":["L1435111-F3"],"s_sg_gen":["L1435111-F2"],"s_sg_nom":["L1435111-F1"]}	[]	{"co":"provisional_inference","csep":"provisional_inference","gender":"source_exact","s_pl_acc":"source_exact","s_pl_dat":"source_exact","s_pl_gen":"source_exact","s_pl_nom":"source_exact","s_sg_acc":"source_exact","s_sg_dat":"source_exact","s_sg_gen":"source_exact","s_sg_nom":"source_exact","uncap_co":"reviewed_inference","uncap_s_pl_acc":"reviewed_inference","uncap_s_pl_dat":"reviewed_inference","uncap_s_pl_gen":"reviewed_inference","uncap_s_pl_nom":"reviewed_inference","uncap_s_sg_acc":"reviewed_inference","uncap_s_sg_dat":"reviewed_inference","uncap_s_sg_gen":"reviewed_inference","uncap_s_sg_nom":"reviewed_inference"}	yes	27a3de35706ad1b65987c40c458ca9e8ac1657068e4f262e558c49ae306322fc	537756d1f474dff804f2564fc787e3f6777d12b4b73dd31811dcf66f04d6bea4	"Modeexperte"	"Modeexperten"	"Modeexperten"	"Modeexperten"	"Modeexperten"	"Modeexperten"	"Modeexperten"	"Modeexperten"	"masculine"	"Modeexperten"	"modeexperte"	"modeexperten"	"modeexperten"	"modeexperten"	"modeexperten"	"modeexperten"	"modeexperten"	"modeexperten"	"modeexperten"	"bind"
wdn_000326_N	L1435578	["L1435578"]	["2b270e5f70fdaff3a4ab107d24191f26b110ca65226d2bdbda9cf902983a57af"]	"Narrenkastl"	regular_neuter	no	wdn_000326_p007	mkN_two	P.mkN "Narrenkastl" "Narrenkastl" P.neuter	2	complete	exact_source_evidence	provisional	sampled	none_recorded	["L1435578$4B83B3F4-4358-434B-BA66-5011BF584C1E"]	{"s_pl_acc":["L1435578-F8"],"s_pl_dat":["L1435578-F7"],"s_pl_gen":["L1435578-F6"],"s_pl_nom":["L1435578-F5"],"s_sg_acc":["L1435578-F4"],"s_sg_dat":["L1435578-F3"],"s_sg_gen":["L1435578-F2"],"s_sg_nom":["L1435578-F1"]}	[]	{"co":"provisional_inference","csep":"provisional_inference","gender":"source_exact","s_pl_acc":"source_exact","s_pl_dat":"source_exact","s_pl_gen":"source_exact","s_pl_nom":"source_exact","s_sg_acc":"source_exact","s_sg_dat":"source_exact","s_sg_gen":"source_exact","s_sg_nom":"source_exact","uncap_co":"reviewed_inference","uncap_s_pl_acc":"reviewed_inference","uncap_s_pl_dat":"reviewed_inference","uncap_s_pl_gen":"reviewed_inference","uncap_s_pl_nom":"reviewed_inference","uncap_s_sg_acc":"reviewed_inference","uncap_s_sg_dat":"reviewed_inference","uncap_s_sg_gen":"reviewed_inference","uncap_s_sg_nom":"reviewed_inference"}	yes	5866de492415b7e7115b27b491d1966a518ad888ae27d0ae0a0764b39dcbbbf3	537756d1f474dff804f2564fc787e3f6777d12b4b73dd31811dcf66f04d6bea4	"Narrenkastl"	"Narrenkastl"	"Narrenkastl"	"Narrenkastls"	"Narrenkastl"	"Narrenkastl"	"Narrenkastln"	"Narrenkastl"	"neuter"	"Narrenkastl"	"narrenkastl"	"narrenkastl"	"narrenkastl"	"narrenkastls"	"narrenkastl"	"narrenkastl"	"narrenkastln"	"narrenkastl"	"narrenkastl"	"bind"
wdn_000327_N	L1435926	["L1435926"]	["cb51cd76b3341c3f4082cc8ca0f9d420ff0c557c33496494a3c67542f0a4debe"]	"Notsicherung"	invariant	no	wdn_000327_p001	mkN_lemma	P.mkN "Notsicherung"	1	complete	exact_source_evidence	provisional	sampled	none_recorded	["L1435926$2FCF7BD6-38D1-4D07-9BBE-010F0CBFDFE8"]	{"s_pl_acc":["L1435926-F8"],"s_pl_dat":["L1435926-F7"],"s_pl_gen":["L1435926-F6"],"s_pl_nom":["L1435926-F5"],"s_sg_acc":["L1435926-F4"],"s_sg_dat":["L1435926-F3"],"s_sg_gen":["L1435926-F2"],"s_sg_nom":["L1435926-F1"]}	[]	{"co":"provisional_inference","csep":"provisional_inference","gender":"source_exact","s_pl_acc":"source_exact","s_pl_dat":"source_exact","s_pl_gen":"source_exact","s_pl_nom":"source_exact","s_sg_acc":"source_exact","s_sg_dat":"source_exact","s_sg_gen":"source_exact","s_sg_nom":"source_exact","uncap_co":"reviewed_inference","uncap_s_pl_acc":"reviewed_inference","uncap_s_pl_dat":"reviewed_inference","uncap_s_pl_gen":"reviewed_inference","uncap_s_pl_nom":"reviewed_inference","uncap_s_sg_acc":"reviewed_inference","uncap_s_sg_dat":"reviewed_inference","uncap_s_sg_gen":"reviewed_inference","uncap_s_sg_nom":"reviewed_inference"}	yes	bdc84028b6133be2899aaac053edcb3b4bd1a88dc3e2394460de0eb7446e1f96	537756d1f474dff804f2564fc787e3f6777d12b4b73dd31811dcf66f04d6bea4	"Notsicherung"	"Notsicherung"	"Notsicherung"	"Notsicherung"	"Notsicherungen"	"Notsicherungen"	"Notsicherungen"	"Notsicherungen"	"feminine"	"Notsicherungs"	"notsicherung"	"notsicherung"	"notsicherung"	"notsicherung"	"notsicherungen"	"notsicherungen"	"notsicherungen"	"notsicherungen"	"notsicherungs"	"bind"
wdn_000328_N	L1436348	["L1436348"]	["dc51a16ccf83715fcfbddadc1bb5441798298c9989ac1cf7ff940a520c0c0115"]	"PKW-Fahrer"	hyphenated	no	wdn_000328_p001	mkN_lemma	P.mkN "PKW-Fahrer"	1	complete	exact_source_evidence	provisional	sampled	none_recorded	["L1436348$749E9F94-B04C-468F-BC90-2216E40F0421"]	{"s_pl_acc":["L1436348-F8"],"s_pl_dat":["L1436348-F7"],"s_pl_gen":["L1436348-F6"],"s_pl_nom":["L1436348-F5"],"s_sg_acc":["L1436348-F4"],"s_sg_dat":["L1436348-F3"],"s_sg_gen":["L1436348-F2"],"s_sg_nom":["L1436348-F1"]}	[]	{"co":"provisional_inference","csep":"reviewed_inference","gender":"source_exact","s_pl_acc":"source_exact","s_pl_dat":"source_exact","s_pl_gen":"source_exact","s_pl_nom":"source_exact","s_sg_acc":"source_exact","s_sg_dat":"source_exact","s_sg_gen":"source_exact","s_sg_nom":"source_exact","uncap_co":"reviewed_inference","uncap_s_pl_acc":"reviewed_inference","uncap_s_pl_dat":"reviewed_inference","uncap_s_pl_gen":"reviewed_inference","uncap_s_pl_nom":"reviewed_inference","uncap_s_sg_acc":"reviewed_inference","uncap_s_sg_dat":"reviewed_inference","uncap_s_sg_gen":"reviewed_inference","uncap_s_sg_nom":"reviewed_inference"}	yes	54cdd40364675b63751a44165531646a143adde75c6bd66e9e914561e7a0a7d5	537756d1f474dff804f2564fc787e3f6777d12b4b73dd31811dcf66f04d6bea4	"PKW-Fahrer"	"PKW-Fahrer"	"PKW-Fahrer"	"PKW-Fahrers"	"PKW-Fahrer"	"PKW-Fahrer"	"PKW-Fahrern"	"PKW-Fahrer"	"masculine"	"PKW-Fahrer"	"PKW-Fahrer"	"PKW-Fahrer"	"PKW-Fahrer"	"PKW-Fahrers"	"PKW-Fahrer"	"PKW-Fahrer"	"PKW-Fahrern"	"PKW-Fahrer"	"PKW-Fahrer"	"hyphen"
wdn_000330_N	L1437863	["L1437863"]	["56e433adc1e91b5c0f002d432466b76485996c9a07c688104037284e50090b51"]	"Reaktorexplosion"	invariant	no	wdn_000330_p001	mkN_lemma	P.mkN "Reaktorexplosion"	1	complete	exact_source_evidence	provisional	sampled	none_recorded	["L1437863$9464C316-9CB2-4F7F-AAD5-051F3B478CD8"]	{"s_pl_acc":["L1437863-F8"],"s_pl_dat":["L1437863-F7"],"s_pl_gen":["L1437863-F6"],"s_pl_nom":["L1437863-F5"],"s_sg_acc":["L1437863-F4"],"s_sg_dat":["L1437863-F3"],"s_sg_gen":["L1437863-F2"],"s_sg_nom":["L1437863-F1"]}	[]	{"co":"provisional_inference","csep":"provisional_inference","gender":"source_exact","s_pl_acc":"source_exact","s_pl_dat":"source_exact","s_pl_gen":"source_exact","s_pl_nom":"source_exact","s_sg_acc":"source_exact","s_sg_dat":"source_exact","s_sg_gen":"source_exact","s_sg_nom":"source_exact","uncap_co":"reviewed_inference","uncap_s_pl_acc":"reviewed_inference","uncap_s_pl_dat":"reviewed_inference","uncap_s_pl_gen":"reviewed_inference","uncap_s_pl_nom":"reviewed_inference","uncap_s_sg_acc":"reviewed_inference","uncap_s_sg_dat":"reviewed_inference","uncap_s_sg_gen":"reviewed_inference","uncap_s_sg_nom":"reviewed_inference"}	yes	7b7127b1358ff5c1ac73134e78acfb9e14d54f771c468850ccb7c2a8e098f9e3	537756d1f474dff804f2564fc787e3f6777d12b4b73dd31811dcf66f04d6bea4	"Reaktorexplosion"	"Reaktorexplosion"	"Reaktorexplosion"	"Reaktorexplosion"	"Reaktorexplosionen"	"Reaktorexplosionen"	"Reaktorexplosionen"	"Reaktorexplosionen"	"feminine"	"Reaktorexplosion"	"reaktorexplosion"	"reaktorexplosion"	"reaktorexplosion"	"reaktorexplosion"	"reaktorexplosionen"	"reaktorexplosionen"	"reaktorexplosionen"	"reaktorexplosionen"	"reaktorexplosion"	"bind"
wdn_000331_N	L1437875	["L1437875"]	["71ff529929c6f714e039f3029ac83b4c9733201935540112a9fbd76cf91bf821"]	"Realschulzeugnis"	regular_neuter	no	wdn_000331_p007	mkN_two	P.mkN "Realschulzeugnis" "Realschulzeugnisse" P.neuter	2	complete	exact_source_evidence	provisional	sampled	none_recorded	["L1437875$F0431D10-3BC6-4A62-AA73-C33D75BFB3C0"]	{"s_pl_acc":["L1437875-F8"],"s_pl_dat":["L1437875-F7"],"s_pl_gen":["L1437875-F6"],"s_pl_nom":["L1437875-F5"],"s_sg_acc":["L1437875-F4"],"s_sg_dat":["L1437875-F3"],"s_sg_gen":["L1437875-F2"],"s_sg_nom":["L1437875-F1"]}	[]	{"co":"provisional_inference","csep":"provisional_inference","gender":"source_exact","s_pl_acc":"source_exact","s_pl_dat":"source_exact","s_pl_gen":"source_exact","s_pl_nom":"source_exact","s_sg_acc":"source_exact","s_sg_dat":"source_exact","s_sg_gen":"source_exact","s_sg_nom":"source_exact","uncap_co":"reviewed_inference","uncap_s_pl_acc":"reviewed_inference","uncap_s_pl_dat":"reviewed_inference","uncap_s_pl_gen":"reviewed_inference","uncap_s_pl_nom":"reviewed_inference","uncap_s_sg_acc":"reviewed_inference","uncap_s_sg_dat":"reviewed_inference","uncap_s_sg_gen":"reviewed_inference","uncap_s_sg_nom":"reviewed_inference"}	yes	dedfa14fed869d730a14cbab56afcb26009596077adea92e28a00cd2d8c0669c	537756d1f474dff804f2564fc787e3f6777d12b4b73dd31811dcf66f04d6bea4	"Realschulzeugnis"	"Realschulzeugnis"	"Realschulzeugnis"	"Realschulzeugnisses"	"Realschulzeugnisse"	"Realschulzeugnisse"	"Realschulzeugnissen"	"Realschulzeugnisse"	"neuter"	"Realschulzeugnis"	"realschulzeugnis"	"realschulzeugnis"	"realschulzeugnis"	"realschulzeugnisses"	"realschulzeugnisse"	"realschulzeugnisse"	"realschulzeugnissen"	"realschulzeugnisse"	"realschulzeugnis"	"bind"
wdn_000332_N	L1438052	["L1438052"]	["1777e6e2eeeaab5c62222ba64ca25f77bdc0acca57dde5e2af9e7fa2d5444bb7"]	"Reinling"	regular_masculine	no	wdn_000332_p001	mkN_lemma	P.mkN "Reinling"	1	complete	exact_source_evidence	provisional	sampled	none_recorded	["L1438052$56A5E79F-4425-41FD-BF92-519D153AEFD6"]	{"s_pl_acc":["L1438052-F8"],"s_pl_dat":["L1438052-F7"],"s_pl_gen":["L1438052-F6"],"s_pl_nom":["L1438052-F5"],"s_sg_acc":["L1438052-F4"],"s_sg_dat":["L1438052-F3"],"s_sg_gen":["L1438052-F2"],"s_sg_nom":["L1438052-F1"]}	[]	{"co":"provisional_inference","csep":"provisional_inference","gender":"source_exact","s_pl_acc":"source_exact","s_pl_dat":"source_exact","s_pl_gen":"source_exact","s_pl_nom":"source_exact","s_sg_acc":"source_exact","s_sg_dat":"source_exact","s_sg_gen":"source_exact","s_sg_nom":"source_exact","uncap_co":"reviewed_inference","uncap_s_pl_acc":"reviewed_inference","uncap_s_pl_dat":"reviewed_inference","uncap_s_pl_gen":"reviewed_inference","uncap_s_pl_nom":"reviewed_inference","uncap_s_sg_acc":"reviewed_inference","uncap_s_sg_dat":"reviewed_inference","uncap_s_sg_gen":"reviewed_inference","uncap_s_sg_nom":"reviewed_inference"}	yes	b8271a683d158ecd558b336285ec7dc2d757a07945c3afa7ab621817dbb36f48	537756d1f474dff804f2564fc787e3f6777d12b4b73dd31811dcf66f04d6bea4	"Reinling"	"Reinling"	"Reinling"	"Reinlings"	"Reinlinge"	"Reinlinge"	"Reinlingen"	"Reinlinge"	"masculine"	"Reinling"	"reinling"	"reinling"	"reinling"	"reinlings"	"reinlinge"	"reinlinge"	"reinlingen"	"reinlinge"	"reinling"	"bind"
wdn_000333_N	L1438428	["L1438428"]	["5bc3c422b1d2cfd79faee2f7356317f7707f16be686b57716a196da8ba34c1ed"]	"Rockbarde"	irregular_full	no	wdn_000333_p002	mkN_lemma_gender	P.mkN "Rockbarde" P.masculine	1	complete	exact_source_evidence	provisional	sampled	none_recorded	["L1438428$E5B9BC9C-E17D-4525-B15D-15DAC188AB4F"]	{"s_pl_acc":["L1438428-F8"],"s_pl_dat":["L1438428-F7"],"s_pl_gen":["L1438428-F6"],"s_pl_nom":["L1438428-F5"],"s_sg_acc":["L1438428-F4"],"s_sg_dat":["L1438428-F3"],"s_sg_gen":["L1438428-F2"],"s_sg_nom":["L1438428-F1"]}	[]	{"co":"provisional_inference","csep":"provisional_inference","gender":"source_exact","s_pl_acc":"source_exact","s_pl_dat":"source_exact","s_pl_gen":"source_exact","s_pl_nom":"source_exact","s_sg_acc":"source_exact","s_sg_dat":"source_exact","s_sg_gen":"source_exact","s_sg_nom":"source_exact","uncap_co":"reviewed_inference","uncap_s_pl_acc":"reviewed_inference","uncap_s_pl_dat":"reviewed_inference","uncap_s_pl_gen":"reviewed_inference","uncap_s_pl_nom":"reviewed_inference","uncap_s_sg_acc":"reviewed_inference","uncap_s_sg_dat":"reviewed_inference","uncap_s_sg_gen":"reviewed_inference","uncap_s_sg_nom":"reviewed_inference"}	yes	79cda8755a4563fcd0e1c84dd6947a872e1821ea4323108e39a44bc2b8c86572	537756d1f474dff804f2564fc787e3f6777d12b4b73dd31811dcf66f04d6bea4	"Rockbarde"	"Rockbarden"	"Rockbarden"	"Rockbarden"	"Rockbarden"	"Rockbarden"	"Rockbarden"	"Rockbarden"	"masculine"	"Rockbarden"	"rockbarde"	"rockbarden"	"rockbarden"	"rockbarden"	"rockbarden"	"rockbarden"	"rockbarden"	"rockbarden"	"rockbarden"	"bind"
wdn_000334_N	L1439620	["L1439620"]	["0c138210a4d310bf1aa5dedc72c2ccf3154aa267b9e974e023bbf18d60392da9"]	"Schäufelchen"	invariant_plural	no	wdn_000334_p002	mkN_lemma_gender	P.mkN "Schäufelchen" P.neuter	1	complete	exact_source_evidence	provisional	sampled	none_recorded	["L1439620$AFA55074-BB6A-4D6C-842A-EE1BB742D45A"]	{"s_pl_acc":["L1439620-F8"],"s_pl_dat":["L1439620-F7"],"s_pl_gen":["L1439620-F6"],"s_pl_nom":["L1439620-F5"],"s_sg_acc":["L1439620-F4"],"s_sg_dat":["L1439620-F3"],"s_sg_gen":["L1439620-F2"],"s_sg_nom":["L1439620-F1"]}	[]	{"co":"provisional_inference","csep":"provisional_inference","gender":"source_exact","s_pl_acc":"source_exact","s_pl_dat":"source_exact","s_pl_gen":"source_exact","s_pl_nom":"source_exact","s_sg_acc":"source_exact","s_sg_dat":"source_exact","s_sg_gen":"source_exact","s_sg_nom":"source_exact","uncap_co":"reviewed_inference","uncap_s_pl_acc":"reviewed_inference","uncap_s_pl_dat":"reviewed_inference","uncap_s_pl_gen":"reviewed_inference","uncap_s_pl_nom":"reviewed_inference","uncap_s_sg_acc":"reviewed_inference","uncap_s_sg_dat":"reviewed_inference","uncap_s_sg_gen":"reviewed_inference","uncap_s_sg_nom":"reviewed_inference"}	yes	fa3f73223beaad72d8c5508532aba3cb9c32b268d20e94a308d78619d3d6195d	537756d1f474dff804f2564fc787e3f6777d12b4b73dd31811dcf66f04d6bea4	"Schäufelchen"	"Schäufelchen"	"Schäufelchen"	"Schäufelchens"	"Schäufelchen"	"Schäufelchen"	"Schäufelchen"	"Schäufelchen"	"neuter"	"Schäufelchen"	"schäufelchen"	"schäufelchen"	"schäufelchen"	"schäufelchens"	"schäufelchen"	"schäufelchen"	"schäufelchen"	"schäufelchen"	"schäufelchen"	"bind"
wdn_000335_N	L1441320	["L1441320"]	["283a9c848c575dc81be5312922a8f57c95818ae5767476b02dd15361213b56e9"]	"TNT"	abbreviation	no	wdn_000335_p002	abbrevN+mkN_lemma_gender	P.abbrevN (P.mkN "TNT" P.neuter)	1	partial	compatible_with_inference	provisional	sampled	none_recorded	["L1441320$FDA60635-0E06-4ED5-9BEC-E5A5F03EFFBD"]	{"s_sg_acc":["L1441320-F4"],"s_sg_dat":["L1441320-F3"],"s_sg_gen":["L1441320-F2"],"s_sg_nom":["L1441320-F1"]}	[]	{"co":"provisional_inference","csep":"reviewed_inference","gender":"source_exact","s_pl_acc":"provisional_inference","s_pl_dat":"provisional_inference","s_pl_gen":"provisional_inference","s_pl_nom":"provisional_inference","s_sg_acc":"source_exact","s_sg_dat":"source_exact","s_sg_gen":"source_exact","s_sg_nom":"source_exact","uncap_co":"reviewed_inference","uncap_s_pl_acc":"reviewed_inference","uncap_s_pl_dat":"reviewed_inference","uncap_s_pl_gen":"reviewed_inference","uncap_s_pl_nom":"reviewed_inference","uncap_s_sg_acc":"reviewed_inference","uncap_s_sg_dat":"reviewed_inference","uncap_s_sg_gen":"reviewed_inference","uncap_s_sg_nom":"reviewed_inference"}	yes	9f784e3ea768e10622c5a3fb65a89d9853b4c8f2df6efb7d9238f318a14fdc9c	537756d1f474dff804f2564fc787e3f6777d12b4b73dd31811dcf66f04d6bea4	"TNT"	"TNT"	"TNT"	"TNTs"	"TNTer"	"TNTer"	"TNTern"	"TNTer"	"neuter"	"TNT"	"TNT"	"TNT"	"TNT"	"TNTs"	"TNTer"	"TNTer"	"TNTern"	"TNTer"	"TNT"	"hyphen"
wdn_000336_N	L1441325	["L1441325"]	["c5d5a21476169e97915847ba875e896bde8ed66db3e054aa2a914d7a6c61dd1c"]	"TV-Übertragung"	hyphenated	no	wdn_000336_p001	mkN_lemma	P.mkN "TV-Übertragung"	1	complete	exact_source_evidence	provisional	sampled	none_recorded	["L1441325$A83148F8-10DE-4F66-B89F-6955A1D6A667"]	{"s_pl_acc":["L1441325-F8"],"s_pl_dat":["L1441325-F7"],"s_pl_gen":["L1441325-F6"],"s_pl_nom":["L1441325-F5"],"s_sg_acc":["L1441325-F4"],"s_sg_dat":["L1441325-F3"],"s_sg_gen":["L1441325-F2"],"s_sg_nom":["L1441325-F1"]}	[]	{"co":"provisional_inference","csep":"reviewed_inference","gender":"source_exact","s_pl_acc":"source_exact","s_pl_dat":"source_exact","s_pl_gen":"source_exact","s_pl_nom":"source_exact","s_sg_acc":"source_exact","s_sg_dat":"source_exact","s_sg_gen":"source_exact","s_sg_nom":"source_exact","uncap_co":"reviewed_inference","uncap_s_pl_acc":"reviewed_inference","uncap_s_pl_dat":"reviewed_inference","uncap_s_pl_gen":"reviewed_inference","uncap_s_pl_nom":"reviewed_inference","uncap_s_sg_acc":"reviewed_inference","uncap_s_sg_dat":"reviewed_inference","uncap_s_sg_gen":"reviewed_inference","uncap_s_sg_nom":"reviewed_inference"}	yes	327b9af72bd8bbfd3a7fc0607986957c308760f0e9e255785c7189d35bddf427	537756d1f474dff804f2564fc787e3f6777d12b4b73dd31811dcf66f04d6bea4	"TV-Übertragung"	"TV-Übertragung"	"TV-Übertragung"	"TV-Übertragung"	"TV-Übertragungen"	"TV-Übertragungen"	"TV-Übertragungen"	"TV-Übertragungen"	"feminine"	"TV-Übertragungs"	"TV-Übertragung"	"TV-Übertragung"	"TV-Übertragung"	"TV-Übertragung"	"TV-Übertragungen"	"TV-Übertragungen"	"TV-Übertragungen"	"TV-Übertragungen"	"TV-Übertragungs"	"hyphen"
wdn_000337_N	L1442165	["L1442165"]	["9c1109a7ec619491489c141fcb4c674cd0c98421a55056674cf6247a40210a9c"]	"Tumorerkennung"	invariant	no	wdn_000337_p001	mkN_lemma	P.mkN "Tumorerkennung"	1	complete	exact_source_evidence	provisional	sampled	none_recorded	["L1442165$DE31F93D-4981-42ED-AEE0-84A25CA8E08B"]	{"s_pl_acc":["L1442165-F8"],"s_pl_dat":["L1442165-F7"],"s_pl_gen":["L1442165-F6"],"s_pl_nom":["L1442165-F5"],"s_sg_acc":["L1442165-F4"],"s_sg_dat":["L1442165-F3"],"s_sg_gen":["L1442165-F2"],"s_sg_nom":["L1442165-F1"]}	[]	{"co":"provisional_inference","csep":"provisional_inference","gender":"source_exact","s_pl_acc":"source_exact","s_pl_dat":"source_exact","s_pl_gen":"source_exact","s_pl_nom":"source_exact","s_sg_acc":"source_exact","s_sg_dat":"source_exact","s_sg_gen":"source_exact","s_sg_nom":"source_exact","uncap_co":"reviewed_inference","uncap_s_pl_acc":"reviewed_inference","uncap_s_pl_dat":"reviewed_inference","uncap_s_pl_gen":"reviewed_inference","uncap_s_pl_nom":"reviewed_inference","uncap_s_sg_acc":"reviewed_inference","uncap_s_sg_dat":"reviewed_inference","uncap_s_sg_gen":"reviewed_inference","uncap_s_sg_nom":"reviewed_inference"}	yes	73a5e0a8424d7ea7dd1ffcf41d1f6b087aa4a2f93ad11dc4108b2519011e308f	537756d1f474dff804f2564fc787e3f6777d12b4b73dd31811dcf66f04d6bea4	"Tumorerkennung"	"Tumorerkennung"	"Tumorerkennung"	"Tumorerkennung"	"Tumorerkennungen"	"Tumorerkennungen"	"Tumorerkennungen"	"Tumorerkennungen"	"feminine"	"Tumorerkennungs"	"tumorerkennung"	"tumorerkennung"	"tumorerkennung"	"tumorerkennung"	"tumorerkennungen"	"tumorerkennungen"	"tumorerkennungen"	"tumorerkennungen"	"tumorerkennungs"	"bind"
wdn_000338_N	L1443013	["L1443013"]	["02d7375ddaa9389a5c8bfbf52319640cb82a9ba5be687180656395d7f3342c1d"]	"Vier-Sterne-Hotel"	hyphenated	no	wdn_000338_p006	invarPlN_two	P.invarPlN "Vier-Sterne-Hotel" "Vier-Sterne-Hotels" P.neuter	2	complete	exact_source_evidence	provisional	sampled	none_recorded	["L1443013$2FAE11AE-33E2-4F9E-8AED-2F0793866B6C"]	{"s_pl_acc":["L1443013-F8"],"s_pl_dat":["L1443013-F7"],"s_pl_gen":["L1443013-F6"],"s_pl_nom":["L1443013-F5"],"s_sg_acc":["L1443013-F4"],"s_sg_dat":["L1443013-F3"],"s_sg_gen":["L1443013-F2"],"s_sg_nom":["L1443013-F1"]}	[]	{"co":"provisional_inference","csep":"reviewed_inference","gender":"source_exact","s_pl_acc":"source_exact","s_pl_dat":"source_exact","s_pl_gen":"source_exact","s_pl_nom":"source_exact","s_sg_acc":"source_exact","s_sg_dat":"source_exact","s_sg_gen":"source_exact","s_sg_nom":"source_exact","uncap_co":"reviewed_inference","uncap_s_pl_acc":"reviewed_inference","uncap_s_pl_dat":"reviewed_inference","uncap_s_pl_gen":"reviewed_inference","uncap_s_pl_nom":"reviewed_inference","uncap_s_sg_acc":"reviewed_inference","uncap_s_sg_dat":"reviewed_inference","uncap_s_sg_gen":"reviewed_inference","uncap_s_sg_nom":"reviewed_inference"}	yes	5b01895591ad48c65573f93dac8d12fe223a0b0da69d97a620b020cd1631116e	537756d1f474dff804f2564fc787e3f6777d12b4b73dd31811dcf66f04d6bea4	"Vier-Sterne-Hotel"	"Vier-Sterne-Hotel"	"Vier-Sterne-Hotel"	"Vier-Sterne-Hotels"	"Vier-Sterne-Hotels"	"Vier-Sterne-Hotels"	"Vier-Sterne-Hotels"	"Vier-Sterne-Hotels"	"neuter"	"Vier-Sterne-Hotel"	"Vier-Sterne-Hotel"	"Vier-Sterne-Hotel"	"Vier-Sterne-Hotel"	"Vier-Sterne-Hotels"	"Vier-Sterne-Hotels"	"Vier-Sterne-Hotels"	"Vier-Sterne-Hotels"	"Vier-Sterne-Hotels"	"Vier-Sterne-Hotel"	"hyphen"
wdn_000339_N	L1443372	["L1443372"]	["644d1bcf9b7c638d26a18fdef283a8888b8c16547efe6832b8d7565a55ebc03a"]	"WM-Gürtel"	hyphenated	no	wdn_000339_p001	mkN_lemma	P.mkN "WM-Gürtel"	1	complete	exact_source_evidence	provisional	sampled	none_recorded	["L1443372$FDC51E4E-1822-45B0-A236-04B66AD59C92"]	{"s_pl_acc":["L1443372-F8"],"s_pl_dat":["L1443372-F7"],"s_pl_gen":["L1443372-F6"],"s_pl_nom":["L1443372-F5"],"s_sg_acc":["L1443372-F4"],"s_sg_dat":["L1443372-F3"],"s_sg_gen":["L1443372-F2"],"s_sg_nom":["L1443372-F1"]}	[]	{"co":"provisional_inference","csep":"reviewed_inference","gender":"source_exact","s_pl_acc":"source_exact","s_pl_dat":"source_exact","s_pl_gen":"source_exact","s_pl_nom":"source_exact","s_sg_acc":"source_exact","s_sg_dat":"source_exact","s_sg_gen":"source_exact","s_sg_nom":"source_exact","uncap_co":"reviewed_inference","uncap_s_pl_acc":"reviewed_inference","uncap_s_pl_dat":"reviewed_inference","uncap_s_pl_gen":"reviewed_inference","uncap_s_pl_nom":"reviewed_inference","uncap_s_sg_acc":"reviewed_inference","uncap_s_sg_dat":"reviewed_inference","uncap_s_sg_gen":"reviewed_inference","uncap_s_sg_nom":"reviewed_inference"}	yes	468139f4253f65412b9f6db4f1b1d1f75edf2f4bbee49ab005b979b0e8c24e61	537756d1f474dff804f2564fc787e3f6777d12b4b73dd31811dcf66f04d6bea4	"WM-Gürtel"	"WM-Gürtel"	"WM-Gürtel"	"WM-Gürtels"	"WM-Gürtel"	"WM-Gürtel"	"WM-Gürteln"	"WM-Gürtel"	"masculine"	"WM-Gürtel"	"WM-Gürtel"	"WM-Gürtel"	"WM-Gürtel"	"WM-Gürtels"	"WM-Gürtel"	"WM-Gürtel"	"WM-Gürteln"	"WM-Gürtel"	"WM-Gürtel"	"hyphen"
wdn_000341_N	L1444515	["L1444515"]	["35ee51d4723f9285a5cc5875732e0c3b5117f2585fd6f06d02d4f8b48cae87d0"]	"Zibebe"	invariant	no	wdn_000341_p001	mkN_lemma	P.mkN "Zibebe"	1	complete	exact_source_evidence	provisional	sampled	none_recorded	["L1444515$91B0855F-0986-4B28-97B9-A6CEEB6FC8A0"]	{"s_pl_acc":["L1444515-F8"],"s_pl_dat":["L1444515-F7"],"s_pl_gen":["L1444515-F6"],"s_pl_nom":["L1444515-F5"],"s_sg_acc":["L1444515-F4"],"s_sg_dat":["L1444515-F3"],"s_sg_gen":["L1444515-F2"],"s_sg_nom":["L1444515-F1"]}	[]	{"co":"provisional_inference","csep":"provisional_inference","gender":"source_exact","s_pl_acc":"source_exact","s_pl_dat":"source_exact","s_pl_gen":"source_exact","s_pl_nom":"source_exact","s_sg_acc":"source_exact","s_sg_dat":"source_exact","s_sg_gen":"source_exact","s_sg_nom":"source_exact","uncap_co":"reviewed_inference","uncap_s_pl_acc":"reviewed_inference","uncap_s_pl_dat":"reviewed_inference","uncap_s_pl_gen":"reviewed_inference","uncap_s_pl_nom":"reviewed_inference","uncap_s_sg_acc":"reviewed_inference","uncap_s_sg_dat":"reviewed_inference","uncap_s_sg_gen":"reviewed_inference","uncap_s_sg_nom":"reviewed_inference"}	yes	12f397d8d444ea6ee5d1d379119c51bdc81c169ba36884f295ca9a8c19d8ad87	537756d1f474dff804f2564fc787e3f6777d12b4b73dd31811dcf66f04d6bea4	"Zibebe"	"Zibebe"	"Zibebe"	"Zibebe"	"Zibeben"	"Zibeben"	"Zibeben"	"Zibeben"	"feminine"	"Zibeben"	"zibebe"	"zibebe"	"zibebe"	"zibebe"	"zibeben"	"zibeben"	"zibeben"	"zibeben"	"zibeben"	"bind"
wdn_000343_N	L1444806	["L1444806"]	["f61a3aa228d919547218f89fe5e09d1509ee6a2c0155d98125d34729e2b7d055"]	"Zweitstimmendeckung"	partial_evidence	no	wdn_000343_p001	mkN_lemma	P.mkN "Zweitstimmendeckung"	1	partial	compatible_with_inference	provisional	sampled	none_recorded	["L1444806$B2004E6D-118E-4E59-89CE-6D94BD2D0649"]	{"s_sg_acc":["L1444806-F4"],"s_sg_dat":["L1444806-F3"],"s_sg_gen":["L1444806-F2"],"s_sg_nom":["L1444806-F1"]}	[]	{"co":"provisional_inference","csep":"provisional_inference","gender":"source_exact","s_pl_acc":"provisional_inference","s_pl_dat":"provisional_inference","s_pl_gen":"provisional_inference","s_pl_nom":"provisional_inference","s_sg_acc":"source_exact","s_sg_dat":"source_exact","s_sg_gen":"source_exact","s_sg_nom":"source_exact","uncap_co":"reviewed_inference","uncap_s_pl_acc":"reviewed_inference","uncap_s_pl_dat":"reviewed_inference","uncap_s_pl_gen":"reviewed_inference","uncap_s_pl_nom":"reviewed_inference","uncap_s_sg_acc":"reviewed_inference","uncap_s_sg_dat":"reviewed_inference","uncap_s_sg_gen":"reviewed_inference","uncap_s_sg_nom":"reviewed_inference"}	yes	e97754fae5ee0c22702da57e4ee90c484180a8e8444ffb5eec987597ba23d392	537756d1f474dff804f2564fc787e3f6777d12b4b73dd31811dcf66f04d6bea4	"Zweitstimmendeckung"	"Zweitstimmendeckung"	"Zweitstimmendeckung"	"Zweitstimmendeckung"	"Zweitstimmendeckungen"	"Zweitstimmendeckungen"	"Zweitstimmendeckungen"	"Zweitstimmendeckungen"	"feminine"	"Zweitstimmendeckungs"	"zweitstimmendeckung"	"zweitstimmendeckung"	"zweitstimmendeckung"	"zweitstimmendeckung"	"zweitstimmendeckungen"	"zweitstimmendeckungen"	"zweitstimmendeckungen"	"zweitstimmendeckungen"	"zweitstimmendeckungs"	"bind"
wdn_000344_N	L1444822	["L1444822"]	["e8126d079ad8f1abead778f720f6c5b85ec68043ca891cba70031de44d1877bb"]	"Zwischenkonto"	invariant_plural	no	wdn_000344_p006	invarPlN_two	P.invarPlN "Zwischenkonto" "Zwischenkonten" P.neuter	2	complete	exact_source_evidence	provisional	sampled	none_recorded	["L1444822$51B2C7C2-6C50-4AB7-A32B-99D3A27C1099"]	{"s_pl_acc":["L1444822-F8"],"s_pl_dat":["L1444822-F7"],"s_pl_gen":["L1444822-F6"],"s_pl_nom":["L1444822-F5"],"s_sg_acc":["L1444822-F4"],"s_sg_dat":["L1444822-F3"],"s_sg_gen":["L1444822-F2"],"s_sg_nom":["L1444822-F1"]}	[]	{"co":"provisional_inference","csep":"provisional_inference","gender":"source_exact","s_pl_acc":"source_exact","s_pl_dat":"source_exact","s_pl_gen":"source_exact","s_pl_nom":"source_exact","s_sg_acc":"source_exact","s_sg_dat":"source_exact","s_sg_gen":"source_exact","s_sg_nom":"source_exact","uncap_co":"reviewed_inference","uncap_s_pl_acc":"reviewed_inference","uncap_s_pl_dat":"reviewed_inference","uncap_s_pl_gen":"reviewed_inference","uncap_s_pl_nom":"reviewed_inference","uncap_s_sg_acc":"reviewed_inference","uncap_s_sg_dat":"reviewed_inference","uncap_s_sg_gen":"reviewed_inference","uncap_s_sg_nom":"reviewed_inference"}	yes	695555e9b9f73238c56190336b0df7df1f3df891646c57a409fabfc11f0b0299	537756d1f474dff804f2564fc787e3f6777d12b4b73dd31811dcf66f04d6bea4	"Zwischenkonto"	"Zwischenkonto"	"Zwischenkonto"	"Zwischenkontos"	"Zwischenkonten"	"Zwischenkonten"	"Zwischenkonten"	"Zwischenkonten"	"neuter"	"Zwischenkonto"	"zwischenkonto"	"zwischenkonto"	"zwischenkonto"	"zwischenkontos"	"zwischenkonten"	"zwischenkonten"	"zwischenkonten"	"zwischenkonten"	"zwischenkonto"	"bind"
wdn_000345_N	L1448275	["L1448275"]	["1e98f3f2d76cebfe39c073fd7468451e0084f9d5db7925cc1fb6d95e119b46a4"]	"Überwachungsbefugnis"	regular_feminine	no	wdn_000345_p007	mkN_two	P.mkN "Überwachungsbefugnis" "Überwachungsbefugnisse" P.feminine	2	complete	exact_source_evidence	provisional	sampled	none_recorded	["L1448275$B12808A7-4F44-4FA7-8C2B-F9D40E87DB66"]	{"s_pl_acc":["L1448275-F8"],"s_pl_dat":["L1448275-F7"],"s_pl_gen":["L1448275-F6"],"s_pl_nom":["L1448275-F5"],"s_sg_acc":["L1448275-F4"],"s_sg_dat":["L1448275-F3"],"s_sg_gen":["L1448275-F2"],"s_sg_nom":["L1448275-F1"]}	[]	{"co":"provisional_inference","csep":"provisional_inference","gender":"source_exact","s_pl_acc":"source_exact","s_pl_dat":"source_exact","s_pl_gen":"source_exact","s_pl_nom":"source_exact","s_sg_acc":"source_exact","s_sg_dat":"source_exact","s_sg_gen":"source_exact","s_sg_nom":"source_exact","uncap_co":"reviewed_inference","uncap_s_pl_acc":"reviewed_inference","uncap_s_pl_dat":"reviewed_inference","uncap_s_pl_gen":"reviewed_inference","uncap_s_pl_nom":"reviewed_inference","uncap_s_sg_acc":"reviewed_inference","uncap_s_sg_dat":"reviewed_inference","uncap_s_sg_gen":"reviewed_inference","uncap_s_sg_nom":"reviewed_inference"}	yes	4fd4de70c52a1dc995ff2138f344d388f8ac07900096182c837ae524e2bfa1c1	537756d1f474dff804f2564fc787e3f6777d12b4b73dd31811dcf66f04d6bea4	"Überwachungsbefugnis"	"Überwachungsbefugnis"	"Überwachungsbefugnis"	"Überwachungsbefugnis"	"Überwachungsbefugnisse"	"Überwachungsbefugnisse"	"Überwachungsbefugnissen"	"Überwachungsbefugnisse"	"feminine"	"Überwachungsbefugnis"	"überwachungsbefugnis"	"überwachungsbefugnis"	"überwachungsbefugnis"	"überwachungsbefugnis"	"überwachungsbefugnisse"	"überwachungsbefugnisse"	"überwachungsbefugnissen"	"überwachungsbefugnisse"	"überwachungsbefugnis"	"bind"
wdn_000347_N	L1469608	["L1469608"]	["71ecaa46d8c91a71d5192af160342a3db804f88faed6149b9b1049342fcd94a5"]	"Burgspektakel"	regular_neuter	no	wdn_000347_p002	mkN_lemma_gender	P.mkN "Burgspektakel" P.neuter	1	complete	exact_source_evidence	provisional	sampled	none_recorded	["L1469608$04CB5685-2B6C-4296-9F23-69F293E07FC5"]	{"s_pl_acc":["L1469608-F8"],"s_pl_dat":["L1469608-F7"],"s_pl_gen":["L1469608-F6"],"s_pl_nom":["L1469608-F5"],"s_sg_acc":["L1469608-F4"],"s_sg_dat":["L1469608-F3"],"s_sg_gen":["L1469608-F2"],"s_sg_nom":["L1469608-F1"]}	[]	{"co":"provisional_inference","csep":"provisional_inference","gender":"source_exact","s_pl_acc":"source_exact","s_pl_dat":"source_exact","s_pl_gen":"source_exact","s_pl_nom":"source_exact","s_sg_acc":"source_exact","s_sg_dat":"source_exact","s_sg_gen":"source_exact","s_sg_nom":"source_exact","uncap_co":"reviewed_inference","uncap_s_pl_acc":"reviewed_inference","uncap_s_pl_dat":"reviewed_inference","uncap_s_pl_gen":"reviewed_inference","uncap_s_pl_nom":"reviewed_inference","uncap_s_sg_acc":"reviewed_inference","uncap_s_sg_dat":"reviewed_inference","uncap_s_sg_gen":"reviewed_inference","uncap_s_sg_nom":"reviewed_inference"}	yes	7693039ea46666a1bb441d79f9248cdbf65250a89588a2716e54e4c9e8bb8022	537756d1f474dff804f2564fc787e3f6777d12b4b73dd31811dcf66f04d6bea4	"Burgspektakel"	"Burgspektakel"	"Burgspektakel"	"Burgspektakels"	"Burgspektakel"	"Burgspektakel"	"Burgspektakeln"	"Burgspektakel"	"neuter"	"Burgspektakel"	"burgspektakel"	"burgspektakel"	"burgspektakel"	"burgspektakels"	"burgspektakel"	"burgspektakel"	"burgspektakeln"	"burgspektakel"	"burgspektakel"	"bind"
wdn_000348_N	L1470776	["L1470776"]	["0523bede45de77b79801902c20a788a3c8d505029846a41f6c2285b7502b051b"]	"SS-Wachleute"	plural_only	no	wdn_000348_p001	pluralOnlyN	P.pluralOnlyN "SS-Wachleute"	1	complete	compatible_with_inference	provisional	sampled	none_recorded	["L1470776$138E1628-E1F7-41CB-BD57-462950912D5D"]	{"s_pl_acc":["L1470776-F4"],"s_pl_dat":["L1470776-F3"],"s_pl_gen":["L1470776-F2"],"s_pl_nom":["L1470776-F1"]}	[]	{"co":"provisional_inference","csep":"reviewed_inference","gender":"provisional_inference","s_pl_acc":"source_exact","s_pl_dat":"source_exact","s_pl_gen":"source_exact","s_pl_nom":"source_exact","s_sg_acc":"unavailable","s_sg_dat":"unavailable","s_sg_gen":"unavailable","s_sg_nom":"unavailable","uncap_co":"reviewed_inference","uncap_s_pl_acc":"reviewed_inference","uncap_s_pl_dat":"reviewed_inference","uncap_s_pl_gen":"reviewed_inference","uncap_s_pl_nom":"reviewed_inference","uncap_s_sg_acc":"unavailable","uncap_s_sg_dat":"unavailable","uncap_s_sg_gen":"unavailable","uncap_s_sg_nom":"unavailable"}	yes	d5d4628b797c7c7c629e9340f473492e6365ee1aeef11d3a36271a731884be5f	537756d1f474dff804f2564fc787e3f6777d12b4b73dd31811dcf66f04d6bea4	""	""	""	""	"SS-Wachleute"	"SS-Wachleute"	"SS-Wachleuten"	"SS-Wachleute"	"masculine"	"SS-Wachleute"	""	""	""	""	"SS-Wachleute"	"SS-Wachleute"	"SS-Wachleuten"	"SS-Wachleute"	"SS-Wachleute"	"hyphen"
wdn_000350_N	L1547244	["L1547244"]	["bf421ca9ad812685dfcac35431a1dfca5871c790e526496647344221debefd2f"]	"Schneckenzüchter"	regular_masculine	no	wdn_000350_p001	mkN_lemma	P.mkN "Schneckenzüchter"	1	complete	exact_source_evidence	provisional	sampled	explicit_compound_analysis	["L1547244$8f2e6418-42f0-b018-7842-cb24e01c5fb1","L1547244$9c8186ab-469e-22ee-e5f1-1f97f089de01","L1547244$EAF7907F-A9F9-4646-81B2-56C55BF7F1DA","L1547244$c07d1214-4303-0373-0bb1-4362b5e8f2e8","L1547244$dad6817c-41ae-ecfb-611f-c7a163db2cf8"]	{"s_pl_acc":["L1547244-F8"],"s_pl_dat":["L1547244-F7"],"s_pl_gen":["L1547244-F6"],"s_pl_nom":["L1547244-F5"],"s_sg_acc":["L1547244-F4"],"s_sg_dat":["L1547244-F3"],"s_sg_gen":["L1547244-F2"],"s_sg_nom":["L1547244-F1"]}	[]	{"co":"provisional_inference","csep":"provisional_inference","gender":"source_exact","s_pl_acc":"source_exact","s_pl_dat":"source_exact","s_pl_gen":"source_exact","s_pl_nom":"source_exact","s_sg_acc":"source_exact","s_sg_dat":"source_exact","s_sg_gen":"source_exact","s_sg_nom":"source_exact","uncap_co":"reviewed_inference","uncap_s_pl_acc":"reviewed_inference","uncap_s_pl_dat":"reviewed_inference","uncap_s_pl_gen":"reviewed_inference","uncap_s_pl_nom":"reviewed_inference","uncap_s_sg_acc":"reviewed_inference","uncap_s_sg_dat":"reviewed_inference","uncap_s_sg_gen":"reviewed_inference","uncap_s_sg_nom":"reviewed_inference"}	yes	680c0b3bef813df17e9ba8091253a6bb7076695768b026517166a87a875fa5f0	537756d1f474dff804f2564fc787e3f6777d12b4b73dd31811dcf66f04d6bea4	"Schneckenzüchter"	"Schneckenzüchter"	"Schneckenzüchter"	"Schneckenzüchters"	"Schneckenzüchter"	"Schneckenzüchter"	"Schneckenzüchtern"	"Schneckenzüchter"	"masculine"	"Schneckenzüchter"	"schneckenzüchter"	"schneckenzüchter"	"schneckenzüchter"	"schneckenzüchters"	"schneckenzüchter"	"schneckenzüchter"	"schneckenzüchtern"	"schneckenzüchter"	"schneckenzüchter"	"bind"
