internal_id	source_key	lexeme_ids	entity_sha256	lemma_json	stratum	sample_score_sha256	pinned	genders	gender_claims_json	number_restriction	restriction_claims_json	paradigm_claims_json	source_completeness	slot_values_json	slot_form_ids_json	combining_forms_json	object_form_evidence_json	compound_statement_ids_json	sense_statement_ids_json	structural_evidence	orthography	diagnostics_json	review_status
wdn_000001_N	L2208	["L2208"]	["fe64bcc888196c81a5384de8ecc5381fad2015bd407f0b1a9d8c0882720bce24"]	"Literatur"	rejected_feature	37f3613ea2fbe78830bdc07f7b4bf143557dc6efb7e7d796047810b3a44cd58f	no	["feminine"]	[{"rank":"normal","statement":"L2208$542c3cfa-415b-af8c-9f7d-a298a29a6fbf","value":"Q1775415"}]	ordinary	[]	[]	complete	{"s_pl_acc":["Literaturen"],"s_pl_dat":["Literaturen"],"s_pl_gen":["Literaturen"],"s_pl_nom":["Literaturen"],"s_sg_acc":["Literatur"],"s_sg_dat":["Literatur"],"s_sg_gen":["Literatur"],"s_sg_nom":["Literatur"]}	{"s_pl_acc":["L2208-F9"],"s_pl_dat":["L2208-F8"],"s_pl_gen":["L2208-F7"],"s_pl_nom":["L2208-F6"],"s_sg_acc":["L2208-F5"],"s_sg_dat":["L2208-F4"],"s_sg_gen":["L2208-F3"],"s_sg_nom":["L2208-F2"]}	[]	[]	[]	[]	component_target	[]	["non_slot_form_bundle","rejected_noun_form_feature"]	automatic
wdn_000002_N	L2707	["L2707"]	["8e0a07dff947153b111eb243f8c90601bc35fe2057f176aa0a9cea19386cef4c"]	"Bibliothek"	explicit_combining	06d14e034ca195b16d2f2a6c5731ce9fadb12c19612896e54d92a31ac41fe99d	no	["feminine"]	[{"rank":"normal","statement":"L2707$74c1e2c0-418a-88f4-f36a-832dab14995f","value":"Q1775415"}]	ordinary	[]	[]	complete	{"s_pl_acc":["Bibliotheken"],"s_pl_dat":["Bibliotheken"],"s_pl_gen":["Bibliotheken"],"s_pl_nom":["Bibliotheken"],"s_sg_acc":["Bibliothek"],"s_sg_dat":["Bibliothek"],"s_sg_gen":["Bibliothek"],"s_sg_nom":["Bibliothek"]}	{"s_pl_acc":["L2707-F8"],"s_pl_dat":["L2707-F7"],"s_pl_gen":["L2707-F6"],"s_pl_nom":["L2707-F5"],"s_sg_acc":["L2707-F4"],"s_sg_dat":["L2707-F3"],"s_sg_gen":["L2707-F2"],"s_sg_nom":["L2707-F1"]}	[{"features":["Q107614077"],"form_id":"L2707-F9","value":"Bibliotheks"}]	["L290667$457a3db3-4c87-3017-209e-8492b910db5d>L2707-F9"]	[]	[]	component_target	[]	[]	automatic
wdn_000003_N	L2957	["L2957"]	["d963d6ca37676b25d4947b5ee5ccfe6d692e6b347cbee65af30ced32b1eb430a"]	"Haus"	ambiguous_combining	485240f01ea56a7d3f4dc69c4d07625c05348b1222e4feeb1c4281dd16510e2d	no	["neuter"]	[{"rank":"normal","statement":"L2957$f6e64955-4cc8-cd02-191b-364347093f2b","value":"Q1775461"}]	ordinary	[]	[{"rank":"normal","statement":"L2957$bcece381-49eb-7872-0593-1a224dc5ba10","value":"Q124328318"}]	complete	{"s_pl_acc":["Häuser"],"s_pl_dat":["Häusern"],"s_pl_gen":["Häuser"],"s_pl_nom":["Häuser"],"s_sg_acc":["Haus"],"s_sg_dat":["Haus"],"s_sg_gen":["Hauses"],"s_sg_nom":["Haus"]}	{"s_pl_acc":["L2957-F8"],"s_pl_dat":["L2957-F7"],"s_pl_gen":["L2957-F6"],"s_pl_nom":["L2957-F1"],"s_sg_acc":["L2957-F5"],"s_sg_dat":["L2957-F4"],"s_sg_gen":["L2957-F2"],"s_sg_nom":["L2957-F3"]}	[{"features":["Q107614077"],"form_id":"L2957-F10","value":"Häuser"},{"features":["Q107614077"],"form_id":"L2957-F9","value":"Haus"}]	["L824188$43eae51f-4423-5be5-f07e-ee1fa6cbc185>L2957-F10"]	[]	[]	component_target	[]	["multiple_combining_forms"]	automatic
wdn_000004_N	L3146	["L3146"]	["c1052fdbf46fb3d1da9d0fdb58c8e8ac3a1e3a9d45cd592b7168b4b6203e7a62"]	"Großeltern"	plural_only	07c02591b5f0869971c6d47fa675e56de08293334757a86735c8a969d9329be2	yes	[]	[]	plural_only	[{"rank":"normal","statement":"L3146$2AAF321C-7D64-4D35-BB71-EC84066262DE","value":"Q138246"}]	[]	complete	{"s_pl_acc":["Großeltern"],"s_pl_dat":["Großeltern"],"s_pl_gen":["Großeltern"],"s_pl_nom":["Großeltern"]}	{"s_pl_acc":["L3146-F4"],"s_pl_dat":["L3146-F3"],"s_pl_gen":["L3146-F2"],"s_pl_nom":["L3146-F1"]}	[]	[]	["L3146$681fcc67-4a9a-b555-3b2e-da8e55899252","L3146$a075637d-4f4d-f131-2e61-739ff46fa471"]	[]	explicit_compound_analysis	[]	["missing_gender"]	automatic
wdn_000005_N	L6692	["L6692"]	["9da4860c679b0a2338f81b8a0c0d20f7af6781c8efd49622d4d79d1d63f18862"]	"Gedankenfreiheit"	singular_only	03d0daab3d8b4e5ed11a436bdc899d6b4716cce65835fdb51b9d85c07bafd460	no	["feminine"]	[{"rank":"normal","statement":"L6692$86DC6D51-3F9A-45FC-980E-AD22F1F606A4","value":"Q1775415"}]	singular_only	[{"rank":"normal","statement":"L6692$6A4294BB-D1FB-4031-987C-4393E5F99BCE","value":"Q604984"}]	[]	complete	{"s_sg_acc":["Gedankenfreiheit"],"s_sg_dat":["Gedankenfreiheit"],"s_sg_gen":["Gedankenfreiheit"],"s_sg_nom":["Gedankenfreiheit"]}	{"s_sg_acc":["L6692-F4"],"s_sg_dat":["L6692-F3"],"s_sg_gen":["L6692-F2"],"s_sg_nom":["L6692-F1"]}	[]	[]	["L6692$18d67537-4d52-e902-beaa-eafbcbcdcedf","L6692$29a8393a-4238-af80-380f-86241b017237"]	[]	explicit_compound_analysis	[]	[]	automatic
wdn_000006_N	L6726	["L6726"]	["032f5c99f882fac136b6609c17b61543f83b78e0c4c06c4fb202410803322069"]	"Schmutz"	singular_only	0b6dc62c667590c4a155738b7a47561efdda849c9c7902e12b800209b3f9e29a	no	["masculine"]	[{"rank":"normal","statement":"L6726$3E360C07-74CC-4A23-9F05-2E927C45932D","value":"Q499327"}]	singular_only	[{"rank":"normal","statement":"L6726$ED70210F-C010-4E1B-A64A-3F0434FBF81F","value":"Q604984"}]	[]	complete	{"s_sg_acc":["Schmutz"],"s_sg_dat":["Schmutz"],"s_sg_gen":["Schmutzes"],"s_sg_nom":["Schmutz"]}	{"s_sg_acc":["L6726-F4"],"s_sg_dat":["L6726-F3"],"s_sg_gen":["L6726-F2"],"s_sg_nom":["L6726-F1"]}	[]	[]	[]	[]	component_target	[]	[]	automatic
wdn_000007_N	L6752	["L6752"]	["7d02cafb954c7e696e2f1942abed8c00c78e16d238fbe235cc41059a400fe53c"]	"Dezimalsystem"	singular_only	0537ab5e2909101d24ce494e396d0d3b0d5270f73c84acbb963dc9d75b7a97cc	no	["neuter"]	[{"rank":"normal","statement":"L6752$DF43F88C-C868-45D3-BD3B-913C00BB2194","value":"Q1775461"}]	singular_only	[{"rank":"normal","statement":"L6752$FCA6331F-4A4F-4FFD-9EAB-86052EE81D95","value":"Q604984"}]	[]	complete	{"s_sg_acc":["Dezimalsystem"],"s_sg_dat":["Dezimalsystem"],"s_sg_gen":["Dezimalsystems"],"s_sg_nom":["Dezimalsystem"]}	{"s_sg_acc":["L6752-F4"],"s_sg_dat":["L6752-F3"],"s_sg_gen":["L6752-F2"],"s_sg_nom":["L6752-F1"]}	[]	[]	["L6752$0cbced8f-46a9-e8c9-22a8-3d83aaf4ca6d","L6752$a08aefce-4ae1-549a-56a3-36204b879029"]	[]	explicit_compound_analysis	[]	[]	automatic
wdn_000008_N	L6821	["L6821"]	["6931244031b06bdf674988e902151982e031ea5f3b39803972cb27b36911a88c"]	"Freitag"	explicit_combining	091b4f0f9f1234902b59bd33ed380fd18f587da44115b79c2027b0aff1960a9a	no	["masculine"]	[{"rank":"normal","statement":"L6821$8C379F16-E325-4F9F-B724-12C3699FE05C","value":"Q499327"}]	ordinary	[]	[]	complete	{"s_pl_acc":["Freitage"],"s_pl_dat":["Freitagen"],"s_pl_gen":["Freitage"],"s_pl_nom":["Freitage"],"s_sg_acc":["Freitag"],"s_sg_dat":["Freitag"],"s_sg_gen":["Freitags"],"s_sg_nom":["Freitag"]}	{"s_pl_acc":["L6821-F8"],"s_pl_dat":["L6821-F7"],"s_pl_gen":["L6821-F6"],"s_pl_nom":["L6821-F5"],"s_sg_acc":["L6821-F4"],"s_sg_dat":["L6821-F3"],"s_sg_gen":["L6821-F2"],"s_sg_nom":["L6821-F1"]}	[{"features":["Q107614077"],"form_id":"L6821-F9","value":"Freitags"}]	["L789090$4444d831-4a51-35f9-cf18-255f59efbdd0>L6821-F9"]	[]	[]	component_target	[]	[]	automatic
wdn_000009_N	L7119	["L7119"]	["253f5249d36fd29b57a0645bdee29a5750de278df12ad68004cf0245ee3994a3"]	"Quelle"	explicit_combining	061edd23d264364c898d8c1267037f25a438d15a5bba2571c51fe6fca5fdf215	no	["feminine"]	[{"rank":"normal","statement":"L7119$0C8A2C28-1619-47A8-B74F-7F073B7B7164","value":"Q1775415"}]	ordinary	[]	[]	complete	{"s_pl_acc":["Quellen"],"s_pl_dat":["Quellen"],"s_pl_gen":["Quellen"],"s_pl_nom":["Quellen"],"s_sg_acc":["Quelle"],"s_sg_dat":["Quelle"],"s_sg_gen":["Quelle"],"s_sg_nom":["Quelle"]}	{"s_pl_acc":["L7119-F8"],"s_pl_dat":["L7119-F7"],"s_pl_gen":["L7119-F6"],"s_pl_nom":["L7119-F5"],"s_sg_acc":["L7119-F4"],"s_sg_dat":["L7119-F3"],"s_sg_gen":["L7119-F2"],"s_sg_nom":["L7119-F1"]}	[{"features":["Q107614077"],"form_id":"L7119-F9","value":"Quellen"}]	[]	[]	[]	component_target	[]	[]	automatic
wdn_000010_N	L7330	["L7330"]	["95a28f49ec1330b533f060c2ddc6abd2698553311c868d5dd32bc2c587659947"]	"Leuchtturmwärter"	regular_masculine	00253868b8cbb937bc7392235cfc6e52a80fcb2b58349bfa7fb1c3aa5b955ff3	no	["masculine"]	[{"rank":"normal","statement":"L7330$7365F090-416A-48BE-A67D-7CF98968BC43","value":"Q499327"}]	ordinary	[]	[{"rank":"normal","statement":"L7330$9D7A2CD8-E563-49C4-9539-E1522F5EE993","value":"Q105683521"}]	complete	{"s_pl_acc":["Leuchtturmwärter"],"s_pl_dat":["Leuchtturmwärtern"],"s_pl_gen":["Leuchtturmwärter"],"s_pl_nom":["Leuchtturmwärter"],"s_sg_acc":["Leuchtturmwärter"],"s_sg_dat":["Leuchtturmwärter"],"s_sg_gen":["Leuchtturmwärters"],"s_sg_nom":["Leuchtturmwärter"]}	{"s_pl_acc":["L7330-F8"],"s_pl_dat":["L7330-F7"],"s_pl_gen":["L7330-F6"],"s_pl_nom":["L7330-F5"],"s_sg_acc":["L7330-F4"],"s_sg_dat":["L7330-F3"],"s_sg_gen":["L7330-F2"],"s_sg_nom":["L7330-F1"]}	[]	[]	[]	[]	component_target	[]	[]	automatic
wdn_000011_N	L7630	["L7630"]	["fcbbcfa15bae6c9ecbe403ffa9bd79a5186a11286b17efd8b50bcac0b3f8b16e"]	"Ball"	rejected_feature	f3b103cf7383ac6b6603bfe476d989812fc75a3838d5ccaeeb9f3da35d49139f	no	["masculine"]	[{"rank":"normal","statement":"L7630$D0F0093D-DDC5-4287-BC8E-30FB9E64CC09","value":"Q499327"}]	ordinary	[]	[]	conflicting	{"s_pl_acc":["Bälle"],"s_pl_dat":["Bällen"],"s_pl_gen":["Bälle"],"s_pl_nom":["Bälle"],"s_sg_acc":["Ball"],"s_sg_dat":["Ball","Balle"],"s_sg_gen":["Balles","Balls"],"s_sg_nom":["Ball"]}	{"s_pl_acc":["L7630-F10"],"s_pl_dat":["L7630-F9"],"s_pl_gen":["L7630-F8"],"s_pl_nom":["L7630-F7"],"s_sg_acc":["L7630-F6"],"s_sg_dat":["L7630-F4","L7630-F5"],"s_sg_gen":["L7630-F2","L7630-F3"],"s_sg_nom":["L7630-F1"]}	[]	[]	[]	[]	component_target	[]	["conflicting_slots","rejected_noun_form_feature"]	automatic
wdn_000012_N	L10227	["L10227"]	["e32b12da63f74f610f4c9772b9a54e592e78ff5875886a45c53d575d7e54be99"]	"Wespenstich"	regular_masculine	cd2956894720da1db6f7f1d1609ac5ee7b689d3efc0de0ddfb0cb56826bf8e80	yes	["masculine"]	[{"rank":"normal","statement":"L10227$08D96411-7F24-4B47-A1C3-3784A9CF26F1","value":"Q499327"}]	ordinary	[]	[]	complete	{"s_pl_acc":["Wespenstiche"],"s_pl_dat":["Wespenstichen"],"s_pl_gen":["Wespenstiche"],"s_pl_nom":["Wespenstiche"],"s_sg_acc":["Wespenstich"],"s_sg_dat":["Wespenstich"],"s_sg_gen":["Wespenstichs"],"s_sg_nom":["Wespenstich"]}	{"s_pl_acc":["L10227-F8"],"s_pl_dat":["L10227-F7"],"s_pl_gen":["L10227-F6"],"s_pl_nom":["L10227-F5"],"s_sg_acc":["L10227-F4"],"s_sg_dat":["L10227-F3"],"s_sg_gen":["L10227-F2"],"s_sg_nom":["L10227-F1"]}	[]	[]	["L10227$8b4e3b5d-4ead-ea65-6b88-f35894d86f69","L10227$3143d903-4d11-ac2e-5031-451c3e4dc14e"]	[]	explicit_compound_analysis	[]	[]	automatic
wdn_000013_N	L29361	["L29361"]	["656ad56a6dd17d27a980d1fe98db5473517cf44301e607c7e13bd7a5a38b8f8e"]	"Erinnerung"	explicit_combining	085c48d2a6332045a65936d3550a91b55c726564d1bef5fdf81124884a6ac3ad	no	["feminine"]	[{"rank":"normal","statement":"L29361$680B56BF-63D3-4508-BA30-B300A9917848","value":"Q1775415"}]	ordinary	[]	[]	complete	{"s_pl_acc":["Erinnerungen"],"s_pl_dat":["Erinnerungen"],"s_pl_gen":["Erinnerungen"],"s_pl_nom":["Erinnerungen"],"s_sg_acc":["Erinnerung"],"s_sg_dat":["Erinnerung"],"s_sg_gen":["Erinnerung"],"s_sg_nom":["Erinnerung"]}	{"s_pl_acc":["L29361-F8"],"s_pl_dat":["L29361-F7"],"s_pl_gen":["L29361-F6"],"s_pl_nom":["L29361-F5"],"s_sg_acc":["L29361-F4"],"s_sg_dat":["L29361-F3"],"s_sg_gen":["L29361-F2"],"s_sg_nom":["L29361-F1"]}	[{"features":["Q107614077"],"form_id":"L29361-F9","value":"Erinnerungs"}]	[]	[]	[]	component_target	[]	[]	automatic
wdn_000014_N	L31684	["L31684"]	["5592754abfd2874eace517532d5a5e983f338ee80740ec45550fa9c98f7ef1b7"]	"Weltschmerz"	singular_only	0a1205942d9b663b89926be6fb1cdb129c51b95063a7ad4fa3f25c22083e8883	no	["masculine"]	[{"rank":"normal","statement":"L31684$059EB0AC-2DF7-47DF-B782-01286B21C80C","value":"Q499327"}]	singular_only	[{"rank":"normal","statement":"L31684$B2E2B68F-A4AE-4C4C-8619-1D5E8A976D46","value":"Q604984"}]	[]	complete	{"s_sg_acc":["Weltschmerz"],"s_sg_dat":["Weltschmerz"],"s_sg_gen":["Weltschmerzes"],"s_sg_nom":["Weltschmerz"]}	{"s_sg_acc":["L31684-F4"],"s_sg_dat":["L31684-F3"],"s_sg_gen":["L31684-F2"],"s_sg_nom":["L31684-F1"]}	[]	[]	["L31684$0133c0df-4154-5ceb-abf3-7498fca37dce","L31684$3d4f0249-4f72-f63f-1aa4-8681940be9d5"]	[]	explicit_compound_analysis	[]	[]	automatic
wdn_000015_N	L31889	["L31889"]	["f74f03e189209990e4b866bf22a807b83dfdaf227359704ddab8aa0064f23660"]	"Nagelbett"	regular_neuter	008a9398f0dc040a593130503d067e0564d26629672ed2404f04d34ac8cd6f65	no	["neuter"]	[{"rank":"normal","statement":"L31889$73A9F719-B056-49D4-B665-F925948F4E86","value":"Q1775461"}]	ordinary	[]	[]	complete	{"s_pl_acc":["Nagelbette"],"s_pl_dat":["Nagelbetten"],"s_pl_gen":["Nagelbette"],"s_pl_nom":["Nagelbette"],"s_sg_acc":["Nagelbett"],"s_sg_dat":["Nagelbett"],"s_sg_gen":["Nagelbetts"],"s_sg_nom":["Nagelbett"]}	{"s_pl_acc":["L31889-F8"],"s_pl_dat":["L31889-F7"],"s_pl_gen":["L31889-F6"],"s_pl_nom":["L31889-F5"],"s_sg_acc":["L31889-F4"],"s_sg_dat":["L31889-F3"],"s_sg_gen":["L31889-F2"],"s_sg_nom":["L31889-F1"]}	[]	[]	["L31889$9a3e458b-483f-53dc-5641-f97fdd8a75d4","L31889$d217f81c-4de0-4281-9d58-fef407af9542"]	[]	explicit_compound_analysis	[]	[]	automatic
wdn_000016_N	L36208	["L36208"]	["c32a965af4cde0ada6ba1d8b5eaf18bb60af7b43789e80e5f4f44893a2cb505f"]	"Bevölkerung"	explicit_combining	090996a84f4befcff5706ccbe9094606df23fa7370d42bd6805cd205260c0e80	no	["feminine"]	[{"rank":"normal","statement":"L36208$35F23495-2A9E-4BA7-8E79-E1F61BB701DC","value":"Q1775415"}]	ordinary	[]	[]	complete	{"s_pl_acc":["Bevölkerungen"],"s_pl_dat":["Bevölkerungen"],"s_pl_gen":["Bevölkerungen"],"s_pl_nom":["Bevölkerungen"],"s_sg_acc":["Bevölkerung"],"s_sg_dat":["Bevölkerung"],"s_sg_gen":["Bevölkerung"],"s_sg_nom":["Bevölkerung"]}	{"s_pl_acc":["L36208-F8"],"s_pl_dat":["L36208-F7"],"s_pl_gen":["L36208-F6"],"s_pl_nom":["L36208-F5"],"s_sg_acc":["L36208-F4"],"s_sg_dat":["L36208-F3"],"s_sg_gen":["L36208-F2"],"s_sg_nom":["L36208-F1"]}	[{"features":["Q107614077"],"form_id":"L36208-F9","value":"Bevölkerungs"}]	["L296831$9dc58828-4b94-f3c2-c92a-e68a70cde010>L36208-F9"]	[]	[]	component_target	[]	[]	automatic
wdn_000017_N	L37560	["L37560"]	["97236e6d3fda0b9eec9cd5e5953c32b17a867cd8690a9d10c5433c8755beccea"]	"Kugel"	explicit_combining	074b4e4ac2c558f19750149453ed8a5a42ffa3028760f2e86937f3c2a26b19f1	no	["feminine"]	[{"rank":"normal","statement":"L37560$66A9F302-E9B4-4F2A-B468-1D42DAEA0810","value":"Q1775415"}]	ordinary	[]	[]	complete	{"s_pl_acc":["Kugeln"],"s_pl_dat":["Kugeln"],"s_pl_gen":["Kugeln"],"s_pl_nom":["Kugeln"],"s_sg_acc":["Kugel"],"s_sg_dat":["Kugel"],"s_sg_gen":["Kugel"],"s_sg_nom":["Kugel"]}	{"s_pl_acc":["L37560-F8"],"s_pl_dat":["L37560-F7"],"s_pl_gen":["L37560-F6"],"s_pl_nom":["L37560-F5"],"s_sg_acc":["L37560-F4"],"s_sg_dat":["L37560-F3"],"s_sg_gen":["L37560-F2"],"s_sg_nom":["L37560-F1"]}	[{"features":["Q107614077"],"form_id":"L37560-F9","value":"Kugel"}]	["L204808$C583DB76-457C-473D-8F28-726B6638D881>L37560-F9","L7637$f12c7841-4d03-874a-8d38-306e6a23df98>L37560-F9","L852186$4D93762F-EC73-4327-B73F-5FA48CD40DDA>L37560-F9","L852356$FF1E4025-7CE9-4D53-B9E7-9CFA9273195E>L37560-F9","L852371$DB592893-3867-4FBC-810B-F898820CC8CA>L37560-F9","L852881$08752488-9E9C-473A-9A95-1E478EC7CF42>L37560-F9"]	[]	[]	component_target	[]	[]	automatic
wdn_000018_N	L40399	["L40399"]	["5e130024718f9a6399591ab38b27f4c88236579eb31946d37fb076c6a979195b"]	"Information"	explicit_combining	c5924e372e6f74b290c76e0a1481bb07fcc681f9931ff48e513aec9419c95ae7	yes	["feminine"]	[{"rank":"normal","statement":"L40399$FDE38FBF-F6C2-4838-84C8-1C4ABEF4E3FF","value":"Q1775415"}]	ordinary	[]	[]	complete	{"s_pl_acc":["Informationen"],"s_pl_dat":["Informationen"],"s_pl_gen":["Informationen"],"s_pl_nom":["Informationen"],"s_sg_acc":["Information"],"s_sg_dat":["Information"],"s_sg_gen":["Information"],"s_sg_nom":["Information"]}	{"s_pl_acc":["L40399-F8"],"s_pl_dat":["L40399-F7"],"s_pl_gen":["L40399-F6"],"s_pl_nom":["L40399-F5"],"s_sg_acc":["L40399-F4"],"s_sg_dat":["L40399-F3"],"s_sg_gen":["L40399-F2"],"s_sg_nom":["L40399-F1"]}	[{"features":["Q107614077"],"form_id":"L40399-F9","value":"Informations"}]	["L290791$bfabcc26-457d-95a8-20bf-d968da84e5ba>L40399-F9","L478066$9ff8dd99-47ad-652a-9467-4fca7c54d457>L40399-F9","L900758$b80a55db-41df-f405-806f-06a771e21fff>L40399-F9"]	[]	[]	component_target	[]	[]	automatic
wdn_000019_N	L44578	["L44578"]	["9ce95800333085d0986de5a80348739227a62ad8ee6bb1a250edeab5527303d4"]	"Bedeutung"	explicit_combining	09167683c998561e47f78dfd36edf93b1369bd4a55ebab4aba4473e91e172173	no	["feminine"]	[{"rank":"normal","statement":"L44578$FAB665FE-1B95-4353-94B2-917C8FC39802","value":"Q1775415"}]	ordinary	[]	[]	complete	{"s_pl_acc":["Bedeutungen"],"s_pl_dat":["Bedeutungen"],"s_pl_gen":["Bedeutungen"],"s_pl_nom":["Bedeutungen"],"s_sg_acc":["Bedeutung"],"s_sg_dat":["Bedeutung"],"s_sg_gen":["Bedeutung"],"s_sg_nom":["Bedeutung"]}	{"s_pl_acc":["L44578-F8"],"s_pl_dat":["L44578-F7"],"s_pl_gen":["L44578-F6"],"s_pl_nom":["L44578-F5"],"s_sg_acc":["L44578-F4"],"s_sg_dat":["L44578-F3"],"s_sg_gen":["L44578-F2"],"s_sg_nom":["L44578-F1"]}	[{"features":["Q107614077"],"form_id":"L44578-F9","value":"Bedeutungs"}]	["L343683$e1e308d4-4dc0-6ab2-09ab-9bc2ecb9bc11>L44578-F9"]	[]	[]	component_target	[]	[]	automatic
wdn_000020_N	L48488	["L48488"]	["1e8288182444fe3cb33f6eb3518afbe8bd02b9f2c97933623dc651e7610950a1"]	"Kommunikation"	explicit_combining	0c635e1fb8a05e208c8e8d2f17005652712bdd675ace8ba75a88aa6d962c98a6	no	["feminine"]	[{"rank":"normal","statement":"L48488$8E0A9C6D-6502-42C6-A177-53C357B61C87","value":"Q1775415"}]	ordinary	[]	[]	complete	{"s_pl_acc":["Kommunikationen"],"s_pl_dat":["Kommunikationen"],"s_pl_gen":["Kommunikationen"],"s_pl_nom":["Kommunikationen"],"s_sg_acc":["Kommunikation"],"s_sg_dat":["Kommunikation"],"s_sg_gen":["Kommunikation"],"s_sg_nom":["Kommunikation"]}	{"s_pl_acc":["L48488-F8"],"s_pl_dat":["L48488-F7"],"s_pl_gen":["L48488-F6"],"s_pl_nom":["L48488-F5"],"s_sg_acc":["L48488-F4"],"s_sg_dat":["L48488-F3"],"s_sg_gen":["L48488-F2"],"s_sg_nom":["L48488-F1"]}	[{"features":["Q107614077"],"form_id":"L48488-F9","value":"Kommunikations"}]	["L789924$1c5044c1-42b0-c0db-3e85-f37e443ba5d2>L48488-F9"]	[]	[]	component_target	[]	[]	automatic
wdn_000021_N	L222021	["L222021"]	["e0ff002591cea814488f85bcff7d2f39bd3badee33dc78beb78e5d2a529747d8"]	"Sitzfleisch"	singular_only	01a07f962e6f1dc0ab0d81b5d71faf4631ac2431146273e3a34a064220e7f988	no	["neuter"]	[{"rank":"normal","statement":"L222021$F475DFD8-85AB-496E-B423-14254E5DB869","value":"Q1775461"}]	singular_only	[{"rank":"normal","statement":"L222021$5EAD3339-7431-4F1C-9D40-8231420AEDE2","value":"Q604984"}]	[]	complete	{"s_sg_acc":["Sitzfleisch"],"s_sg_dat":["Sitzfleisch"],"s_sg_gen":["Sitzfleisches"],"s_sg_nom":["Sitzfleisch"]}	{"s_sg_acc":["L222021-F4"],"s_sg_dat":["L222021-F3"],"s_sg_gen":["L222021-F2"],"s_sg_nom":["L222021-F1"]}	[]	[]	["L222021$9446c8d5-496c-0b02-f4da-05eb976041e7","L222021$ef82267b-4400-bc85-9bbc-1e2df39600df"]	[]	explicit_compound_analysis	[]	[]	automatic
wdn_000022_N	L222581	["L222581"]	["031425713bdbfb1a9de83c0fb28c4cd391b30b09a43aeb64c1bc35dce664b79c"]	"Toilette"	explicit_combining	03a54742e121c30ea8795baa5503024d1cb491f204f3852594c9dfe9c8685cdb	no	["feminine"]	[{"rank":"normal","statement":"L222581$1AA667B7-59E6-4FF8-91F2-30185243B63D","value":"Q1775415"}]	ordinary	[]	[]	complete	{"s_pl_acc":["Toiletten"],"s_pl_dat":["Toiletten"],"s_pl_gen":["Toiletten"],"s_pl_nom":["Toiletten"],"s_sg_acc":["Toilette"],"s_sg_dat":["Toilette"],"s_sg_gen":["Toilette"],"s_sg_nom":["Toilette"]}	{"s_pl_acc":["L222581-F8"],"s_pl_dat":["L222581-F7"],"s_pl_gen":["L222581-F6"],"s_pl_nom":["L222581-F5"],"s_sg_acc":["L222581-F4"],"s_sg_dat":["L222581-F3"],"s_sg_gen":["L222581-F2"],"s_sg_nom":["L222581-F1"]}	[{"features":["Q107614077"],"form_id":"L222581-F9","value":"Toiletten"}]	[]	[]	[]	component_target	[]	[]	automatic
wdn_000023_N	L228301	["L228301"]	["5abef0d69491e7dc75520a9c4496f0adcc3a7edce65b7394d1bb1b8909bbc190"]	"Geburtstag"	explicit_combining	028251b42ce758dbb38b20db0ebbf4c679436425f7067289b4292256624fea2d	no	["masculine"]	[{"rank":"normal","statement":"L228301$EC9F3AEA-8D61-479C-A3EA-C3A53766217D","value":"Q499327"}]	ordinary	[]	[]	complete	{"s_pl_acc":["Geburtstage"],"s_pl_dat":["Geburtstagen"],"s_pl_gen":["Geburtstage"],"s_pl_nom":["Geburtstage"],"s_sg_acc":["Geburtstag"],"s_sg_dat":["Geburtstag"],"s_sg_gen":["Geburtstags"],"s_sg_nom":["Geburtstag"]}	{"s_pl_acc":["L228301-F8"],"s_pl_dat":["L228301-F7"],"s_pl_gen":["L228301-F6"],"s_pl_nom":["L228301-F5"],"s_sg_acc":["L228301-F4"],"s_sg_dat":["L228301-F3"],"s_sg_gen":["L228301-F2"],"s_sg_nom":["L228301-F1"]}	[{"features":["Q107614077"],"form_id":"L228301-F9","value":"Geburtstags"}]	["L228300$a9f5c956-4f81-be85-1149-ebe2dfb8c8ba>L228301-F9","L34023$cf25799b-461b-6f1f-ad41-d66ceeac8c5f>L228301-F9","L34025$6a4b2e3d-44a4-91fa-87be-fa909a8acb5c>L228301-F9","L897451$6d83d23a-46e5-3847-8524-97109eb2d468>L228301-F9"]	["L228301$8fbe1706-4b08-2d57-1687-af1dcf4127b2","L228301$76a4a10f-42ab-637c-01d1-bfc526dac870"]	[]	source_and_target	[]	[]	automatic
wdn_000024_N	L228303	["L228303"]	["7a8c8be95e497dfca157e2c1c4133496355722aabcf71be00d226f7f71849377"]	"Geburt"	ambiguous_combining	53a3cabf5ff4b322f1e2f707db0ec174db51498783d958c1d175705bf633da17	no	["feminine"]	[{"rank":"normal","statement":"L228303$B481FAB3-2153-4FEE-893E-2E446218080F","value":"Q1775415"}]	ordinary	[]	[{"rank":"normal","statement":"L228303$101175dc-4374-1d2e-0877-30932e2a6d26","value":"Q105571268"}]	complete	{"s_pl_acc":["Geburten"],"s_pl_dat":["Geburten"],"s_pl_gen":["Geburten"],"s_pl_nom":["Geburten"],"s_sg_acc":["Geburt"],"s_sg_dat":["Geburt"],"s_sg_gen":["Geburt"],"s_sg_nom":["Geburt"]}	{"s_pl_acc":["L228303-F8"],"s_pl_dat":["L228303-F7"],"s_pl_gen":["L228303-F6"],"s_pl_nom":["L228303-F5"],"s_sg_acc":["L228303-F4"],"s_sg_dat":["L228303-F3"],"s_sg_gen":["L228303-F2"],"s_sg_nom":["L228303-F1"]}	[{"features":["Q107614077"],"form_id":"L228303-F10","value":"Geburten"},{"features":["Q107614077"],"form_id":"L228303-F9","value":"Geburts"}]	["L228301$8fbe1706-4b08-2d57-1687-af1dcf4127b2>L228303-F9","L615942$388e7935-4d38-3f54-99f5-837d94d56ec5>L228303-F9"]	[]	[]	component_target	[]	["multiple_combining_forms"]	automatic
wdn_000025_N	L230338	["L230338"]	["c29a8926a79ca28bce41cc5a7adf4a20be311042234e3dfc8bb8032a5fc85397"]	"Gast"	ambiguous_combining	db2a721ea9deb7b3ca4102f5280b514621351c79d054fa72536edc359317b613	no	["masculine"]	[{"rank":"normal","statement":"L230338$BFF480B7-81B4-4BB9-90EA-11D78B8209A4","value":"Q499327"}]	ordinary	[]	[]	complete	{"s_pl_acc":["Gäste"],"s_pl_dat":["Gästen"],"s_pl_gen":["Gäste"],"s_pl_nom":["Gäste"],"s_sg_acc":["Gast"],"s_sg_dat":["Gast"],"s_sg_gen":["Gastes"],"s_sg_nom":["Gast"]}	{"s_pl_acc":["L230338-F8"],"s_pl_dat":["L230338-F7"],"s_pl_gen":["L230338-F6"],"s_pl_nom":["L230338-F5"],"s_sg_acc":["L230338-F4"],"s_sg_dat":["L230338-F3"],"s_sg_gen":["L230338-F2"],"s_sg_nom":["L230338-F1"]}	[{"features":["Q107614077"],"form_id":"L230338-F10","value":"Gast"},{"features":["Q107614077"],"form_id":"L230338-F9","value":"Gäste"}]	[]	[]	[]	component_target	[]	["multiple_combining_forms"]	automatic
wdn_000026_N	L230564	["L230564"]	["421c0a4f50b8489297f325175a84efca1c193387c37e9f6cb3d6bb4dfae447ef"]	"Erfahrung"	explicit_combining	07b23ec599434b6569326518fa79110c1b68fa2c2fc1b7b30c441b257944ee3b	no	["feminine"]	[{"rank":"normal","statement":"L230564$7fc319fb-49c5-cfee-dbc0-835d872e3b9d","value":"Q1775415"}]	ordinary	[]	[]	complete	{"s_pl_acc":["Erfahrungen"],"s_pl_dat":["Erfahrungen"],"s_pl_gen":["Erfahrungen"],"s_pl_nom":["Erfahrungen"],"s_sg_acc":["Erfahrung"],"s_sg_dat":["Erfahrung"],"s_sg_gen":["Erfahrung"],"s_sg_nom":["Erfahrung"]}	{"s_pl_acc":["L230564-F8"],"s_pl_dat":["L230564-F7"],"s_pl_gen":["L230564-F6"],"s_pl_nom":["L230564-F1"],"s_sg_acc":["L230564-F5"],"s_sg_dat":["L230564-F4"],"s_sg_gen":["L230564-F3"],"s_sg_nom":["L230564-F2"]}	[{"features":["Q107614077"],"form_id":"L230564-F9","value":"Erfahrungs"}]	["L290714$613ce55e-45b1-0b0f-332d-b57f97f3480d>L230564-F9"]	[]	[]	component_target	[]	[]	automatic
wdn_000027_N	L233203	["L233203"]	["94b947f6ec879b63c5682c1c96cd43d483215c1620e0ecdce4b9fd43ed2c03ea"]	"Klasse"	explicit_combining	0413259b8bb80734bf3b7231362686b6e758935cba05954ea782ab1162788a0d	no	["feminine"]	[{"rank":"normal","statement":"L233203$B412E025-BED0-47C1-81E3-253C53128B5F","value":"Q1775415"}]	ordinary	[]	[]	complete	{"s_pl_acc":["Klassen"],"s_pl_dat":["Klassen"],"s_pl_gen":["Klassen"],"s_pl_nom":["Klassen"],"s_sg_acc":["Klasse"],"s_sg_dat":["Klasse"],"s_sg_gen":["Klasse"],"s_sg_nom":["Klasse"]}	{"s_pl_acc":["L233203-F8"],"s_pl_dat":["L233203-F7"],"s_pl_gen":["L233203-F6"],"s_pl_nom":["L233203-F5"],"s_sg_acc":["L233203-F4"],"s_sg_dat":["L233203-F3"],"s_sg_gen":["L233203-F2"],"s_sg_nom":["L233203-F1"]}	[{"features":["Q107614077"],"form_id":"L233203-F9","value":"Klassen"}]	["L754102$c42f8bea-464a-a8ed-d3bc-45d8a5e854c4>L233203-F9"]	[]	[]	component_target	[]	[]	automatic
wdn_000028_N	L252517	["L252517"]	["95f88d5fc8094c7643f45df7b3e16755ce2f95038117bd5bddeec964f20ec57c"]	"Kochsalz"	singular_only	04ba4428f76f3ab279aa4942bbccbc6d849be18bad92221e400186fb537b0611	no	["neuter"]	[{"rank":"normal","statement":"L252517$A6E984F4-1E33-4E78-B09E-000BEE76D4BF","value":"Q1775461"}]	singular_only	[{"rank":"normal","statement":"L252517$F920588B-884E-43E6-B228-6E0787CE3A2B","value":"Q604984"}]	[]	complete	{"s_sg_acc":["Kochsalz"],"s_sg_dat":["Kochsalz"],"s_sg_gen":["Kochsalzes"],"s_sg_nom":["Kochsalz"]}	{"s_sg_acc":["L252517-F4"],"s_sg_dat":["L252517-F3"],"s_sg_gen":["L252517-F2"],"s_sg_nom":["L252517-F1"]}	[]	[]	[]	[]	none_recorded	[]	[]	automatic
wdn_000029_N	L252671	["L252671"]	["08c93aee2a6d5a474ba28093947c605eb7cfc07409d2caa7fcb319ab061a7a67"]	"Leistung"	explicit_combining	01ce948bcf3a934ffc0d68f79114e902cb3364a68fe4b5316c52470f16eeb28f	no	["feminine"]	[{"rank":"normal","statement":"L252671$BCBD46DB-2D23-4E20-9C2A-98216DCF6AA5","value":"Q1775415"}]	ordinary	[]	[]	complete	{"s_pl_acc":["Leistungen"],"s_pl_dat":["Leistungen"],"s_pl_gen":["Leistungen"],"s_pl_nom":["Leistungen"],"s_sg_acc":["Leistung"],"s_sg_dat":["Leistung"],"s_sg_gen":["Leistung"],"s_sg_nom":["Leistung"]}	{"s_pl_acc":["L252671-F8"],"s_pl_dat":["L252671-F7"],"s_pl_gen":["L252671-F6"],"s_pl_nom":["L252671-F5"],"s_sg_acc":["L252671-F4"],"s_sg_dat":["L252671-F3"],"s_sg_gen":["L252671-F2"],"s_sg_nom":["L252671-F1"]}	[{"features":["Q107614077"],"form_id":"L252671-F9","value":"Leistungs"}]	[]	[]	[]	component_target	[]	[]	automatic
wdn_000030_N	L252818	["L252818"]	["e0744cfafb0bcde05097351fd2885dc881daf6fa922c4119fd2a8ebeb9244f5d"]	"Photosynthese"	singular_only	022ced2ac0339cb96ffdb703bcf6934c8b883a11a968e7c904e14b00395ae9bb	no	["feminine"]	[{"rank":"normal","statement":"L252818$CDAA9CE6-C8BE-4721-B628-B5FBC77593B4","value":"Q1775415"}]	singular_only	[{"rank":"normal","statement":"L252818$4F3B0611-B237-4FDB-A3CF-4657548660D8","value":"Q604984"}]	[]	complete	{"s_sg_acc":["Photosynthese"],"s_sg_dat":["Photosynthese"],"s_sg_gen":["Photosynthese"],"s_sg_nom":["Photosynthese"]}	{"s_sg_acc":["L252818-F4"],"s_sg_dat":["L252818-F3"],"s_sg_gen":["L252818-F2"],"s_sg_nom":["L252818-F1"]}	[]	[]	[]	[]	none_recorded	[]	[]	automatic
wdn_000031_N	L267861	["L267861"]	["76f6f943cc52c9538eb5ae4ce6921b8d09a248085cd6d74c7974e32902385496"]	"Astrophysik"	singular_only	0ad3506e2e9601c06f4ebbf35ecc9141b710fe4acc0dc7c2c6c23b5a8a504a89	no	["feminine"]	[{"rank":"normal","statement":"L267861$54D998CE-1916-4297-8D46-F1A02A5C49F4","value":"Q1775415"}]	singular_only	[{"rank":"normal","statement":"L267861$17b034cb-4473-0583-13b0-886bc28dec46","value":"Q604984"}]	[]	complete	{"s_sg_acc":["Astrophysik"],"s_sg_dat":["Astrophysik"],"s_sg_gen":["Astrophysik"],"s_sg_nom":["Astrophysik"]}	{"s_sg_acc":["L267861-F4"],"s_sg_dat":["L267861-F3"],"s_sg_gen":["L267861-F2"],"s_sg_nom":["L267861-F1"]}	[]	[]	["L267861$5ded2f1f-4390-a133-d8eb-698f08d2ffe1","L267861$15B03EDB-D3E2-42E7-8085-A24FA094D7D9"]	[]	explicit_compound_analysis	[]	[]	automatic
wdn_000032_N	L295104	["L295104"]	["30fe1838a12d50f9dce22b74bfe7e218a768deea698abf7e21800b889ee9410a"]	"Nuss"	regular_feminine	f39ee2d49bf9a338a3f2da427b8d90e813968eae983c69b56448cb0779359982	yes	["feminine"]	[{"rank":"normal","statement":"L295104$115691F2-8C04-4FB5-A2A7-69F56E10253C","value":"Q1775415"}]	ordinary	[]	[{"rank":"normal","statement":"L295104$3C3AEB56-4EA0-43BE-8E24-C250F60D5720","value":"Q105627457"}]	complete	{"s_pl_acc":["Nüsse"],"s_pl_dat":["Nüssen"],"s_pl_gen":["Nüsse"],"s_pl_nom":["Nüsse"],"s_sg_acc":["Nuss"],"s_sg_dat":["Nuss"],"s_sg_gen":["Nuss"],"s_sg_nom":["Nuss"]}	{"s_pl_acc":["L295104-F8"],"s_pl_dat":["L295104-F7"],"s_pl_gen":["L295104-F6"],"s_pl_nom":["L295104-F5"],"s_sg_acc":["L295104-F4"],"s_sg_dat":["L295104-F3"],"s_sg_gen":["L295104-F2"],"s_sg_nom":["L295104-F1"]}	[]	[]	[]	[]	component_target	[]	[]	automatic
wdn_000033_N	L296843	["L296843"]	["505acaf2c520b32b2f75aaefff35f07528ae2131572de56a10ab3dce1c26897d"]	"Kinderbetreuung"	explicit_combining	016b52f309bb327f3e0b819d5af6fa5a59f5ad100e3625b159f92714cc8d4da0	no	["feminine"]	[{"rank":"normal","statement":"L296843$44531CDD-5739-4860-B47B-C683EA80576B","value":"Q1775415"}]	ordinary	[]	[{"rank":"normal","statement":"L296843$811533f8-46d5-eb89-0329-4ebc36e645ef","value":"Q105571268"}]	complete	{"s_pl_acc":["Kinderbetreuungen"],"s_pl_dat":["Kinderbetreuungen"],"s_pl_gen":["Kinderbetreuungen"],"s_pl_nom":["Kinderbetreuungen"],"s_sg_acc":["Kinderbetreuung"],"s_sg_dat":["Kinderbetreuung"],"s_sg_gen":["Kinderbetreuung"],"s_sg_nom":["Kinderbetreuung"]}	{"s_pl_acc":["L296843-F8"],"s_pl_dat":["L296843-F7"],"s_pl_gen":["L296843-F6"],"s_pl_nom":["L296843-F5"],"s_sg_acc":["L296843-F4"],"s_sg_dat":["L296843-F3"],"s_sg_gen":["L296843-F2"],"s_sg_nom":["L296843-F1"]}	[{"features":["Q107614077"],"form_id":"L296843-F9","value":"Kinderbetreuungs"}]	["L778793$28f61901-4a83-3b3f-b7be-20bd493685b3>L296843-F9","L786749$9b9b069f-4d11-fc20-34d7-d6c291fbc72a>L296843-F9"]	["L296843$3e9de5c0-406f-2041-df4c-a5e8682bf233","L296843$bdf2b044-4620-0481-ab29-f29b88c1982a"]	[]	source_and_target	[]	[]	automatic
wdn_000034_N	L298781	["L298781"]	["3b5e4dc5cb7503581db84d4a6f64410f967719b44e431d0d6380eb4efe2bbb89"]	"Armut"	singular_only	0165971c17ee9156bf6553d6534871ff3d4b63e212f6c00873e964a9947d226d	no	["feminine"]	[{"rank":"normal","statement":"L298781$177C93DF-137C-47EC-99AA-049AFC50E636","value":"Q1775415"}]	singular_only	[{"rank":"normal","statement":"L298781$A70F45BD-2BBC-4D03-B683-0EC68D2E70E6","value":"Q604984"}]	[]	complete	{"s_sg_acc":["Armut"],"s_sg_dat":["Armut"],"s_sg_gen":["Armut"],"s_sg_nom":["Armut"]}	{"s_sg_acc":["L298781-F4"],"s_sg_dat":["L298781-F3"],"s_sg_gen":["L298781-F2"],"s_sg_nom":["L298781-F1"]}	[{"features":["Q107614077"],"form_id":"L298781-F5","value":"Armuts"}]	["L298774$621bb0f0-42c3-7fdb-f407-4cbdefba22d1>L298781-F5","L298780$d08dfda2-4a1b-ad0d-c69c-2de0e0372abb>L298781-F5"]	[]	[]	component_target	[]	[]	automatic
wdn_000035_N	L300507	["L300507"]	["aa4eb4d0385d3db3cbbedf711a57caa3191f2aef9131bff3eeea1b23ec80b6b3"]	"Beobachtungsdaten"	plural_only	02be8b91f159190d238fadfc121e7a11f34c16decc22ac90f1fbdf2ec8c620d6	no	[]	[]	plural_only	[{"rank":"normal","statement":"L300507$2DDAD19D-5282-4F55-8CF2-D9E967C192C3","value":"Q138246"}]	[]	complete	{"s_pl_acc":["Beobachtungsdaten"],"s_pl_dat":["Beobachtungsdaten"],"s_pl_gen":["Beobachtungsdaten"],"s_pl_nom":["Beobachtungsdaten"]}	{"s_pl_acc":["L300507-F4"],"s_pl_dat":["L300507-F3"],"s_pl_gen":["L300507-F2"],"s_pl_nom":["L300507-F1"]}	[]	[]	[]	[]	none_recorded	[]	["missing_gender"]	automatic
wdn_000036_N	L305182	["L305182"]	["bee8cda3c6dcbc56af82fb57047cdeedc814780c0c30fcb4bf851fff87a7c871"]	"Pause"	explicit_combining	09c6b0ba1aba11103a4f74cf6850b4cf2f25f9438fbb419c693e0e7c779f9355	no	["feminine"]	[{"rank":"normal","statement":"L305182$DF75C3C5-5298-4FB4-82E4-AA1B7DB4CBC3","value":"Q1775415"}]	ordinary	[]	[]	complete	{"s_pl_acc":["Pausen"],"s_pl_dat":["Pausen"],"s_pl_gen":["Pausen"],"s_pl_nom":["Pausen"],"s_sg_acc":["Pause"],"s_sg_dat":["Pause"],"s_sg_gen":["Pause"],"s_sg_nom":["Pause"]}	{"s_pl_acc":["L305182-F8"],"s_pl_dat":["L305182-F7"],"s_pl_gen":["L305182-F6"],"s_pl_nom":["L305182-F5"],"s_sg_acc":["L305182-F4"],"s_sg_dat":["L305182-F3"],"s_sg_gen":["L305182-F2"],"s_sg_nom":["L305182-F1"]}	[{"features":["Q107614077"],"form_id":"L305182-F9","value":"Pausen"}]	[]	[]	[]	none_recorded	[]	[]	automatic
wdn_000037_N	L347448	["L347448"]	["e8ede7385e6c65a24fc9a425f11f86f2b8d4d0b7318f1abf1d4c042ba4e79e1f"]	"Deutsche"	rejected_feature	d75e1a7406cbfd1b1862c0e4fe38e3f98f59f47b5f3cda2f80617de3f677074c	no	["neuter"]	[{"rank":"normal","statement":"L347448$4A9ADBDB-BA2E-4717-879B-6B7B433310FC","value":"Q1775461"}]	singular_only	[{"rank":"normal","statement":"L347448$0A089E7F-4D6F-4EAF-BC72-1BDAB9C3D8B5","value":"Q604984"}]	[{"rank":"normal","statement":"L347448$17193a90-412d-605f-36d7-f6dd6ce2c941","value":"Q103383087"}]	complete	{"s_sg_acc":["Deutsche"],"s_sg_dat":["Deutschen"],"s_sg_gen":["Deutschen"],"s_sg_nom":["Deutsche"]}	{"s_sg_acc":["L347448-F4"],"s_sg_dat":["L347448-F3"],"s_sg_gen":["L347448-F2"],"s_sg_nom":["L347448-F1"]}	[]	[]	[]	[]	none_recorded	[]	["rejected_noun_form_feature"]	automatic
wdn_000038_N	L400201	["L400201"]	["ca6adc82d6b720bdc6260088d5b4b88536dea3219258c1eb82dbe5822e38422a"]	"Erdnussbutter"	singular_only	024db4c9e7c7ffec6f458b0fb5675ed99fd53445d8f231ced4ddb13a9a60a5d9	no	["feminine"]	[{"rank":"normal","statement":"L400201$C7052F17-6E89-41E8-8DA0-211BB91F14FE","value":"Q1775415"}]	singular_only	[{"rank":"normal","statement":"L400201$fb45ba13-48fd-6b88-edf2-a58394eb471e","value":"Q604984"}]	[]	complete	{"s_sg_acc":["Erdnussbutter"],"s_sg_dat":["Erdnussbutter"],"s_sg_gen":["Erdnussbutter"],"s_sg_nom":["Erdnussbutter"]}	{"s_sg_acc":["L400201-F4"],"s_sg_dat":["L400201-F3"],"s_sg_gen":["L400201-F2"],"s_sg_nom":["L400201-F1"]}	[]	[]	["L400201$aaa35f27-4e2a-50b8-6248-05253f39fda9","L400201$5cdacc2c-463d-5b4f-6d19-9e51ef7ee47e"]	[]	explicit_compound_analysis	[]	[]	automatic
wdn_000039_N	L402511	["L402511"]	["ea5438a64c522bc0ee6ce99563928dd545a99046a5141bf766b149ea17a14840"]	"A-Saite"	hyphenated	00e9d8abe76def2e33441b04a5fb4b8e9fc4b8228805033b37db3f7cc42376f8	no	["feminine"]	[{"rank":"normal","statement":"L402511$55E7590A-7D95-4978-824E-D20D23FD6756","value":"Q1775415"}]	ordinary	[]	[]	complete	{"s_pl_acc":["A-Saiten"],"s_pl_dat":["A-Saiten"],"s_pl_gen":["A-Saiten"],"s_pl_nom":["A-Saiten"],"s_sg_acc":["A-Saite"],"s_sg_dat":["A-Saite"],"s_sg_gen":["A-Saite"],"s_sg_nom":["A-Saite"]}	{"s_pl_acc":["L402511-F8"],"s_pl_dat":["L402511-F7"],"s_pl_gen":["L402511-F6"],"s_pl_nom":["L402511-F5"],"s_sg_acc":["L402511-F4"],"s_sg_dat":["L402511-F3"],"s_sg_gen":["L402511-F2"],"s_sg_nom":["L402511-F1"]}	[]	[]	["L402511$de5be28c-40de-c3e1-f7c9-b97cdbc7866e"]	[]	explicit_compound_analysis	["hyphen"]	[]	automatic
wdn_000040_N	L408360	["L408360"]	["a880277002d7a35498bf3fe38b18fed80991d7f47efd7c1ec28743a480c5548f"]	"Königsallee"	singular_only	047fac79a365986ff76b4e9b794275361ac7afcc0166a1eb42b6c22a498d51cd	no	["feminine"]	[{"rank":"normal","statement":"L408360$6B5F944E-CDAF-4114-9176-7D4175DDF4A9","value":"Q1775415"}]	singular_only	[{"rank":"normal","statement":"L408360$2230cbf9-485a-0b30-8d05-a563c46521a1","value":"Q604984"}]	[]	complete	{"s_sg_acc":["Königsallee"],"s_sg_dat":["Königsallee"],"s_sg_gen":["Königsallee"],"s_sg_nom":["Königsallee"]}	{"s_sg_acc":["L408360-F4"],"s_sg_dat":["L408360-F3"],"s_sg_gen":["L408360-F2"],"s_sg_nom":["L408360-F1"]}	[]	[]	["L408360$1bfa4795-4a2a-9c69-abc3-fa7055b83e77","L408360$440e6bfd-4d3d-b6c2-2462-4cf0d3fc9e71"]	[]	explicit_compound_analysis	[]	[]	automatic
wdn_000041_N	L478083	["L478083"]	["341cde24457277b75156b3d0f2347fafbaec24b942b63032c7e8e00f05710136"]	"NOx-Konzentration"	hyphenated	00192d7389f62855e2f4a4193c70bed4c4c84a94b7186cc510573deb5b7b1f37	no	["feminine"]	[{"rank":"normal","statement":"L478083$4F4A59A7-9743-496A-B429-E5698524D2C9","value":"Q1775415"}]	ordinary	[]	[]	complete	{"s_pl_acc":["NOx-Konzentrationen"],"s_pl_dat":["NOx-Konzentrationen"],"s_pl_gen":["NOx-Konzentrationen"],"s_pl_nom":["NOx-Konzentrationen"],"s_sg_acc":["NOx-Konzentration"],"s_sg_dat":["NOx-Konzentration"],"s_sg_gen":["NOx-Konzentration"],"s_sg_nom":["NOx-Konzentration"]}	{"s_pl_acc":["L478083-F8"],"s_pl_dat":["L478083-F7"],"s_pl_gen":["L478083-F6"],"s_pl_nom":["L478083-F5"],"s_sg_acc":["L478083-F4"],"s_sg_dat":["L478083-F3"],"s_sg_gen":["L478083-F2"],"s_sg_nom":["L478083-F1"]}	[]	[]	[]	[]	none_recorded	["hyphen"]	[]	automatic
wdn_000042_N	L482215	["L482215"]	["c3cd7c9bd9698b23b33152cc737a313e203c5f4d41e5a70480abb1f038ae99fa"]	"Musikerziehung"	singular_only	0aea24c481a5f198f1724fb5d1f29cd4e6425a6123da9dc4d6ae43925b0bc35b	no	["feminine"]	[{"rank":"normal","statement":"L482215$FA2B8CBB-E93D-4554-887D-CB89DE774E4F","value":"Q1775415"}]	singular_only	[{"rank":"normal","statement":"L482215$614E9172-A6EA-4A36-84E6-AC951942FF16","value":"Q604984"}]	[]	complete	{"s_sg_acc":["Musikerziehung"],"s_sg_dat":["Musikerziehung"],"s_sg_gen":["Musikerziehung"],"s_sg_nom":["Musikerziehung"]}	{"s_sg_acc":["L482215-F4"],"s_sg_dat":["L482215-F3"],"s_sg_gen":["L482215-F2"],"s_sg_nom":["L482215-F1"]}	[]	[]	[]	[]	none_recorded	[]	[]	automatic
wdn_000043_N	L486827	["L486827"]	["7bb345c841d5fd7b51892d0ae6ac49336a8ea5a6b029cbcdf67a5edb097c70d6"]	"Verneinung"	explicit_combining	0df7288343c6aab8b19f8c61733d0f7337a20e32ceadadd1385136af2e9bd5fa	no	["feminine"]	[{"rank":"normal","statement":"L486827$4EAB3C3A-954F-407E-B114-3ACB9E6ABC48","value":"Q1775415"}]	ordinary	[]	[]	complete	{"s_pl_acc":["Verneinungen"],"s_pl_dat":["Verneinungen"],"s_pl_gen":["Verneinungen"],"s_pl_nom":["Verneinungen"],"s_sg_acc":["Verneinung"],"s_sg_dat":["Verneinung"],"s_sg_gen":["Verneinung"],"s_sg_nom":["Verneinung"]}	{"s_pl_acc":["L486827-F8"],"s_pl_dat":["L486827-F7"],"s_pl_gen":["L486827-F6"],"s_pl_nom":["L486827-F5"],"s_sg_acc":["L486827-F4"],"s_sg_dat":["L486827-F3"],"s_sg_gen":["L486827-F2"],"s_sg_nom":["L486827-F1"]}	[{"features":["Q107614077"],"form_id":"L486827-F9","value":"Verneinungs"}]	[]	[]	[]	component_target	[]	[]	automatic
wdn_000044_N	L492516	["L492516"]	["17265fc8289541612a36ec5a22fa2f6cdba80673b0a2b6d1373c460d5ed61d80"]	"Augmentativ"	regular_neuter	003058b5f8ac73449e99acdd67b446f261378dbcb7a92010be38dbce9127e83b	no	["neuter"]	[{"rank":"normal","statement":"L492516$9BEF4ADB-7D5A-47EA-9424-88991D342480","value":"Q1775461"}]	ordinary	[]	[]	complete	{"s_pl_acc":["Augmentative"],"s_pl_dat":["Augmentativen"],"s_pl_gen":["Augmentative"],"s_pl_nom":["Augmentative"],"s_sg_acc":["Augmentativ"],"s_sg_dat":["Augmentativ"],"s_sg_gen":["Augmentativs"],"s_sg_nom":["Augmentativ"]}	{"s_pl_acc":["L492516-F8"],"s_pl_dat":["L492516-F7"],"s_pl_gen":["L492516-F6"],"s_pl_nom":["L492516-F5"],"s_sg_acc":["L492516-F4"],"s_sg_dat":["L492516-F3"],"s_sg_gen":["L492516-F2"],"s_sg_nom":["L492516-F1"]}	[]	[]	[]	[]	none_recorded	[]	[]	automatic
wdn_000045_N	L494603	["L494603"]	["3d88f8dcf859a613dd8bd6498ea8273ccc58f5ab584ea619f402e527a87b05a1"]	"Fragmentierung"	explicit_combining	05c23663b1983f94a09fbb5fe782d027646d79de351c888c0bcf6d6cc9e50630	no	["feminine"]	[{"rank":"normal","statement":"L494603$05708640-3B7B-4C3E-9EA7-6263087D65F4","value":"Q1775415"}]	ordinary	[]	[]	complete	{"s_pl_acc":["Fragmentierungen"],"s_pl_dat":["Fragmentierungen"],"s_pl_gen":["Fragmentierungen"],"s_pl_nom":["Fragmentierungen"],"s_sg_acc":["Fragmentierung"],"s_sg_dat":["Fragmentierung"],"s_sg_gen":["Fragmentierung"],"s_sg_nom":["Fragmentierung"]}	{"s_pl_acc":["L494603-F8"],"s_pl_dat":["L494603-F7"],"s_pl_gen":["L494603-F6"],"s_pl_nom":["L494603-F5"],"s_sg_acc":["L494603-F4"],"s_sg_dat":["L494603-F3"],"s_sg_gen":["L494603-F2"],"s_sg_nom":["L494603-F1"]}	[{"features":["Q107614077"],"form_id":"L494603-F9","value":"Fragmentierungs"}]	[]	[]	[]	component_target	[]	[]	automatic
wdn_000046_N	L495855	["L495855"]	["b7eba665baec0aa16c1d58886af11d745577b051f77f804dc117a818536fc233"]	"Gleichmaß"	singular_only	09264f92ca59f4dc8eff74add5aaa68b46716faf400b729d869702199f620010	no	["neuter"]	[{"rank":"normal","statement":"L495855$CACD9FA8-2B49-495A-B59A-405E48BA24FF","value":"Q1775461"}]	singular_only	[{"rank":"normal","statement":"L495855$1F10F10B-FE22-49A1-9B53-7441380C5241","value":"Q604984"}]	[]	complete	{"s_sg_acc":["Gleichmaß"],"s_sg_dat":["Gleichmaß"],"s_sg_gen":["Gleichmaßes"],"s_sg_nom":["Gleichmaß"]}	{"s_sg_acc":["L495855-F4"],"s_sg_dat":["L495855-F3"],"s_sg_gen":["L495855-F2"],"s_sg_nom":["L495855-F1"]}	[]	[]	["L495855$5EFDBB83-37F6-473A-A4C3-80B8B68AC42B"]	[]	explicit_compound_analysis	[]	[]	automatic
wdn_000047_N	L500526	["L500526"]	["26aa10f7ee90c3fa4fbb952ee6137dc9f1152b8a85727717ba2787a02d458a38"]	"Magnesium"	singular_only	04d7b204dc2bab53a3f26269641450f8acd11a9018fcedc276d7a79ee2baa020	no	["neuter"]	[{"rank":"normal","statement":"L500526$13B2E12F-34E5-4F10-AB3B-F3DE849E8771","value":"Q1775461"}]	singular_only	[{"rank":"normal","statement":"L500526$C0220720-45D5-4D58-9644-E7BFA929B5A7","value":"Q604984"}]	[]	complete	{"s_sg_acc":["Magnesium"],"s_sg_dat":["Magnesium"],"s_sg_gen":["Magnesiums"],"s_sg_nom":["Magnesium"]}	{"s_sg_acc":["L500526-F4"],"s_sg_dat":["L500526-F3"],"s_sg_gen":["L500526-F2"],"s_sg_nom":["L500526-F1"]}	[]	[]	[]	[]	none_recorded	[]	[]	automatic
wdn_000048_N	L579647	["L579647"]	["3fdb7d081ac2f3f0850cc8177ca4056496cc5b864aec7a2f9332e0566596ae1d"]	"Rosine"	explicit_combining	0501d98e1ab84d6a92bcbcacdb143572c3d5b8faf65ef77375f1e7e56a5496ed	no	["feminine"]	[{"rank":"normal","statement":"L579647$F6DC6501-3218-435F-81C0-65DCD4B707C5","value":"Q1775415"}]	ordinary	[]	[]	complete	{"s_pl_acc":["Rosinen"],"s_pl_dat":["Rosinen"],"s_pl_gen":["Rosinen"],"s_pl_nom":["Rosinen"],"s_sg_acc":["Rosine"],"s_sg_dat":["Rosine"],"s_sg_gen":["Rosine"],"s_sg_nom":["Rosine"]}	{"s_pl_acc":["L579647-F8"],"s_pl_dat":["L579647-F7"],"s_pl_gen":["L579647-F6"],"s_pl_nom":["L579647-F5"],"s_sg_acc":["L579647-F4"],"s_sg_dat":["L579647-F3"],"s_sg_gen":["L579647-F2"],"s_sg_nom":["L579647-F1"]}	[{"features":["Q107614077"],"form_id":"L579647-F9","value":"Rosinen"}]	[]	[]	[]	component_target	[]	[]	automatic
wdn_000049_N	L587608	["L587608"]	["30a089a9c9ddb6fe65ff707c44ec78b73c5cb9d24ba6ffecd65906e868a8a101"]	"Drüse"	explicit_combining	09fc326645deb618fa00285688f91f7c96d160f922a3c869f544b6ddf021117d	no	["feminine"]	[{"rank":"normal","statement":"L587608$DCB90405-6F2A-46B5-8FFB-795F5619CAB7","value":"Q1775415"}]	ordinary	[]	[]	complete	{"s_pl_acc":["Drüsen"],"s_pl_dat":["Drüsen"],"s_pl_gen":["Drüsen"],"s_pl_nom":["Drüsen"],"s_sg_acc":["Drüse"],"s_sg_dat":["Drüse"],"s_sg_gen":["Drüse"],"s_sg_nom":["Drüse"]}	{"s_pl_acc":["L587608-F8"],"s_pl_dat":["L587608-F7"],"s_pl_gen":["L587608-F6"],"s_pl_nom":["L587608-F5"],"s_sg_acc":["L587608-F4"],"s_sg_dat":["L587608-F3"],"s_sg_gen":["L587608-F2"],"s_sg_nom":["L587608-F1"]}	[{"features":["Q107614077"],"form_id":"L587608-F9","value":"Drüsen"}]	[]	[]	[]	component_target	[]	[]	automatic
wdn_000050_N	L591707	["L591707"]	["e86f1c2945d727003e2bfaf3a56afd269da089c39c8a5067c5864c37a1f8789b"]	"Hoheit"	invariant	000f66c1dbd1b5d79c7434fead64b40c59520a0e869d9bb87907eb6cb6e1a60f	no	["feminine"]	[{"rank":"normal","statement":"L591707$700EB7E8-F588-41B0-84C9-A6DBC74EF9AC","value":"Q1775415"}]	ordinary	[]	[]	complete	{"s_pl_acc":["Hoheiten"],"s_pl_dat":["Hoheiten"],"s_pl_gen":["Hoheiten"],"s_pl_nom":["Hoheiten"],"s_sg_acc":["Hoheit"],"s_sg_dat":["Hoheit"],"s_sg_gen":["Hoheit"],"s_sg_nom":["Hoheit"]}	{"s_pl_acc":["L591707-F8"],"s_pl_dat":["L591707-F7"],"s_pl_gen":["L591707-F6"],"s_pl_nom":["L591707-F5"],"s_sg_acc":["L591707-F4"],"s_sg_dat":["L591707-F3"],"s_sg_gen":["L591707-F2"],"s_sg_nom":["L591707-F1"]}	[]	[]	[]	[]	none_recorded	[]	[]	automatic
wdn_000051_N	L593988	["L593988"]	["73179faefc2f609dff627a869f60b73bc95b54ce86a9e0f9df88240758a3acb8"]	"Einbildungskraft"	singular_only	01c368c7973b4bc30eb27fb762f813ae57e1beadbdef2824cb208600f39fc931	no	["feminine"]	[{"rank":"normal","statement":"L593988$B90D1649-60DC-489C-AF76-DD82893ED0C1","value":"Q1775415"}]	singular_only	[{"rank":"normal","statement":"L593988$DD952129-02AE-464B-A418-09558A3878EA","value":"Q604984"}]	[]	complete	{"s_sg_acc":["Einbildungskraft"],"s_sg_dat":["Einbildungskraft"],"s_sg_gen":["Einbildungskraft"],"s_sg_nom":["Einbildungskraft"]}	{"s_sg_acc":["L593988-F4"],"s_sg_dat":["L593988-F3"],"s_sg_gen":["L593988-F2"],"s_sg_nom":["L593988-F1"]}	[]	[]	[]	[]	none_recorded	[]	[]	automatic
wdn_000052_N	L612612	["L612612"]	["b5bc1f93a4c2c2aea11266b63a40dff8f28caeb9544cc944f8454532540fb5c5"]	"Adoptivmutter"	regular_feminine	0108e20e8d1a7a6f4998277e905083a970434cb8c6ebc99b9e136e2d082322da	no	["feminine"]	[{"rank":"normal","statement":"L612612$BDB547B5-5C30-4DD3-87F8-2CC4C650AC6E","value":"Q1775415"}]	ordinary	[]	[]	complete	{"s_pl_acc":["Adoptivmütter"],"s_pl_dat":["Adoptivmüttern"],"s_pl_gen":["Adoptivmütter"],"s_pl_nom":["Adoptivmütter"],"s_sg_acc":["Adoptivmutter"],"s_sg_dat":["Adoptivmutter"],"s_sg_gen":["Adoptivmutter"],"s_sg_nom":["Adoptivmutter"]}	{"s_pl_acc":["L612612-F8"],"s_pl_dat":["L612612-F7"],"s_pl_gen":["L612612-F6"],"s_pl_nom":["L612612-F5"],"s_sg_acc":["L612612-F4"],"s_sg_dat":["L612612-F3"],"s_sg_gen":["L612612-F2"],"s_sg_nom":["L612612-F1"]}	[]	[]	[]	[]	none_recorded	[]	[]	automatic
wdn_000053_N	L615405	["L615405"]	["79bdd1b4cd1adccd615577814ae55c7e1e9cdf46eb29a189dbe48dd5571c2840"]	"Stratopause"	singular_only	09266f40f8362d5eac9e8de3dad640eeb4f86d59f20bd0050c2b5cf38e5734cf	no	["feminine"]	[{"rank":"normal","statement":"L615405$BEBD38F6-0D18-4824-B386-FE4EDD3D12B2","value":"Q1775415"}]	singular_only	[{"rank":"normal","statement":"L615405$12FB426C-115F-457C-8E72-9C1B6A1B8DA2","value":"Q604984"}]	[]	complete	{"s_sg_acc":["Stratopause"],"s_sg_dat":["Stratopause"],"s_sg_gen":["Stratopause"],"s_sg_nom":["Stratopause"]}	{"s_sg_acc":["L615405-F4"],"s_sg_dat":["L615405-F3"],"s_sg_gen":["L615405-F2"],"s_sg_nom":["L615405-F1"]}	[]	[]	[]	[]	none_recorded	[]	[]	automatic
wdn_000054_N	L617006	["L617006"]	["16fc6b4bed142ae4375308343c5617b23df5dabb21594b4bf280399f164bacfb"]	"HNO-Ärztin"	hyphenated	01c2a5a3d386ce4eb230213e0e50bbfeb1038b20902f7e30d78edc06afd64181	no	["feminine"]	[{"rank":"normal","statement":"L617006$51558062-25DB-4EFA-ACA8-EFB9C981A35C","value":"Q1775415"}]	ordinary	[]	[]	complete	{"s_pl_acc":["HNO-Ärztinnen"],"s_pl_dat":["HNO-Ärztinnen"],"s_pl_gen":["HNO-Ärztinnen"],"s_pl_nom":["HNO-Ärztinnen"],"s_sg_acc":["HNO-Ärztin"],"s_sg_dat":["HNO-Ärztin"],"s_sg_gen":["HNO-Ärztin"],"s_sg_nom":["HNO-Ärztin"]}	{"s_pl_acc":["L617006-F8"],"s_pl_dat":["L617006-F7"],"s_pl_gen":["L617006-F6"],"s_pl_nom":["L617006-F5"],"s_sg_acc":["L617006-F4"],"s_sg_dat":["L617006-F3"],"s_sg_gen":["L617006-F2"],"s_sg_nom":["L617006-F1"]}	[]	[]	["L617006$03ebe003-4a76-dcb8-aa1a-c6ca81c8e327","L617006$8dc53d6e-4fe0-87c9-5ee2-1095b3fa8505"]	[]	explicit_compound_analysis	["hyphen"]	[]	automatic
wdn_000055_N	L626666	["L626666"]	["ad2989d3df993ca3c1b3a75babbc9d949ec6bd06074a68656b86b7b9ce101df2"]	"Senegaler"	regular_masculine	0046ff1e8f82ae074fbfbd367b290010274dcfd10b4e7822b13a059f62436f53	no	["masculine"]	[{"rank":"normal","statement":"L626666$26D91A6E-5B74-469F-88C1-AEC7C9BA7B57","value":"Q499327"}]	ordinary	[]	[]	complete	{"s_pl_acc":["Senegaler"],"s_pl_dat":["Senegalern"],"s_pl_gen":["Senegaler"],"s_pl_nom":["Senegaler"],"s_sg_acc":["Senegaler"],"s_sg_dat":["Senegaler"],"s_sg_gen":["Senegalers"],"s_sg_nom":["Senegaler"]}	{"s_pl_acc":["L626666-F8"],"s_pl_dat":["L626666-F7"],"s_pl_gen":["L626666-F6"],"s_pl_nom":["L626666-F5"],"s_sg_acc":["L626666-F4"],"s_sg_dat":["L626666-F3"],"s_sg_gen":["L626666-F2"],"s_sg_nom":["L626666-F1"]}	[]	[]	[]	[]	none_recorded	[]	[]	automatic
wdn_000056_N	L647538	["L647538"]	["c84fe6426a8222e409e4e9c2afc7b3239702bdd1baea720af9e55fd2bb35bf8d"]	"Quai"	multiple_gender	000cbc0f9e2c41b2b75cba2b211f395f4025bca96702958b419f71b12f699678	no	["masculine","neuter"]	[{"rank":"normal","statement":"L647538$513E3970-B086-4FCD-9EBC-DF201C42A23A","value":"Q499327"},{"rank":"normal","statement":"L647538$ca07c3c1-4a59-30bf-9aba-391043d6c476","value":"Q1775461"}]	ordinary	[]	[]	complete	{"s_pl_acc":["Quais"],"s_pl_dat":["Quais"],"s_pl_gen":["Quais"],"s_pl_nom":["Quais"],"s_sg_acc":["Quai"],"s_sg_dat":["Quai"],"s_sg_gen":["Quais"],"s_sg_nom":["Quai"]}	{"s_pl_acc":["L647538-F8"],"s_pl_dat":["L647538-F7"],"s_pl_gen":["L647538-F6"],"s_pl_nom":["L647538-F5"],"s_sg_acc":["L647538-F4"],"s_sg_dat":["L647538-F3"],"s_sg_gen":["L647538-F2"],"s_sg_nom":["L647538-F1"]}	[]	[]	[]	[]	none_recorded	[]	[]	automatic
wdn_000057_N	L656535	["L656535"]	["a841734f11f0516fed01107add5ff51de6433877a9063758c3353f778ee8a1d1"]	"Alten"	plural_only	016740a4a39f98f0f02c3386e6e6141234c7db16dba03c1721acedd203a100de	no	[]	[]	plural_only	[{"rank":"normal","statement":"L656535$8143D47C-9C8D-4870-A141-8C05DE726A3F","value":"Q138246"}]	[]	complete	{"s_pl_acc":["Alten"],"s_pl_dat":["Alten"],"s_pl_gen":["Alten"],"s_pl_nom":["Alten"]}	{"s_pl_acc":["L656535-F4"],"s_pl_dat":["L656535-F3"],"s_pl_gen":["L656535-F2"],"s_pl_nom":["L656535-F1"]}	[]	[]	[]	[]	none_recorded	[]	["missing_gender"]	automatic
wdn_000058_N	L677614	["L677614"]	["e07dff5b744e2e8686d1f167608ad6189ab6e564a8cf0dfcc2059d1e73a16a7a"]	"Radler"	multiple_gender	02d4a0a6475c493804ae1ba0c6e3442a13d2856bdf35de929c3a8c4fc68dc9a3	no	["masculine","neuter"]	[{"rank":"normal","statement":"L677614$41FD11BB-463F-4EE6-9FE5-B949F8CE211D","value":"Q1775461"},{"rank":"normal","statement":"L677614$98470254-40b3-af27-06b5-2b616d35323d","value":"Q499327"}]	ordinary	[]	[]	complete	{"s_pl_acc":["Radler"],"s_pl_dat":["Radlern"],"s_pl_gen":["Radler"],"s_pl_nom":["Radler"],"s_sg_acc":["Radler"],"s_sg_dat":["Radler"],"s_sg_gen":["Radlers"],"s_sg_nom":["Radler"]}	{"s_pl_acc":["L677614-F8"],"s_pl_dat":["L677614-F7"],"s_pl_gen":["L677614-F6"],"s_pl_nom":["L677614-F5"],"s_sg_acc":["L677614-F4"],"s_sg_dat":["L677614-F3"],"s_sg_gen":["L677614-F2"],"s_sg_nom":["L677614-F1"]}	[]	[]	[]	[]	component_target	[]	[]	automatic
wdn_000059_N	L678544	["L678544"]	["45e187691604c170e0b8674bf5d0de544fa3868aa5d5c5c2241bbf465508353b"]	"Benutzung"	explicit_combining	05103f0ceb12f3f617c4f3315c9ba52038a14ccb1fe46ae0c6dd12f8fb120b73	no	["feminine"]	[{"rank":"normal","statement":"L678544$1FC1D7A6-4F6C-4955-9DC4-FF6A06754C71","value":"Q1775415"}]	ordinary	[]	[]	complete	{"s_pl_acc":["Benutzungen"],"s_pl_dat":["Benutzungen"],"s_pl_gen":["Benutzungen"],"s_pl_nom":["Benutzungen"],"s_sg_acc":["Benutzung"],"s_sg_dat":["Benutzung"],"s_sg_gen":["Benutzung"],"s_sg_nom":["Benutzung"]}	{"s_pl_acc":["L678544-F8"],"s_pl_dat":["L678544-F7"],"s_pl_gen":["L678544-F6"],"s_pl_nom":["L678544-F5"],"s_sg_acc":["L678544-F4"],"s_sg_dat":["L678544-F3"],"s_sg_gen":["L678544-F2"],"s_sg_nom":["L678544-F1"]}	[{"features":["Q107614077"],"form_id":"L678544-F9","value":"Benutzungs"}]	["L678543$90dc2737-48bc-1e1f-f61b-60cf5308155e>L678544-F9"]	["L678544$c196d6c9-40ed-0387-7153-5f71d22364d2","L678544$3d07f24c-4002-6bc8-9e9c-9bdca9f6e285"]	[]	source_and_target	[]	[]	automatic
wdn_000060_N	L679403	["L679403"]	["a65c127a841e15a8ccfed0b03f161e5729d6fd8ec470270043256a8cb60059aa"]	"Verwandte"	irregular_full	01cc5e66e8cae3602fa363b3cc295cc720f988b585b736ee25217ac5104ad37f	no	["feminine"]	[{"rank":"normal","statement":"L679403$943C79E6-31B9-445E-9710-83DC79B0F883","value":"Q1775415"}]	ordinary	[]	[{"rank":"normal","statement":"L679403$1a9c19cc-4ab3-b503-3ccb-62bbd67738c2","value":"Q103383087"}]	complete	{"s_pl_acc":["Verwandte"],"s_pl_dat":["Verwandten"],"s_pl_gen":["Verwandter"],"s_pl_nom":["Verwandte"],"s_sg_acc":["Verwandte"],"s_sg_dat":["Verwandten"],"s_sg_gen":["Verwandten"],"s_sg_nom":["Verwandte"]}	{"s_pl_acc":["L679403-F8"],"s_pl_dat":["L679403-F7"],"s_pl_gen":["L679403-F6"],"s_pl_nom":["L679403-F5"],"s_sg_acc":["L679403-F4"],"s_sg_dat":["L679403-F3"],"s_sg_gen":["L679403-F2"],"s_sg_nom":["L679403-F1"]}	[]	[]	[]	[]	none_recorded	[]	[]	automatic
wdn_000061_N	L729486	["L729486"]	["576e5121b08c9273d17705240ea39f31f5877dd5838eadb35ee6b5ec198f7a2a"]	"Kastrationsangst"	regular_feminine	0259fb2ade98524501765870d4ecae4f90b713b14862805b5d3356744c7134ac	no	["feminine"]	[{"rank":"normal","statement":"L729486$DB9A25AC-05A1-4641-81BC-89CD2B7A6D4B","value":"Q1775415"}]	ordinary	[]	[]	complete	{"s_pl_acc":["Kastrationsängste"],"s_pl_dat":["Kastrationsängsten"],"s_pl_gen":["Kastrationsängste"],"s_pl_nom":["Kastrationsängste"],"s_sg_acc":["Kastrationsangst"],"s_sg_dat":["Kastrationsangst"],"s_sg_gen":["Kastrationsangst"],"s_sg_nom":["Kastrationsangst"]}	{"s_pl_acc":["L729486-F8"],"s_pl_dat":["L729486-F7"],"s_pl_gen":["L729486-F6"],"s_pl_nom":["L729486-F5"],"s_sg_acc":["L729486-F4"],"s_sg_dat":["L729486-F3"],"s_sg_gen":["L729486-F2"],"s_sg_nom":["L729486-F1"]}	[]	[]	[]	[]	none_recorded	[]	[]	automatic
wdn_000062_N	L753194	["L753194"]	["7f60a53fd5d32735f82d572a33439c105d311e55581a716791b933ca236011fa"]	"Pluviograf"	irregular_full	01f8b088e74476754a01c23124785c6b1c42e3821715828bc4164d3f75250b35	no	["masculine"]	[{"rank":"normal","statement":"L753194$B7770332-3E44-4C7D-B552-3F86CB22CBCE","value":"Q499327"}]	ordinary	[]	[]	complete	{"s_pl_acc":["Pluviografen"],"s_pl_dat":["Pluviografen"],"s_pl_gen":["Pluviografen"],"s_pl_nom":["Pluviografen"],"s_sg_acc":["Pluviografen"],"s_sg_dat":["Pluviografen"],"s_sg_gen":["Pluviografen"],"s_sg_nom":["Pluviograf"]}	{"s_pl_acc":["L753194-F8"],"s_pl_dat":["L753194-F7"],"s_pl_gen":["L753194-F6"],"s_pl_nom":["L753194-F5"],"s_sg_acc":["L753194-F4"],"s_sg_dat":["L753194-F3"],"s_sg_gen":["L753194-F2"],"s_sg_nom":["L753194-F1"]}	[]	[]	[]	[]	none_recorded	[]	[]	automatic
wdn_000063_N	L753744	["L753744"]	["4d4b33c503c10273f59ea017c7bb5d2f01fc258e5ff998c7ed89fe4e9c561ae8"]	"Wundwasser"	partial_evidence	0004eb31ba6537feff6b11f3aea7d2d8962782264d1f2737b26808bef4e4d14b	no	["neuter"]	[{"rank":"normal","statement":"L753744$2061FCF0-79E7-41AD-A0DE-11B50D84A76F","value":"Q1775461"}]	ordinary	[]	[]	none	{}	{}	[]	[]	[]	[]	none_recorded	[]	[]	automatic
wdn_000064_N	L754263	["L754263"]	["1c49f8ad5e46e3274afca0819b2dc0cf072155303485c4293402ece00fd00cfe"]	"Cordial Médoc"	multiword	0408c8f5b87cf49989ea126a357b031aeb11c2c86458ab3c58c43af4afca1ae6	no	["masculine"]	[{"rank":"normal","statement":"L754263$FE22887D-FD90-4CCE-B893-A30B29ECD148","value":"Q499327"}]	ordinary	[]	[]	none	{}	{}	[]	[]	[]	[]	none_recorded	["whitespace"]	[]	automatic
wdn_000065_N	L754448	["L754448"]	["f74c4581ea49c087bb70e828f1e2b2cbbbe887c20e18e6df5df06542644b686d"]	"Handelsmissbrauch"	conflicting_slots	0010a63a84c4b86c4b3547fbdcfdea41eecf06510bd27597dceb72d5facc59c6	no	["masculine"]	[{"rank":"normal","statement":"L754448$6BFAB67D-6FF0-4A85-9F9E-E6DA0BB854F1","value":"Q499327"}]	ordinary	[]	[]	conflicting	{"s_pl_acc":["Handelsmissbräuche"],"s_pl_dat":["Handelsmissbräuchen"],"s_pl_gen":["Handelsmissbräuche"],"s_pl_nom":["Handelsmissbräuche"],"s_sg_acc":["Handelsmissbrauch"],"s_sg_dat":["Handelsmissbrauch"],"s_sg_gen":["Handelsmissbrauches","Handelsmissbrauchs"],"s_sg_nom":["Handelsmissbrauch"]}	{"s_pl_acc":["L754448-F9"],"s_pl_dat":["L754448-F8"],"s_pl_gen":["L754448-F7"],"s_pl_nom":["L754448-F6"],"s_sg_acc":["L754448-F5"],"s_sg_dat":["L754448-F4"],"s_sg_gen":["L754448-F2","L754448-F3"],"s_sg_nom":["L754448-F1"]}	[]	[]	[]	[]	none_recorded	[]	["conflicting_slots"]	automatic
wdn_000066_N	L755512	["L755512"]	["1a1621cd0b63659f40b13f66ce0e7d49057f9125a61f871de0822949d6436290"]	"Glotzauge"	invariant_plural	004a21f1d29c5c76f1e16b4b6f1eaa04f7dd6c3793869544f98c52e25aaef04c	no	["neuter"]	[{"rank":"normal","statement":"L755512$6daba75d-b6ab-40e5-9f38-3811a0f8cb45","value":"Q1775461"}]	ordinary	[]	[]	complete	{"s_pl_acc":["Glotzaugen"],"s_pl_dat":["Glotzaugen"],"s_pl_gen":["Glotzaugen"],"s_pl_nom":["Glotzaugen"],"s_sg_acc":["Glotzauge"],"s_sg_dat":["Glotzauge"],"s_sg_gen":["Glotzauges"],"s_sg_nom":["Glotzauge"]}	{"s_pl_acc":["L755512-F8"],"s_pl_dat":["L755512-F7"],"s_pl_gen":["L755512-F6"],"s_pl_nom":["L755512-F5"],"s_sg_acc":["L755512-F4"],"s_sg_dat":["L755512-F3"],"s_sg_gen":["L755512-F2"],"s_sg_nom":["L755512-F1"]}	[]	[]	[]	[]	none_recorded	[]	[]	automatic
wdn_000067_N	L755605	["L755605"]	["2f73c5b7316e976c2341c772b3432c76881e4b5f7f6184d3e6e5980920edec1f"]	"Altweiberknoten"	invariant_plural	005b952d9923e11779021ecc13ff5bd2c0f7359f69acc541b17e435b7a43965d	no	["masculine"]	[{"rank":"normal","statement":"L755605$F683927C-3261-4C28-A4D6-6BF6B0020CBF","value":"Q499327"}]	ordinary	[]	[]	complete	{"s_pl_acc":["Altweiberknoten"],"s_pl_dat":["Altweiberknoten"],"s_pl_gen":["Altweiberknoten"],"s_pl_nom":["Altweiberknoten"],"s_sg_acc":["Altweiberknoten"],"s_sg_dat":["Altweiberknoten"],"s_sg_gen":["Altweiberknotens"],"s_sg_nom":["Altweiberknoten"]}	{"s_pl_acc":["L755605-F8"],"s_pl_dat":["L755605-F7"],"s_pl_gen":["L755605-F6"],"s_pl_nom":["L755605-F5"],"s_sg_acc":["L755605-F4"],"s_sg_dat":["L755605-F3"],"s_sg_gen":["L755605-F2"],"s_sg_nom":["L755605-F1"]}	[]	[]	[]	[]	none_recorded	[]	[]	automatic
wdn_000068_N	L757913	["L757913"]	["a64c101c5f96c0909a9ffe7b23520fab0f8061fff98fa6a22c7eb1ca8947de22"]	"Schlüsselblume"	invariant	0002194f96055357309854cd4445774cd1bf1ec6046d9dec7e3b7b06eaaa1a28	no	["feminine"]	[{"rank":"normal","statement":"L757913$DDC30943-0330-4D2A-960A-22B97206B55E","value":"Q1775415"}]	ordinary	[]	[]	complete	{"s_pl_acc":["Schlüsselblumen"],"s_pl_dat":["Schlüsselblumen"],"s_pl_gen":["Schlüsselblumen"],"s_pl_nom":["Schlüsselblumen"],"s_sg_acc":["Schlüsselblume"],"s_sg_dat":["Schlüsselblume"],"s_sg_gen":["Schlüsselblume"],"s_sg_nom":["Schlüsselblume"]}	{"s_pl_acc":["L757913-F8"],"s_pl_dat":["L757913-F7"],"s_pl_gen":["L757913-F6"],"s_pl_nom":["L757913-F5"],"s_sg_acc":["L757913-F4"],"s_sg_dat":["L757913-F3"],"s_sg_gen":["L757913-F2"],"s_sg_nom":["L757913-F1"]}	[]	[]	[]	[]	none_recorded	[]	[]	automatic
wdn_000069_N	L758173	["L758173"]	["12da9b5fc10652770943803e47038532634f9a54d955fe6fa124e79cd734653c"]	"Schuldnerverzeichnis"	regular_neuter	00979e29ef86ca2b1d23c4f3bf107a60c262a859eef7bb85583bcd387d15014d	no	["neuter"]	[{"rank":"normal","statement":"L758173$456026F1-3814-4CCD-9F5D-70D13776DF32","value":"Q1775461"}]	ordinary	[]	[]	complete	{"s_pl_acc":["Schuldnerverzeichnisse"],"s_pl_dat":["Schuldnerverzeichnissen"],"s_pl_gen":["Schuldnerverzeichnisse"],"s_pl_nom":["Schuldnerverzeichnisse"],"s_sg_acc":["Schuldnerverzeichnis"],"s_sg_dat":["Schuldnerverzeichnis"],"s_sg_gen":["Schuldnerverzeichnisses"],"s_sg_nom":["Schuldnerverzeichnis"]}	{"s_pl_acc":["L758173-F8"],"s_pl_dat":["L758173-F7"],"s_pl_gen":["L758173-F6"],"s_pl_nom":["L758173-F5"],"s_sg_acc":["L758173-F4"],"s_sg_dat":["L758173-F3"],"s_sg_gen":["L758173-F2"],"s_sg_nom":["L758173-F1"]}	[]	[]	[]	[]	none_recorded	[]	[]	automatic
wdn_000070_N	L758266	["L758266"]	["64f460c1e15d13196ce71282fd226509c88cbb1d8f4c81fecf2ebebedd11c2b2"]	"Scheidenvorfall"	conflicting_slots	0027cd6b372eedf9a7883d3590698363acf3343fc8e9d2e0532f506139345023	no	["masculine"]	[{"rank":"normal","statement":"L758266$0FA2EFBF-08FE-48EB-8ADE-828D4CA8FB8A","value":"Q499327"}]	ordinary	[]	[]	conflicting	{"s_pl_acc":["Scheidenvorfälle"],"s_pl_dat":["Scheidenvorfällen"],"s_pl_gen":["Scheidenvorfälle"],"s_pl_nom":["Scheidenvorfälle"],"s_sg_acc":["Scheidenvorfall"],"s_sg_dat":["Scheidenvorfall"],"s_sg_gen":["Scheidenvorfalles","Scheidenvorfalls"],"s_sg_nom":["Scheidenvorfall"]}	{"s_pl_acc":["L758266-F9"],"s_pl_dat":["L758266-F8"],"s_pl_gen":["L758266-F7"],"s_pl_nom":["L758266-F6"],"s_sg_acc":["L758266-F5"],"s_sg_dat":["L758266-F4"],"s_sg_gen":["L758266-F2","L758266-F3"],"s_sg_nom":["L758266-F1"]}	[]	[]	[]	[]	none_recorded	[]	["conflicting_slots"]	automatic
wdn_000071_N	L759656	["L759656"]	["4e455a742ae16b949f7948bfd6892657ceac0819e6ba8aab83a7b8a0dab821ae"]	"4-3-3-System"	hyphenated	0128d9a19458e4d2e9434e41712417eb482140610ca644e1c2a98e19dd67391a	no	["neuter"]	[{"rank":"normal","statement":"L759656$91D98984-DF15-4539-8ECE-47D71DA99295","value":"Q1775461"}]	ordinary	[]	[]	partial	{"s_sg_acc":["4-3-3-System"],"s_sg_dat":["4-3-3-System"],"s_sg_gen":["4-3-3-Systems"],"s_sg_nom":["4-3-3-System"]}	{"s_sg_acc":["L759656-F4"],"s_sg_dat":["L759656-F3"],"s_sg_gen":["L759656-F2"],"s_sg_nom":["L759656-F1"]}	[]	[]	[]	[]	none_recorded	["hyphen","digit"]	[]	automatic
wdn_000072_N	L761251	["L761251"]	["bf3b07cc96eb167fd1827c00d35a5f95bd61116e24f2dd1d9e6313a7d281c65c"]	"Weißwangengans"	regular_feminine	02f2ab44dda6200baf95bb8bf7e6300cef442bd36c7d65b5a5d2a2ceb939824b	no	["feminine"]	[{"rank":"normal","statement":"L761251$96E1F8B1-1428-4AC6-8203-3FAB742BC341","value":"Q1775415"}]	ordinary	[]	[]	complete	{"s_pl_acc":["Weißwangengänse"],"s_pl_dat":["Weißwangengänsen"],"s_pl_gen":["Weißwangengänse"],"s_pl_nom":["Weißwangengänse"],"s_sg_acc":["Weißwangengans"],"s_sg_dat":["Weißwangengans"],"s_sg_gen":["Weißwangengans"],"s_sg_nom":["Weißwangengans"]}	{"s_pl_acc":["L761251-F8"],"s_pl_dat":["L761251-F6"],"s_pl_gen":["L761251-F4"],"s_pl_nom":["L761251-F2"],"s_sg_acc":["L761251-F7"],"s_sg_dat":["L761251-F5"],"s_sg_gen":["L761251-F3"],"s_sg_nom":["L761251-F1"]}	[]	[]	[]	[]	none_recorded	[]	[]	automatic
wdn_000073_N	L761384	["L761384"]	["0773c25396462bb3480a536f4d69dba33f73007a330f504c21aa74de93477086"]	"Wechselguss"	regular_masculine	00240a3370411eaeb2020d79f5272520c47860fbcd84db69b89bef2140f036d3	no	["masculine"]	[{"rank":"normal","statement":"L761384$8C99744B-48E9-47BD-AF15-602CDF99AAE4","value":"Q499327"}]	ordinary	[]	[]	complete	{"s_pl_acc":["Wechselgüsse"],"s_pl_dat":["Wechselgüssen"],"s_pl_gen":["Wechselgüsse"],"s_pl_nom":["Wechselgüsse"],"s_sg_acc":["Wechselguss"],"s_sg_dat":["Wechselguss"],"s_sg_gen":["Wechselgusses"],"s_sg_nom":["Wechselguss"]}	{"s_pl_acc":["L761384-F8"],"s_pl_dat":["L761384-F7"],"s_pl_gen":["L761384-F6"],"s_pl_nom":["L761384-F5"],"s_sg_acc":["L761384-F4"],"s_sg_dat":["L761384-F3"],"s_sg_gen":["L761384-F2"],"s_sg_nom":["L761384-F1"]}	[]	[]	[]	[]	none_recorded	[]	[]	automatic
wdn_000074_N	L761786	["L761786"]	["f511453517884b2fc0cd9b34c5a18314547e289ddbb7b7af85a69eb1f318ef0c"]	"Recalltest"	conflicting_slots	00109d196afa4a4a2c6056f943c5ca208e2de43a37856827da8dc600ceadb0cd	no	["masculine"]	[{"rank":"normal","statement":"L761786$73B2276A-C460-4C8C-A141-AA266C636666","value":"Q499327"}]	ordinary	[]	[]	conflicting	{"s_pl_acc":["Recallteste","Recalltests"],"s_pl_dat":["Recalltesten","Recalltests"],"s_pl_gen":["Recallteste","Recalltests"],"s_pl_nom":["Recallteste","Recalltests"],"s_sg_acc":["Recalltest"],"s_sg_dat":["Recalltest"],"s_sg_gen":["Recalltestes","Recalltests"],"s_sg_nom":["Recalltest"]}	{"s_pl_acc":["L761786-F12","L761786-F13"],"s_pl_dat":["L761786-F10","L761786-F11"],"s_pl_gen":["L761786-F8","L761786-F9"],"s_pl_nom":["L761786-F6","L761786-F7"],"s_sg_acc":["L761786-F5"],"s_sg_dat":["L761786-F4"],"s_sg_gen":["L761786-F2","L761786-F3"],"s_sg_nom":["L761786-F1"]}	[]	[]	[]	[]	none_recorded	[]	["conflicting_slots"]	automatic
wdn_000075_N	L762764	["L762764"]	["497b7e0ee4ea70198c21228d865129dd276abf6b8ed4884c12033461899d7547"]	"Big Point"	multiword	0750b5c24008315e8f8fcf95d191614c282c4146f50f65b08edbcbb7f2bdaa9f	no	["masculine"]	[{"rank":"normal","statement":"L762764$0CD639C2-FC4B-48B6-8D10-9B9B62FD7DD0","value":"Q499327"}]	ordinary	[]	[]	none	{}	{}	[]	[]	[]	[]	none_recorded	["whitespace"]	[]	automatic
wdn_000076_N	L762817	["L762817"]	["1050606a9d5475aab399e5564a31a96f078c4f6e4c36ead4f007052dfe684e10"]	"Linienball"	conflicting_slots	002859fbbf505185124d67d314ec524eb9f40929194f0b0dd5128e5172f6110c	no	["masculine"]	[{"rank":"normal","statement":"L762817$D9398E45-8A56-43B6-8C8F-C1ACBCAC5ADE","value":"Q499327"}]	ordinary	[]	[]	conflicting	{"s_pl_acc":["Linienbälle"],"s_pl_dat":["Linienbällen"],"s_pl_gen":["Linienbälle"],"s_pl_nom":["Linienbälle"],"s_sg_acc":["Linienball"],"s_sg_dat":["Linienball"],"s_sg_gen":["Linienballes","Linienballs"],"s_sg_nom":["Linienball"]}	{"s_pl_acc":["L762817-F9"],"s_pl_dat":["L762817-F8"],"s_pl_gen":["L762817-F7"],"s_pl_nom":["L762817-F6"],"s_sg_acc":["L762817-F5"],"s_sg_dat":["L762817-F4"],"s_sg_gen":["L762817-F2","L762817-F3"],"s_sg_nom":["L762817-F1"]}	[]	[]	[]	[]	none_recorded	[]	["conflicting_slots"]	automatic
wdn_000077_N	L764130	["L764130"]	["560ca19eb37c2571fa1b6d00b3cc2665d5b00078b67ac99e0275ecc2bb90fb10"]	"Lappe"	irregular_full	017a5771f6af511f1dfd275be712d2cf0a925f65c8e33e13ab7ebaa052d80b99	no	["masculine"]	[{"rank":"normal","statement":"L764130$B4449F57-B5F2-4CC5-9590-1B64F6BFE7C3","value":"Q499327"}]	ordinary	[]	[]	complete	{"s_pl_acc":["Lappen"],"s_pl_dat":["Lappen"],"s_pl_gen":["Lappen"],"s_pl_nom":["Lappen"],"s_sg_acc":["Lappen"],"s_sg_dat":["Lappen"],"s_sg_gen":["Lappen"],"s_sg_nom":["Lappe"]}	{"s_pl_acc":["L764130-F8"],"s_pl_dat":["L764130-F6"],"s_pl_gen":["L764130-F4"],"s_pl_nom":["L764130-F2"],"s_sg_acc":["L764130-F7"],"s_sg_dat":["L764130-F5"],"s_sg_gen":["L764130-F3"],"s_sg_nom":["L764130-F1"]}	[]	[]	[]	[]	none_recorded	[]	[]	automatic
wdn_000078_N	L764498	["L764498"]	["b685a60d999afcd6caa5e1739f47103aa8ae103827a2067b7262342440d00815"]	"PIN"	abbreviation	251fa920f31498fe225234952a73cebf8c198a04e6dac21cf47627ceaca3f8c5	no	["feminine"]	[{"rank":"normal","statement":"L764498$57E8AB89-267A-4372-8B67-A4612BA76961","value":"Q1775415"}]	ordinary	[]	[]	none	{}	{}	[]	[]	[]	[]	none_recorded	["abbreviation"]	[]	automatic
wdn_000079_N	L765773	["L765773"]	["a3e219512ab4106879fab4ec6f357539f7e0455e9046fe547e3ae4d4fe4f7284"]	"Ökoaudit"	multiple_gender	00b3912680104a5cbfc7083c9693a0e15f6d46cdfedcd7b0dac3e47d7ac857fd	no	["masculine","neuter"]	[{"rank":"normal","statement":"L765773$4CE79D93-4C68-4304-ABD0-A7155294EC19","value":"Q499327"},{"rank":"normal","statement":"L765773$8DFD01FF-2322-4FDA-A53D-6991B65B9795","value":"Q1775461"}]	ordinary	[]	[]	complete	{"s_pl_acc":["Ökoaudits"],"s_pl_dat":["Ökoaudits"],"s_pl_gen":["Ökoaudits"],"s_pl_nom":["Ökoaudits"],"s_sg_acc":["Ökoaudit"],"s_sg_dat":["Ökoaudit"],"s_sg_gen":["Ökoaudits"],"s_sg_nom":["Ökoaudit"]}	{"s_pl_acc":["L765773-F8"],"s_pl_dat":["L765773-F7"],"s_pl_gen":["L765773-F6"],"s_pl_nom":["L765773-F5"],"s_sg_acc":["L765773-F4"],"s_sg_dat":["L765773-F3"],"s_sg_gen":["L765773-F2"],"s_sg_nom":["L765773-F1"]}	[]	[]	[]	[]	none_recorded	[]	[]	automatic
wdn_000080_N	L766701	["L766701"]	["62a0fb96d3e1c72a55047c3194c582b6925e5189d0c23ceda214f19522f34e90"]	"Selbstständige"	multiple_gender	0127b2a42b6991b43e29f7b24c94d77eeafe1374e2553371d9cdb9fa7ff26172	no	["feminine","masculine"]	[{"rank":"normal","statement":"L766701$2CD379B3-64BE-4FC5-A633-30894CC2AFF4","value":"Q499327"},{"rank":"normal","statement":"L766701$FC1B5961-F79C-4C33-A561-EBB3E26EC202","value":"Q1775415"}]	ordinary	[]	[]	none	{}	{}	[]	[]	[]	[]	none_recorded	[]	[]	automatic
wdn_000081_N	L766786	["L766786"]	["6d7ed17c66ea9f1964493f2732533e519a4aa01b6599f68a5c3d739fd0e4b6db"]	"Seifenkiste"	invariant	000cc1930d12752a7981364888d233db63e359261ccf7e34d743eaf7fac259a2	no	["feminine"]	[{"rank":"normal","statement":"L766786$91B25155-E346-4D3D-BC48-B81EC6470131","value":"Q1775415"}]	ordinary	[]	[]	complete	{"s_pl_acc":["Seifenkisten"],"s_pl_dat":["Seifenkisten"],"s_pl_gen":["Seifenkisten"],"s_pl_nom":["Seifenkisten"],"s_sg_acc":["Seifenkiste"],"s_sg_dat":["Seifenkiste"],"s_sg_gen":["Seifenkiste"],"s_sg_nom":["Seifenkiste"]}	{"s_pl_acc":["L766786-F8"],"s_pl_dat":["L766786-F6"],"s_pl_gen":["L766786-F4"],"s_pl_nom":["L766786-F2"],"s_sg_acc":["L766786-F7"],"s_sg_dat":["L766786-F5"],"s_sg_gen":["L766786-F3"],"s_sg_nom":["L766786-F1"]}	[]	[]	[]	[]	none_recorded	[]	[]	automatic
wdn_000082_N	L767196	["L767196"]	["57655bbd156c61221fdcbd6e9d1c46d2d2a3c8d4799a7d79bc85b2186ea0d8fc"]	"Aktinograph"	irregular_full	01944ed871ccf0ac51143417987400fc28e8aee9c5055df05b3b9d6ce7fb7348	no	["masculine"]	[{"rank":"normal","statement":"L767196$EA89E81F-9C42-4EC1-891A-295802400616","value":"Q499327"}]	ordinary	[]	[]	complete	{"s_pl_acc":["Aktinographen"],"s_pl_dat":["Aktinographen"],"s_pl_gen":["Aktinographen"],"s_pl_nom":["Aktinographen"],"s_sg_acc":["Aktinographen"],"s_sg_dat":["Aktinographen"],"s_sg_gen":["Aktinographen"],"s_sg_nom":["Aktinograph"]}	{"s_pl_acc":["L767196-F8"],"s_pl_dat":["L767196-F7"],"s_pl_gen":["L767196-F6"],"s_pl_nom":["L767196-F5"],"s_sg_acc":["L767196-F4"],"s_sg_dat":["L767196-F3"],"s_sg_gen":["L767196-F2"],"s_sg_nom":["L767196-F1"]}	[]	[]	[]	[]	none_recorded	[]	[]	automatic
wdn_000083_N	L768509	["L768509"]	["0878f351fa09f997995424719243b23c701ba3a4032eb5b5bddb9f599a1d90db"]	"Osternacht"	regular_feminine	00b12bddb894015e760cceb8c299febf04208628c7797f2b93a1dfeab0cc8367	no	["feminine"]	[{"rank":"normal","statement":"L768509$3CE7FB9F-A739-440C-84D9-8F6F45EC1286","value":"Q1775415"}]	ordinary	[]	[]	complete	{"s_pl_acc":["Osternächte"],"s_pl_dat":["Osternächten"],"s_pl_gen":["Osternächte"],"s_pl_nom":["Osternächte"],"s_sg_acc":["Osternacht"],"s_sg_dat":["Osternacht"],"s_sg_gen":["Osternacht"],"s_sg_nom":["Osternacht"]}	{"s_pl_acc":["L768509-F8"],"s_pl_dat":["L768509-F6"],"s_pl_gen":["L768509-F4"],"s_pl_nom":["L768509-F2"],"s_sg_acc":["L768509-F7"],"s_sg_dat":["L768509-F5"],"s_sg_gen":["L768509-F3"],"s_sg_nom":["L768509-F1"]}	[]	[]	[]	[]	none_recorded	[]	[]	automatic
wdn_000084_N	L768579	["L768579"]	["b0c0837d76f7f2201f4917b5136dc534aa0d8e2a66a3c28a43838dd76baae961"]	"Mixed Pickles"	multiword	016f15a87fa4267a6d6d6f11832f79e6f4dc99126d44b3f709d89311fb91aa02	no	[]	[]	plural_only	[{"rank":"normal","statement":"L768579$611F88BD-A7F7-4D13-988A-061A263DCE14","value":"Q138246"}]	[]	none	{}	{}	[]	[]	[]	[]	none_recorded	["whitespace"]	["missing_gender"]	automatic
wdn_000085_N	L768624	["L768624"]	["fe652f5c6b5d9752184d25c7bba6cd8370b46b606caef297d9b757ffa89dd28d"]	"Miles gloriosus"	multiword	0631f77b3c3d42f44178cdc2ad2704cc2e9ae32a5976a9bcf3ccfbe15895d503	no	["masculine"]	[{"rank":"normal","statement":"L768624$E11CD5B3-A289-4E3C-8867-44C2D2F51932","value":"Q499327"}]	ordinary	[]	[]	none	{}	{}	[]	[]	[]	[]	none_recorded	["whitespace"]	[]	automatic
wdn_000086_N	L769465	["L769465"]	["8aa6a124bbbb886ed8b5ff4f15e216b6c886d5d816f2a3680d2a6d7aa930338c"]	"Nachdruckerlaubnis"	regular_feminine	0370d98316c2fc4ece9a1beb480b5634102897f3dbcfcd77104556c6da5ea1b8	no	["feminine"]	[{"rank":"normal","statement":"L769465$AE005C6A-7426-416C-80B7-C91DD1C0440C","value":"Q1775415"}]	ordinary	[]	[]	complete	{"s_pl_acc":["Nachdruckerlaubnisse"],"s_pl_dat":["Nachdruckerlaubnissen"],"s_pl_gen":["Nachdruckerlaubnisse"],"s_pl_nom":["Nachdruckerlaubnisse"],"s_sg_acc":["Nachdruckerlaubnis"],"s_sg_dat":["Nachdruckerlaubnis"],"s_sg_gen":["Nachdruckerlaubnis"],"s_sg_nom":["Nachdruckerlaubnis"]}	{"s_pl_acc":["L769465-F8"],"s_pl_dat":["L769465-F7"],"s_pl_gen":["L769465-F6"],"s_pl_nom":["L769465-F5"],"s_sg_acc":["L769465-F4"],"s_sg_dat":["L769465-F3"],"s_sg_gen":["L769465-F2"],"s_sg_nom":["L769465-F1"]}	[]	[]	[]	[]	none_recorded	[]	[]	automatic
wdn_000087_N	L773081	["L773081"]	["6cdfe97d25cec4819b87c747edc854774a9d2a087ad79f97bb57854d539e039b"]	"Eiswand"	regular_feminine	013a6c859bbd2cd24f1e2d14cb0e19945af3b2138ca0d799d2b92865a4d6c2a8	no	["feminine"]	[{"rank":"normal","statement":"L773081$56317221-FBEC-40B0-8D6C-419D61482B55","value":"Q1775415"}]	ordinary	[]	[]	complete	{"s_pl_acc":["Eiswände"],"s_pl_dat":["Eiswänden"],"s_pl_gen":["Eiswände"],"s_pl_nom":["Eiswände"],"s_sg_acc":["Eiswand"],"s_sg_dat":["Eiswand"],"s_sg_gen":["Eiswand"],"s_sg_nom":["Eiswand"]}	{"s_pl_acc":["L773081-F8"],"s_pl_dat":["L773081-F7"],"s_pl_gen":["L773081-F6"],"s_pl_nom":["L773081-F5"],"s_sg_acc":["L773081-F4"],"s_sg_dat":["L773081-F3"],"s_sg_gen":["L773081-F2"],"s_sg_nom":["L773081-F1"]}	[]	[]	[]	[]	none_recorded	[]	[]	automatic
wdn_000088_N	L773173	["L773173"]	["1744aa18d8bb07f238e8d171feb91e914c20305694593f8c2d441aa430477157"]	"Jägerschnitzel"	regular_neuter	003a01ad771552609d0988d423158d1395e0fb384135f6c9d65abce660e65e9c	no	["neuter"]	[{"rank":"normal","statement":"L773173$D9443DD5-9F71-41DD-ABC8-58E3CF55B41C","value":"Q1775461"}]	ordinary	[]	[]	complete	{"s_pl_acc":["Jägerschnitzel"],"s_pl_dat":["Jägerschnitzeln"],"s_pl_gen":["Jägerschnitzel"],"s_pl_nom":["Jägerschnitzel"],"s_sg_acc":["Jägerschnitzel"],"s_sg_dat":["Jägerschnitzel"],"s_sg_gen":["Jägerschnitzels"],"s_sg_nom":["Jägerschnitzel"]}	{"s_pl_acc":["L773173-F8"],"s_pl_dat":["L773173-F6"],"s_pl_gen":["L773173-F4"],"s_pl_nom":["L773173-F2"],"s_sg_acc":["L773173-F7"],"s_sg_dat":["L773173-F5"],"s_sg_gen":["L773173-F3"],"s_sg_nom":["L773173-F1"]}	[]	[]	[]	[]	none_recorded	[]	[]	automatic
wdn_000089_N	L773673	["L773673"]	["c71be69b58ff280101430c0c08f2bf7385b3b58cddb83707bb531fa72e14e65e"]	"Milliliter"	multiple_gender	01064903498a66a8ad94608d77977706c423a56a774679bbb0555a4f88d62832	no	["masculine","neuter"]	[{"rank":"normal","statement":"L773673$826CD76D-DF54-4234-92A1-CA20FC8F3B62","value":"Q499327"},{"rank":"normal","statement":"L773673$B9DF05FC-0E96-4762-9484-CFE9B40E847C","value":"Q1775461"}]	ordinary	[]	[]	none	{}	{}	[]	[]	[]	[]	none_recorded	[]	[]	automatic
wdn_000090_N	L773727	["L773727"]	["17f03504a79c6701f7a099a0708f69faf092f15d50d84df7647c7f0e5d87c664"]	"Finanzjahr"	regular_neuter	00484f3c15f810172dd34e045a9ed406cc595d739e209cd017d7732781b8135b	no	["neuter"]	[{"rank":"normal","statement":"L773727$FFA95220-CE37-4E0D-9545-CA1395F109F2","value":"Q1775461"}]	ordinary	[]	[]	complete	{"s_pl_acc":["Finanzjahre"],"s_pl_dat":["Finanzjahren"],"s_pl_gen":["Finanzjahre"],"s_pl_nom":["Finanzjahre"],"s_sg_acc":["Finanzjahr"],"s_sg_dat":["Finanzjahr"],"s_sg_gen":["Finanzjahres"],"s_sg_nom":["Finanzjahr"]}	{"s_pl_acc":["L773727-F8"],"s_pl_dat":["L773727-F6"],"s_pl_gen":["L773727-F4"],"s_pl_nom":["L773727-F2"],"s_sg_acc":["L773727-F7"],"s_sg_dat":["L773727-F5"],"s_sg_gen":["L773727-F3"],"s_sg_nom":["L773727-F1"]}	[]	[]	[]	[]	none_recorded	[]	[]	automatic
wdn_000091_N	L774626	["L774626"]	["2b0cca4073828317dbaaf426cb2fe8b95414cc44383eea0d19f4881113ed903e"]	"Geografielehrer"	rejected_feature	68e0e56558f0931c7f833e2733b9c7d53f09641c2e0af37011e0e3fed26f34e9	no	["masculine"]	[{"rank":"normal","statement":"L774626$B0AAB417-C0D2-4ABF-BAA2-5428CCDB252A","value":"Q499327"}]	ordinary	[]	[]	conflicting	{"s_pl_acc":["Geografielehrer","Geographielehrer"],"s_pl_dat":["Geografielehrern","Geographielehrern"],"s_pl_gen":["Geografielehrer","Geographielehrer"],"s_pl_nom":["Geografielehrer","Geographielehrer"],"s_sg_acc":["Geografielehrer","Geographielehrer"],"s_sg_dat":["Geografielehrer","Geographielehrer"],"s_sg_gen":["Geografielehrers","Geographielehrers"],"s_sg_nom":["Geografielehrer","Geographielehrer"]}	{"s_pl_acc":["L774626-F16","L774626-F8"],"s_pl_dat":["L774626-F15","L774626-F7"],"s_pl_gen":["L774626-F14","L774626-F6"],"s_pl_nom":["L774626-F13","L774626-F5"],"s_sg_acc":["L774626-F12","L774626-F4"],"s_sg_dat":["L774626-F11","L774626-F3"],"s_sg_gen":["L774626-F10","L774626-F2"],"s_sg_nom":["L774626-F1","L774626-F9"]}	[]	[]	["L774626$B7F0AB8A-810A-4EE5-A7FA-3ED548231791","L774626$535818C3-4D1A-4DCD-AD6D-584FECB3AF63"]	[]	explicit_compound_analysis	[]	["conflicting_slots","rejected_noun_form_feature"]	automatic
wdn_000092_N	L774638	["L774638"]	["a24893759895a286ff04388efccbfe09b4d5d568a003c44cb4e19455fa6ab56e"]	"Immobilientochter"	regular_feminine	037a5f03e98f4bbc93a21aab43472f36e4ef78110f119824b5d0b166080447f9	no	["feminine"]	[{"rank":"normal","statement":"L774638$6DBB78FF-B8B1-4298-AE68-C1A8CCD5EB9D","value":"Q1775415"}]	ordinary	[]	[]	complete	{"s_pl_acc":["Immobilientöchter"],"s_pl_dat":["Immobilientöchtern"],"s_pl_gen":["Immobilientöchter"],"s_pl_nom":["Immobilientöchter"],"s_sg_acc":["Immobilientochter"],"s_sg_dat":["Immobilientochter"],"s_sg_gen":["Immobilientochter"],"s_sg_nom":["Immobilientochter"]}	{"s_pl_acc":["L774638-F8"],"s_pl_dat":["L774638-F7"],"s_pl_gen":["L774638-F6"],"s_pl_nom":["L774638-F5"],"s_sg_acc":["L774638-F4"],"s_sg_dat":["L774638-F3"],"s_sg_gen":["L774638-F2"],"s_sg_nom":["L774638-F1"]}	[]	[]	[]	[]	none_recorded	[]	[]	automatic
wdn_000093_N	L774998	["L774998"]	["7b51c53df696de3ec50ac644d31cdb7cac17a7f940cc64a60f9d899a444f240d"]	"Wirtschaftskreislauf"	conflicting_slots	0013d6725e00cb0c843b19288c214be80d0b85244c5c82be52a044d7cac571ea	no	["masculine"]	[{"rank":"normal","statement":"L774998$16E880A9-84D8-4029-A15B-DE3815695A47","value":"Q499327"}]	ordinary	[]	[]	conflicting	{"s_pl_acc":["Wirtschaftskreisläufe"],"s_pl_dat":["Wirtschaftskreisläufen"],"s_pl_gen":["Wirtschaftskreisläufe"],"s_pl_nom":["Wirtschaftskreisläufe"],"s_sg_acc":["Wirtschaftskreislauf"],"s_sg_dat":["Wirtschaftskreislauf"],"s_sg_gen":["Wirtschaftskreislaufes","Wirtschaftskreislaufs"],"s_sg_nom":["Wirtschaftskreislauf"]}	{"s_pl_acc":["L774998-F9"],"s_pl_dat":["L774998-F8"],"s_pl_gen":["L774998-F7"],"s_pl_nom":["L774998-F6"],"s_sg_acc":["L774998-F5"],"s_sg_dat":["L774998-F4"],"s_sg_gen":["L774998-F2","L774998-F3"],"s_sg_nom":["L774998-F1"]}	[]	[]	[]	[]	none_recorded	[]	["conflicting_slots"]	automatic
wdn_000094_N	L775130	["L775130"]	["a8169ec94dcf4bcd61df3f646f313db4e6321b7d10e29d2ffdc5fd25f7e1ca77"]	"Torschützenkönig"	regular_masculine	004ff1c07efa99310dda0069ffd3df9d364584bf14268827bc18255cce0bc8ab	no	["masculine"]	[{"rank":"normal","statement":"L775130$ED4C4EC4-6E21-496D-A159-8B4111BF8718","value":"Q499327"}]	ordinary	[]	[]	complete	{"s_pl_acc":["Torschützenkönige"],"s_pl_dat":["Torschützenkönigen"],"s_pl_gen":["Torschützenkönige"],"s_pl_nom":["Torschützenkönige"],"s_sg_acc":["Torschützenkönig"],"s_sg_dat":["Torschützenkönig"],"s_sg_gen":["Torschützenkönigs"],"s_sg_nom":["Torschützenkönig"]}	{"s_pl_acc":["L775130-F8"],"s_pl_dat":["L775130-F6"],"s_pl_gen":["L775130-F4"],"s_pl_nom":["L775130-F2"],"s_sg_acc":["L775130-F7"],"s_sg_dat":["L775130-F5"],"s_sg_gen":["L775130-F3"],"s_sg_nom":["L775130-F1"]}	[]	[]	[]	[]	none_recorded	[]	[]	automatic
wdn_000095_N	L775202	["L775202"]	["4d020d35a823ef0a3383c3edfb9a9cd203e342869e7e9295d022f85230997e48"]	"Wiederholungszwang"	conflicting_slots	000b196be5d5e257e2b93ace19cb5229c1e4a91d080c7f5f35589ba88b7106e3	no	["masculine"]	[{"rank":"normal","statement":"L775202$C8751D77-F373-48F2-B31D-EC44FD0DCD3D","value":"Q499327"}]	ordinary	[]	[]	conflicting	{"s_pl_acc":["Wiederholungszwänge"],"s_pl_dat":["Wiederholungszwängen"],"s_pl_gen":["Wiederholungszwänge"],"s_pl_nom":["Wiederholungszwänge"],"s_sg_acc":["Wiederholungszwang"],"s_sg_dat":["Wiederholungszwang"],"s_sg_gen":["Wiederholungszwanges","Wiederholungszwangs"],"s_sg_nom":["Wiederholungszwang"]}	{"s_pl_acc":["L775202-F9"],"s_pl_dat":["L775202-F8"],"s_pl_gen":["L775202-F7"],"s_pl_nom":["L775202-F6"],"s_sg_acc":["L775202-F5"],"s_sg_dat":["L775202-F4"],"s_sg_gen":["L775202-F2","L775202-F3"],"s_sg_nom":["L775202-F1"]}	[]	[]	[]	[]	none_recorded	[]	["conflicting_slots"]	automatic
wdn_000096_N	L775568	["L775568"]	["ebfb5446330d55311f4302b3485c85d990cca5dc4ef8d5ce93d49d1343f4e359"]	"Vernichtungskrieg"	regular_masculine	0008e14d1fd3c7b94b0bccadf3e884f174dbcd2a0be89f50a52c13569d65e8cb	no	["masculine"]	[{"rank":"normal","statement":"L775568$586DF8D9-4CD2-4503-B58D-46AD2C0033C7","value":"Q499327"}]	ordinary	[]	[]	complete	{"s_pl_acc":["Vernichtungskriege"],"s_pl_dat":["Vernichtungskriegen"],"s_pl_gen":["Vernichtungskriege"],"s_pl_nom":["Vernichtungskriege"],"s_sg_acc":["Vernichtungskrieg"],"s_sg_dat":["Vernichtungskrieg"],"s_sg_gen":["Vernichtungskriegs"],"s_sg_nom":["Vernichtungskrieg"]}	{"s_pl_acc":["L775568-F8"],"s_pl_dat":["L775568-F6"],"s_pl_gen":["L775568-F4"],"s_pl_nom":["L775568-F2"],"s_sg_acc":["L775568-F7"],"s_sg_dat":["L775568-F5"],"s_sg_gen":["L775568-F3"],"s_sg_nom":["L775568-F1"]}	[]	[]	[]	[]	none_recorded	[]	[]	automatic
wdn_000097_N	L775738	["L775738"]	["ce5b3bec568bc953962fc2e8a5e6811537d30ea198c5bf97e39afcba06a404dd"]	"Topinambur"	multiple_gender	0186f866595776341a040a83d4e33359c8c213c1e60a33e9937b868d71960dca	no	["feminine","masculine"]	[{"rank":"normal","statement":"L775738$4C5F8BBB-21D5-4C60-9338-0E4F610CF3D1","value":"Q499327"},{"rank":"normal","statement":"L775738$5B2E6F52-917A-4340-A87E-5F5BD4975E27","value":"Q1775415"}]	ordinary	[]	[]	partial	{"s_sg_acc":["Topinambur"],"s_sg_dat":["Topinambur"],"s_sg_gen":["Topinamburs"],"s_sg_nom":["Topinambur"]}	{"s_sg_acc":["L775738-F4"],"s_sg_dat":["L775738-F3"],"s_sg_gen":["L775738-F2"],"s_sg_nom":["L775738-F1"]}	[]	[]	[]	[]	none_recorded	[]	[]	automatic
wdn_000098_N	L775871	["L775871"]	["bf956e272a5bc1269b52f5a5663e7ad3ec92c565d34b9853766edac070891640"]	"Saibling"	regular_masculine	00074b7d4a1c7dd05323a55a27e2534cd7c649ed0b178dd946a0ca5867acdc85	no	["masculine"]	[{"rank":"normal","statement":"L775871$90018394-7E2B-4438-BF3F-FC94CB6A337A","value":"Q499327"}]	ordinary	[]	[]	complete	{"s_pl_acc":["Saiblinge"],"s_pl_dat":["Saiblingen"],"s_pl_gen":["Saiblinge"],"s_pl_nom":["Saiblinge"],"s_sg_acc":["Saibling"],"s_sg_dat":["Saibling"],"s_sg_gen":["Saiblings"],"s_sg_nom":["Saibling"]}	{"s_pl_acc":["L775871-F8"],"s_pl_dat":["L775871-F6"],"s_pl_gen":["L775871-F4"],"s_pl_nom":["L775871-F2"],"s_sg_acc":["L775871-F7"],"s_sg_dat":["L775871-F5"],"s_sg_gen":["L775871-F3"],"s_sg_nom":["L775871-F1"]}	[]	[]	[]	[]	none_recorded	[]	[]	automatic
wdn_000099_N	L776171	["L776171"]	["f3611bb42fbc1e0c1e15810c74cac8b4be497fde7806fadcfb9d74a0f268abfa"]	"Branchenriese"	irregular_full	00f78838d11aa8b077b83e55dade09033b7f6d19eb5e43ddd3865b6b58efdbff	no	["masculine"]	[{"rank":"normal","statement":"L776171$B7D58F47-38DD-4557-8866-20329A4ACDEC","value":"Q499327"}]	ordinary	[]	[]	complete	{"s_pl_acc":["Branchenriesen"],"s_pl_dat":["Branchenriesen"],"s_pl_gen":["Branchenriesen"],"s_pl_nom":["Branchenriesen"],"s_sg_acc":["Branchenriesen"],"s_sg_dat":["Branchenriesen"],"s_sg_gen":["Branchenriesen"],"s_sg_nom":["Branchenriese"]}	{"s_pl_acc":["L776171-F8"],"s_pl_dat":["L776171-F7"],"s_pl_gen":["L776171-F6"],"s_pl_nom":["L776171-F5"],"s_sg_acc":["L776171-F4"],"s_sg_dat":["L776171-F3"],"s_sg_gen":["L776171-F2"],"s_sg_nom":["L776171-F1"]}	[]	[]	[]	[]	none_recorded	[]	[]	automatic
wdn_000100_N	L777293	["L777293"]	["824caf8f0d35ea871f3f9c1445bcb5c2cbf81c2232e94fcf291691eb3912bdbb"]	"Insider-Handel"	hyphenated	00b7ed478d799f52a868d0440d28ba7091a0588c6c66786c23a670abb295f7f1	no	["masculine"]	[{"rank":"normal","statement":"L777293$220384B6-68E5-4CB0-B09C-D53CACF45F6B","value":"Q499327"}]	ordinary	[]	[]	partial	{"s_sg_acc":["Insider-Handel"],"s_sg_dat":["Insider-Handel"],"s_sg_gen":["Insider-Handels"],"s_sg_nom":["Insider-Handel"]}	{"s_sg_acc":["L777293-F4"],"s_sg_dat":["L777293-F3"],"s_sg_gen":["L777293-F2"],"s_sg_nom":["L777293-F1"]}	[]	[]	[]	[]	none_recorded	["hyphen"]	[]	automatic
wdn_000101_N	L777539	["L777539"]	["9c16263d1a7b6e05e1ba122d299a20303a73a6e8a62926ed654185243bdd7b44"]	"TV-Kanal"	hyphenated	007b2fddb53870aafc20216376f6414f507d1727053a4e086f8030a5f52d47e6	no	["masculine"]	[{"rank":"normal","statement":"L777539$13124D5D-1330-4F7E-B6E1-5F821F047AAA","value":"Q499327"}]	ordinary	[]	[]	complete	{"s_pl_acc":["TV-Kanäle"],"s_pl_dat":["TV-Kanälen"],"s_pl_gen":["TV-Kanäle"],"s_pl_nom":["TV-Kanäle"],"s_sg_acc":["TV-Kanal"],"s_sg_dat":["TV-Kanal"],"s_sg_gen":["TV-Kanals"],"s_sg_nom":["TV-Kanal"]}	{"s_pl_acc":["L777539-F8"],"s_pl_dat":["L777539-F7"],"s_pl_gen":["L777539-F6"],"s_pl_nom":["L777539-F5"],"s_sg_acc":["L777539-F4"],"s_sg_dat":["L777539-F3"],"s_sg_gen":["L777539-F2"],"s_sg_nom":["L777539-F1"]}	[]	[]	[]	[]	none_recorded	["hyphen"]	[]	automatic
wdn_000102_N	L777606	["L777606"]	["249155fda1c2bfa77e2eb37beac39c08d6a18a2548a54c4ffb47173c52db593a"]	"Weblog"	multiple_gender	00a59c933c3c7b0868e11d64e11fcd4f3fbd548288ac59bd0646580e33be71f1	no	["masculine","neuter"]	[{"rank":"normal","statement":"L777606$4B8A051D-9207-4491-B71E-71A539449823","value":"Q499327"},{"rank":"normal","statement":"L777606$5405E969-B316-43AD-846D-73261B2A2B95","value":"Q1775461"}]	ordinary	[]	[]	complete	{"s_pl_acc":["Weblogs"],"s_pl_dat":["Weblogs"],"s_pl_gen":["Weblogs"],"s_pl_nom":["Weblogs"],"s_sg_acc":["Weblog"],"s_sg_dat":["Weblog"],"s_sg_gen":["Weblogs"],"s_sg_nom":["Weblog"]}	{"s_pl_acc":["L777606-F8"],"s_pl_dat":["L777606-F7"],"s_pl_gen":["L777606-F6"],"s_pl_nom":["L777606-F5"],"s_sg_acc":["L777606-F4"],"s_sg_dat":["L777606-F3"],"s_sg_gen":["L777606-F2"],"s_sg_nom":["L777606-F1"]}	[]	[]	[]	[]	none_recorded	[]	[]	automatic
wdn_000103_N	L778200	["L778200"]	["2fd74c0203eb5e9d71fcb309dc68e4e04fea6c372417a9936855f8fc245b532a"]	"Ritalin"	singular_only	0281157bf4d7f0be1f5f6b89620e1389ced70d3fb2cb06b5d355008eac9ff1e2	no	["neuter"]	[{"rank":"normal","statement":"L778200$1512633D-59F9-4A5C-96CA-40C1CA62D0FF","value":"Q1775461"}]	singular_only	[{"rank":"normal","statement":"L778200$5F8ACED8-5890-4F0E-9325-3C9EC9890E5F","value":"Q604984"}]	[]	complete	{"s_sg_acc":["Ritalin"],"s_sg_dat":["Ritalin"],"s_sg_gen":["Ritalins"],"s_sg_nom":["Ritalin"]}	{"s_sg_acc":["L778200-F4"],"s_sg_dat":["L778200-F3"],"s_sg_gen":["L778200-F2"],"s_sg_nom":["L778200-F1"]}	[]	[]	[]	[]	none_recorded	[]	[]	automatic
wdn_000104_N	L778629	["L778629"]	["fa71e8cfee7b428a5bb832d67335bc836ed89df3d2107c7645949c12333e626d"]	"Lebensversicherungsunternehmen"	invariant_plural	004dbc8d4a86fa80603651e787392b7555cc7fb46004995ee11ee47f42633b4f	no	["neuter"]	[{"rank":"normal","statement":"L778629$BD33F08E-E867-4788-9145-836C44040F5A","value":"Q1775461"}]	ordinary	[]	[]	complete	{"s_pl_acc":["Lebensversicherungsunternehmen"],"s_pl_dat":["Lebensversicherungsunternehmen"],"s_pl_gen":["Lebensversicherungsunternehmen"],"s_pl_nom":["Lebensversicherungsunternehmen"],"s_sg_acc":["Lebensversicherungsunternehmen"],"s_sg_dat":["Lebensversicherungsunternehmen"],"s_sg_gen":["Lebensversicherungsunternehmens"],"s_sg_nom":["Lebensversicherungsunternehmen"]}	{"s_pl_acc":["L778629-F8"],"s_pl_dat":["L778629-F7"],"s_pl_gen":["L778629-F6"],"s_pl_nom":["L778629-F5"],"s_sg_acc":["L778629-F4"],"s_sg_dat":["L778629-F3"],"s_sg_gen":["L778629-F2"],"s_sg_nom":["L778629-F1"]}	[]	[]	["L778629$a3b4f54b-43c5-4da1-84d3-8f1f47b08a8a","L778629$9472f786-4aa5-0af2-0b7c-0ee146d72365"]	[]	explicit_compound_analysis	[]	[]	automatic
wdn_000105_N	L778810	["L778810"]	["7154c6b01eb2ecca7b9234881d538fe1d9b5edaa9cefcf076d71c4ca3bd2bc7b"]	"Schätzverfahren"	invariant_plural	00147f058e3f8d5fccac20ba2b6844f94153d15ffa399252cac793338f906dfa	no	["neuter"]	[{"rank":"normal","statement":"L778810$888889B2-0216-4E5B-B43F-9D4B103018ED","value":"Q1775461"}]	ordinary	[]	[]	complete	{"s_pl_acc":["Schätzverfahren"],"s_pl_dat":["Schätzverfahren"],"s_pl_gen":["Schätzverfahren"],"s_pl_nom":["Schätzverfahren"],"s_sg_acc":["Schätzverfahren"],"s_sg_dat":["Schätzverfahren"],"s_sg_gen":["Schätzverfahrens"],"s_sg_nom":["Schätzverfahren"]}	{"s_pl_acc":["L778810-F8"],"s_pl_dat":["L778810-F7"],"s_pl_gen":["L778810-F6"],"s_pl_nom":["L778810-F5"],"s_sg_acc":["L778810-F4"],"s_sg_dat":["L778810-F3"],"s_sg_gen":["L778810-F2"],"s_sg_nom":["L778810-F1"]}	[]	[]	[]	[]	none_recorded	[]	[]	automatic
wdn_000106_N	L778941	["L778941"]	["7fee0ed78ceb6119e2f505c40f1f59bd807fdb20dd0f0f2af127a753ab30321f"]	"Lebenssinn"	regular_masculine	0002ba0a6a4663aa5f5ac0640c80978f877851e350072b3f06e998ae03497cb4	no	["masculine"]	[{"rank":"normal","statement":"L778941$38D36152-4FAE-434E-8AD1-AF674AE2862E","value":"Q499327"}]	ordinary	[]	[]	complete	{"s_pl_acc":["Lebenssinne"],"s_pl_dat":["Lebenssinnen"],"s_pl_gen":["Lebenssinne"],"s_pl_nom":["Lebenssinne"],"s_sg_acc":["Lebenssinn"],"s_sg_dat":["Lebenssinn"],"s_sg_gen":["Lebenssinnes"],"s_sg_nom":["Lebenssinn"]}	{"s_pl_acc":["L778941-F8"],"s_pl_dat":["L778941-F6"],"s_pl_gen":["L778941-F4"],"s_pl_nom":["L778941-F2"],"s_sg_acc":["L778941-F7"],"s_sg_dat":["L778941-F5"],"s_sg_gen":["L778941-F3"],"s_sg_nom":["L778941-F1"]}	[]	[]	[]	[]	none_recorded	[]	[]	automatic
wdn_000107_N	L778972	["L778972"]	["84d516e88d0525ee7302b0902adedb7f428fa373852b31898d85af3b4788ed23"]	"Wiederlesen"	partial_evidence	00052fc08399b4971c2583bcd39f6260db2f1f2035530f747de1a9e3466e2013	no	["neuter"]	[{"rank":"normal","statement":"L778972$198C5841-8C2C-47AE-A0FB-5B8D7D44417C","value":"Q1775461"}]	ordinary	[]	[]	partial	{"s_sg_acc":["Wiederlesen"],"s_sg_dat":["Wiederlesen"],"s_sg_gen":["Wiederlesens"],"s_sg_nom":["Wiederlesen"]}	{"s_sg_acc":["L778972-F4"],"s_sg_dat":["L778972-F3"],"s_sg_gen":["L778972-F2"],"s_sg_nom":["L778972-F1"]}	[]	[]	[]	[]	none_recorded	[]	[]	automatic
wdn_000108_N	L779575	["L779575"]	["0901eef4ab89eb46a968554d81b75e98d0a534c6130a14fbaac3a015181e71e4"]	"Tiermehl"	regular_neuter	00029d74440187a4009f3343c4488c0c8d778a37d8179a640f1d59dc2966c303	no	["neuter"]	[{"rank":"normal","statement":"L779575$7D753C80-37F6-46D6-ACB6-781CDEF18C2D","value":"Q1775461"}]	ordinary	[]	[]	complete	{"s_pl_acc":["Tiermehle"],"s_pl_dat":["Tiermehlen"],"s_pl_gen":["Tiermehle"],"s_pl_nom":["Tiermehle"],"s_sg_acc":["Tiermehl"],"s_sg_dat":["Tiermehl"],"s_sg_gen":["Tiermehles"],"s_sg_nom":["Tiermehl"]}	{"s_pl_acc":["L779575-F8"],"s_pl_dat":["L779575-F6"],"s_pl_gen":["L779575-F4"],"s_pl_nom":["L779575-F2"],"s_sg_acc":["L779575-F7"],"s_sg_dat":["L779575-F5"],"s_sg_gen":["L779575-F3"],"s_sg_nom":["L779575-F1"]}	[]	[]	[]	[]	none_recorded	[]	[]	automatic
wdn_000109_N	L780202	["L780202"]	["1c58ccb3818b3fb409437a2ca8dc3e32c11b8786dbb8f369633f11146e29cb12"]	"Maschinenkraft"	regular_feminine	0019687f8e07713332625a800778bc5822c5897f13c3a9fd762a200daa9e533b	no	["feminine"]	[{"rank":"normal","statement":"L780202$B979337C-6415-4384-8A24-669A9DB5ED16","value":"Q1775415"}]	ordinary	[]	[]	complete	{"s_pl_acc":["Maschinenkräfte"],"s_pl_dat":["Maschinenkräften"],"s_pl_gen":["Maschinenkräfte"],"s_pl_nom":["Maschinenkräfte"],"s_sg_acc":["Maschinenkraft"],"s_sg_dat":["Maschinenkraft"],"s_sg_gen":["Maschinenkraft"],"s_sg_nom":["Maschinenkraft"]}	{"s_pl_acc":["L780202-F8"],"s_pl_dat":["L780202-F6"],"s_pl_gen":["L780202-F4"],"s_pl_nom":["L780202-F2"],"s_sg_acc":["L780202-F7"],"s_sg_dat":["L780202-F5"],"s_sg_gen":["L780202-F3"],"s_sg_nom":["L780202-F1"]}	[]	[]	[]	[]	none_recorded	[]	[]	automatic
wdn_000110_N	L781678	["L781678"]	["a9c7fba4c5362b1d135d0c7fadc76f8d85ec8c7273cb0a486488b8e9e36e833c"]	"Muffin"	invariant_plural	0084bb62b777638545c62f262dda520b5f160dd333b0ee6b07901f616fa45b13	no	["masculine"]	[{"rank":"normal","statement":"L781678$0BB36AB1-FBA3-44E8-88BE-596C499AB1CF","value":"Q499327"}]	ordinary	[]	[]	complete	{"s_pl_acc":["Muffins"],"s_pl_dat":["Muffins"],"s_pl_gen":["Muffins"],"s_pl_nom":["Muffins"],"s_sg_acc":["Muffin"],"s_sg_dat":["Muffin"],"s_sg_gen":["Muffins"],"s_sg_nom":["Muffin"]}	{"s_pl_acc":["L781678-F8"],"s_pl_dat":["L781678-F6"],"s_pl_gen":["L781678-F4"],"s_pl_nom":["L781678-F2"],"s_sg_acc":["L781678-F7"],"s_sg_dat":["L781678-F5"],"s_sg_gen":["L781678-F3"],"s_sg_nom":["L781678-F1"]}	[]	[]	[]	[]	none_recorded	[]	[]	automatic
wdn_000111_N	L782669	["L782669"]	["b03ca00a0d542958e82cef28e81805cbb5525dfe620b86cfc212056acac9c58f"]	"Riester-Rente"	hyphenated	01813dbc28c86d1ccbfef01782f14f9a8a673d6a81eb75630e1c9e560e7b1e6f	no	["feminine"]	[{"rank":"normal","statement":"L782669$721DB9BC-E0A2-437A-A7B1-984701E9466D","value":"Q1775415"}]	ordinary	[]	[]	complete	{"s_pl_acc":["Riester-Renten"],"s_pl_dat":["Riester-Renten"],"s_pl_gen":["Riester-Renten"],"s_pl_nom":["Riester-Renten"],"s_sg_acc":["Riester-Rente"],"s_sg_dat":["Riester-Rente"],"s_sg_gen":["Riester-Rente"],"s_sg_nom":["Riester-Rente"]}	{"s_pl_acc":["L782669-F8"],"s_pl_dat":["L782669-F7"],"s_pl_gen":["L782669-F6"],"s_pl_nom":["L782669-F5"],"s_sg_acc":["L782669-F4"],"s_sg_dat":["L782669-F3"],"s_sg_gen":["L782669-F2"],"s_sg_nom":["L782669-F1"]}	[]	[]	[]	[]	none_recorded	["hyphen"]	[]	automatic
wdn_000112_N	L783755	["L783755"]	["38e5cf2c2ec773c46e11d2584de9cdf6925a38cac92dd42d8ca73eecccfbf874"]	"Handwerksleute"	plural_only	00d22cc4fde29b109f254aec6645bb066a2ccc3547d16aab3c047c95d9045bb6	no	[]	[]	plural_only	[{"rank":"normal","statement":"L783755$CFD5C5DD-0E49-4292-A226-83C97F692EFE","value":"Q138246"}]	[]	complete	{"s_pl_acc":["Handwerksleute"],"s_pl_dat":["Handwerksleuten"],"s_pl_gen":["Handwerksleute"],"s_pl_nom":["Handwerksleute"]}	{"s_pl_acc":["L783755-F4"],"s_pl_dat":["L783755-F3"],"s_pl_gen":["L783755-F2"],"s_pl_nom":["L783755-F1"]}	[]	[]	[]	[]	none_recorded	[]	["missing_gender"]	automatic
wdn_000113_N	L783776	["L783776"]	["f2a2e9929fec33d774b5e720fb26904c88ee7f10756c0f9067d58899dcf6983e"]	"Gote"	irregular_full	01b5f17f37058de12611d06269bde92e4ad9a3c554548d212dd50076912d1987	no	["masculine"]	[{"rank":"normal","statement":"L783776$23FBAA4D-942E-4B02-9841-5EE69CD1020F","value":"Q499327"}]	ordinary	[]	[]	complete	{"s_pl_acc":["Goten"],"s_pl_dat":["Goten"],"s_pl_gen":["Goten"],"s_pl_nom":["Goten"],"s_sg_acc":["Goten"],"s_sg_dat":["Goten"],"s_sg_gen":["Goten"],"s_sg_nom":["Gote"]}	{"s_pl_acc":["L783776-F8"],"s_pl_dat":["L783776-F6"],"s_pl_gen":["L783776-F4"],"s_pl_nom":["L783776-F2"],"s_sg_acc":["L783776-F7"],"s_sg_dat":["L783776-F5"],"s_sg_gen":["L783776-F3"],"s_sg_nom":["L783776-F1"]}	[]	[]	[]	[]	none_recorded	[]	[]	automatic
wdn_000114_N	L783899	["L783899"]	["a56646ea4674dc5cb193e371fe7d47f0c2647574898ae8268c90b36f12981048"]	"Tagesverlauf"	conflicting_slots	0004f4ab3588fff5ca38d941b4b776b724ca17158b823f9dcbf423f2e2ae5aae	no	["masculine"]	[{"rank":"normal","statement":"L783899$E87FE4E6-19CB-401B-BBAD-300A5A395943","value":"Q499327"}]	ordinary	[]	[]	conflicting	{"s_pl_acc":["Tagesverläufe"],"s_pl_dat":["Tagesverläufen"],"s_pl_gen":["Tagesverläufe"],"s_pl_nom":["Tagesverläufe"],"s_sg_acc":["Tagesverlauf"],"s_sg_dat":["Tagesverlauf"],"s_sg_gen":["Tagesverlaufes","Tagesverlaufs"],"s_sg_nom":["Tagesverlauf"]}	{"s_pl_acc":["L783899-F9"],"s_pl_dat":["L783899-F8"],"s_pl_gen":["L783899-F7"],"s_pl_nom":["L783899-F6"],"s_sg_acc":["L783899-F5"],"s_sg_dat":["L783899-F4"],"s_sg_gen":["L783899-F2","L783899-F3"],"s_sg_nom":["L783899-F1"]}	[]	[]	[]	[]	none_recorded	[]	["conflicting_slots"]	automatic
wdn_000115_N	L784345	["L784345"]	["4006beb762b31a406cd3062213af36ab66ca37bc9d79ee81d83edb0bb8c657df"]	"LKA"	abbreviation	1ffb007412a85f3cee3fa990968c4a916f3dba31e2a8ff05cfb01178d426a07b	no	["neuter"]	[{"rank":"normal","statement":"L784345$4C103B7D-8484-4E88-AC1B-6527A675DA35","value":"Q1775461"}]	ordinary	[]	[]	complete	{"s_pl_acc":["LKAs"],"s_pl_dat":["LKAs"],"s_pl_gen":["LKAs"],"s_pl_nom":["LKAs"],"s_sg_acc":["LKA"],"s_sg_dat":["LKA"],"s_sg_gen":["LKA"],"s_sg_nom":["LKA"]}	{"s_pl_acc":["L784345-F8"],"s_pl_dat":["L784345-F7"],"s_pl_gen":["L784345-F6"],"s_pl_nom":["L784345-F5"],"s_sg_acc":["L784345-F4"],"s_sg_dat":["L784345-F3"],"s_sg_gen":["L784345-F2"],"s_sg_nom":["L784345-F1"]}	[]	[]	[]	[]	none_recorded	["abbreviation"]	[]	automatic
wdn_000116_N	L784482	["L784482"]	["6a96fc757e2a0431674afb660371df182156d68bdb9e8e163855e042dabf5258"]	"DFB"	abbreviation	077d5fdc600c42e2a873938b410bf3f518518804a5262bdbae429ce713eaf11b	no	["masculine"]	[{"rank":"normal","statement":"L784482$C09D54E5-0ADC-4C74-B33A-6918055C806C","value":"Q499327"}]	ordinary	[]	[]	partial	{"s_sg_acc":["DFB"],"s_sg_dat":["DFB"],"s_sg_gen":["DFB"],"s_sg_nom":["DFB"]}	{"s_sg_acc":["L784482-F4"],"s_sg_dat":["L784482-F3"],"s_sg_gen":["L784482-F2"],"s_sg_nom":["L784482-F1"]}	[]	[]	[]	[]	none_recorded	["abbreviation"]	[]	automatic
wdn_000117_N	L784533	["L784533"]	["1a574a188527f047048bc3b550f0ba2099384eba93ad1deb7a8fd8b2a28fad15"]	"Anpassungsstrategie"	invariant	000654096d57b7a96aa7a9a9a85bd8b9003d57dce62330fce20ac1ceb533edba	no	["feminine"]	[{"rank":"normal","statement":"L784533$7749C1F9-0A0F-4905-A421-89EB5CD0B02F","value":"Q1775415"}]	ordinary	[]	[]	complete	{"s_pl_acc":["Anpassungsstrategien"],"s_pl_dat":["Anpassungsstrategien"],"s_pl_gen":["Anpassungsstrategien"],"s_pl_nom":["Anpassungsstrategien"],"s_sg_acc":["Anpassungsstrategie"],"s_sg_dat":["Anpassungsstrategie"],"s_sg_gen":["Anpassungsstrategie"],"s_sg_nom":["Anpassungsstrategie"]}	{"s_pl_acc":["L784533-F8"],"s_pl_dat":["L784533-F7"],"s_pl_gen":["L784533-F6"],"s_pl_nom":["L784533-F5"],"s_sg_acc":["L784533-F4"],"s_sg_dat":["L784533-F3"],"s_sg_gen":["L784533-F2"],"s_sg_nom":["L784533-F1"]}	[]	[]	[]	[]	none_recorded	[]	[]	automatic
wdn_000118_N	L784571	["L784571"]	["eb95c47be1ad6f94ce076afbb5e5b1fcf801027f3cd94a0654b1b80bb76215ca"]	"Feststellungsklage"	invariant	000999d63b6ea495fea096706185f0f501567b22f160f5a2b0ba991b2acba380	no	["feminine"]	[{"rank":"normal","statement":"L784571$16A9714D-0541-4EAD-BC00-D1438D111C4D","value":"Q1775415"}]	ordinary	[]	[]	complete	{"s_pl_acc":["Feststellungsklagen"],"s_pl_dat":["Feststellungsklagen"],"s_pl_gen":["Feststellungsklagen"],"s_pl_nom":["Feststellungsklagen"],"s_sg_acc":["Feststellungsklage"],"s_sg_dat":["Feststellungsklage"],"s_sg_gen":["Feststellungsklage"],"s_sg_nom":["Feststellungsklage"]}	{"s_pl_acc":["L784571-F8"],"s_pl_dat":["L784571-F6"],"s_pl_gen":["L784571-F4"],"s_pl_nom":["L784571-F2"],"s_sg_acc":["L784571-F7"],"s_sg_dat":["L784571-F5"],"s_sg_gen":["L784571-F3"],"s_sg_nom":["L784571-F1"]}	[]	[]	[]	[]	none_recorded	[]	[]	automatic
wdn_000119_N	L785557	["L785557"]	["7cc1afbfd11d966d1f77d9869e4e86d356ddc5c14d23aef781633c35ca9f932f"]	"Familienmensch"	irregular_full	0121f9c3182f7c07927abe5fb1c92d3b50762ffa063421ac8ff69fcf3c048e5b	no	["masculine"]	[{"rank":"normal","statement":"L785557$9DC5C74F-75AB-461C-B3DF-8D1E6CC91079","value":"Q499327"}]	ordinary	[]	[]	complete	{"s_pl_acc":["Familienmenschen"],"s_pl_dat":["Familienmenschen"],"s_pl_gen":["Familienmenschen"],"s_pl_nom":["Familienmenschen"],"s_sg_acc":["Familienmenschen"],"s_sg_dat":["Familienmenschen"],"s_sg_gen":["Familienmenschen"],"s_sg_nom":["Familienmensch"]}	{"s_pl_acc":["L785557-F8"],"s_pl_dat":["L785557-F6"],"s_pl_gen":["L785557-F4"],"s_pl_nom":["L785557-F2"],"s_sg_acc":["L785557-F7"],"s_sg_dat":["L785557-F5"],"s_sg_gen":["L785557-F3"],"s_sg_nom":["L785557-F1"]}	[]	[]	[]	[]	none_recorded	[]	[]	automatic
wdn_000120_N	L785630	["L785630"]	["253c0ec9c64ba715748fa98331f45e0ddba9a745cc6336fe61b7593346e8f032"]	"Sozialhilfebezug"	conflicting_slots	0011e4a70880e5f2bfb925f8708fd245de50c84a60e16126052479751d76b532	no	["masculine"]	[{"rank":"normal","statement":"L785630$169FEE80-8245-4F32-9989-4DAEBE9E3DF6","value":"Q499327"}]	ordinary	[]	[]	conflicting	{"s_pl_acc":["Sozialhilfebezüge"],"s_pl_dat":["Sozialhilfebezügen"],"s_pl_gen":["Sozialhilfebezüge"],"s_pl_nom":["Sozialhilfebezüge"],"s_sg_acc":["Sozialhilfebezug"],"s_sg_dat":["Sozialhilfebezug"],"s_sg_gen":["Sozialhilfebezuges","Sozialhilfebezugs"],"s_sg_nom":["Sozialhilfebezug"]}	{"s_pl_acc":["L785630-F9"],"s_pl_dat":["L785630-F8"],"s_pl_gen":["L785630-F7"],"s_pl_nom":["L785630-F6"],"s_sg_acc":["L785630-F5"],"s_sg_dat":["L785630-F4"],"s_sg_gen":["L785630-F2","L785630-F3"],"s_sg_nom":["L785630-F1"]}	[]	[]	[]	[]	none_recorded	[]	["conflicting_slots"]	automatic
wdn_000121_N	L787569	["L787569"]	["19195e3757b779bdf75408e6654520f8c33b9d8dc00189bfecd49df3bc420f59"]	"Bundesratspräsident"	irregular_full	01ba998e4c2ffb5761a572058507e4a40e9a45b7cf1867fdecdf5098510f2193	no	["masculine"]	[{"rank":"normal","statement":"L787569$3FEF692D-898F-4C7C-9841-D642A267FC19","value":"Q499327"}]	ordinary	[]	[]	complete	{"s_pl_acc":["Bundesratspräsidenten"],"s_pl_dat":["Bundesratspräsidenten"],"s_pl_gen":["Bundesratspräsidenten"],"s_pl_nom":["Bundesratspräsidenten"],"s_sg_acc":["Bundesratspräsidenten"],"s_sg_dat":["Bundesratspräsidenten"],"s_sg_gen":["Bundesratspräsidenten"],"s_sg_nom":["Bundesratspräsident"]}	{"s_pl_acc":["L787569-F8"],"s_pl_dat":["L787569-F6"],"s_pl_gen":["L787569-F4"],"s_pl_nom":["L787569-F2"],"s_sg_acc":["L787569-F7"],"s_sg_dat":["L787569-F5"],"s_sg_gen":["L787569-F3"],"s_sg_nom":["L787569-F1"]}	[]	[]	[]	[]	none_recorded	[]	[]	automatic
wdn_000122_N	L788057	["L788057"]	["6c7276baa90e24a4229781277d0eb318f223acc2a6ebbbb537006b76f218aa9e"]	"Gentest"	conflicting_slots	000991391a2ac71a105d7f06fa680a7c49f4aae9eb651ec58abaa917b10d4ff9	no	["masculine"]	[{"rank":"normal","statement":"L788057$4471EBEA-D524-4BCC-92EA-1B455342EC10","value":"Q499327"}]	ordinary	[]	[]	conflicting	{"s_pl_acc":["Gentests"],"s_pl_dat":["Gentests"],"s_pl_gen":["Gentests"],"s_pl_nom":["Gentests"],"s_sg_acc":["Gentest"],"s_sg_dat":["Gentest"],"s_sg_gen":["Gentestes","Gentests"],"s_sg_nom":["Gentest"]}	{"s_pl_acc":["L788057-F9"],"s_pl_dat":["L788057-F8"],"s_pl_gen":["L788057-F7"],"s_pl_nom":["L788057-F6"],"s_sg_acc":["L788057-F5"],"s_sg_dat":["L788057-F4"],"s_sg_gen":["L788057-F2","L788057-F3"],"s_sg_nom":["L788057-F1"]}	[]	[]	[]	[]	none_recorded	[]	["conflicting_slots"]	automatic
wdn_000123_N	L788897	["L788897"]	["73c587558eaaf729de5563331c76edf0878ed14a589acd5a7b32f3361b4b31df"]	"Dauerschuldverhältnis"	regular_neuter	00705e49962f52b75334c3ed828f365f35f3b390c4a5d889120526e35929321d	no	["neuter"]	[{"rank":"normal","statement":"L788897$C5AFD466-3BAE-45F5-8E5D-281801A217D1","value":"Q1775461"}]	ordinary	[]	[]	complete	{"s_pl_acc":["Dauerschuldverhältnisse"],"s_pl_dat":["Dauerschuldverhältnissen"],"s_pl_gen":["Dauerschuldverhältnisse"],"s_pl_nom":["Dauerschuldverhältnisse"],"s_sg_acc":["Dauerschuldverhältnis"],"s_sg_dat":["Dauerschuldverhältnis"],"s_sg_gen":["Dauerschuldverhältnisses"],"s_sg_nom":["Dauerschuldverhältnis"]}	{"s_pl_acc":["L788897-F8"],"s_pl_dat":["L788897-F7"],"s_pl_gen":["L788897-F6"],"s_pl_nom":["L788897-F5"],"s_sg_acc":["L788897-F4"],"s_sg_dat":["L788897-F3"],"s_sg_gen":["L788897-F2"],"s_sg_nom":["L788897-F1"]}	[]	[]	[]	[]	none_recorded	[]	[]	automatic
wdn_000124_N	L789104	["L789104"]	["61e706fab24eaad9da32a74e068fa519c1e453050689b8ea29261e50ac987bd0"]	"Welthauptstadt"	regular_feminine	048ec7b533783285443f14095750654ba0c823a202de4bb9879d24568774bf83	no	["feminine"]	[{"rank":"normal","statement":"L789104$680B4DEC-78E9-41B7-A2E0-E596FB39BFC4","value":"Q1775415"}]	ordinary	[]	[]	complete	{"s_pl_acc":["Welthauptstädte"],"s_pl_dat":["Welthauptstädten"],"s_pl_gen":["Welthauptstädte"],"s_pl_nom":["Welthauptstädte"],"s_sg_acc":["Welthauptstadt"],"s_sg_dat":["Welthauptstadt"],"s_sg_gen":["Welthauptstadt"],"s_sg_nom":["Welthauptstadt"]}	{"s_pl_acc":["L789104-F8"],"s_pl_dat":["L789104-F6"],"s_pl_gen":["L789104-F4"],"s_pl_nom":["L789104-F2"],"s_sg_acc":["L789104-F7"],"s_sg_dat":["L789104-F5"],"s_sg_gen":["L789104-F3"],"s_sg_nom":["L789104-F1"]}	[]	[]	[]	[]	none_recorded	[]	[]	automatic
wdn_000125_N	L789286	["L789286"]	["ed5727a25308687478694f894753f7e87a8e1fecfdadf494fb95733aae9c6ad8"]	"Minimalismus"	partial_evidence	003677b99947c067c8efd220a29275fb8270459be0f9d75bc2f952d694943c4d	no	["masculine"]	[{"rank":"normal","statement":"L789286$5E1CD80A-9D3E-43EE-95B1-93DDC6D24CE5","value":"Q499327"}]	ordinary	[]	[]	partial	{"s_sg_acc":["Minimalismus"],"s_sg_dat":["Minimalismus"],"s_sg_gen":["Minimalismus"],"s_sg_nom":["Minimalismus"]}	{"s_sg_acc":["L789286-F4"],"s_sg_dat":["L789286-F3"],"s_sg_gen":["L789286-F2"],"s_sg_nom":["L789286-F1"]}	[]	[]	[]	[]	none_recorded	[]	[]	automatic
wdn_000126_N	L789823	["L789823"]	["f65b9005048af8e1df8fe6c61615b1c0fac9486c5288b00288ffab21aae373bd"]	"Leistungsverzeichnis"	regular_neuter	008780d957447593ed6f565d5615878322fde8715934bd9838c0a25bc10d5433	no	["neuter"]	[{"rank":"normal","statement":"L789823$6CA0CE00-0AC3-4E6A-A0E5-604DC2F1CF1E","value":"Q1775461"}]	ordinary	[]	[]	complete	{"s_pl_acc":["Leistungsverzeichnisse"],"s_pl_dat":["Leistungsverzeichnissen"],"s_pl_gen":["Leistungsverzeichnisse"],"s_pl_nom":["Leistungsverzeichnisse"],"s_sg_acc":["Leistungsverzeichnis"],"s_sg_dat":["Leistungsverzeichnis"],"s_sg_gen":["Leistungsverzeichnisses"],"s_sg_nom":["Leistungsverzeichnis"]}	{"s_pl_acc":["L789823-F8"],"s_pl_dat":["L789823-F6"],"s_pl_gen":["L789823-F4"],"s_pl_nom":["L789823-F2"],"s_sg_acc":["L789823-F7"],"s_sg_dat":["L789823-F5"],"s_sg_gen":["L789823-F3"],"s_sg_nom":["L789823-F1"]}	[]	[]	[]	[]	none_recorded	[]	[]	automatic
wdn_000127_N	L790448	["L790448"]	["019b86ce99558c8103fa117dd54e2c672a49e606277c65caab98593675f405bf"]	"Mieterverband"	conflicting_slots	0019f5d1a6517e2966cfaa1435dc879baa8f2d7e7208e78ab71fb681744800a3	no	["masculine"]	[{"rank":"normal","statement":"L790448$5469B217-5C48-49BA-B905-2D3A956B9EB6","value":"Q499327"}]	ordinary	[]	[]	conflicting	{"s_pl_acc":["Mieterverbände"],"s_pl_dat":["Mieterverbänden"],"s_pl_gen":["Mieterverbände"],"s_pl_nom":["Mieterverbände"],"s_sg_acc":["Mieterverband"],"s_sg_dat":["Mieterverband"],"s_sg_gen":["Mieterverbandes","Mieterverbands"],"s_sg_nom":["Mieterverband"]}	{"s_pl_acc":["L790448-F9"],"s_pl_dat":["L790448-F8"],"s_pl_gen":["L790448-F7"],"s_pl_nom":["L790448-F6"],"s_sg_acc":["L790448-F5"],"s_sg_dat":["L790448-F4"],"s_sg_gen":["L790448-F2","L790448-F3"],"s_sg_nom":["L790448-F1"]}	[]	[]	[]	[]	none_recorded	[]	["conflicting_slots"]	automatic
wdn_000128_N	L791796	["L791796"]	["26c1027d5e6fc18f57431446b5a9d8c270197c9b4ec807a038c20f5520d47e3c"]	"Endrenditetyp"	partial_evidence	001e38dbc219882ba5dae70f1761453481eaff5fff20fc9ba4261ee1dfb70f0d	no	["masculine"]	[{"rank":"normal","statement":"L791796$C665EB39-2C92-45EC-9F52-3CD06A12FDCC","value":"Q499327"}]	ordinary	[]	[]	none	{}	{}	[]	[]	[]	[]	none_recorded	[]	[]	automatic
wdn_000129_N	L791965	["L791965"]	["7c9faa7673ac76c4243f6cc37b42c3636e8dccb59435fe8259ddcc4dd7dd1100"]	"Sozialhilfeträger"	regular_masculine	001b41278b68f9f8cf72c20a4f1b4229635535f155d1e73b27875d9a3ea377a8	no	["masculine"]	[{"rank":"normal","statement":"L791965$D3DB34C1-4266-4FD6-B371-CA7E08F0D435","value":"Q499327"}]	ordinary	[]	[]	complete	{"s_pl_acc":["Sozialhilfeträger"],"s_pl_dat":["Sozialhilfeträgern"],"s_pl_gen":["Sozialhilfeträger"],"s_pl_nom":["Sozialhilfeträger"],"s_sg_acc":["Sozialhilfeträger"],"s_sg_dat":["Sozialhilfeträger"],"s_sg_gen":["Sozialhilfeträgers"],"s_sg_nom":["Sozialhilfeträger"]}	{"s_pl_acc":["L791965-F8"],"s_pl_dat":["L791965-F7"],"s_pl_gen":["L791965-F6"],"s_pl_nom":["L791965-F5"],"s_sg_acc":["L791965-F4"],"s_sg_dat":["L791965-F3"],"s_sg_gen":["L791965-F2"],"s_sg_nom":["L791965-F1"]}	[]	[]	[]	[]	none_recorded	[]	[]	automatic
wdn_000130_N	L792811	["L792811"]	["3a350c87e6f3f53238dacfeb06d63ce788284b29be5122c38cdcfa913fe24957"]	"Apfelschorle"	multiple_gender	0277528eeacbd553fea7da2b71e4de34be491d31c88bdd7ab68cac862ffb61a0	no	["feminine","neuter"]	[{"rank":"normal","statement":"L792811$CB735FDA-B4B6-4289-A9EE-315ED41BE494","value":"Q1775415"},{"rank":"normal","statement":"L792811$107E13F8-923B-4A5E-8EB6-D90B72EEB162","value":"Q1775461"}]	ordinary	[]	[]	complete	{"s_pl_acc":["Apfelschorlen"],"s_pl_dat":["Apfelschorlen"],"s_pl_gen":["Apfelschorlen"],"s_pl_nom":["Apfelschorlen"],"s_sg_acc":["Apfelschorle"],"s_sg_dat":["Apfelschorle"],"s_sg_gen":["Apfelschorle"],"s_sg_nom":["Apfelschorle"]}	{"s_pl_acc":["L792811-F8"],"s_pl_dat":["L792811-F6"],"s_pl_gen":["L792811-F4"],"s_pl_nom":["L792811-F2"],"s_sg_acc":["L792811-F7"],"s_sg_dat":["L792811-F5"],"s_sg_gen":["L792811-F3"],"s_sg_nom":["L792811-F1"]}	[]	[]	["L792811$84a1893e-49cb-da5a-3df1-082cedf3bf68","L792811$6c98b3f3-49b9-0ce5-cbb7-c13ffe05c7dd"]	[]	explicit_compound_analysis	[]	[]	automatic
wdn_000131_N	L794369	["L794369"]	["a22d096ad2e73c17b15e92f012bfd44cbe09618ddc1b3f1e4dd2b6ac1f7d8696"]	"Aerobic"	multiple_gender	0389bc461941afc51d93a76b3725c39bfdaccda82a27a017067665d77adc51b3	no	["feminine","neuter"]	[{"rank":"normal","statement":"L794369$6949DF64-9E9A-4596-9D29-9CB1B5302CAA","value":"Q1775415"},{"rank":"normal","statement":"L794369$AC6EEBE3-6B88-49FE-B3E7-083E8DE317DD","value":"Q1775461"}]	ordinary	[]	[]	none	{}	{}	[]	[]	[]	[]	none_recorded	[]	[]	automatic
wdn_000132_N	L796718	["L796718"]	["32d9002a84c02322355a9f58ffd51d60616e633bf6a9ac16807a556bac4aff4e"]	"Führertum"	partial_evidence	00198db07ceff7be7af18baa7a1aab8cf28ba1081aba389c807152bf38975298	no	["neuter"]	[{"rank":"normal","statement":"L796718$B01D0929-0439-4AE4-A128-51EDE2904473","value":"Q1775461"}]	ordinary	[]	[]	partial	{"s_sg_acc":["Führertum"],"s_sg_dat":["Führertum"],"s_sg_gen":["Führertums"],"s_sg_nom":["Führertum"]}	{"s_sg_acc":["L796718-F4"],"s_sg_dat":["L796718-F3"],"s_sg_gen":["L796718-F2"],"s_sg_nom":["L796718-F1"]}	[]	[]	[]	[]	none_recorded	[]	[]	automatic
wdn_000133_N	L796738	["L796738"]	["25330a5cd93d9f286a2f3f0fd53736f9ee2508691ffbefa2f9d38bd43334a95f"]	"Vergütungssystem"	regular_neuter	00006da96e98c476fe4ccadcd21e3b45f0e646f79c8b2e29b16d53a3417871cf	no	["neuter"]	[{"rank":"normal","statement":"L796738$9495D91F-F64A-4ECB-B56A-9D3B1D050261","value":"Q1775461"}]	ordinary	[]	[]	complete	{"s_pl_acc":["Vergütungssysteme"],"s_pl_dat":["Vergütungssystemen"],"s_pl_gen":["Vergütungssysteme"],"s_pl_nom":["Vergütungssysteme"],"s_sg_acc":["Vergütungssystem"],"s_sg_dat":["Vergütungssystem"],"s_sg_gen":["Vergütungssystems"],"s_sg_nom":["Vergütungssystem"]}	{"s_pl_acc":["L796738-F8"],"s_pl_dat":["L796738-F7"],"s_pl_gen":["L796738-F6"],"s_pl_nom":["L796738-F5"],"s_sg_acc":["L796738-F4"],"s_sg_dat":["L796738-F3"],"s_sg_gen":["L796738-F2"],"s_sg_nom":["L796738-F1"]}	[]	[]	[]	[]	none_recorded	[]	[]	automatic
wdn_000134_N	L796939	["L796939"]	["0b88c2b5a477d9c4976e7019e7df1b445eab665b21ce35e8ed4e0ce78db7103e"]	"Erwachsenenleben"	partial_evidence	002a89c7d2f02804e6b1823fe7757d0fa28c6a36f562049971f315c56b18f64a	no	["neuter"]	[{"rank":"normal","statement":"L796939$43DD22D3-5D5A-456C-82E9-772AF3C9636E","value":"Q1775461"}]	ordinary	[]	[]	partial	{"s_sg_acc":["Erwachsenenleben"],"s_sg_dat":["Erwachsenenleben"],"s_sg_gen":["Erwachsenenlebens"],"s_sg_nom":["Erwachsenenleben"]}	{"s_sg_acc":["L796939-F4"],"s_sg_dat":["L796939-F3"],"s_sg_gen":["L796939-F2"],"s_sg_nom":["L796939-F1"]}	[]	[]	[]	[]	none_recorded	[]	[]	automatic
wdn_000135_N	L797674	["L797674"]	["b83215e36249f0dadcaa10956dfe89c04161de45a4eb803a6d82e085d462ed4f"]	"Schutzsystem"	regular_neuter	003d585e05e60858d48622f4023d5c7db74b9452db3a7f3c0f53acd9ce980712	no	["neuter"]	[{"rank":"normal","statement":"L797674$EABE02B9-E6E3-41E3-B0E6-15843230FCBF","value":"Q1775461"}]	ordinary	[]	[]	complete	{"s_pl_acc":["Schutzsysteme"],"s_pl_dat":["Schutzsystemen"],"s_pl_gen":["Schutzsysteme"],"s_pl_nom":["Schutzsysteme"],"s_sg_acc":["Schutzsystem"],"s_sg_dat":["Schutzsystem"],"s_sg_gen":["Schutzsystems"],"s_sg_nom":["Schutzsystem"]}	{"s_pl_acc":["L797674-F8"],"s_pl_dat":["L797674-F7"],"s_pl_gen":["L797674-F6"],"s_pl_nom":["L797674-F5"],"s_sg_acc":["L797674-F4"],"s_sg_dat":["L797674-F3"],"s_sg_gen":["L797674-F2"],"s_sg_nom":["L797674-F1"]}	[]	[]	[]	[]	none_recorded	[]	[]	automatic
wdn_000136_N	L797999	["L797999"]	["3523a849df839607561984615525745e52c71dbe9e2883917c2afdc9a94d0704"]	"Diamantbohrer"	regular_masculine	00530bdc20888be3505555c8dad3e5d2477ee3677ae270048970f9eaadacca16	no	["masculine"]	[{"rank":"normal","statement":"L797999$AE7D6EDE-6A59-40F1-8848-594837874C4E","value":"Q499327"}]	ordinary	[]	[]	complete	{"s_pl_acc":["Diamantbohrer"],"s_pl_dat":["Diamantbohrern"],"s_pl_gen":["Diamantbohrer"],"s_pl_nom":["Diamantbohrer"],"s_sg_acc":["Diamantbohrer"],"s_sg_dat":["Diamantbohrer"],"s_sg_gen":["Diamantbohrers"],"s_sg_nom":["Diamantbohrer"]}	{"s_pl_acc":["L797999-F8"],"s_pl_dat":["L797999-F7"],"s_pl_gen":["L797999-F6"],"s_pl_nom":["L797999-F5"],"s_sg_acc":["L797999-F4"],"s_sg_dat":["L797999-F3"],"s_sg_gen":["L797999-F2"],"s_sg_nom":["L797999-F1"]}	[]	[]	[]	[]	none_recorded	[]	[]	automatic
wdn_000137_N	L798189	["L798189"]	["5255a4e34753a8f4506eb8b53c54023100716c8b39864a8540060e43220baf54"]	"Rindswurst"	regular_feminine	002ff529ffdb9719fe6b5dfb79a8d778645babdb2d418b8f52de578035c1dc7f	no	["feminine"]	[{"rank":"normal","statement":"L798189$BF8848C2-5BA9-4D0B-9133-AD217889C24B","value":"Q1775415"}]	ordinary	[]	[]	complete	{"s_pl_acc":["Rindswürste"],"s_pl_dat":["Rindswürsten"],"s_pl_gen":["Rindswürste"],"s_pl_nom":["Rindswürste"],"s_sg_acc":["Rindswurst"],"s_sg_dat":["Rindswurst"],"s_sg_gen":["Rindswurst"],"s_sg_nom":["Rindswurst"]}	{"s_pl_acc":["L798189-F8"],"s_pl_dat":["L798189-F7"],"s_pl_gen":["L798189-F6"],"s_pl_nom":["L798189-F5"],"s_sg_acc":["L798189-F4"],"s_sg_dat":["L798189-F3"],"s_sg_gen":["L798189-F2"],"s_sg_nom":["L798189-F1"]}	[]	[]	["L798189$A45D2365-6CF2-4CC8-A652-6C36C10F44FF"]	[]	explicit_compound_analysis	[]	[]	automatic
wdn_000138_N	L798436	["L798436"]	["8733a59c439ebe2ffe99322b0588e3d4b085f6858b89874ea6501faba2b5190c"]	"Leberkäse"	partial_evidence	002341f258b8aef0e328cb13219c89bf02849b7c379e08bff411c00f02b5eac4	no	["masculine"]	[{"rank":"normal","statement":"L798436$3AD51E9C-84C7-4053-B4CE-4CFF17A7AC55","value":"Q499327"}]	ordinary	[]	[]	partial	{"s_sg_acc":["Leberkäse"],"s_sg_dat":["Leberkäse"],"s_sg_gen":["Leberkäses"],"s_sg_nom":["Leberkäse"]}	{"s_sg_acc":["L798436-F4"],"s_sg_dat":["L798436-F3"],"s_sg_gen":["L798436-F2"],"s_sg_nom":["L798436-F1"]}	[]	[]	[]	[]	none_recorded	[]	[]	automatic
wdn_000139_N	L798537	["L798537"]	["2041bffa3d4e65a37b38353bde8f0637e7058e5f92eb42ed2933dc4814c6db20"]	"Bondage"	multiple_gender	0031c1588dce65c6fa13b3d560efa3bb2e113389af39a8a2166489e76d757c3f	no	["feminine","neuter"]	[{"rank":"normal","statement":"L798537$4FE0375A-997F-4B87-BFF0-2217F76CA6BF","value":"Q1775415"},{"rank":"normal","statement":"L798537$C595484A-C6AA-438D-A6B7-FDC7AB1303CA","value":"Q1775461"}]	ordinary	[]	[]	none	{}	{}	[]	[]	[]	[]	none_recorded	[]	[]	automatic
wdn_000140_N	L798804	["L798804"]	["c42cadd2ffdaf9e6fd710293b8dd2f8c7739dacac0565d450e1020e748358ae8"]	"SK"	abbreviation	1260a18222014ee83804e63db0757fcc918ed2fe6b386256771a7f57012947cd	no	["masculine"]	[{"rank":"normal","statement":"L798804$0EC862A7-F594-4A75-BD94-6FAC5F83E11C","value":"Q499327"}]	ordinary	[]	[]	none	{}	{}	[]	[]	[]	[]	none_recorded	["abbreviation"]	[]	automatic
wdn_000141_N	L799013	["L799013"]	["1b323dbb07a72d4c28efea35bb56d13f4ecc714c8632ec1abc0b7e33016435de"]	"Skicross"	multiple_gender	019cf5177060d9af1f1675889f42e456274e61df7cfc314692803e68d0df0534	no	["masculine","neuter"]	[{"rank":"normal","statement":"L799013$19C42638-CC9F-4584-A1C2-0C451E2EEE3E","value":"Q499327"},{"rank":"normal","statement":"L799013$4DF43CE4-F93A-4D08-8C1A-2F7D8F4A923C","value":"Q1775461"}]	ordinary	[]	[]	none	{}	{}	[]	[]	[]	[]	none_recorded	[]	[]	automatic
wdn_000142_N	L799204	["L799204"]	["86b249385603a272ce0647f82a5662fbd92d204397913dc3db2cb1bec3cffeef"]	"Fahrgeschäft"	regular_neuter	005f78d5161b1d224b39ea4fddf94cedf829b2f1aaa6b89efcb11f4212c4cfc6	no	["neuter"]	[{"rank":"normal","statement":"L799204$36FEC54B-A2A9-4B0A-8786-46A0F37E4BFE","value":"Q1775461"}]	ordinary	[]	[]	complete	{"s_pl_acc":["Fahrgeschäfte"],"s_pl_dat":["Fahrgeschäften"],"s_pl_gen":["Fahrgeschäfte"],"s_pl_nom":["Fahrgeschäfte"],"s_sg_acc":["Fahrgeschäft"],"s_sg_dat":["Fahrgeschäft"],"s_sg_gen":["Fahrgeschäfts"],"s_sg_nom":["Fahrgeschäft"]}	{"s_pl_acc":["L799204-F8"],"s_pl_dat":["L799204-F6"],"s_pl_gen":["L799204-F4"],"s_pl_nom":["L799204-F2"],"s_sg_acc":["L799204-F7"],"s_sg_dat":["L799204-F5"],"s_sg_gen":["L799204-F3"],"s_sg_nom":["L799204-F1"]}	[]	[]	[]	[]	none_recorded	[]	[]	automatic
wdn_000143_N	L799654	["L799654"]	["eb379d2015e088c5a1af991e52a87d4e2b67232378efea3b428563ff3f05d25b"]	"Elaste"	regular_feminine	027ef1f9e9f16731b5dfaea2a5a22af2bb0e6a538e7eea8396d1dae238a12c9e	no	["feminine"]	[{"rank":"normal","statement":"L799654$43EC21E9-20C7-483D-89FC-8EA6AD460E6E","value":"Q1775415"}]	ordinary	[]	[]	complete	{"s_pl_acc":["Elaste"],"s_pl_dat":["Elasten"],"s_pl_gen":["Elaste"],"s_pl_nom":["Elaste"],"s_sg_acc":["Elaste"],"s_sg_dat":["Elaste"],"s_sg_gen":["Elaste"],"s_sg_nom":["Elaste"]}	{"s_pl_acc":["L799654-F8"],"s_pl_dat":["L799654-F7"],"s_pl_gen":["L799654-F6"],"s_pl_nom":["L799654-F5"],"s_sg_acc":["L799654-F4"],"s_sg_dat":["L799654-F3"],"s_sg_gen":["L799654-F2"],"s_sg_nom":["L799654-F1"]}	[]	[]	[]	[]	none_recorded	[]	[]	automatic
wdn_000144_N	L800603	["L800603"]	["6077e70b73eab7e665314754e63361450a5ba1e92a1d634227c3f0ba71cab154"]	"3-D-Kamera"	hyphenated	02164b9a623ef928191d30f1ba3b48055026e4e73d0d187a622b40b9dd74729d	no	["feminine"]	[{"rank":"normal","statement":"L800603$962B1D41-1AFD-40BB-B032-56BB6F122C31","value":"Q1775415"}]	ordinary	[]	[]	complete	{"s_pl_acc":["3-D-Kameras"],"s_pl_dat":["3-D-Kameras"],"s_pl_gen":["3-D-Kameras"],"s_pl_nom":["3-D-Kameras"],"s_sg_acc":["3-D-Kamera"],"s_sg_dat":["3-D-Kamera"],"s_sg_gen":["3-D-Kamera"],"s_sg_nom":["3-D-Kamera"]}	{"s_pl_acc":["L800603-F8"],"s_pl_dat":["L800603-F7"],"s_pl_gen":["L800603-F6"],"s_pl_nom":["L800603-F5"],"s_sg_acc":["L800603-F4"],"s_sg_dat":["L800603-F3"],"s_sg_gen":["L800603-F2"],"s_sg_nom":["L800603-F1"]}	[]	[]	[]	[]	none_recorded	["hyphen","digit"]	[]	automatic
wdn_000145_N	L801502	["L801502"]	["dd6da2e5f7cc9ec54f74c68f9069c9de3d09370a8d68c6fe7b0885bcb2e0d5cd"]	"Edamer Käse"	multiword	01e00d2c8acc86f80e4584cf64bff7ebdfc157c339dcfa3f71f322866ad5ce16	no	["masculine"]	[{"rank":"normal","statement":"L801502$91B8BDA8-48CB-496A-8063-3216FB587BF7","value":"Q499327"}]	ordinary	[]	[]	none	{}	{}	[]	[]	[]	[]	none_recorded	["whitespace"]	[]	automatic
wdn_000146_N	L802631	["L802631"]	["3cc06587b0ba7cc861505a01d5acd397ef9c0d118df2bad027319cd6b729d226"]	"Akquisitionskosten"	plural_only	035fc52d8690a3d2ed0243f01c6ce68f794e7c9a02b8c2cf1129cc6d63621b45	no	[]	[]	plural_only	[{"rank":"normal","statement":"L802631$65FCA313-CEC3-46E8-A21B-C6A64296DCDA","value":"Q138246"}]	[]	complete	{"s_pl_acc":["Akquisitionskosten"],"s_pl_dat":["Akquisitionskosten"],"s_pl_gen":["Akquisitionskosten"],"s_pl_nom":["Akquisitionskosten"]}	{"s_pl_acc":["L802631-F4"],"s_pl_dat":["L802631-F3"],"s_pl_gen":["L802631-F2"],"s_pl_nom":["L802631-F1"]}	[]	[]	[]	[]	none_recorded	[]	["missing_gender"]	automatic
wdn_000147_N	L802810	["L802810"]	["f9dfb6ae369943668dcb68a59c4c10c118a075f0b3c495294845238441387825"]	"Extrauterinschwangerschaft"	invariant	0008943985511d8d96a650fd6f231b6a8781593290be3cf6683e7b640bbb8b49	no	["feminine"]	[{"rank":"normal","statement":"L802810$0CFC8CC3-41E2-48C9-9B70-3A348045760D","value":"Q1775415"}]	ordinary	[]	[]	complete	{"s_pl_acc":["Extrauterinschwangerschaften"],"s_pl_dat":["Extrauterinschwangerschaften"],"s_pl_gen":["Extrauterinschwangerschaften"],"s_pl_nom":["Extrauterinschwangerschaften"],"s_sg_acc":["Extrauterinschwangerschaft"],"s_sg_dat":["Extrauterinschwangerschaft"],"s_sg_gen":["Extrauterinschwangerschaft"],"s_sg_nom":["Extrauterinschwangerschaft"]}	{"s_pl_acc":["L802810-F8"],"s_pl_dat":["L802810-F7"],"s_pl_gen":["L802810-F6"],"s_pl_nom":["L802810-F5"],"s_sg_acc":["L802810-F4"],"s_sg_dat":["L802810-F3"],"s_sg_gen":["L802810-F2"],"s_sg_nom":["L802810-F1"]}	[]	[]	[]	[]	none_recorded	[]	[]	automatic
wdn_000148_N	L805290	["L805290"]	["529cc76d1e3c75f2101996bd83510115d1f5999682e25a3bcf433f16734d1582"]	"PR-Desaster"	hyphenated	008177f79ca05dd3172fedfaf4cf4d071e6dcb24592d53fa6831ea6923938910	no	["neuter"]	[{"rank":"normal","statement":"L805290$C744CC83-59EA-4810-876E-00D8DF38F1CF","value":"Q1775461"}]	ordinary	[]	[]	complete	{"s_pl_acc":["PR-Desaster"],"s_pl_dat":["PR-Desastern"],"s_pl_gen":["PR-Desaster"],"s_pl_nom":["PR-Desaster"],"s_sg_acc":["PR-Desaster"],"s_sg_dat":["PR-Desaster"],"s_sg_gen":["PR-Desasters"],"s_sg_nom":["PR-Desaster"]}	{"s_pl_acc":["L805290-F8"],"s_pl_dat":["L805290-F7"],"s_pl_gen":["L805290-F6"],"s_pl_nom":["L805290-F5"],"s_sg_acc":["L805290-F4"],"s_sg_dat":["L805290-F3"],"s_sg_gen":["L805290-F2"],"s_sg_nom":["L805290-F1"]}	[]	[]	[]	[]	none_recorded	["hyphen"]	[]	automatic
wdn_000149_N	L807195	["L807195"]	["8c1ad05f5eec877be8f7a5590bf9aea0db16b19b204fad932a1a18b99e67203d"]	"Sondernutzungserlaubnis"	regular_feminine	0397e455f6ad49b972d2c5c0f1bad1e2dba6a1c4f9c65c18819ef80f2e695844	no	["feminine"]	[{"rank":"normal","statement":"L807195$344FD7FE-67B3-451A-AF8F-924C9766DDA8","value":"Q1775415"}]	ordinary	[]	[]	complete	{"s_pl_acc":["Sondernutzungserlaubnisse"],"s_pl_dat":["Sondernutzungserlaubnissen"],"s_pl_gen":["Sondernutzungserlaubnisse"],"s_pl_nom":["Sondernutzungserlaubnisse"],"s_sg_acc":["Sondernutzungserlaubnis"],"s_sg_dat":["Sondernutzungserlaubnis"],"s_sg_gen":["Sondernutzungserlaubnis"],"s_sg_nom":["Sondernutzungserlaubnis"]}	{"s_pl_acc":["L807195-F8"],"s_pl_dat":["L807195-F7"],"s_pl_gen":["L807195-F6"],"s_pl_nom":["L807195-F5"],"s_sg_acc":["L807195-F4"],"s_sg_dat":["L807195-F3"],"s_sg_gen":["L807195-F2"],"s_sg_nom":["L807195-F1"]}	[]	[]	[]	[]	none_recorded	[]	[]	automatic
wdn_000150_N	L807545	["L807545"]	["e1366399ffad733fdce3aede810ca92132b612938bf0644a854c40cd220e6a18"]	"Asphaltpflaster"	unknown_gender	00657f648d16931a1930b50cbcd1bc2122b99ad552e91440b9aeaf3319ab842b	no	[]	[]	ordinary	[]	[]	complete	{"s_pl_acc":["Asphaltpflaster"],"s_pl_dat":["Asphaltpflastern"],"s_pl_gen":["Asphaltpflaster"],"s_pl_nom":["Asphaltpflaster"],"s_sg_acc":["Asphaltpflaster"],"s_sg_dat":["Asphaltpflaster"],"s_sg_gen":["Asphaltpflasters"],"s_sg_nom":["Asphaltpflaster"]}	{"s_pl_acc":["L807545-F8"],"s_pl_dat":["L807545-F7"],"s_pl_gen":["L807545-F6"],"s_pl_nom":["L807545-F5"],"s_sg_acc":["L807545-F4"],"s_sg_dat":["L807545-F3"],"s_sg_gen":["L807545-F2"],"s_sg_nom":["L807545-F1"]}	[]	[]	[]	[]	none_recorded	[]	["missing_gender"]	automatic
wdn_000151_N	L808212	["L808212"]	["8237aec9eeffb55738b43d41e3e18513a85268624ef87bb63da20ddb9e1d761f"]	"Marschfox"	unknown_gender	01d886480b19cca4e8ee6f214a7641d10e285e4678708bf3cf614c95a3a4a802	no	[]	[]	ordinary	[]	[]	complete	{"s_pl_acc":["Marschfoxe"],"s_pl_dat":["Marschfoxen"],"s_pl_gen":["Marschfoxe"],"s_pl_nom":["Marschfoxe"],"s_sg_acc":["Marschfox"],"s_sg_dat":["Marschfox"],"s_sg_gen":["Marschfox"],"s_sg_nom":["Marschfox"]}	{"s_pl_acc":["L808212-F8"],"s_pl_dat":["L808212-F7"],"s_pl_gen":["L808212-F6"],"s_pl_nom":["L808212-F5"],"s_sg_acc":["L808212-F4"],"s_sg_dat":["L808212-F3"],"s_sg_gen":["L808212-F2"],"s_sg_nom":["L808212-F1"]}	[]	[]	[]	[]	none_recorded	[]	["missing_gender"]	automatic
wdn_000152_N	L808486	["L808486"]	["27e5ba522bee4d18764a34af34d74ab8ebcb1dd6b703be0836c595100f269d6b"]	"Malzbonbon"	multiple_gender	01093fce97dc6851d4d7d04385544a77ded95705c286e68b74dc70eb05b353ad	no	["masculine","neuter"]	[{"rank":"normal","statement":"L808486$BB14CABE-A5B3-42AE-9580-81AFFB922236","value":"Q499327"},{"rank":"normal","statement":"L808486$35ADE15B-37D7-4537-BF3E-B593852E77B8","value":"Q1775461"}]	ordinary	[]	[]	complete	{"s_pl_acc":["Malzbonbons"],"s_pl_dat":["Malzbonbons"],"s_pl_gen":["Malzbonbons"],"s_pl_nom":["Malzbonbons"],"s_sg_acc":["Malzbonbon"],"s_sg_dat":["Malzbonbon"],"s_sg_gen":["Malzbonbons"],"s_sg_nom":["Malzbonbon"]}	{"s_pl_acc":["L808486-F8"],"s_pl_dat":["L808486-F7"],"s_pl_gen":["L808486-F6"],"s_pl_nom":["L808486-F5"],"s_sg_acc":["L808486-F4"],"s_sg_dat":["L808486-F3"],"s_sg_gen":["L808486-F2"],"s_sg_nom":["L808486-F1"]}	[]	[]	[]	[]	none_recorded	[]	[]	automatic
wdn_000153_N	L808839	["L808839"]	["7acae3911860b7098adc1f172f5582ffa2ed5645e70bb5c1f0fd13e00ecc82ae"]	"Marihuana"	partial_evidence	000cabe712e281eb9fffcfaad0a73aec64271cd3f98e2f18b2b5df5d846b6807	no	["neuter"]	[{"rank":"normal","statement":"L808839$0E121CEF-9631-4221-B505-4B4E366A0AF2","value":"Q1775461"}]	ordinary	[]	[]	partial	{"s_sg_acc":["Marihuana"],"s_sg_dat":["Marihuana"],"s_sg_gen":["Marihuanas"],"s_sg_nom":["Marihuana"]}	{"s_sg_acc":["L808839-F4"],"s_sg_dat":["L808839-F3"],"s_sg_gen":["L808839-F2"],"s_sg_nom":["L808839-F1"]}	[]	[]	[]	[]	none_recorded	[]	[]	automatic
wdn_000154_N	L809582	["L809582"]	["8df080215065cd44af860ef7dedc17f5639012fa7d6d17daf3f2236ffe375d84"]	"Kardinalproblem"	regular_neuter	00a1d2ee94cd3842f6966c88ed680e7b48dec51842529d821851cc10ed2c98b9	no	["neuter"]	[{"rank":"normal","statement":"L809582$69A30790-CBE4-4092-AC43-3246AE854ED2","value":"Q1775461"}]	ordinary	[]	[]	complete	{"s_pl_acc":["Kardinalprobleme"],"s_pl_dat":["Kardinalproblemen"],"s_pl_gen":["Kardinalprobleme"],"s_pl_nom":["Kardinalprobleme"],"s_sg_acc":["Kardinalproblem"],"s_sg_dat":["Kardinalproblem"],"s_sg_gen":["Kardinalproblems"],"s_sg_nom":["Kardinalproblem"]}	{"s_pl_acc":["L809582-F8"],"s_pl_dat":["L809582-F7"],"s_pl_gen":["L809582-F6"],"s_pl_nom":["L809582-F5"],"s_sg_acc":["L809582-F4"],"s_sg_dat":["L809582-F3"],"s_sg_gen":["L809582-F2"],"s_sg_nom":["L809582-F1"]}	[]	[]	[]	[]	none_recorded	[]	[]	automatic
wdn_000155_N	L809811	["L809811"]	["567d0ddfef11ab87626213d283ce905aa36423166bf31b3ad0d11a856f687614"]	"Kappnaht"	regular_feminine	039f3d4d766f1a931e3566808d2f8f21fa927649b9fcd34fe1986bc399ec81c6	no	["feminine"]	[{"rank":"normal","statement":"L809811$DF880EFD-3F41-44C4-8209-A6074FE274F9","value":"Q1775415"}]	ordinary	[]	[]	complete	{"s_pl_acc":["Kappnähte"],"s_pl_dat":["Kappnähten"],"s_pl_gen":["Kappnähte"],"s_pl_nom":["Kappnähte"],"s_sg_acc":["Kappnaht"],"s_sg_dat":["Kappnaht"],"s_sg_gen":["Kappnaht"],"s_sg_nom":["Kappnaht"]}	{"s_pl_acc":["L809811-F8"],"s_pl_dat":["L809811-F7"],"s_pl_gen":["L809811-F6"],"s_pl_nom":["L809811-F5"],"s_sg_acc":["L809811-F4"],"s_sg_dat":["L809811-F3"],"s_sg_gen":["L809811-F2"],"s_sg_nom":["L809811-F1"]}	[]	[]	[]	[]	none_recorded	[]	[]	automatic
wdn_000156_N	L810211	["L810211"]	["8f00374f9c192f8146dba4d4016faf38751d16eac15a2afe92717071f21438d2"]	"Katzenjammer"	singular_only	05977dff9a74aed74e04ac7d9bfa58e5882de767e7848163254bdcd5c25c6f76	no	["masculine"]	[{"rank":"normal","statement":"L810211$b3658f19-74c2-4b65-89d7-e212ac2d14c5","value":"Q499327"}]	singular_only	[{"rank":"normal","statement":"L810211$68fe7653-4599-d6bc-e61c-94a656260bfd","value":"Q604984"}]	[{"rank":"normal","statement":"L810211$7f5eba82-4adb-f293-f4f7-e590813c62fb","value":"Q105683521"}]	complete	{"s_sg_acc":["Katzenjammer"],"s_sg_dat":["Katzenjammer"],"s_sg_gen":["Katzenjammers"],"s_sg_nom":["Katzenjammer"]}	{"s_sg_acc":["L810211-F4"],"s_sg_dat":["L810211-F3"],"s_sg_gen":["L810211-F2"],"s_sg_nom":["L810211-F1"]}	[]	[]	["L810211$6beb2f95-4832-77e5-e007-2134804c4f31","L810211$a04ee50b-4238-e043-ff50-ec9f19c7260d"]	[]	explicit_compound_analysis	[]	[]	automatic
wdn_000157_N	L812874	["L812874"]	["6f3bf29ee9a95f622248c5f035975d613646aab9f1e2648a419cba7553ee6e76"]	"Fluh"	regular_feminine	0183a3dfc30faebfc7c14147992afa45e994dc4ecc23a19f98fc214ac3ba2e78	no	["feminine"]	[{"rank":"normal","statement":"L812874$57DF1182-89C6-42AA-91F9-6B89F6A48A7B","value":"Q1775415"}]	ordinary	[]	[]	complete	{"s_pl_acc":["Flühe"],"s_pl_dat":["Flühen"],"s_pl_gen":["Flühe"],"s_pl_nom":["Flühe"],"s_sg_acc":["Fluh"],"s_sg_dat":["Fluh"],"s_sg_gen":["Fluh"],"s_sg_nom":["Fluh"]}	{"s_pl_acc":["L812874-F8"],"s_pl_dat":["L812874-F6"],"s_pl_gen":["L812874-F4"],"s_pl_nom":["L812874-F2"],"s_sg_acc":["L812874-F7"],"s_sg_dat":["L812874-F5"],"s_sg_gen":["L812874-F3"],"s_sg_nom":["L812874-F1"]}	[]	[]	[]	[]	none_recorded	[]	[]	automatic
wdn_000158_N	L813145	["L813145"]	["c1bb00010eb5110fdf9ba8672293ca01c0b23e58256249e7dfc7724e7761109b"]	"Füllofen"	invariant_plural	004a5e17376e29b7d396caefb5808fa389085bd26032aa60b76db793c02875f5	no	["masculine"]	[{"rank":"normal","statement":"L813145$4B3DFACD-782C-4F8D-A61E-BB8810A98F1E","value":"Q499327"}]	ordinary	[]	[]	complete	{"s_pl_acc":["Füllöfen"],"s_pl_dat":["Füllöfen"],"s_pl_gen":["Füllöfen"],"s_pl_nom":["Füllöfen"],"s_sg_acc":["Füllofen"],"s_sg_dat":["Füllofen"],"s_sg_gen":["Füllofens"],"s_sg_nom":["Füllofen"]}	{"s_pl_acc":["L813145-F8"],"s_pl_dat":["L813145-F7"],"s_pl_gen":["L813145-F6"],"s_pl_nom":["L813145-F5"],"s_sg_acc":["L813145-F4"],"s_sg_dat":["L813145-F3"],"s_sg_gen":["L813145-F2"],"s_sg_nom":["L813145-F1"]}	[]	[]	[]	[]	none_recorded	[]	[]	automatic
wdn_000159_N	L813447	["L813447"]	["93b2fa18cba9c7b373ebe3d0d21848967c8940f8619bc8ca52ea3c47ff1d20f5"]	"Fußballmatch"	multiple_gender	0282498a04503cc4dac19cd6f8d12aedc5b8e1ff1366731718949167920b1c59	no	["masculine","neuter"]	[{"rank":"normal","statement":"L813447$C6AAD20E-CB2B-4D77-8721-F32B4051867A","value":"Q499327"},{"rank":"normal","statement":"L813447$6880C03C-EF61-4A64-8C82-11E3F89C0A26","value":"Q1775461"}]	ordinary	[]	[]	none	{}	{}	[]	[]	[]	[]	none_recorded	[]	[]	automatic
wdn_000160_N	L817619	["L817619"]	["ebf10b4a54e8dbce78bc6467fc2e8c8246e6548eb8a326e0aa56924c648adaff"]	"Bühnenkunst"	regular_feminine	01bc2b43ae73986a7e434f139bb14399f4457807cdb0da99d2586adeda4fc656	no	["feminine"]	[{"rank":"normal","statement":"L817619$8CE5518A-E4D2-41AD-8205-CB73DB428C08","value":"Q1775415"}]	ordinary	[]	[]	complete	{"s_pl_acc":["Bühnenkünste"],"s_pl_dat":["Bühnenkünsten"],"s_pl_gen":["Bühnenkünste"],"s_pl_nom":["Bühnenkünste"],"s_sg_acc":["Bühnenkunst"],"s_sg_dat":["Bühnenkunst"],"s_sg_gen":["Bühnenkunst"],"s_sg_nom":["Bühnenkunst"]}	{"s_pl_acc":["L817619-F8"],"s_pl_dat":["L817619-F7"],"s_pl_gen":["L817619-F6"],"s_pl_nom":["L817619-F5"],"s_sg_acc":["L817619-F4"],"s_sg_dat":["L817619-F3"],"s_sg_gen":["L817619-F2"],"s_sg_nom":["L817619-F1"]}	[]	[]	[]	[]	none_recorded	[]	[]	automatic
wdn_000161_N	L821562	["L821562"]	["5223643ea897e781ea54a702084b63acc0325091db5517fc0c55021daf741c45"]	"Wurzelhaut"	regular_feminine	0355ddc37509505e49fd641825d6f6cc88342d18de76be6d538b366234c39581	no	["feminine"]	[{"rank":"normal","statement":"L821562$1A91F30A-4DC9-4F75-885A-23F9B64075B4","value":"Q1775415"}]	ordinary	[]	[]	complete	{"s_pl_acc":["Wurzelhäute"],"s_pl_dat":["Wurzelhäuten"],"s_pl_gen":["Wurzelhäute"],"s_pl_nom":["Wurzelhäute"],"s_sg_acc":["Wurzelhaut"],"s_sg_dat":["Wurzelhaut"],"s_sg_gen":["Wurzelhaut"],"s_sg_nom":["Wurzelhaut"]}	{"s_pl_acc":["L821562-F8"],"s_pl_dat":["L821562-F7"],"s_pl_gen":["L821562-F6"],"s_pl_nom":["L821562-F5"],"s_sg_acc":["L821562-F4"],"s_sg_dat":["L821562-F3"],"s_sg_gen":["L821562-F2"],"s_sg_nom":["L821562-F1"]}	[]	[]	[]	[]	none_recorded	[]	[]	automatic
wdn_000162_N	L822069	["L822069"]	["1ebe893f271cfcda56e327f1bacdd8be87b497314f6b4a103c0c9caaf31302be"]	"Zollrevisor"	invariant_plural	00797515eefb2acf2aae7ddf53938c8ea082a873188b2864d3ccd08792443108	no	["masculine"]	[{"rank":"normal","statement":"L822069$36C2874D-F771-477C-8E9C-DCDC00E0D156","value":"Q499327"}]	ordinary	[]	[]	complete	{"s_pl_acc":["Zollrevisoren"],"s_pl_dat":["Zollrevisoren"],"s_pl_gen":["Zollrevisoren"],"s_pl_nom":["Zollrevisoren"],"s_sg_acc":["Zollrevisor"],"s_sg_dat":["Zollrevisor"],"s_sg_gen":["Zollrevisors"],"s_sg_nom":["Zollrevisor"]}	{"s_pl_acc":["L822069-F8"],"s_pl_dat":["L822069-F7"],"s_pl_gen":["L822069-F6"],"s_pl_nom":["L822069-F5"],"s_sg_acc":["L822069-F4"],"s_sg_dat":["L822069-F3"],"s_sg_gen":["L822069-F2"],"s_sg_nom":["L822069-F1"]}	[]	[]	[]	[]	none_recorded	[]	[]	automatic
wdn_000163_N	L822982	["L822982"]	["d86a195efb9a597d4bb21958895a8bf9e61bea71f5f0b2f49baa7352cad2a280"]	"Kleinigkeitskrämer"	unknown_gender	015759e01dc6887f0be7d4c5f8ee5fa1144b85856a94409c8aa642409cb0dd96	no	[]	[]	ordinary	[]	[]	complete	{"s_pl_acc":["Kleinigkeitskrämer"],"s_pl_dat":["Kleinigkeitskrämern"],"s_pl_gen":["Kleinigkeitskrämer"],"s_pl_nom":["Kleinigkeitskrämer"],"s_sg_acc":["Kleinigkeitskrämer"],"s_sg_dat":["Kleinigkeitskrämer"],"s_sg_gen":["Kleinigkeitskrämers"],"s_sg_nom":["Kleinigkeitskrämer"]}	{"s_pl_acc":["L822982-F8"],"s_pl_dat":["L822982-F7"],"s_pl_gen":["L822982-F6"],"s_pl_nom":["L822982-F5"],"s_sg_acc":["L822982-F4"],"s_sg_dat":["L822982-F3"],"s_sg_gen":["L822982-F2"],"s_sg_nom":["L822982-F1"]}	[]	[]	[]	[]	none_recorded	[]	["missing_gender"]	automatic
wdn_000164_N	L823098	["L823098"]	["6a57e66b234fe01ab28accf4bed3caaadbac71ba1636b4e9b33c312d72c1e6e5"]	"Urkundenschreiber"	unknown_gender	0093b6f00ad0a0bd418154929e199182e9d6d29bc3e5a0697eb51c1a8e39981b	no	[]	[]	ordinary	[]	[]	complete	{"s_pl_acc":["Urkundenschreiber"],"s_pl_dat":["Urkundenschreibern"],"s_pl_gen":["Urkundenschreiber"],"s_pl_nom":["Urkundenschreiber"],"s_sg_acc":["Urkundenschreiber"],"s_sg_dat":["Urkundenschreiber"],"s_sg_gen":["Urkundenschreibers"],"s_sg_nom":["Urkundenschreiber"]}	{"s_pl_acc":["L823098-F8"],"s_pl_dat":["L823098-F7"],"s_pl_gen":["L823098-F6"],"s_pl_nom":["L823098-F5"],"s_sg_acc":["L823098-F4"],"s_sg_dat":["L823098-F3"],"s_sg_gen":["L823098-F2"],"s_sg_nom":["L823098-F1"]}	[]	[]	[]	[]	none_recorded	[]	["missing_gender"]	automatic
wdn_000165_N	L824177	["L824177"]	["8747fb3cfe4cf45c8a200a05d16492b6c6fcf3eac8848aee3892daa06dd4b752"]	"Hasenlöffel"	plural_only	02a484f8d66ebc284661154ff9cf9ad3fd73893cfe76217fdccb1cacff0afb26	no	[]	[]	plural_only	[{"rank":"normal","statement":"L824177$B02C4F5F-755A-4108-B3E8-45DF35165B13","value":"Q138246"}]	[]	complete	{"s_pl_acc":["Hasenlöffel"],"s_pl_dat":["Hasenlöffeln"],"s_pl_gen":["Hasenlöffel"],"s_pl_nom":["Hasenlöffel"]}	{"s_pl_acc":["L824177-F4"],"s_pl_dat":["L824177-F3"],"s_pl_gen":["L824177-F2"],"s_pl_nom":["L824177-F1"]}	[]	[]	[]	[]	none_recorded	[]	["missing_gender"]	automatic
wdn_000166_N	L824752	["L824752"]	["e807029446534e2c237ff2e87c7345f6bbbfa2034983e5b63c9644ec386404d3"]	"Halsausschnitt"	regular_masculine	00421b78b138d859a36001518cfcbd571f0cc79134680cdc719759d33f88c5d9	no	["masculine"]	[{"rank":"normal","statement":"L824752$F3EFC566-D8C7-4678-9143-5579D1B64803","value":"Q499327"}]	ordinary	[]	[]	complete	{"s_pl_acc":["Halsausschnitte"],"s_pl_dat":["Halsausschnitten"],"s_pl_gen":["Halsausschnitte"],"s_pl_nom":["Halsausschnitte"],"s_sg_acc":["Halsausschnitt"],"s_sg_dat":["Halsausschnitt"],"s_sg_gen":["Halsausschnittes"],"s_sg_nom":["Halsausschnitt"]}	{"s_pl_acc":["L824752-F8"],"s_pl_dat":["L824752-F6"],"s_pl_gen":["L824752-F4"],"s_pl_nom":["L824752-F2"],"s_sg_acc":["L824752-F7"],"s_sg_dat":["L824752-F5"],"s_sg_gen":["L824752-F3"],"s_sg_nom":["L824752-F1"]}	[]	[]	[]	[]	none_recorded	[]	[]	automatic
wdn_000167_N	L824760	["L824760"]	["a08c83c8ad852b41275a40e6f3a28971ae922e280e66430877abcf0e5a1bca19"]	"Haushaltmittel"	plural_only	00bd12838a99a453ae5b6c300e90746ea0d849fb154649fca5f70f340e98814d	no	[]	[]	plural_only	[{"rank":"normal","statement":"L824760$D67C4657-CFCA-4164-ADFF-7D064D6B683A","value":"Q138246"}]	[]	none	{}	{}	[]	[]	[]	[]	none_recorded	[]	["missing_gender"]	automatic
wdn_000168_N	L825172	["L825172"]	["e446a1180eb39eb7d5a192e34ac729dc9b80cc5000e1136686c0efdb9d12d64d"]	"Chevreauleder"	regular_neuter	00a2136b8b0186f6076fb8b07bd9ce9909afd0a28eafd6d13754e5d7fa753363	no	["neuter"]	[{"rank":"normal","statement":"L825172$2D5DAD5A-9292-47B7-B5DD-4792A81B7130","value":"Q1775461"}]	ordinary	[]	[]	complete	{"s_pl_acc":["Chevreauleder"],"s_pl_dat":["Chevreauledern"],"s_pl_gen":["Chevreauleder"],"s_pl_nom":["Chevreauleder"],"s_sg_acc":["Chevreauleder"],"s_sg_dat":["Chevreauleder"],"s_sg_gen":["Chevreauleders"],"s_sg_nom":["Chevreauleder"]}	{"s_pl_acc":["L825172-F8"],"s_pl_dat":["L825172-F7"],"s_pl_gen":["L825172-F6"],"s_pl_nom":["L825172-F5"],"s_sg_acc":["L825172-F4"],"s_sg_dat":["L825172-F3"],"s_sg_gen":["L825172-F2"],"s_sg_nom":["L825172-F1"]}	[]	[]	[]	[]	none_recorded	[]	[]	automatic
wdn_000169_N	L826404	["L826404"]	["4337d3d0caa91f3690d33c9840a3a01754eebb4135ed08782713befde0e8ddcf"]	"Übergangsstadium"	invariant_plural	00458c1bed5ecc2db83ce726e5e8b2afdb4f38020414bc47fe889e5b6b7c39d8	no	["neuter"]	[{"rank":"normal","statement":"L826404$7D036198-9232-4937-9C28-CC06B63B83E8","value":"Q1775461"}]	ordinary	[]	[]	complete	{"s_pl_acc":["Übergangsstadien"],"s_pl_dat":["Übergangsstadien"],"s_pl_gen":["Übergangsstadien"],"s_pl_nom":["Übergangsstadien"],"s_sg_acc":["Übergangsstadium"],"s_sg_dat":["Übergangsstadium"],"s_sg_gen":["Übergangsstadiums"],"s_sg_nom":["Übergangsstadium"]}	{"s_pl_acc":["L826404-F8"],"s_pl_dat":["L826404-F7"],"s_pl_gen":["L826404-F6"],"s_pl_nom":["L826404-F5"],"s_sg_acc":["L826404-F4"],"s_sg_dat":["L826404-F3"],"s_sg_gen":["L826404-F2"],"s_sg_nom":["L826404-F1"]}	[]	[]	[]	[]	none_recorded	[]	[]	automatic
wdn_000170_N	L826418	["L826418"]	["6bedac594ef9b29930c64d0b675e332eaaffbced1ef886b2f54cd2abebcf0ee1"]	"Übernachtungskosten"	plural_only	020014737cd84eef84aa5d2c8a50c92fdc69d6f1d46f35d43a952f8ec84f3b49	no	[]	[]	plural_only	[{"rank":"normal","statement":"L826418$C70CA0FE-C652-487E-A41E-55ABB1B938AE","value":"Q138246"}]	[]	complete	{"s_pl_acc":["Übernachtungskosten"],"s_pl_dat":["Übernachtungskosten"],"s_pl_gen":["Übernachtungskosten"],"s_pl_nom":["Übernachtungskosten"]}	{"s_pl_acc":["L826418-F4"],"s_pl_dat":["L826418-F3"],"s_pl_gen":["L826418-F2"],"s_pl_nom":["L826418-F1"]}	[]	[]	[]	[]	none_recorded	[]	["missing_gender"]	automatic
wdn_000171_N	L826433	["L826433"]	["f977cbf8f29fd9cfa3b5bfbde932890b60e5385d5cc0b2ebb739ca3af06bacd7"]	"Überschwemmungsgebiet"	regular_neuter	0044770c232208e7c3ac6f171d6a896475035e16840a4985ddc53f73e4e6be55	no	["neuter"]	[{"rank":"normal","statement":"L826433$00EDAAF8-A538-46E0-8B47-FE5001843AB6","value":"Q1775461"}]	ordinary	[]	[]	complete	{"s_pl_acc":["Überschwemmungsgebiete"],"s_pl_dat":["Überschwemmungsgebieten"],"s_pl_gen":["Überschwemmungsgebiete"],"s_pl_nom":["Überschwemmungsgebiete"],"s_sg_acc":["Überschwemmungsgebiet"],"s_sg_dat":["Überschwemmungsgebiet"],"s_sg_gen":["Überschwemmungsgebietes"],"s_sg_nom":["Überschwemmungsgebiet"]}	{"s_pl_acc":["L826433-F8"],"s_pl_dat":["L826433-F6"],"s_pl_gen":["L826433-F4"],"s_pl_nom":["L826433-F2"],"s_sg_acc":["L826433-F7"],"s_sg_dat":["L826433-F5"],"s_sg_gen":["L826433-F3"],"s_sg_nom":["L826433-F1"]}	[]	[]	[]	[]	none_recorded	[]	[]	automatic
wdn_000172_N	L829784	["L829784"]	["38892a515cf5652406a090a3d6546384276f2e4466333ee8c2257b4c241394df"]	"Azetylen"	singular_only	03b1fdc3bce3f6a08e278890a821cb2a648a57952cf28f67b7c22dfc9cb88981	no	["neuter"]	[{"rank":"normal","statement":"L829784$75AA0D74-7E8E-4833-8812-999C110A97EB","value":"Q1775461"}]	singular_only	[{"rank":"normal","statement":"L829784$28957A2A-ED48-49CE-A627-619B78CA02E2","value":"Q604984"}]	[]	complete	{"s_sg_acc":["Azetylen"],"s_sg_dat":["Azetylen"],"s_sg_gen":["Azetylens"],"s_sg_nom":["Azetylen"]}	{"s_sg_acc":["L829784-F4"],"s_sg_dat":["L829784-F3"],"s_sg_gen":["L829784-F2"],"s_sg_nom":["L829784-F1"]}	[]	[]	[]	[]	none_recorded	[]	[]	automatic
wdn_000173_N	L829959	["L829959"]	["e342c91f072212a177b4af9fa338acf1cccdea1e9f0c2b57a9cdedbfd25adf82"]	"Alchimist"	irregular_full	014b4c93dc3c4cd323d176cf476a827a4d999517a5b8056ba603aadac216d13c	no	["masculine"]	[{"rank":"normal","statement":"L829959$A32686E4-423C-4AEE-BC65-B0380E1B943C","value":"Q499327"}]	ordinary	[]	[]	complete	{"s_pl_acc":["Alchimisten"],"s_pl_dat":["Alchimisten"],"s_pl_gen":["Alchimisten"],"s_pl_nom":["Alchimisten"],"s_sg_acc":["Alchimisten"],"s_sg_dat":["Alchimisten"],"s_sg_gen":["Alchimisten"],"s_sg_nom":["Alchimist"]}	{"s_pl_acc":["L829959-F8"],"s_pl_dat":["L829959-F6"],"s_pl_gen":["L829959-F4"],"s_pl_nom":["L829959-F2"],"s_sg_acc":["L829959-F7"],"s_sg_dat":["L829959-F5"],"s_sg_gen":["L829959-F3"],"s_sg_nom":["L829959-F1"]}	[]	[]	[]	[]	none_recorded	[]	[]	automatic
wdn_000174_N	L831497	["L831497"]	["7da2958e20e329b8f6c17670731cc4f087a655750101d37bb7ba93ab324b6c0c"]	"Lehrmittel"	plural_only	03d3bb534da489500795859d0d8335e0af8af1a881cf629c68a1db5995b9a98f	no	[]	[]	plural_only	[{"rank":"normal","statement":"L831497$5D71816C-9AE6-4600-9370-A736327DE0AA","value":"Q138246"}]	[]	partial	{"s_pl_acc":["Lehrmittel"],"s_pl_dat":["Lehrmitteln"],"s_pl_gen":["Lehrmittel"],"s_pl_nom":["Lehrmittel"],"s_sg_acc":["Lehrmittel"],"s_sg_dat":["Lehrmittel"],"s_sg_gen":["Lehrmittels"],"s_sg_nom":["Lehrmittel"]}	{"s_pl_acc":["L831497-F8"],"s_pl_dat":["L831497-F6"],"s_pl_gen":["L831497-F4"],"s_pl_nom":["L831497-F2"],"s_sg_acc":["L831497-F7"],"s_sg_dat":["L831497-F5"],"s_sg_gen":["L831497-F3"],"s_sg_nom":["L831497-F1"]}	[]	[]	[]	[]	none_recorded	[]	["forms_conflict_with_number_restriction","missing_gender"]	automatic
wdn_000175_N	L833152	["L833152"]	["2405c2c1262d07892dc2e50319bdf3dbdff04e6c7b9cd75de3936798cd89c8e2"]	"Zukost"	partial_evidence	00205d3441afbe706eade922253e43c0116b333d6073ab66079daae053c54331	no	["feminine"]	[{"rank":"normal","statement":"L833152$9A3B871D-7719-4720-9DD6-70A356FCCB8F","value":"Q1775415"}]	ordinary	[]	[]	partial	{"s_sg_acc":["Zukost"],"s_sg_dat":["Zukost"],"s_sg_gen":["Zukost"],"s_sg_nom":["Zukost"]}	{"s_sg_acc":["L833152-F4"],"s_sg_dat":["L833152-F3"],"s_sg_gen":["L833152-F2"],"s_sg_nom":["L833152-F1"]}	[]	[]	[]	[]	none_recorded	[]	[]	automatic
wdn_000176_N	L836481	["L836481"]	["a2bf8df8f282ad143f6ee2e772a1d1561c14100b8e554510d7c9a610c015e802"]	"Goetheabend"	regular_masculine	001cce4fa5fd83b02309d635c7abb79fcc0ce86db9d7713eb2b3bed646f3bda6	no	["masculine"]	[{"rank":"normal","statement":"L836481$32dcd044-2d6c-4d53-a6c7-614e05228094","value":"Q499327"}]	ordinary	[]	[]	complete	{"s_pl_acc":["Goetheabende"],"s_pl_dat":["Goetheabenden"],"s_pl_gen":["Goetheabende"],"s_pl_nom":["Goetheabende"],"s_sg_acc":["Goetheabend"],"s_sg_dat":["Goetheabend"],"s_sg_gen":["Goetheabends"],"s_sg_nom":["Goetheabend"]}	{"s_pl_acc":["L836481-F8"],"s_pl_dat":["L836481-F7"],"s_pl_gen":["L836481-F6"],"s_pl_nom":["L836481-F5"],"s_sg_acc":["L836481-F4"],"s_sg_dat":["L836481-F3"],"s_sg_gen":["L836481-F2"],"s_sg_nom":["L836481-F1"]}	[]	[]	[]	[]	none_recorded	[]	[]	automatic
wdn_000177_N	L836814	["L836814"]	["32b097b7f2eac211bd90b50859701f448a65b1190106ea1b84810ebe2714d03b"]	"Augenaufschlag"	regular_masculine	0043c18a722b953fd2a57a7027625c77c57ac2be6d3b4cae8e18909282f8bf3d	no	["masculine"]	[{"rank":"normal","statement":"L836814$2E1104D1-F9BA-4F60-9892-91C9CCD73CE6","value":"Q499327"}]	ordinary	[]	[]	complete	{"s_pl_acc":["Augenaufschläge"],"s_pl_dat":["Augenaufschlägen"],"s_pl_gen":["Augenaufschläge"],"s_pl_nom":["Augenaufschläge"],"s_sg_acc":["Augenaufschlag"],"s_sg_dat":["Augenaufschlag"],"s_sg_gen":["Augenaufschlags"],"s_sg_nom":["Augenaufschlag"]}	{"s_pl_acc":["L836814-F8"],"s_pl_dat":["L836814-F6"],"s_pl_gen":["L836814-F4"],"s_pl_nom":["L836814-F2"],"s_sg_acc":["L836814-F7"],"s_sg_dat":["L836814-F5"],"s_sg_gen":["L836814-F3"],"s_sg_nom":["L836814-F1"]}	[]	[]	[]	[]	none_recorded	[]	[]	automatic
wdn_000178_N	L837273	["L837273"]	["7bcb2f6461ca421b9fed7bdc1d9af5a49da61904ca128d46c9342e2b7258ac38"]	"Augenzahn"	regular_masculine	0055bc34642dff411f1a5991f7af53debf58040f21732e7b6ace5021a77a898a	no	["masculine"]	[{"rank":"normal","statement":"L837273$997227df-43fa-45ec-b1cd-d073f5b7bf2f","value":"Q499327"}]	ordinary	[]	[]	complete	{"s_pl_acc":["Augenzähne"],"s_pl_dat":["Augenzähnen"],"s_pl_gen":["Augenzähne"],"s_pl_nom":["Augenzähne"],"s_sg_acc":["Augenzahn"],"s_sg_dat":["Augenzahn"],"s_sg_gen":["Augenzahns"],"s_sg_nom":["Augenzahn"]}	{"s_pl_acc":["L837273-F8"],"s_pl_dat":["L837273-F6"],"s_pl_gen":["L837273-F4"],"s_pl_nom":["L837273-F2"],"s_sg_acc":["L837273-F7"],"s_sg_dat":["L837273-F5"],"s_sg_gen":["L837273-F3"],"s_sg_nom":["L837273-F1"]}	[]	[]	[]	[]	none_recorded	[]	[]	automatic
wdn_000179_N	L837286	["L837286"]	["78e73c5b66a7d1781830cb0bd767d5ac806be72d760fac75553fb2061d263451"]	"Auktionator"	invariant_plural	0061b7850d6189b0fdb72250ba7424911260c4c92cb87c17ca119e97530ef400	no	["masculine"]	[{"rank":"normal","statement":"L837286$05FEF86D-2A66-4A51-BE02-EE149477BE95","value":"Q499327"}]	ordinary	[]	[]	complete	{"s_pl_acc":["Auktionatoren"],"s_pl_dat":["Auktionatoren"],"s_pl_gen":["Auktionatoren"],"s_pl_nom":["Auktionatoren"],"s_sg_acc":["Auktionator"],"s_sg_dat":["Auktionator"],"s_sg_gen":["Auktionators"],"s_sg_nom":["Auktionator"]}	{"s_pl_acc":["L837286-F8"],"s_pl_dat":["L837286-F6"],"s_pl_gen":["L837286-F4"],"s_pl_nom":["L837286-F2"],"s_sg_acc":["L837286-F7"],"s_sg_dat":["L837286-F5"],"s_sg_gen":["L837286-F3"],"s_sg_nom":["L837286-F1"]}	[]	[]	[]	[]	none_recorded	[]	[]	automatic
wdn_000180_N	L838082	["L838082"]	["6c0d167c64539301e02f1dfec9d950881936582793585288f67bfd6a4ae06a2d"]	"Augenschatten"	plural_only	01f611297ec34a3b8861af073218434c5da98538128c6c2741b983e438c77c6e	no	["masculine"]	[{"rank":"normal","statement":"L838082$02AF9343-7D68-4C20-993B-E240986B99DA","value":"Q499327"}]	plural_only	[{"rank":"normal","statement":"L838082$8056A60E-69D9-4A7F-B1F0-B9BB1A8F514B","value":"Q138246"}]	[]	complete	{"s_pl_acc":["Augenschatten"],"s_pl_dat":["Augenschatten"],"s_pl_gen":["Augenschatten"],"s_pl_nom":["Augenschatten"]}	{"s_pl_acc":["L838082-F4"],"s_pl_dat":["L838082-F3"],"s_pl_gen":["L838082-F2"],"s_pl_nom":["L838082-F1"]}	[]	[]	["L838082$c45f846b-462a-7a61-1a93-71bfe984073f","L838082$2dba94db-415f-72b9-1d0e-900debb307b5"]	[]	explicit_compound_analysis	[]	[]	automatic
wdn_000181_N	L838408	["L838408"]	["efd8b8defeca353f988b810580c36558d86d59a3e2bd4ee33b8bc418fc8be51b"]	"Auswanderungserlaubnis"	regular_feminine	048ff365d53be926ca82de29039ac9bd4e8ce62f51fed66a6a21844d1940e0de	no	["feminine"]	[{"rank":"normal","statement":"L838408$E01E6D53-4416-4871-AB7A-74BB2A08B621","value":"Q1775415"}]	ordinary	[]	[]	complete	{"s_pl_acc":["Auswanderungserlaubnisse"],"s_pl_dat":["Auswanderungserlaubnissen"],"s_pl_gen":["Auswanderungserlaubnisse"],"s_pl_nom":["Auswanderungserlaubnisse"],"s_sg_acc":["Auswanderungserlaubnis"],"s_sg_dat":["Auswanderungserlaubnis"],"s_sg_gen":["Auswanderungserlaubnis"],"s_sg_nom":["Auswanderungserlaubnis"]}	{"s_pl_acc":["L838408-F8"],"s_pl_dat":["L838408-F7"],"s_pl_gen":["L838408-F6"],"s_pl_nom":["L838408-F5"],"s_sg_acc":["L838408-F4"],"s_sg_dat":["L838408-F3"],"s_sg_gen":["L838408-F2"],"s_sg_nom":["L838408-F1"]}	[]	[]	[]	[]	none_recorded	[]	[]	automatic
wdn_000182_N	L841742	["L841742"]	["26c6064117567cafb1d3ed5793a8bc91aaf006e665067212d948ac7d0d84fb38"]	"Schlingbeschwerden"	plural_only	012f3cdf4e9e085cb253074b8b389fab5c36d85e506d9cc7247e5d9568ea4756	no	[]	[]	plural_only	[{"rank":"normal","statement":"L841742$9BEC4E56-DF10-4A00-97B6-8FC06FF16A51","value":"Q138246"}]	[]	complete	{"s_pl_acc":["Schlingbeschwerden"],"s_pl_dat":["Schlingbeschwerden"],"s_pl_gen":["Schlingbeschwerden"],"s_pl_nom":["Schlingbeschwerden"]}	{"s_pl_acc":["L841742-F4"],"s_pl_dat":["L841742-F3"],"s_pl_gen":["L841742-F2"],"s_pl_nom":["L841742-F1"]}	[]	[]	[]	[]	none_recorded	[]	["missing_gender"]	automatic
wdn_000183_N	L842700	["L842700"]	["7827887743b09084284aa6a035c025ad685de30eda5ca8538289acc7cb7af9d1"]	"Schieferbank"	regular_feminine	0242a4e213b9c3bd1674dc0f134b4f614dbc05db99f68f74fb4920081bd8f071	no	["feminine"]	[{"rank":"normal","statement":"L842700$ca6aeeb7-7d1b-463a-8f67-9ddd840b70ca","value":"Q1775415"}]	ordinary	[]	[]	complete	{"s_pl_acc":["Schieferbänke"],"s_pl_dat":["Schieferbänken"],"s_pl_gen":["Schieferbänke"],"s_pl_nom":["Schieferbänke"],"s_sg_acc":["Schieferbank"],"s_sg_dat":["Schieferbank"],"s_sg_gen":["Schieferbank"],"s_sg_nom":["Schieferbank"]}	{"s_pl_acc":["L842700-F8"],"s_pl_dat":["L842700-F7"],"s_pl_gen":["L842700-F6"],"s_pl_nom":["L842700-F5"],"s_sg_acc":["L842700-F4"],"s_sg_dat":["L842700-F3"],"s_sg_gen":["L842700-F2"],"s_sg_nom":["L842700-F1"]}	[]	[]	[]	[]	none_recorded	[]	[]	automatic
wdn_000184_N	L843814	["L843814"]	["e8adca0f9f009f74be4081a6bba4ac1c3308acfe173551b18e4765e7d970640e"]	"Scherenfutteral"	regular_neuter	005de1eb5d4118a073dba1448b005f98ffabd1b7b7fae2e35b64eac762033c48	no	["neuter"]	[{"rank":"normal","statement":"L843814$36094A99-5160-4372-A962-9132272AD2F2","value":"Q1775461"}]	ordinary	[]	[]	complete	{"s_pl_acc":["Scherenfutterale"],"s_pl_dat":["Scherenfutteralen"],"s_pl_gen":["Scherenfutterale"],"s_pl_nom":["Scherenfutterale"],"s_sg_acc":["Scherenfutteral"],"s_sg_dat":["Scherenfutteral"],"s_sg_gen":["Scherenfutterals"],"s_sg_nom":["Scherenfutteral"]}	{"s_pl_acc":["L843814-F8"],"s_pl_dat":["L843814-F7"],"s_pl_gen":["L843814-F6"],"s_pl_nom":["L843814-F5"],"s_sg_acc":["L843814-F4"],"s_sg_dat":["L843814-F3"],"s_sg_gen":["L843814-F2"],"s_sg_nom":["L843814-F1"]}	[]	[]	[]	[]	none_recorded	[]	[]	automatic
wdn_000185_N	L846292	["L846292"]	["9bb9dd7cc1ddf9d17362839213fd032177697ac64eb5bdccc6d9e3458de2b041"]	"Großbrand"	regular_masculine	0049be950ca565a7ed201cdbb033ed936e89523f468e35e57ea3e4a9b535b4ab	no	["masculine"]	[{"rank":"normal","statement":"L846292$15052ED4-7A99-4EE8-985D-A2A156CDF226","value":"Q499327"}]	ordinary	[]	[]	complete	{"s_pl_acc":["Großbrände"],"s_pl_dat":["Großbränden"],"s_pl_gen":["Großbrände"],"s_pl_nom":["Großbrände"],"s_sg_acc":["Großbrand"],"s_sg_dat":["Großbrand"],"s_sg_gen":["Großbrandes"],"s_sg_nom":["Großbrand"]}	{"s_pl_acc":["L846292-F8"],"s_pl_dat":["L846292-F6"],"s_pl_gen":["L846292-F4"],"s_pl_nom":["L846292-F2"],"s_sg_acc":["L846292-F7"],"s_sg_dat":["L846292-F5"],"s_sg_gen":["L846292-F3"],"s_sg_nom":["L846292-F1"]}	[]	[]	[]	[]	none_recorded	[]	[]	automatic
wdn_000186_N	L846592	["L846592"]	["bd1dfeff0c906d352df9c8e8f5a443a98fc03ddf63f4ccced03d40bcdb010872"]	"Notabeln"	plural_only	02f86eda6964aae0e244cf73b2485fcde42daacf6734ac3f347918c85d3e9ea3	no	[]	[]	plural_only	[{"rank":"normal","statement":"L846592$6F60EEAB-A30C-4469-8719-9317E4BD8ADF","value":"Q138246"}]	[]	complete	{"s_pl_acc":["Notabeln"],"s_pl_dat":["Notabeln"],"s_pl_gen":["Notabeln"],"s_pl_nom":["Notabeln"]}	{"s_pl_acc":["L846592-F4"],"s_pl_dat":["L846592-F3"],"s_pl_gen":["L846592-F2"],"s_pl_nom":["L846592-F1"]}	[]	[]	[]	[]	none_recorded	[]	["missing_gender"]	automatic
wdn_000187_N	L846941	["L846941"]	["22eeca57f3faedc3464de8ef24af02308f0e1f3279e2355cccbd8ebd1245025b"]	"Arbeiterkind"	regular_neuter	0081b86880359f352be76f19f385bcbb4c7bf43a2b40616e1aa11e1d96935012	no	["neuter"]	[{"rank":"normal","statement":"L846941$1B0083D6-D2B5-446B-B3AA-FC032EC76102","value":"Q1775461"}]	ordinary	[]	[]	complete	{"s_pl_acc":["Arbeiterkinder"],"s_pl_dat":["Arbeiterkindern"],"s_pl_gen":["Arbeiterkinder"],"s_pl_nom":["Arbeiterkinder"],"s_sg_acc":["Arbeiterkind"],"s_sg_dat":["Arbeiterkind"],"s_sg_gen":["Arbeiterkindes"],"s_sg_nom":["Arbeiterkind"]}	{"s_pl_acc":["L846941-F8"],"s_pl_dat":["L846941-F6"],"s_pl_gen":["L846941-F4"],"s_pl_nom":["L846941-F2"],"s_sg_acc":["L846941-F7"],"s_sg_dat":["L846941-F5"],"s_sg_gen":["L846941-F3"],"s_sg_nom":["L846941-F1"]}	[]	[]	[]	[]	none_recorded	[]	[]	automatic
wdn_000188_N	L847439	["L847439"]	["9df14be017d86d9410fcdd15d9467b01481d260ed42f6adb3b23be273002dea9"]	"Taschenspielerkunst"	unknown_gender	001c3203cc98d27006a360cd6b8a3d19b2f531ed7a70cd648636acde39841b17	no	[]	[]	ordinary	[]	[]	complete	{"s_pl_acc":["Taschenspielerkünste"],"s_pl_dat":["Taschenspielerkünsten"],"s_pl_gen":["Taschenspielerkünste"],"s_pl_nom":["Taschenspielerkünste"],"s_sg_acc":["Taschenspielerkunst"],"s_sg_dat":["Taschenspielerkunst"],"s_sg_gen":["Taschenspielerkunst"],"s_sg_nom":["Taschenspielerkunst"]}	{"s_pl_acc":["L847439-F8"],"s_pl_dat":["L847439-F7"],"s_pl_gen":["L847439-F6"],"s_pl_nom":["L847439-F5"],"s_sg_acc":["L847439-F4"],"s_sg_dat":["L847439-F3"],"s_sg_gen":["L847439-F2"],"s_sg_nom":["L847439-F1"]}	[]	[]	[]	[]	none_recorded	[]	["missing_gender"]	automatic
wdn_000189_N	L848501	["L848501"]	["5d6cd9648a9bf6792ca0eeb95a20ef969af45e9efce27bd7e72f69b6c9cd5641"]	"Wichs"	regular_masculine	005324cc22e644ba3fecd9a1dc597ca7507ba2e0d42dea420bc2b5e43880e961	no	["masculine"]	[{"rank":"normal","statement":"L848501$FCFE98C7-C10C-4C55-8503-8BD8F89F2CEB","value":"Q499327"}]	ordinary	[]	[]	complete	{"s_pl_acc":["Wichse"],"s_pl_dat":["Wichsen"],"s_pl_gen":["Wichse"],"s_pl_nom":["Wichse"],"s_sg_acc":["Wichs"],"s_sg_dat":["Wichs"],"s_sg_gen":["Wichses"],"s_sg_nom":["Wichs"]}	{"s_pl_acc":["L848501-F8"],"s_pl_dat":["L848501-F6"],"s_pl_gen":["L848501-F4"],"s_pl_nom":["L848501-F2"],"s_sg_acc":["L848501-F7"],"s_sg_dat":["L848501-F5"],"s_sg_gen":["L848501-F3"],"s_sg_nom":["L848501-F1"]}	[]	[]	[]	[]	none_recorded	[]	[]	automatic
wdn_000190_N	L848652	["L848652"]	["2b965a7f17fe1c111a0d92c4deb87faa8b05ba8c12136d7b5f7192c6eeb071fa"]	"Winterhilfe"	invariant	00101b5ffdad86d129f823727d49da0bb90357319b92c98e639c269dd1423136	no	["feminine"]	[{"rank":"normal","statement":"L848652$7bef7443-d4f6-4939-acd5-ff429a618927","value":"Q1775415"}]	ordinary	[]	[]	complete	{"s_pl_acc":["Winterhilfen"],"s_pl_dat":["Winterhilfen"],"s_pl_gen":["Winterhilfen"],"s_pl_nom":["Winterhilfen"],"s_sg_acc":["Winterhilfe"],"s_sg_dat":["Winterhilfe"],"s_sg_gen":["Winterhilfe"],"s_sg_nom":["Winterhilfe"]}	{"s_pl_acc":["L848652-F8"],"s_pl_dat":["L848652-F6"],"s_pl_gen":["L848652-F4"],"s_pl_nom":["L848652-F2"],"s_sg_acc":["L848652-F7"],"s_sg_dat":["L848652-F5"],"s_sg_gen":["L848652-F3"],"s_sg_nom":["L848652-F1"]}	[]	[]	[]	[]	none_recorded	[]	[]	automatic
wdn_000191_N	L849989	["L849989"]	["18dfb6acfb47003f2b2ff1a2d1c0df342163bc3d61b1c8ff8015b6a04861ec28"]	"Kolonialwarenladen"	invariant_plural	000ee67557750fc6e90932a11fd38dd273e451f5ef7ca114c46c9f65efe8b59a	no	["masculine"]	[{"rank":"normal","statement":"L849989$8420C4C6-E023-485B-9DA5-239E4DD7423F","value":"Q499327"}]	ordinary	[]	[]	complete	{"s_pl_acc":["Kolonialwarenläden"],"s_pl_dat":["Kolonialwarenläden"],"s_pl_gen":["Kolonialwarenläden"],"s_pl_nom":["Kolonialwarenläden"],"s_sg_acc":["Kolonialwarenladen"],"s_sg_dat":["Kolonialwarenladen"],"s_sg_gen":["Kolonialwarenladens"],"s_sg_nom":["Kolonialwarenladen"]}	{"s_pl_acc":["L849989-F8"],"s_pl_dat":["L849989-F6"],"s_pl_gen":["L849989-F4"],"s_pl_nom":["L849989-F2"],"s_sg_acc":["L849989-F7"],"s_sg_dat":["L849989-F5"],"s_sg_gen":["L849989-F3"],"s_sg_nom":["L849989-F1"]}	[]	[]	[]	[]	none_recorded	[]	[]	automatic
wdn_000192_N	L850618	["L850618"]	["5c56381bef2ac4fce3df7683cf68281fec1386cdb542b2c747c304a366ffbe24"]	"Kopfpreis"	regular_masculine	00162a42fceeb495d4fbc10693699feff55191e89103b7dd4ebe6b9171286686	no	["masculine"]	[{"rank":"normal","statement":"L850618$80A2DDA7-6D11-4F39-95B9-2DDF110C5A4A","value":"Q499327"}]	ordinary	[]	[]	complete	{"s_pl_acc":["Kopfpreise"],"s_pl_dat":["Kopfpreisen"],"s_pl_gen":["Kopfpreise"],"s_pl_nom":["Kopfpreise"],"s_sg_acc":["Kopfpreis"],"s_sg_dat":["Kopfpreis"],"s_sg_gen":["Kopfpreises"],"s_sg_nom":["Kopfpreis"]}	{"s_pl_acc":["L850618-F8"],"s_pl_dat":["L850618-F7"],"s_pl_gen":["L850618-F6"],"s_pl_nom":["L850618-F5"],"s_sg_acc":["L850618-F4"],"s_sg_dat":["L850618-F3"],"s_sg_gen":["L850618-F2"],"s_sg_nom":["L850618-F1"]}	[]	[]	[]	[]	none_recorded	[]	[]	automatic
wdn_000193_N	L852791	["L852791"]	["a52c7e94aef0c9c666e8cd9ffc4e10c808cc4077eaa304f623bca4ae085984a9"]	"Kulturkonferenz"	invariant	00031fa2c8e57e86b0bceb96652efdf3c98872c8e78cfa1a1d15b0ffe4b34968	no	["feminine"]	[{"rank":"normal","statement":"L852791$d37666d0-f248-4325-bb6a-85714fa80cc2","value":"Q1775415"}]	ordinary	[]	[]	complete	{"s_pl_acc":["Kulturkonferenzen"],"s_pl_dat":["Kulturkonferenzen"],"s_pl_gen":["Kulturkonferenzen"],"s_pl_nom":["Kulturkonferenzen"],"s_sg_acc":["Kulturkonferenz"],"s_sg_dat":["Kulturkonferenz"],"s_sg_gen":["Kulturkonferenz"],"s_sg_nom":["Kulturkonferenz"]}	{"s_pl_acc":["L852791-F8"],"s_pl_dat":["L852791-F6"],"s_pl_gen":["L852791-F4"],"s_pl_nom":["L852791-F2"],"s_sg_acc":["L852791-F7"],"s_sg_dat":["L852791-F5"],"s_sg_gen":["L852791-F3"],"s_sg_nom":["L852791-F1"]}	[]	[]	[]	[]	none_recorded	[]	[]	automatic
wdn_000194_N	L853347	["L853347"]	["828f1c17e9b88e9d1cda019292846f69f1c982fd01be8648eaba64516405f782"]	"Shorts"	plural_only	036889c1880781075c4d752b8cea54925209f636c6df873028581f276e43245b	no	[]	[]	plural_only	[{"rank":"normal","statement":"L853347$465F51D1-E129-48EE-A54F-EEA8AE8B4F30","value":"Q138246"}]	[]	complete	{"s_pl_acc":["Shorts"],"s_pl_dat":["Shorts"],"s_pl_gen":["Shorts"],"s_pl_nom":["Shorts"]}	{"s_pl_acc":["L853347-F4"],"s_pl_dat":["L853347-F3"],"s_pl_gen":["L853347-F2"],"s_pl_nom":["L853347-F1"]}	[]	[]	[]	[]	none_recorded	[]	["missing_gender"]	automatic
wdn_000195_N	L854892	["L854892"]	["8a19e98fb5a960776d9d78e8d77880c8e01a1cd7276c0853d4fae359a7fa4e41"]	"Jahreseinkunft"	regular_feminine	032080e85ba34d360110f560d6bc4c76a5e47e8300ebfdbe092812a88e4a1546	no	["feminine"]	[{"rank":"normal","statement":"L854892$1F27C80C-FCEC-4531-975C-62FF3DECA0B7","value":"Q1775415"}]	ordinary	[]	[]	complete	{"s_pl_acc":["Jahreseinkünfte"],"s_pl_dat":["Jahreseinkünften"],"s_pl_gen":["Jahreseinkünfte"],"s_pl_nom":["Jahreseinkünfte"],"s_sg_acc":["Jahreseinkunft"],"s_sg_dat":["Jahreseinkunft"],"s_sg_gen":["Jahreseinkunft"],"s_sg_nom":["Jahreseinkunft"]}	{"s_pl_acc":["L854892-F8"],"s_pl_dat":["L854892-F7"],"s_pl_gen":["L854892-F6"],"s_pl_nom":["L854892-F5"],"s_sg_acc":["L854892-F4"],"s_sg_dat":["L854892-F3"],"s_sg_gen":["L854892-F2"],"s_sg_nom":["L854892-F1"]}	[]	[]	[]	[]	none_recorded	[]	[]	automatic
wdn_000196_N	L855906	["L855906"]	["447dfbcf140a8e8505617bbbb39028f031370ac56f69517e420babd24d15a3c8"]	"Xylophon"	regular_neuter	002686f9aeda533b85130e8d27db84813bc8ef3ac8f55aba13e766108d41f3b1	no	["neuter"]	[{"rank":"normal","statement":"L855906$050DE9C9-7F77-4FD5-BBBE-AE6BAA2CFACC","value":"Q1775461"}]	ordinary	[]	[]	complete	{"s_pl_acc":["Xylophone"],"s_pl_dat":["Xylophonen"],"s_pl_gen":["Xylophone"],"s_pl_nom":["Xylophone"],"s_sg_acc":["Xylophon"],"s_sg_dat":["Xylophon"],"s_sg_gen":["Xylophons"],"s_sg_nom":["Xylophon"]}	{"s_pl_acc":["L855906-F8"],"s_pl_dat":["L855906-F6"],"s_pl_gen":["L855906-F4"],"s_pl_nom":["L855906-F2"],"s_sg_acc":["L855906-F7"],"s_sg_dat":["L855906-F5"],"s_sg_gen":["L855906-F3"],"s_sg_nom":["L855906-F1"]}	[]	[]	[]	[]	none_recorded	[]	[]	automatic
wdn_000197_N	L856575	["L856575"]	["e91d20ea11258142d0697d9bfdb45d25e31de293efdfe753fba4d4ce998f5e89"]	"Durchschnittsmensch"	irregular_full	02049fa8eb907743d7574d337ae7d261d0a73dfab1ac0f0da44423432e7b83eb	no	["masculine"]	[{"rank":"normal","statement":"L856575$AE76B8E2-2256-490F-8479-E44FA4E2FE81","value":"Q499327"}]	ordinary	[]	[]	complete	{"s_pl_acc":["Durchschnittsmenschen"],"s_pl_dat":["Durchschnittsmenschen"],"s_pl_gen":["Durchschnittsmenschen"],"s_pl_nom":["Durchschnittsmenschen"],"s_sg_acc":["Durchschnittsmenschen"],"s_sg_dat":["Durchschnittsmenschen"],"s_sg_gen":["Durchschnittsmenschen"],"s_sg_nom":["Durchschnittsmensch"]}	{"s_pl_acc":["L856575-F8"],"s_pl_dat":["L856575-F6"],"s_pl_gen":["L856575-F4"],"s_pl_nom":["L856575-F2"],"s_sg_acc":["L856575-F7"],"s_sg_dat":["L856575-F5"],"s_sg_gen":["L856575-F3"],"s_sg_nom":["L856575-F1"]}	[]	[]	[]	[]	none_recorded	[]	[]	automatic
wdn_000198_N	L857783	["L857783"]	["90c82be79d716f1a8311b00a65221a9a31fe420c49f2053e29005865637fbbd1"]	"Feld-Wald-und-Wiesen-Tee"	hyphenated	01f3072e670107c777d36b949686315a1d3a8b81c58ce058b68f8da4f2ce1377	no	["masculine"]	[{"rank":"normal","statement":"L857783$F0FDF713-DFCE-48CC-88D4-ED8C1A1FF23B","value":"Q499327"}]	ordinary	[]	[]	complete	{"s_pl_acc":["Feld-Wald-und-Wiesen-Tees"],"s_pl_dat":["Feld-Wald-und-Wiesen-Tees"],"s_pl_gen":["Feld-Wald-und-Wiesen-Tees"],"s_pl_nom":["Feld-Wald-und-Wiesen-Tees"],"s_sg_acc":["Feld-Wald-und-Wiesen-Tee"],"s_sg_dat":["Feld-Wald-und-Wiesen-Tee"],"s_sg_gen":["Feld-Wald-und-Wiesen-Tees"],"s_sg_nom":["Feld-Wald-und-Wiesen-Tee"]}	{"s_pl_acc":["L857783-F8"],"s_pl_dat":["L857783-F7"],"s_pl_gen":["L857783-F6"],"s_pl_nom":["L857783-F5"],"s_sg_acc":["L857783-F4"],"s_sg_dat":["L857783-F3"],"s_sg_gen":["L857783-F2"],"s_sg_nom":["L857783-F1"]}	[]	[]	[]	[]	none_recorded	["hyphen"]	[]	automatic
wdn_000199_N	L857795	["L857795"]	["ac0206b065f1d54a24362260cc935aa62f092d49a5e51ad4651f567841fae26d"]	"Fettwulst"	multiple_gender	00d564400aa2f27db07c87c4bf815a1385a5f3e3133f9555952359b9a88e8f50	no	["feminine","masculine"]	[{"rank":"normal","statement":"L857795$347969DA-C9DF-4779-A8A6-538787E54BFF","value":"Q499327"},{"rank":"normal","statement":"L857795$73FED4BE-1D58-465B-A6C4-4C84F2602DAB","value":"Q1775415"}]	ordinary	[]	[]	none	{}	{}	[]	[]	[]	[]	none_recorded	[]	[]	automatic
wdn_000200_N	L860619	["L860619"]	["ae2a40ad8724b9433d12eaccb88ad8f9b1464b167ec3c36a65a28d6229004d13"]	"Weibsleute"	plural_only	00ded3e364f157d6ec183be6888db0716775aac9a80dcb6292d5a0c2b03c4d31	no	[]	[]	plural_only	[{"rank":"normal","statement":"L860619$F443866C-A4C3-4640-A068-711D97B60DF9","value":"Q138246"}]	[]	complete	{"s_pl_acc":["Weibsleute"],"s_pl_dat":["Weibsleuten"],"s_pl_gen":["Weibsleute"],"s_pl_nom":["Weibsleute"]}	{"s_pl_acc":["L860619-F4"],"s_pl_dat":["L860619-F3"],"s_pl_gen":["L860619-F2"],"s_pl_nom":["L860619-F1"]}	[]	[]	[]	[]	none_recorded	[]	["missing_gender"]	automatic
wdn_000201_N	L861059	["L861059"]	["93cd83ee9d2247ccef88da0021276ac4547afb1a95859eb01f803a434376b355"]	"Weltkenntnis"	regular_feminine	027a7ac6b0e215c778379c2ccdb98bcf37b6d4816baa8173a4370d521fd85f12	no	["feminine"]	[{"rank":"normal","statement":"L861059$D61DC85C-B12A-4CC9-8F80-4F3C4E352C15","value":"Q1775415"}]	ordinary	[]	[]	complete	{"s_pl_acc":["Weltkenntnisse"],"s_pl_dat":["Weltkenntnissen"],"s_pl_gen":["Weltkenntnisse"],"s_pl_nom":["Weltkenntnisse"],"s_sg_acc":["Weltkenntnis"],"s_sg_dat":["Weltkenntnis"],"s_sg_gen":["Weltkenntnis"],"s_sg_nom":["Weltkenntnis"]}	{"s_pl_acc":["L861059-F8"],"s_pl_dat":["L861059-F7"],"s_pl_gen":["L861059-F6"],"s_pl_nom":["L861059-F5"],"s_sg_acc":["L861059-F4"],"s_sg_dat":["L861059-F3"],"s_sg_gen":["L861059-F2"],"s_sg_nom":["L861059-F1"]}	[]	[]	[]	[]	none_recorded	[]	[]	automatic
wdn_000202_N	L862912	["L862912"]	["297a38c797071dcb4fd6d4ab8a7900249b4a6f9e199e3e79774e06ae79defdeb"]	"VR"	abbreviation	1e2e9e3aae59638a0c5f0dc680ea80c8dc9496387f9e08ee809e0e88f57ebb70	no	["feminine"]	[{"rank":"normal","statement":"L862912$D4014E40-D51C-405F-A497-38F605CB2606","value":"Q1775415"}]	ordinary	[]	[]	none	{}	{}	[]	[]	[]	[]	none_recorded	["abbreviation"]	[]	automatic
wdn_000203_N	L864096	["L864096"]	["df3bc293c79564311b9fa65d141e12141a1c5712da56d61bd74c0ea59a402eed"]	"Reittier"	regular_neuter	001df2c23e261ed1fb3aadbc1af4c498f196fc686b8c7a6dc2e7b40d1f188844	no	["neuter"]	[{"rank":"normal","statement":"L864096$68B9EE8F-2353-452C-A2C1-40E0D87814CC","value":"Q1775461"}]	ordinary	[]	[]	complete	{"s_pl_acc":["Reittiere"],"s_pl_dat":["Reittieren"],"s_pl_gen":["Reittiere"],"s_pl_nom":["Reittiere"],"s_sg_acc":["Reittier"],"s_sg_dat":["Reittier"],"s_sg_gen":["Reittieres"],"s_sg_nom":["Reittier"]}	{"s_pl_acc":["L864096-F8"],"s_pl_dat":["L864096-F6"],"s_pl_gen":["L864096-F4"],"s_pl_nom":["L864096-F2"],"s_sg_acc":["L864096-F7"],"s_sg_dat":["L864096-F5"],"s_sg_gen":["L864096-F3"],"s_sg_nom":["L864096-F1"]}	[]	[]	[]	[]	none_recorded	[]	[]	automatic
wdn_000204_N	L864372	["L864372"]	["198a904202fe10c887e3e2ec35b6f280646d7fea67798afdebe90265aefe42a9"]	"Rebus"	multiple_gender	00fc254106d82d316e6b1dfcf7db5d90284edd6022b471f9bc73f4f476eeddd8	no	["masculine","neuter"]	[{"rank":"normal","statement":"L864372$94B72041-E9CC-4623-A7FB-299283C9C235","value":"Q499327"},{"rank":"normal","statement":"L864372$CFF9F5F1-43BD-4C54-9471-0D1E5D401091","value":"Q1775461"}]	ordinary	[]	[]	complete	{"s_pl_acc":["Rebusse"],"s_pl_dat":["Rebussen"],"s_pl_gen":["Rebusse"],"s_pl_nom":["Rebusse"],"s_sg_acc":["Rebus"],"s_sg_dat":["Rebus"],"s_sg_gen":["Rebus"],"s_sg_nom":["Rebus"]}	{"s_pl_acc":["L864372-F8"],"s_pl_dat":["L864372-F6"],"s_pl_gen":["L864372-F4"],"s_pl_nom":["L864372-F2"],"s_sg_acc":["L864372-F7"],"s_sg_dat":["L864372-F5"],"s_sg_gen":["L864372-F3"],"s_sg_nom":["L864372-F1"]}	[]	[]	[]	[]	none_recorded	[]	[]	automatic
wdn_000205_N	L864786	["L864786"]	["9531c10ca7e5275b1e6b39c22dfead5bfaeb07eacdbf3770750db6deccaf941e"]	"Trappist"	irregular_full	007e567cbeccabcfaa855b1b3d470022a57582d923066d119f58b2d8315588f4	no	["masculine"]	[{"rank":"normal","statement":"L864786$A81575D6-6C66-4BD0-AD10-EC11FE68807B","value":"Q499327"}]	ordinary	[]	[]	complete	{"s_pl_acc":["Trappisten"],"s_pl_dat":["Trappisten"],"s_pl_gen":["Trappisten"],"s_pl_nom":["Trappisten"],"s_sg_acc":["Trappisten"],"s_sg_dat":["Trappisten"],"s_sg_gen":["Trappisten"],"s_sg_nom":["Trappist"]}	{"s_pl_acc":["L864786-F8"],"s_pl_dat":["L864786-F6"],"s_pl_gen":["L864786-F4"],"s_pl_nom":["L864786-F2"],"s_sg_acc":["L864786-F7"],"s_sg_dat":["L864786-F5"],"s_sg_gen":["L864786-F3"],"s_sg_nom":["L864786-F1"]}	[]	[]	[]	[]	none_recorded	[]	[]	automatic
wdn_000206_N	L865140	["L865140"]	["ff7cad4985d01f0b0107e3674b4ed254f291d81911889c437202c586aa30dc12"]	"Triangel"	multiple_gender	0158dd8a3140c660d8ed4ab422afba9328047bfd287b81e6c35da242fa49b57f	no	["feminine","masculine","neuter"]	[{"rank":"normal","statement":"L865140$C5B2E823-A1A2-4075-B790-6AA6CDC39A83","value":"Q499327"},{"rank":"normal","statement":"L865140$5970A5F2-5C84-498F-9350-106A670B676D","value":"Q1775415"},{"rank":"normal","statement":"L865140$1EEEFC97-C956-419D-997A-FB448C404A80","value":"Q1775461"}]	ordinary	[]	[]	none	{}	{}	[]	[]	[]	[]	none_recorded	[]	[]	automatic
wdn_000207_N	L867451	["L867451"]	["8d75fd697d962e779f5222e2f1a67a10302a2f2774b888a5975293f577998c5c"]	"Bildstreifen"	invariant_plural	0077ed0239dde4eeefb7a32e1cf82e7675238ab490ccdfec76f13987053a1b8b	no	["masculine"]	[{"rank":"normal","statement":"L867451$BC4DCA24-8BCE-40ED-9685-748C85158FE6","value":"Q499327"}]	ordinary	[]	[]	complete	{"s_pl_acc":["Bildstreifen"],"s_pl_dat":["Bildstreifen"],"s_pl_gen":["Bildstreifen"],"s_pl_nom":["Bildstreifen"],"s_sg_acc":["Bildstreifen"],"s_sg_dat":["Bildstreifen"],"s_sg_gen":["Bildstreifens"],"s_sg_nom":["Bildstreifen"]}	{"s_pl_acc":["L867451-F8"],"s_pl_dat":["L867451-F7"],"s_pl_gen":["L867451-F6"],"s_pl_nom":["L867451-F5"],"s_sg_acc":["L867451-F4"],"s_sg_dat":["L867451-F3"],"s_sg_gen":["L867451-F2"],"s_sg_nom":["L867451-F1"]}	[]	[]	[]	[]	none_recorded	[]	[]	automatic
wdn_000208_N	L867966	["L867966"]	["567f967ead3a0425d11335352db34d4f890911f570d70e23e99d4e59a654bb53"]	"Ehesakrament"	conflicting_slots	0025a97d3106d8ee1e8dbbc554d797597ad3f22e96d397544e7a985dc1f2076a	no	["neuter"]	[{"rank":"normal","statement":"L867966$5D2501D2-226F-4B4D-857D-81CD3ECEB25D","value":"Q1775461"}]	ordinary	[]	[]	conflicting	{"s_pl_acc":["Ehesakramente"],"s_pl_dat":["Ehesakramenten"],"s_pl_gen":["Ehesakramente"],"s_pl_nom":["Ehesakramente"],"s_sg_acc":["Ehesakrament"],"s_sg_dat":["Ehesakrament"],"s_sg_gen":["Ehesakramentes","Ehesakraments"],"s_sg_nom":["Ehesakrament"]}	{"s_pl_acc":["L867966-F9"],"s_pl_dat":["L867966-F8"],"s_pl_gen":["L867966-F7"],"s_pl_nom":["L867966-F6"],"s_sg_acc":["L867966-F5"],"s_sg_dat":["L867966-F4"],"s_sg_gen":["L867966-F2","L867966-F3"],"s_sg_nom":["L867966-F1"]}	[]	[]	[]	[]	none_recorded	[]	["conflicting_slots"]	automatic
wdn_000209_N	L868272	["L868272"]	["2f00a46aa0356ffa3e352bf54f2cdf331f701602b07c8ec0bd47e10e62920c39"]	"Lichtfilter"	multiple_gender	023e22760791a98595c8b1b345017dd07da7beab8e1eb6e8d879095b143db7d8	no	["masculine","neuter"]	[{"rank":"normal","statement":"L868272$854D937B-F7FB-43E1-9A8C-7A004D517C46","value":"Q499327"},{"rank":"normal","statement":"L868272$094C2E7C-082C-4F6B-80C1-D8DB29A5D625","value":"Q1775461"}]	ordinary	[]	[]	none	{}	{}	[]	[]	[]	[]	none_recorded	[]	[]	automatic
wdn_000210_N	L868326	["L868326"]	["f34f61af48b858c841badb2f112dd88261454a8735894beb2d5e0a2baba2dc23"]	"Lieblingstochter"	regular_feminine	0119dfcdb9380e9d846c51c2a21a289ce5dd46cfdddf430e2bbba9cc0df7ab06	no	["feminine"]	[{"rank":"normal","statement":"L868326$C44305E8-3088-41D1-9E96-01763250348D","value":"Q1775415"}]	ordinary	[]	[]	complete	{"s_pl_acc":["Lieblingstöchter"],"s_pl_dat":["Lieblingstöchtern"],"s_pl_gen":["Lieblingstöchter"],"s_pl_nom":["Lieblingstöchter"],"s_sg_acc":["Lieblingstochter"],"s_sg_dat":["Lieblingstochter"],"s_sg_gen":["Lieblingstochter"],"s_sg_nom":["Lieblingstochter"]}	{"s_pl_acc":["L868326-F8"],"s_pl_dat":["L868326-F7"],"s_pl_gen":["L868326-F6"],"s_pl_nom":["L868326-F5"],"s_sg_acc":["L868326-F4"],"s_sg_dat":["L868326-F3"],"s_sg_gen":["L868326-F2"],"s_sg_nom":["L868326-F1"]}	[]	[]	[]	[]	none_recorded	[]	[]	automatic
wdn_000211_N	L868971	["L868971"]	["6467085ed1c49d1cf838cc7e56c2dae243b11537949020c0f4bd3d0bb0df41a7"]	"Propagandabluff"	invariant_plural	0092356b385c43f53be86abd5092631cf13f6a81284aa11ded7093b1f8cb7e0d	no	["masculine"]	[{"rank":"normal","statement":"L868971$b81472dd-bec7-4d80-b735-e070bccb07c4","value":"Q499327"}]	ordinary	[]	[]	complete	{"s_pl_acc":["Propagandabluffs"],"s_pl_dat":["Propagandabluffs"],"s_pl_gen":["Propagandabluffs"],"s_pl_nom":["Propagandabluffs"],"s_sg_acc":["Propagandabluff"],"s_sg_dat":["Propagandabluff"],"s_sg_gen":["Propagandabluffs"],"s_sg_nom":["Propagandabluff"]}	{"s_pl_acc":["L868971-F8"],"s_pl_dat":["L868971-F7"],"s_pl_gen":["L868971-F6"],"s_pl_nom":["L868971-F5"],"s_sg_acc":["L868971-F4"],"s_sg_dat":["L868971-F3"],"s_sg_gen":["L868971-F2"],"s_sg_nom":["L868971-F1"]}	[]	[]	[]	[]	none_recorded	[]	[]	automatic
wdn_000212_N	L876261	["L876261"]	["63d90cf07377aa158fdea6abedd7f22cb451e8137fd94650be3e584567d05059"]	"C-Dur"	singular_only	064df43d9f92a3c448e48c3ae13bfc227a698c4a1b2d4a1487c0f21063690594	no	["neuter"]	[{"rank":"normal","statement":"L876261$EC663268-906C-4422-88F1-3ABB44D31814","value":"Q1775461"}]	singular_only	[{"rank":"normal","statement":"L876261$0897AEF1-9C88-498D-A5AE-E385942260E6","value":"Q604984"}]	[]	complete	{"s_sg_acc":["C-Dur"],"s_sg_dat":["C-Dur"],"s_sg_gen":["C-Dur"],"s_sg_nom":["C-Dur"]}	{"s_sg_acc":["L876261-F4"],"s_sg_dat":["L876261-F3"],"s_sg_gen":["L876261-F2"],"s_sg_nom":["L876261-F1"]}	[]	[]	[]	[]	none_recorded	["hyphen"]	[]	automatic
wdn_000213_N	L876378	["L876378"]	["42c1493464c18526562234fdaac1b4e9a662f612c295531e04475d24543281ce"]	"Kennwort"	regular_neuter	0094eab2f52f0e67c6aa3e5c2211ae265953f5369456958251950cc16ca41261	no	["neuter"]	[{"rank":"normal","statement":"L876378$DD457B11-0073-46E1-B1E3-069C8C332549","value":"Q1775461"}]	ordinary	[]	[]	complete	{"s_pl_acc":["Kennwörter"],"s_pl_dat":["Kennwörtern"],"s_pl_gen":["Kennwörter"],"s_pl_nom":["Kennwörter"],"s_sg_acc":["Kennwort"],"s_sg_dat":["Kennwort"],"s_sg_gen":["Kennwortes"],"s_sg_nom":["Kennwort"]}	{"s_pl_acc":["L876378-F8"],"s_pl_dat":["L876378-F6"],"s_pl_gen":["L876378-F4"],"s_pl_nom":["L876378-F2"],"s_sg_acc":["L876378-F7"],"s_sg_dat":["L876378-F5"],"s_sg_gen":["L876378-F3"],"s_sg_nom":["L876378-F1"]}	[]	[]	[]	[]	none_recorded	[]	[]	automatic
wdn_000214_N	L877309	["L877309"]	["714de69997f59ad59ca9477b7a901483c78e98112f2849ec4f00a84e071d217c"]	"Bleilot"	conflicting_slots	0023141d843202760a36dcc5c438b74fa9f5efb7b09afe8ab4abd48d45071114	no	["neuter"]	[{"rank":"normal","statement":"L877309$77562fcb-be19-4932-8c27-ff2c2016314f","value":"Q1775461"}]	ordinary	[]	[]	conflicting	{"s_pl_acc":["Bleilote"],"s_pl_dat":["Bleiloten"],"s_pl_gen":["Bleilote"],"s_pl_nom":["Bleilote"],"s_sg_acc":["Bleilot"],"s_sg_dat":["Bleilot"],"s_sg_gen":["Bleilotes","Bleilots"],"s_sg_nom":["Bleilot"]}	{"s_pl_acc":["L877309-F9"],"s_pl_dat":["L877309-F8"],"s_pl_gen":["L877309-F7"],"s_pl_nom":["L877309-F6"],"s_sg_acc":["L877309-F5"],"s_sg_dat":["L877309-F4"],"s_sg_gen":["L877309-F2","L877309-F3"],"s_sg_nom":["L877309-F1"]}	[]	[]	[]	[]	none_recorded	[]	["conflicting_slots"]	automatic
wdn_000215_N	L877334	["L877334"]	["2f37f0f82f882109cfb7b53430819dc4e1c44512b43ed6a452131d420c060f1a"]	"Isolator"	invariant_plural	001bf919ff4ef9763a99cbea9c9553e1e87540dc0f23ac57a221cbe7e952b128	no	["masculine"]	[{"rank":"normal","statement":"L877334$B7D27846-0775-40C6-B721-53FD037971E7","value":"Q499327"}]	ordinary	[]	[]	complete	{"s_pl_acc":["Isolatoren"],"s_pl_dat":["Isolatoren"],"s_pl_gen":["Isolatoren"],"s_pl_nom":["Isolatoren"],"s_sg_acc":["Isolator"],"s_sg_dat":["Isolator"],"s_sg_gen":["Isolators"],"s_sg_nom":["Isolator"]}	{"s_pl_acc":["L877334-F8"],"s_pl_dat":["L877334-F6"],"s_pl_gen":["L877334-F4"],"s_pl_nom":["L877334-F2"],"s_sg_acc":["L877334-F7"],"s_sg_dat":["L877334-F5"],"s_sg_gen":["L877334-F3"],"s_sg_nom":["L877334-F1"]}	[]	[]	[]	[]	none_recorded	[]	[]	automatic
wdn_000216_N	L879648	["L879648"]	["ada7b3aa79a68746bfe7c0b571d1f6ee7dc5585fd92955cd00c3535d3d433d03"]	"Zyan"	rejected_feature	8f384918d73c9a18ab6c1ce56124c97b550ca19e469f964f61dff15d986fa92a	no	["neuter"]	[{"rank":"normal","statement":"L879648$8448A530-DE6D-4F85-8987-D2BD717AE614","value":"Q1775461"}]	ordinary	[]	[]	conflicting	{"s_sg_acc":["Cyan","Zyan"],"s_sg_dat":["Cyans","Zyans"],"s_sg_gen":["Cyan","Zyan"],"s_sg_nom":["Cyan","Zyan"]}	{"s_sg_acc":["L879648-F4","L879648-F8"],"s_sg_dat":["L879648-F3","L879648-F7"],"s_sg_gen":["L879648-F2","L879648-F6"],"s_sg_nom":["L879648-F1","L879648-F5"]}	[]	[]	[]	[]	none_recorded	[]	["conflicting_slots","rejected_noun_form_feature"]	automatic
wdn_000217_N	L879950	["L879950"]	["332c7451906152a23580b8e31944fc9adf02399a72816ac4bdb2bdda6e476140"]	"Verstellungskunst"	regular_feminine	049fcda5b359d25fa36bbd970146b0f1b25475ef5090aa4c132d05b52061667a	no	["feminine"]	[{"rank":"normal","statement":"L879950$C7258588-83EA-4C21-B5B5-ABC0CDE07EC4","value":"Q1775415"}]	ordinary	[]	[]	complete	{"s_pl_acc":["Verstellungskünste"],"s_pl_dat":["Verstellungskünsten"],"s_pl_gen":["Verstellungskünste"],"s_pl_nom":["Verstellungskünste"],"s_sg_acc":["Verstellungskunst"],"s_sg_dat":["Verstellungskunst"],"s_sg_gen":["Verstellungskunst"],"s_sg_nom":["Verstellungskunst"]}	{"s_pl_acc":["L879950-F8"],"s_pl_dat":["L879950-F6"],"s_pl_gen":["L879950-F4"],"s_pl_nom":["L879950-F2"],"s_sg_acc":["L879950-F7"],"s_sg_dat":["L879950-F5"],"s_sg_gen":["L879950-F3"],"s_sg_nom":["L879950-F1"]}	[]	[]	[]	[]	none_recorded	[]	[]	automatic
wdn_000218_N	L883084	["L883084"]	["ad91f25ef3f307c1cf83691947256e0c9ffa66d460671418f6de4368580c4f81"]	"Diamantenschleifer"	partial_evidence	001d60fd3d946115fbdd3fa03198266a787b5d97d3faedb7ff751d9c9abaa52d	no	["masculine"]	[{"rank":"normal","statement":"L883084$244402A3-DB4E-4DC5-920D-519A77334EB7","value":"Q499327"}]	ordinary	[]	[]	none	{}	{}	[]	[]	[]	[]	none_recorded	[]	[]	automatic
wdn_000219_N	L884159	["L884159"]	["b6795c2dd83cf12de7fd5d798a3b3db2ab78bd97681277150870f6a72b04c950"]	"Abklatschwalzer"	regular_masculine	001e21bd2e02943442e02a2038528542f3b3917f4b5ff3d07072a0c74efee446	no	["masculine"]	[{"rank":"normal","statement":"L884159$C253212C-179F-4E0C-A813-1A9A94A2340C","value":"Q499327"}]	ordinary	[]	[]	complete	{"s_pl_acc":["Abklatschwalzer"],"s_pl_dat":["Abklatschwalzern"],"s_pl_gen":["Abklatschwalzer"],"s_pl_nom":["Abklatschwalzer"],"s_sg_acc":["Abklatschwalzer"],"s_sg_dat":["Abklatschwalzer"],"s_sg_gen":["Abklatschwalzers"],"s_sg_nom":["Abklatschwalzer"]}	{"s_pl_acc":["L884159-F8"],"s_pl_dat":["L884159-F7"],"s_pl_gen":["L884159-F6"],"s_pl_nom":["L884159-F5"],"s_sg_acc":["L884159-F4"],"s_sg_dat":["L884159-F3"],"s_sg_gen":["L884159-F2"],"s_sg_nom":["L884159-F1"]}	[]	[]	[]	[]	none_recorded	[]	[]	automatic
wdn_000220_N	L884236	["L884236"]	["8d3461fa7980f4254934cc263a9073c838b8fc5fbdb2d5724d23daa95f565df9"]	"Abrüstungsabkommen"	invariant_plural	009686e2a424f65c4ec736437876dadc857b220e93ed7620e011250377ff3fa7	no	["neuter"]	[{"rank":"normal","statement":"L884236$BCD91EC2-0FEF-4FD2-AB8E-8B5210914AC8","value":"Q1775461"}]	ordinary	[]	[]	complete	{"s_pl_acc":["Abrüstungsabkommen"],"s_pl_dat":["Abrüstungsabkommen"],"s_pl_gen":["Abrüstungsabkommen"],"s_pl_nom":["Abrüstungsabkommen"],"s_sg_acc":["Abrüstungsabkommen"],"s_sg_dat":["Abrüstungsabkommen"],"s_sg_gen":["Abrüstungsabkommens"],"s_sg_nom":["Abrüstungsabkommen"]}	{"s_pl_acc":["L884236-F8"],"s_pl_dat":["L884236-F7"],"s_pl_gen":["L884236-F6"],"s_pl_nom":["L884236-F5"],"s_sg_acc":["L884236-F4"],"s_sg_dat":["L884236-F3"],"s_sg_gen":["L884236-F2"],"s_sg_nom":["L884236-F1"]}	[]	[]	[]	[]	none_recorded	[]	[]	automatic
wdn_000221_N	L885149	["L885149"]	["673bdf693ff40ceeadc543046bc64f117c0822e3b78e4c4b09161054d3ff1821"]	"Kraftborn"	conflicting_slots	001b83375855cc2e48fe308dd4b0cc5819f7d3e24f33aab599b18a62c9c7717f	no	["masculine"]	[{"rank":"normal","statement":"L885149$d769b411-42e0-4a88-9971-f4090c7cb1f1","value":"Q499327"}]	ordinary	[]	[]	conflicting	{"s_pl_acc":["Kraftborne"],"s_pl_dat":["Kraftbornen"],"s_pl_gen":["Kraftborne"],"s_pl_nom":["Kraftborne"],"s_sg_acc":["Kraftborn"],"s_sg_dat":["Kraftborn"],"s_sg_gen":["Kraftbornes","Kraftborns"],"s_sg_nom":["Kraftborn"]}	{"s_pl_acc":["L885149-F9"],"s_pl_dat":["L885149-F8"],"s_pl_gen":["L885149-F7"],"s_pl_nom":["L885149-F6"],"s_sg_acc":["L885149-F5"],"s_sg_dat":["L885149-F4"],"s_sg_gen":["L885149-F2","L885149-F3"],"s_sg_nom":["L885149-F1"]}	[]	[]	[]	[]	none_recorded	[]	["conflicting_slots"]	automatic
wdn_000222_N	L887101	["L887101"]	["76ed398dd21096c2ec6bb5f897fa3b9acd11d39d874d9cc47f0dbb0f5a30c12c"]	"Postzeitungsliste"	invariant	00018d0ca9a08ea4c616ffd1306ba03d5824f4d1d215da0111d0e5f8b135f278	no	["feminine"]	[{"rank":"normal","statement":"L887101$d510a46b-944b-46ce-be90-208a98a6daec","value":"Q1775415"}]	ordinary	[]	[]	complete	{"s_pl_acc":["Postzeitungslisten"],"s_pl_dat":["Postzeitungslisten"],"s_pl_gen":["Postzeitungslisten"],"s_pl_nom":["Postzeitungslisten"],"s_sg_acc":["Postzeitungsliste"],"s_sg_dat":["Postzeitungsliste"],"s_sg_gen":["Postzeitungsliste"],"s_sg_nom":["Postzeitungsliste"]}	{"s_pl_acc":["L887101-F8"],"s_pl_dat":["L887101-F7"],"s_pl_gen":["L887101-F6"],"s_pl_nom":["L887101-F5"],"s_sg_acc":["L887101-F4"],"s_sg_dat":["L887101-F3"],"s_sg_gen":["L887101-F2"],"s_sg_nom":["L887101-F1"]}	[]	[]	[]	[]	none_recorded	[]	[]	automatic
wdn_000223_N	L888217	["L888217"]	["dbfa4988f87486a8e866b734960e8fb7a9593ef590596bf73bb43d2211702bdd"]	"Filmkopie"	invariant	0009a7f6206ebdb0b58033940e16a35246d2a879294b0839a7729b709e9b722b	no	["feminine"]	[{"rank":"normal","statement":"L888217$2C033178-E311-432A-AB55-50C1085A251B","value":"Q1775415"}]	ordinary	[]	[]	complete	{"s_pl_acc":["Filmkopien"],"s_pl_dat":["Filmkopien"],"s_pl_gen":["Filmkopien"],"s_pl_nom":["Filmkopien"],"s_sg_acc":["Filmkopie"],"s_sg_dat":["Filmkopie"],"s_sg_gen":["Filmkopie"],"s_sg_nom":["Filmkopie"]}	{"s_pl_acc":["L888217-F8"],"s_pl_dat":["L888217-F7"],"s_pl_gen":["L888217-F6"],"s_pl_nom":["L888217-F5"],"s_sg_acc":["L888217-F4"],"s_sg_dat":["L888217-F3"],"s_sg_gen":["L888217-F2"],"s_sg_nom":["L888217-F1"]}	[]	[]	[]	[]	none_recorded	[]	[]	automatic
wdn_000224_N	L889587	["L889587"]	["e924910bf6fe231c5809adf545c1a28216a7239cb609e76e85c1833810b18662"]	"Sexualhormon"	regular_neuter	005bcede9e56322f77cf2f69c9c8a9e11265b80269c8f3a471e01f9feb913220	no	["neuter"]	[{"rank":"normal","statement":"L889587$DF4EAB0B-EE15-461B-A61E-4172B70B1BBF","value":"Q1775461"}]	ordinary	[]	[]	complete	{"s_pl_acc":["Sexualhormone"],"s_pl_dat":["Sexualhormonen"],"s_pl_gen":["Sexualhormone"],"s_pl_nom":["Sexualhormone"],"s_sg_acc":["Sexualhormon"],"s_sg_dat":["Sexualhormon"],"s_sg_gen":["Sexualhormons"],"s_sg_nom":["Sexualhormon"]}	{"s_pl_acc":["L889587-F8"],"s_pl_dat":["L889587-F7"],"s_pl_gen":["L889587-F6"],"s_pl_nom":["L889587-F5"],"s_sg_acc":["L889587-F4"],"s_sg_dat":["L889587-F3"],"s_sg_gen":["L889587-F2"],"s_sg_nom":["L889587-F1"]}	[]	[]	[]	[]	none_recorded	[]	[]	automatic
wdn_000225_N	L889945	["L889945"]	["a6f13c2d48a5a81f61994cf47f4c57128c0f31a0a97dbe0fcf782f4b795e8e6a"]	"Spionageagent"	irregular_full	0154acca7938b70971ba67401ba9f8a570263c5ad4b83ce7a80a5f9db334aeab	no	["masculine"]	[{"rank":"normal","statement":"L889945$38D0002C-41C4-4871-B7A2-4C3BBF459527","value":"Q499327"}]	ordinary	[]	[]	complete	{"s_pl_acc":["Spionageagenten"],"s_pl_dat":["Spionageagenten"],"s_pl_gen":["Spionageagenten"],"s_pl_nom":["Spionageagenten"],"s_sg_acc":["Spionageagenten"],"s_sg_dat":["Spionageagenten"],"s_sg_gen":["Spionageagenten"],"s_sg_nom":["Spionageagent"]}	{"s_pl_acc":["L889945-F8"],"s_pl_dat":["L889945-F7"],"s_pl_gen":["L889945-F6"],"s_pl_nom":["L889945-F5"],"s_sg_acc":["L889945-F4"],"s_sg_dat":["L889945-F3"],"s_sg_gen":["L889945-F2"],"s_sg_nom":["L889945-F1"]}	[]	[]	[]	[]	none_recorded	[]	[]	automatic
wdn_000226_N	L890374	["L890374"]	["c9ed66ea322b8e5909b3d5416995e2169cae34c3a31f89bd04398c908e0bc73c"]	"Spaltholz"	unknown_gender	015d922c8dd8840c15ae0b224a423f5e05556d8e7565a2b352977512a226a538	no	[]	[]	ordinary	[]	[]	complete	{"s_pl_acc":["Spalthölzer"],"s_pl_dat":["Spalthölzern"],"s_pl_gen":["Spalthölzer"],"s_pl_nom":["Spalthölzer"],"s_sg_acc":["Spaltholz"],"s_sg_dat":["Spaltholz"],"s_sg_gen":["Spaltholzes"],"s_sg_nom":["Spaltholz"]}	{"s_pl_acc":["L890374-F8"],"s_pl_dat":["L890374-F7"],"s_pl_gen":["L890374-F6"],"s_pl_nom":["L890374-F5"],"s_sg_acc":["L890374-F4"],"s_sg_dat":["L890374-F3"],"s_sg_gen":["L890374-F2"],"s_sg_nom":["L890374-F1"]}	[]	[]	[]	[]	none_recorded	[]	["missing_gender"]	automatic
wdn_000227_N	L890500	["L890500"]	["421e96a50bba9aed3428f83773c5095de1321b6404f2e02b4db09c0735dd3283"]	"Spaltaxt"	unknown_gender	007ed7aa6f26f05a32ee982cd1e12376586b70ae8ae9fcf6460e5a1a64430ee5	no	[]	[]	ordinary	[]	[]	complete	{"s_pl_acc":["Spaltäxte"],"s_pl_dat":["Spaltäxten"],"s_pl_gen":["Spaltäxte"],"s_pl_nom":["Spaltäxte"],"s_sg_acc":["Spaltaxt"],"s_sg_dat":["Spaltaxt"],"s_sg_gen":["Spaltaxt"],"s_sg_nom":["Spaltaxt"]}	{"s_pl_acc":["L890500-F8"],"s_pl_dat":["L890500-F6"],"s_pl_gen":["L890500-F4"],"s_pl_nom":["L890500-F2"],"s_sg_acc":["L890500-F7"],"s_sg_dat":["L890500-F5"],"s_sg_gen":["L890500-F3"],"s_sg_nom":["L890500-F1"]}	[]	[]	[]	[]	none_recorded	[]	["missing_gender"]	automatic
wdn_000228_N	L891602	["L891602"]	["623257bcf339b4a2c5af184efabb0da94574e114d9930130d29414544476b17a"]	"Totogewinn"	unknown_gender	01f83443813c8d769505c0212cafcc5554b3490553dff3af0c3026bf93ec1141	no	[]	[]	ordinary	[]	[]	complete	{"s_pl_acc":["Totogewinne"],"s_pl_dat":["Totogewinnen"],"s_pl_gen":["Totogewinne"],"s_pl_nom":["Totogewinne"],"s_sg_acc":["Totogewinn"],"s_sg_dat":["Totogewinn"],"s_sg_gen":["Totogewinnes"],"s_sg_nom":["Totogewinn"]}	{"s_pl_acc":["L891602-F8"],"s_pl_dat":["L891602-F6"],"s_pl_gen":["L891602-F4"],"s_pl_nom":["L891602-F2"],"s_sg_acc":["L891602-F7"],"s_sg_dat":["L891602-F5"],"s_sg_gen":["L891602-F3"],"s_sg_nom":["L891602-F1"]}	[]	[]	[]	[]	none_recorded	[]	["missing_gender"]	automatic
wdn_000229_N	L893017	["L893017"]	["4ee7720a1259e11c909314b4a914bd2a3762521a8eedd8803fc7a59738c9ae74"]	"Knackwurst"	regular_feminine	0131d033baca61b5ea8c1d18ca4b45aee0e0fe1d7719f8e29290aa7f79b40ff9	no	["feminine"]	[{"rank":"normal","statement":"L893017$14C88709-C6EB-42F9-9990-9E6916F73B88","value":"Q1775415"}]	ordinary	[]	[]	complete	{"s_pl_acc":["Knackwürste"],"s_pl_dat":["Knackwürsten"],"s_pl_gen":["Knackwürste"],"s_pl_nom":["Knackwürste"],"s_sg_acc":["Knackwurst"],"s_sg_dat":["Knackwurst"],"s_sg_gen":["Knackwurst"],"s_sg_nom":["Knackwurst"]}	{"s_pl_acc":["L893017-F8"],"s_pl_dat":["L893017-F6"],"s_pl_gen":["L893017-F4"],"s_pl_nom":["L893017-F2"],"s_sg_acc":["L893017-F7"],"s_sg_dat":["L893017-F5"],"s_sg_gen":["L893017-F3"],"s_sg_nom":["L893017-F1"]}	[]	[]	["L893017$81920727-4b02-cb09-f31f-3a67fa6fe3af","L893017$7351ed9f-4668-0830-80f5-757060cbf0bf"]	[]	explicit_compound_analysis	[]	[]	automatic
wdn_000230_N	L893233	["L893233"]	["14bcd5c78c3b63cf63c22de05929e7246dbb2cc7bef8960a3005006d63f8def9"]	"Knospenkapitell"	unknown_gender	010a953a5a6eecf44674b80dcf505bab7ef0dea347d9a3c7526ae42541673446	no	[]	[]	ordinary	[]	[]	complete	{"s_pl_acc":["Knospenkapitelle"],"s_pl_dat":["Knospenkapitellen"],"s_pl_gen":["Knospenkapitelle"],"s_pl_nom":["Knospenkapitelle"],"s_sg_acc":["Knospenkapitell"],"s_sg_dat":["Knospenkapitell"],"s_sg_gen":["Knospenkapitells"],"s_sg_nom":["Knospenkapitell"]}	{"s_pl_acc":["L893233-F8"],"s_pl_dat":["L893233-F7"],"s_pl_gen":["L893233-F6"],"s_pl_nom":["L893233-F5"],"s_sg_acc":["L893233-F4"],"s_sg_dat":["L893233-F3"],"s_sg_gen":["L893233-F2"],"s_sg_nom":["L893233-F1"]}	[]	[]	[]	[]	none_recorded	[]	["missing_gender"]	automatic
wdn_000231_N	L893504	["L893504"]	["f335f9145c24c33e59db2818b82b43890e2c8f58ce6faf59fc439957ec64422b"]	"Höllenspektakel"	multiple_gender	00bdf5eca688adc4f4cc349ecfd42166d852b8c0856797de8f5c64d7b81c3157	no	["masculine","neuter"]	[{"rank":"normal","statement":"L893504$26BEFBD1-232B-4763-B0D2-E206F7CDC6D8","value":"Q499327"},{"rank":"normal","statement":"L893504$CD1821B3-E0F3-406A-AA83-F32A70E8E046","value":"Q1775461"}]	ordinary	[]	[]	complete	{"s_pl_acc":["Höllenspektakel"],"s_pl_dat":["Höllenspektakeln"],"s_pl_gen":["Höllenspektakel"],"s_pl_nom":["Höllenspektakel"],"s_sg_acc":["Höllenspektakel"],"s_sg_dat":["Höllenspektakel"],"s_sg_gen":["Höllenspektakels"],"s_sg_nom":["Höllenspektakel"]}	{"s_pl_acc":["L893504-F8"],"s_pl_dat":["L893504-F6"],"s_pl_gen":["L893504-F4"],"s_pl_nom":["L893504-F2"],"s_sg_acc":["L893504-F7"],"s_sg_dat":["L893504-F5"],"s_sg_gen":["L893504-F3"],"s_sg_nom":["L893504-F1"]}	[]	[]	[]	[]	none_recorded	[]	[]	automatic
wdn_000232_N	L895058	["L895058"]	["2e41a2fe0fae1776d9e455e1a3d7c86426f562d9a0314e9128cf53f071743e3e"]	"Geldmagnat"	irregular_full	00b6bc56b1e3113c4ac560fa364619f9045d6bf2e9d901aba2862959d1b6ac58	no	[]	[]	ordinary	[]	[]	complete	{"s_pl_acc":["Geldmagnaten"],"s_pl_dat":["Geldmagnaten"],"s_pl_gen":["Geldmagnaten"],"s_pl_nom":["Geldmagnaten"],"s_sg_acc":["Geldmagnaten"],"s_sg_dat":["Geldmagnaten"],"s_sg_gen":["Geldmagnaten"],"s_sg_nom":["Geldmagnat"]}	{"s_pl_acc":["L895058-F8"],"s_pl_dat":["L895058-F7"],"s_pl_gen":["L895058-F6"],"s_pl_nom":["L895058-F5"],"s_sg_acc":["L895058-F4"],"s_sg_dat":["L895058-F3"],"s_sg_gen":["L895058-F2"],"s_sg_nom":["L895058-F1"]}	[]	[]	[]	[]	none_recorded	[]	["missing_gender"]	automatic
wdn_000233_N	L895362	["L895362"]	["ef8b542957b2137e8b4f98752584088c3ee8d0a8fdddd0aaa3e5393627156a2c"]	"Geschirrspülen"	partial_evidence	000337feb4ca4c01b906a01e953a1a622887a91144aebb20e79f5e92cfc98b2a	no	["neuter"]	[{"rank":"normal","statement":"L895362$ACA0AB89-1446-4304-B001-5CC500513EDF","value":"Q1775461"}]	ordinary	[]	[]	partial	{"s_sg_acc":["Geschirrspülen"],"s_sg_dat":["Geschirrspülen"],"s_sg_gen":["Geschirrspülens"],"s_sg_nom":["Geschirrspülen"]}	{"s_sg_acc":["L895362-F4"],"s_sg_dat":["L895362-F3"],"s_sg_gen":["L895362-F2"],"s_sg_nom":["L895362-F1"]}	[]	[]	[]	[]	none_recorded	[]	[]	automatic
wdn_000234_N	L896297	["L896297"]	["c751886e899070b396912222e6ca9459809b8af7398b49370356b6cb3ab92a5f"]	"Gesamtkonstitution"	partial_evidence	00325ee7a8e824ff7a4b5e95dd0eb6d1787594bd86f93e07845420fc95da454c	no	["feminine"]	[{"rank":"normal","statement":"L896297$02A8B0CE-3DC7-49C3-8FC4-F45935DBCED4","value":"Q1775415"}]	ordinary	[]	[]	partial	{"s_sg_acc":["Gesamtkonstitution"],"s_sg_dat":["Gesamtkonstitution"],"s_sg_gen":["Gesamtkonstitution"],"s_sg_nom":["Gesamtkonstitution"]}	{"s_sg_acc":["L896297-F4"],"s_sg_dat":["L896297-F3"],"s_sg_gen":["L896297-F2"],"s_sg_nom":["L896297-F1"]}	[]	[]	[]	[]	none_recorded	[]	[]	automatic
wdn_000235_N	L897295	["L897295"]	["a586899e3858c89ac866c1bc8da5b21eaab194fa768e4c8320b2c3ffe8c531db"]	"Geschwisterteil"	conflicting_slots	000040acccc4dee97d1b018559c75351bdfa1108f9bf5343ab48e8e3d4982daf	no	["masculine"]	[{"rank":"normal","statement":"L897295$A893B802-EB23-450D-8E33-FA5FD19085C9","value":"Q499327"}]	ordinary	[]	[]	conflicting	{"s_pl_acc":["Geschwisterteile"],"s_pl_dat":["Geschwisterteilen"],"s_pl_gen":["Geschwisterteile"],"s_pl_nom":["Geschwisterteile"],"s_sg_acc":["Geschwisterteil"],"s_sg_dat":["Geschwisterteil"],"s_sg_gen":["Geschwisterteiles","Geschwisterteils"],"s_sg_nom":["Geschwisterteil"]}	{"s_pl_acc":["L897295-F9"],"s_pl_dat":["L897295-F8"],"s_pl_gen":["L897295-F7"],"s_pl_nom":["L897295-F6"],"s_sg_acc":["L897295-F5"],"s_sg_dat":["L897295-F4"],"s_sg_gen":["L897295-F2","L897295-F3"],"s_sg_nom":["L897295-F1"]}	[]	[]	["L897295$a9b1e49e-41c6-eebe-6ac0-c4297cad4996","L897295$31be07ea-4abb-1a6c-b72e-6f6342805a1c"]	[]	explicit_compound_analysis	[]	["conflicting_slots"]	automatic
wdn_000236_N	L897538	["L897538"]	["cecbba476413dade23304940e4876b5bc9cbce82aa28f3071bc1ea6b0e5cb2d9"]	"Geografiebuch"	rejected_feature	27434e33d866d3881b2e92758078d9ce1f45a1b698df364c5eca99d1d83af350	no	["neuter"]	[{"rank":"normal","statement":"L897538$78A9E16E-F58F-4F80-9C9A-A72989A979F2","value":"Q1775461"}]	ordinary	[]	[]	conflicting	{"s_pl_acc":["Geografiebücher","Geographiebücher"],"s_pl_dat":["Geografiebüchern","Geographiebüchern"],"s_pl_gen":["Geografiebücher","Geographiebücher"],"s_pl_nom":["Geografiebücher","Geographiebücher"],"s_sg_acc":["Geografiebuch","Geographiebuch"],"s_sg_dat":["Geografiebuch","Geographiebuch"],"s_sg_gen":["Geografiebuches","Geografiebuchs","Geographiebuches","Geographiebuchs"],"s_sg_nom":["Geografiebuch","Geographiebuch"]}	{"s_pl_acc":["L897538-F18","L897538-F9"],"s_pl_dat":["L897538-F17","L897538-F8"],"s_pl_gen":["L897538-F16","L897538-F7"],"s_pl_nom":["L897538-F15","L897538-F6"],"s_sg_acc":["L897538-F14","L897538-F5"],"s_sg_dat":["L897538-F13","L897538-F4"],"s_sg_gen":["L897538-F11","L897538-F12","L897538-F2","L897538-F3"],"s_sg_nom":["L897538-F1","L897538-F10"]}	[]	[]	["L897538$11C8E7E0-D863-4BEA-BE41-6FB56D1504DE","L897538$6D43D634-A33E-495B-846B-89611352C254"]	[]	explicit_compound_analysis	[]	["conflicting_slots","rejected_noun_form_feature"]	automatic
wdn_000237_N	L897618	["L897618"]	["21e0c66dedc24d3337dd2aa4f6814c96d72b943f5e7cb79176e6cf5a94101e31"]	"Geisterhand"	regular_feminine	03297745171b294bffa88023886218838517f513b0ce2a00e115e81de7c8e73b	no	["feminine"]	[{"rank":"normal","statement":"L897618$105D17CB-5373-44F7-B8B8-0DA2004470D8","value":"Q1775415"}]	ordinary	[]	[]	complete	{"s_pl_acc":["Geisterhände"],"s_pl_dat":["Geisterhänden"],"s_pl_gen":["Geisterhände"],"s_pl_nom":["Geisterhände"],"s_sg_acc":["Geisterhand"],"s_sg_dat":["Geisterhand"],"s_sg_gen":["Geisterhand"],"s_sg_nom":["Geisterhand"]}	{"s_pl_acc":["L897618-F8"],"s_pl_dat":["L897618-F6"],"s_pl_gen":["L897618-F4"],"s_pl_nom":["L897618-F2"],"s_sg_acc":["L897618-F7"],"s_sg_dat":["L897618-F5"],"s_sg_gen":["L897618-F3"],"s_sg_nom":["L897618-F1"]}	[]	[]	[]	[]	none_recorded	[]	[]	automatic
wdn_000238_N	L897936	["L897936"]	["f151743be8e7771dab5a897934b42da86c550e7dababd5a5f117baca543ab957"]	"Ostermette"	invariant	000f6500c077e9255077f306291bccd28666ddb67da4bc6f07af0c8bef534dcd	no	["feminine"]	[{"rank":"normal","statement":"L897936$A037F25F-800F-4FED-BF98-EF12C579CAF6","value":"Q1775415"}]	ordinary	[]	[]	complete	{"s_pl_acc":["Ostermetten"],"s_pl_dat":["Ostermetten"],"s_pl_gen":["Ostermetten"],"s_pl_nom":["Ostermetten"],"s_sg_acc":["Ostermette"],"s_sg_dat":["Ostermette"],"s_sg_gen":["Ostermette"],"s_sg_nom":["Ostermette"]}	{"s_pl_acc":["L897936-F8"],"s_pl_dat":["L897936-F6"],"s_pl_gen":["L897936-F4"],"s_pl_nom":["L897936-F2"],"s_sg_acc":["L897936-F7"],"s_sg_dat":["L897936-F5"],"s_sg_gen":["L897936-F3"],"s_sg_nom":["L897936-F1"]}	[]	[]	[]	[]	none_recorded	[]	[]	automatic
wdn_000239_N	L898439	["L898439"]	["1b0067f77003f06aa94b4ed12a4c1dcb338cb6775698e207d44cfe93c37e9dec"]	"Milizsoldat"	irregular_full	003617e13f4dcee106b09074a301434246e66b90f9635359a13531d47189b579	no	["masculine"]	[{"rank":"normal","statement":"L898439$7A395362-1CDD-4AE0-BF12-7B12C956564A","value":"Q499327"}]	ordinary	[]	[]	complete	{"s_pl_acc":["Milizsoldaten"],"s_pl_dat":["Milizsoldaten"],"s_pl_gen":["Milizsoldaten"],"s_pl_nom":["Milizsoldaten"],"s_sg_acc":["Milizsoldaten"],"s_sg_dat":["Milizsoldaten"],"s_sg_gen":["Milizsoldaten"],"s_sg_nom":["Milizsoldat"]}	{"s_pl_acc":["L898439-F8"],"s_pl_dat":["L898439-F7"],"s_pl_gen":["L898439-F6"],"s_pl_nom":["L898439-F5"],"s_sg_acc":["L898439-F4"],"s_sg_dat":["L898439-F3"],"s_sg_gen":["L898439-F2"],"s_sg_nom":["L898439-F1"]}	[]	[]	[]	[]	none_recorded	[]	[]	automatic
wdn_000240_N	L898621	["L898621"]	["26a4d7ec5bb1f7259178c4b0e16e0a6819471f4f8e6b9acbdfa9c0b33f21ad1d"]	"Minorität"	invariant	000b5540940ec376a5ec56c0067da4e8941d7a78e02492365dbe7ed4814ef54d	no	["feminine"]	[{"rank":"normal","statement":"L898621$895E7591-E196-44E8-91FC-CB76D6D28090","value":"Q1775415"}]	ordinary	[]	[]	complete	{"s_pl_acc":["Minoritäten"],"s_pl_dat":["Minoritäten"],"s_pl_gen":["Minoritäten"],"s_pl_nom":["Minoritäten"],"s_sg_acc":["Minorität"],"s_sg_dat":["Minorität"],"s_sg_gen":["Minorität"],"s_sg_nom":["Minorität"]}	{"s_pl_acc":["L898621-F8"],"s_pl_dat":["L898621-F6"],"s_pl_gen":["L898621-F4"],"s_pl_nom":["L898621-F2"],"s_sg_acc":["L898621-F7"],"s_sg_dat":["L898621-F5"],"s_sg_gen":["L898621-F3"],"s_sg_nom":["L898621-F1"]}	[]	[]	[]	[]	none_recorded	[]	[]	automatic
wdn_000241_N	L898977	["L898977"]	["e5c0f34bc54dbd3142589b2f7e79ae9b6db173d3b6be6d9d6b825a77ccde7548"]	"Vasomotoren"	plural_only	03f4e2e72fa966ad0970cbec3a0b3830a1b1ca79b5991b377952d8e860bd8093	no	[]	[]	plural_only	[{"rank":"normal","statement":"L898977$73C50E66-88C9-436B-9E08-B295208C94EE","value":"Q138246"}]	[]	complete	{"s_pl_acc":["Vasomotoren"],"s_pl_dat":["Vasomotoren"],"s_pl_gen":["Vasomotoren"],"s_pl_nom":["Vasomotoren"]}	{"s_pl_acc":["L898977-F4"],"s_pl_dat":["L898977-F3"],"s_pl_gen":["L898977-F2"],"s_pl_nom":["L898977-F1"]}	[]	[]	[]	[]	none_recorded	[]	["missing_gender"]	automatic
wdn_000242_N	L901354	["L901354"]	["2267c41dca3c79edc5b10e7d5cd067a08be051d6065409c84765d4f9a5fb88bf"]	"Riesenkraft"	regular_feminine	0098bde815c3397bc38531b7334cd3ee85108a4f90e074ea42d7fcf329a9ab4d	no	["feminine"]	[{"rank":"normal","statement":"L901354$9CE6B71A-54E2-470B-BCBA-BA1BF83DCAD0","value":"Q1775415"}]	ordinary	[]	[]	complete	{"s_pl_acc":["Riesenkräfte"],"s_pl_dat":["Riesenkräften"],"s_pl_gen":["Riesenkräfte"],"s_pl_nom":["Riesenkräfte"],"s_sg_acc":["Riesenkraft"],"s_sg_dat":["Riesenkraft"],"s_sg_gen":["Riesenkraft"],"s_sg_nom":["Riesenkraft"]}	{"s_pl_acc":["L901354-F8"],"s_pl_dat":["L901354-F7"],"s_pl_gen":["L901354-F6"],"s_pl_nom":["L901354-F5"],"s_sg_acc":["L901354-F4"],"s_sg_dat":["L901354-F3"],"s_sg_gen":["L901354-F2"],"s_sg_nom":["L901354-F1"]}	[]	[]	["L901354$8EA984BE-3C4F-46CA-AFF6-461D7022D41A"]	[]	explicit_compound_analysis	[]	[]	automatic
wdn_000243_N	L902237	["L902237"]	["d2e54efb2e3c7823edf409a3bb8246fd07695fb387150f2ffa471b7f0c94fdf3"]	"Niederwald"	regular_masculine	001f05f9a675fd77bd7deffa11ccad2509d8f4201c9420905a70350f8928a3ab	no	["masculine"]	[{"rank":"normal","statement":"L902237$5E3E5A15-773D-462A-9281-BF494BD100AC","value":"Q499327"}]	ordinary	[]	[]	complete	{"s_pl_acc":["Niederwälder"],"s_pl_dat":["Niederwäldern"],"s_pl_gen":["Niederwälder"],"s_pl_nom":["Niederwälder"],"s_sg_acc":["Niederwald"],"s_sg_dat":["Niederwald"],"s_sg_gen":["Niederwaldes"],"s_sg_nom":["Niederwald"]}	{"s_pl_acc":["L902237-F8"],"s_pl_dat":["L902237-F6"],"s_pl_gen":["L902237-F4"],"s_pl_nom":["L902237-F2"],"s_sg_acc":["L902237-F7"],"s_sg_dat":["L902237-F5"],"s_sg_gen":["L902237-F3"],"s_sg_nom":["L902237-F1"]}	[]	[]	[]	[]	none_recorded	[]	[]	automatic
wdn_000244_N	L903230	["L903230"]	["cb2c5abe3953846684b7b67b658e65e2631442423dc5dfbb8be5a2485cf3e009"]	"Nachrichtennetz"	unknown_gender	007e0e24259bfeb58884bbf1a113dfd5ed2a29baa221f92b435725fc5a91cd68	no	[]	[]	ordinary	[]	[]	complete	{"s_pl_acc":["Nachrichtennetze"],"s_pl_dat":["Nachrichtennetzen"],"s_pl_gen":["Nachrichtennetze"],"s_pl_nom":["Nachrichtennetze"],"s_sg_acc":["Nachrichtennetz"],"s_sg_dat":["Nachrichtennetz"],"s_sg_gen":["Nachrichtennetzes"],"s_sg_nom":["Nachrichtennetz"]}	{"s_pl_acc":["L903230-F8"],"s_pl_dat":["L903230-F7"],"s_pl_gen":["L903230-F6"],"s_pl_nom":["L903230-F5"],"s_sg_acc":["L903230-F4"],"s_sg_dat":["L903230-F3"],"s_sg_gen":["L903230-F2"],"s_sg_nom":["L903230-F1"]}	[]	[]	[]	[]	none_recorded	[]	["missing_gender"]	automatic
wdn_000245_N	L905154	["L905154"]	["3c8602883a9722d04b95b90bcd2604b0891b3ffffbfd3f544c1dfe5a3d73f101"]	"Vis-à-vis"	hyphenated	00b57094815420746fc028052ccf9e38411cfd728da5e14ec52258d775f8e7db	no	["neuter"]	[{"rank":"normal","statement":"L905154$40434CB0-1E6A-4BDC-8177-C9C98DAB169F","value":"Q1775461"}]	ordinary	[]	[]	complete	{"s_pl_acc":["Vis-à-vis"],"s_pl_dat":["Vis-à-vis"],"s_pl_gen":["Vis-à-vis"],"s_pl_nom":["Vis-à-vis"],"s_sg_acc":["Vis-à-vis"],"s_sg_dat":["Vis-à-vis"],"s_sg_gen":["Vis-à-vis"],"s_sg_nom":["Vis-à-vis"]}	{"s_pl_acc":["L905154-F8"],"s_pl_dat":["L905154-F6"],"s_pl_gen":["L905154-F4"],"s_pl_nom":["L905154-F2"],"s_sg_acc":["L905154-F7"],"s_sg_dat":["L905154-F5"],"s_sg_gen":["L905154-F3"],"s_sg_nom":["L905154-F1"]}	[]	[]	[]	[]	none_recorded	["hyphen"]	[]	automatic
wdn_000246_N	L906107	["L906107"]	["a7dbcf92f02d634d87d20985ff4fe73aaf315f177f3fbdae52ae93b359aa5fb7"]	"90er Jahre"	multiword	02357967b6de12466cf292297be9b65bf1195a815e625cb72fb8cf2b1c676e5a	no	[]	[]	plural_only	[{"rank":"normal","statement":"L906107$F08817AF-AC1D-408E-A9FC-5B46C71B8ED8","value":"Q138246"}]	[]	none	{}	{}	[]	[]	[]	[]	none_recorded	["whitespace","digit"]	["missing_gender"]	automatic
wdn_000247_N	L907137	["L907137"]	["c7442967b0265b63ad8e65717a8c7db3298e9790683766cb63d041c09f886c07"]	"Bun"	multiple_gender	0122c063cb511bbd6e43aee738cc4d95a727c16c6c85459b3d6178ad6933418d	no	["masculine","neuter"]	[{"rank":"normal","statement":"L907137$4DA3E13D-17B5-4D4C-8FBA-36EC1744FFF5","value":"Q499327"},{"rank":"normal","statement":"L907137$B2D038B6-2E85-4D7F-BCF7-71BD07F341F9","value":"Q1775461"}]	ordinary	[]	[]	complete	{"s_pl_acc":["Buns"],"s_pl_dat":["Buns"],"s_pl_gen":["Buns"],"s_pl_nom":["Buns"],"s_sg_acc":["Bun"],"s_sg_dat":["Bun"],"s_sg_gen":["Buns"],"s_sg_nom":["Bun"]}	{"s_pl_acc":["L907137-F8"],"s_pl_dat":["L907137-F6"],"s_pl_gen":["L907137-F4"],"s_pl_nom":["L907137-F2"],"s_sg_acc":["L907137-F7"],"s_sg_dat":["L907137-F5"],"s_sg_gen":["L907137-F3"],"s_sg_nom":["L907137-F1"]}	[]	[]	[]	[]	none_recorded	[]	[]	automatic
wdn_000248_N	L907682	["L907682"]	["be983216ea05cb7ea7c183f2f68f03f14934efc8524293b4a1ef874077689bd1"]	"Lichtsensor"	invariant_plural	0089b4c163a1e3fc3fce5891856b1bd50a3891af3707433550f95afdc91b72b5	no	["masculine"]	[{"rank":"normal","statement":"L907682$FE42C8C3-8C72-46E9-973E-B19AB13EAA79","value":"Q499327"}]	ordinary	[]	[]	complete	{"s_pl_acc":["Lichtsensoren"],"s_pl_dat":["Lichtsensoren"],"s_pl_gen":["Lichtsensoren"],"s_pl_nom":["Lichtsensoren"],"s_sg_acc":["Lichtsensor"],"s_sg_dat":["Lichtsensor"],"s_sg_gen":["Lichtsensors"],"s_sg_nom":["Lichtsensor"]}	{"s_pl_acc":["L907682-F8"],"s_pl_dat":["L907682-F7"],"s_pl_gen":["L907682-F6"],"s_pl_nom":["L907682-F5"],"s_sg_acc":["L907682-F4"],"s_sg_dat":["L907682-F3"],"s_sg_gen":["L907682-F2"],"s_sg_nom":["L907682-F1"]}	[]	[]	[]	[]	none_recorded	[]	[]	automatic
wdn_000249_N	L910769	["L910769"]	["61160d04a1d742a6a569ed38c0e741cd8a4e2e73aa8a3b7bc85bc8041592be25"]	"Gussglas"	regular_neuter	0077dbb02c0e906009ace2724848983d3d1c7a9b1177c92fe5b4a95c081f2e3e	no	["neuter"]	[{"rank":"normal","statement":"L910769$57C44C55-F70C-4A8F-80DF-D990F5648C69","value":"Q1775461"}]	ordinary	[]	[]	complete	{"s_pl_acc":["Gussgläser"],"s_pl_dat":["Gussgläsern"],"s_pl_gen":["Gussgläser"],"s_pl_nom":["Gussgläser"],"s_sg_acc":["Gussglas"],"s_sg_dat":["Gussglas"],"s_sg_gen":["Gussglases"],"s_sg_nom":["Gussglas"]}	{"s_pl_acc":["L910769-F8"],"s_pl_dat":["L910769-F7"],"s_pl_gen":["L910769-F6"],"s_pl_nom":["L910769-F5"],"s_sg_acc":["L910769-F4"],"s_sg_dat":["L910769-F3"],"s_sg_gen":["L910769-F2"],"s_sg_nom":["L910769-F1"]}	[]	[]	[]	[]	none_recorded	[]	[]	automatic
wdn_000250_N	L912711	["L912711"]	["be6c0b5b92806999cadbd5cb2500f01336ffb804a35318aa35fed7b3aa3730dd"]	"Herzangst"	regular_feminine	041670df9ef3ba9a6dca0941190c045eb7e3b6697f2340d3bc58c6c1aecb9c74	no	["feminine"]	[{"rank":"normal","statement":"L912711$6F482F34-5ABA-46E6-8E06-21D1808F0867","value":"Q1775415"}]	ordinary	[]	[]	complete	{"s_pl_acc":["Herzängste"],"s_pl_dat":["Herzängsten"],"s_pl_gen":["Herzängste"],"s_pl_nom":["Herzängste"],"s_sg_acc":["Herzangst"],"s_sg_dat":["Herzangst"],"s_sg_gen":["Herzangst"],"s_sg_nom":["Herzangst"]}	{"s_pl_acc":["L912711-F8"],"s_pl_dat":["L912711-F7"],"s_pl_gen":["L912711-F6"],"s_pl_nom":["L912711-F5"],"s_sg_acc":["L912711-F4"],"s_sg_dat":["L912711-F3"],"s_sg_gen":["L912711-F2"],"s_sg_nom":["L912711-F1"]}	[]	[]	[]	[]	none_recorded	[]	[]	automatic
wdn_000251_N	L913344	["L913344"]	["67c95e316f49055bcde7d947dc53cdfa371e78722dc3dc38ab8e867028072da1"]	"Alkyl"	partial_evidence	0001f23a8982a284a7ed78cda81b68ce2582a89b7fe7222de9bb203e0595b1ee	no	["neuter"]	[{"rank":"normal","statement":"L913344$77080A19-BEAA-4DA6-AC9C-22C0F3DCDC18","value":"Q1775461"}]	ordinary	[]	[]	none	{}	{}	[]	[]	[]	[]	none_recorded	[]	[]	automatic
wdn_000252_N	L913589	["L913589"]	["141f04adfab832de66c256eff1e185ea4ccaf0e7576ec690c10fa959a7dc8c61"]	"Lendensteak"	invariant_plural	00423bd8c69fd85452fcb6aa300eafbff3b95774fb9e0b733c90c802f86b97b5	no	["neuter"]	[{"rank":"normal","statement":"L913589$0C0782B0-D988-4271-9931-E989369B6A57","value":"Q1775461"}]	ordinary	[]	[]	complete	{"s_pl_acc":["Lendensteaks"],"s_pl_dat":["Lendensteaks"],"s_pl_gen":["Lendensteaks"],"s_pl_nom":["Lendensteaks"],"s_sg_acc":["Lendensteak"],"s_sg_dat":["Lendensteak"],"s_sg_gen":["Lendensteaks"],"s_sg_nom":["Lendensteak"]}	{"s_pl_acc":["L913589-F8"],"s_pl_dat":["L913589-F7"],"s_pl_gen":["L913589-F6"],"s_pl_nom":["L913589-F5"],"s_sg_acc":["L913589-F4"],"s_sg_dat":["L913589-F3"],"s_sg_gen":["L913589-F2"],"s_sg_nom":["L913589-F1"]}	[]	[]	[]	[]	none_recorded	[]	[]	automatic
wdn_000253_N	L913712	["L913712"]	["647b4965cd6d810ab91b67fb191042239e94653dbf1e617491c8303b8b67548d"]	"Lehrverfahren"	invariant_plural	006b65c75ed275ccee0e14bf5df8606cb25c35cca99474e79d86fbe6f7c9807e	no	["neuter"]	[{"rank":"normal","statement":"L913712$E0F3D8AF-F1CF-4830-8542-9C57C6F0697D","value":"Q1775461"}]	ordinary	[]	[]	complete	{"s_pl_acc":["Lehrverfahren"],"s_pl_dat":["Lehrverfahren"],"s_pl_gen":["Lehrverfahren"],"s_pl_nom":["Lehrverfahren"],"s_sg_acc":["Lehrverfahren"],"s_sg_dat":["Lehrverfahren"],"s_sg_gen":["Lehrverfahrens"],"s_sg_nom":["Lehrverfahren"]}	{"s_pl_acc":["L913712-F8"],"s_pl_dat":["L913712-F7"],"s_pl_gen":["L913712-F6"],"s_pl_nom":["L913712-F5"],"s_sg_acc":["L913712-F4"],"s_sg_dat":["L913712-F3"],"s_sg_gen":["L913712-F2"],"s_sg_nom":["L913712-F1"]}	[]	[]	[]	[]	none_recorded	[]	[]	automatic
wdn_000254_N	L913840	["L913840"]	["28a61db69b0a6c64239a102dfb3a3203ddab2e7c44bce1a7e5ed0f9427fdfb33"]	"Clearingabkommen"	invariant_plural	0033d32a49c24726ab88436bfc3c9f41099d99630d28bdb14df681191d813da0	no	["neuter"]	[{"rank":"normal","statement":"L913840$D7AB2904-361A-4008-B5F4-31E2EEFD431A","value":"Q1775461"}]	ordinary	[]	[]	complete	{"s_pl_acc":["Clearingabkommen"],"s_pl_dat":["Clearingabkommen"],"s_pl_gen":["Clearingabkommen"],"s_pl_nom":["Clearingabkommen"],"s_sg_acc":["Clearingabkommen"],"s_sg_dat":["Clearingabkommen"],"s_sg_gen":["Clearingabkommens"],"s_sg_nom":["Clearingabkommen"]}	{"s_pl_acc":["L913840-F8"],"s_pl_dat":["L913840-F7"],"s_pl_gen":["L913840-F6"],"s_pl_nom":["L913840-F5"],"s_sg_acc":["L913840-F4"],"s_sg_dat":["L913840-F3"],"s_sg_gen":["L913840-F2"],"s_sg_nom":["L913840-F1"]}	[]	[]	[]	[]	none_recorded	[]	[]	automatic
wdn_000255_N	L914718	["L914718"]	["de402eaa1c5d81fe1616b6073a098c63a2f804ecfd7f375ffa0fbe95d45188b3"]	"Auslieger"	regular_masculine	00284f86fe89bad3b01b76e51e11d34e6d239df314d792cd6be9fb5c105cc8d3	no	["masculine"]	[{"rank":"normal","statement":"L914718$CFC53E5A-6282-4B08-95B3-ED9B58B9BB86","value":"Q499327"}]	ordinary	[]	[]	complete	{"s_pl_acc":["Auslieger"],"s_pl_dat":["Ausliegern"],"s_pl_gen":["Auslieger"],"s_pl_nom":["Auslieger"],"s_sg_acc":["Auslieger"],"s_sg_dat":["Auslieger"],"s_sg_gen":["Ausliegers"],"s_sg_nom":["Auslieger"]}	{"s_pl_acc":["L914718-F8"],"s_pl_dat":["L914718-F7"],"s_pl_gen":["L914718-F6"],"s_pl_nom":["L914718-F5"],"s_sg_acc":["L914718-F4"],"s_sg_dat":["L914718-F3"],"s_sg_gen":["L914718-F2"],"s_sg_nom":["L914718-F1"]}	[]	[]	[]	[]	none_recorded	[]	[]	automatic
wdn_000256_N	L915126	["L915126"]	["e83dc0e2c049d704e25734a942de5ecb6a3216cac1ae68a067d0afaf8e20db86"]	"Baier"	irregular_full	00a921015d1a0745e20addf576dbd07f98f618c2325ed6446941ffa171a9b77c	no	["masculine"]	[{"rank":"normal","statement":"L915126$FF42408A-08DF-4CB7-967B-64BC1BCDF0AC","value":"Q499327"}]	ordinary	[]	[]	complete	{"s_pl_acc":["Baiern"],"s_pl_dat":["Baiern"],"s_pl_gen":["Baiern"],"s_pl_nom":["Baiern"],"s_sg_acc":["Baiern"],"s_sg_dat":["Baiern"],"s_sg_gen":["Baiern"],"s_sg_nom":["Baier"]}	{"s_pl_acc":["L915126-F8"],"s_pl_dat":["L915126-F7"],"s_pl_gen":["L915126-F6"],"s_pl_nom":["L915126-F5"],"s_sg_acc":["L915126-F4"],"s_sg_dat":["L915126-F3"],"s_sg_gen":["L915126-F2"],"s_sg_nom":["L915126-F1"]}	[]	[]	[]	[]	none_recorded	[]	[]	automatic
wdn_000257_N	L915604	["L915604"]	["ac58dea8534f81622f086acd45bcc140327516715e9196386367ca58d82cd607"]	"Schädelnaht"	regular_feminine	034100ac27c66f24bc8adfe5c65d65d593c94549dd679c0a0ad1498605db6e9c	no	["feminine"]	[{"rank":"normal","statement":"L915604$434E43CE-8801-410A-B80D-FBB08D2A5798","value":"Q1775415"}]	ordinary	[]	[]	complete	{"s_pl_acc":["Schädelnähte"],"s_pl_dat":["Schädelnähten"],"s_pl_gen":["Schädelnähte"],"s_pl_nom":["Schädelnähte"],"s_sg_acc":["Schädelnaht"],"s_sg_dat":["Schädelnaht"],"s_sg_gen":["Schädelnaht"],"s_sg_nom":["Schädelnaht"]}	{"s_pl_acc":["L915604-F8"],"s_pl_dat":["L915604-F7"],"s_pl_gen":["L915604-F6"],"s_pl_nom":["L915604-F5"],"s_sg_acc":["L915604-F4"],"s_sg_dat":["L915604-F3"],"s_sg_gen":["L915604-F2"],"s_sg_nom":["L915604-F1"]}	[]	[]	[]	[]	none_recorded	[]	[]	automatic
wdn_000258_N	L916818	["L916818"]	["afdf3aee73d84224b994f25ac78df461e2eee08a8835b445cdbc6c6c74ad2beb"]	"Tandemdampfmaschine"	invariant	00028c2d74b9f3bd0c8651f06bdb12cef28035d8c32cf6c1b9faba09125c1f76	no	["feminine"]	[{"rank":"normal","statement":"L916818$377E450F-2492-42C6-8775-69052DC9CD4F","value":"Q1775415"}]	ordinary	[]	[]	complete	{"s_pl_acc":["Tandemdampfmaschinen"],"s_pl_dat":["Tandemdampfmaschinen"],"s_pl_gen":["Tandemdampfmaschinen"],"s_pl_nom":["Tandemdampfmaschinen"],"s_sg_acc":["Tandemdampfmaschine"],"s_sg_dat":["Tandemdampfmaschine"],"s_sg_gen":["Tandemdampfmaschine"],"s_sg_nom":["Tandemdampfmaschine"]}	{"s_pl_acc":["L916818-F8"],"s_pl_dat":["L916818-F7"],"s_pl_gen":["L916818-F6"],"s_pl_nom":["L916818-F5"],"s_sg_acc":["L916818-F4"],"s_sg_dat":["L916818-F3"],"s_sg_gen":["L916818-F2"],"s_sg_nom":["L916818-F1"]}	[]	[]	[]	[]	none_recorded	[]	[]	automatic
wdn_000259_N	L916893	["L916893"]	["edbb22daab0a033cf778e41a3bb4bdc75ef6b70c40006b455242faf680d7034f"]	"Taxidermist"	irregular_full	0097022e205531630f3a46bd27c322dec1ce94b607d01c0b7354c1846b9cd999	no	["masculine"]	[{"rank":"normal","statement":"L916893$48820F54-8D74-46C9-81D5-7B676A9F18EC","value":"Q499327"}]	ordinary	[]	[]	complete	{"s_pl_acc":["Taxidermisten"],"s_pl_dat":["Taxidermisten"],"s_pl_gen":["Taxidermisten"],"s_pl_nom":["Taxidermisten"],"s_sg_acc":["Taxidermisten"],"s_sg_dat":["Taxidermisten"],"s_sg_gen":["Taxidermisten"],"s_sg_nom":["Taxidermist"]}	{"s_pl_acc":["L916893-F8"],"s_pl_dat":["L916893-F6"],"s_pl_gen":["L916893-F4"],"s_pl_nom":["L916893-F2"],"s_sg_acc":["L916893-F7"],"s_sg_dat":["L916893-F5"],"s_sg_gen":["L916893-F3"],"s_sg_nom":["L916893-F1"]}	[]	[]	[]	[]	none_recorded	[]	[]	automatic
wdn_000260_N	L917023	["L917023"]	["3d5b502882899ea545de6e89ee2e3cb99f0f86d1c57cbf0413bc68e0d0084fbc"]	"Mc-Job"	hyphenated	01564ea27b14c78021a76de6940dd6c2547fb5c783ed3b80b39bf1b994f9440f	no	["masculine"]	[{"rank":"normal","statement":"L917023$E52C395B-83D4-477B-849C-E72EA91E9B88","value":"Q499327"}]	ordinary	[]	[]	complete	{"s_pl_acc":["Mc-Jobs"],"s_pl_dat":["Mc-Jobs"],"s_pl_gen":["Mc-Jobs"],"s_pl_nom":["Mc-Jobs"],"s_sg_acc":["Mc-Job"],"s_sg_dat":["Mc-Job"],"s_sg_gen":["Mc-Jobs"],"s_sg_nom":["Mc-Job"]}	{"s_pl_acc":["L917023-F8"],"s_pl_dat":["L917023-F7"],"s_pl_gen":["L917023-F6"],"s_pl_nom":["L917023-F5"],"s_sg_acc":["L917023-F4"],"s_sg_dat":["L917023-F3"],"s_sg_gen":["L917023-F2"],"s_sg_nom":["L917023-F1"]}	[]	[]	[]	[]	none_recorded	["hyphen"]	[]	automatic
wdn_000261_N	L917352	["L917352"]	["a897910c1f1e223095e6dfc55677781cafc97f30150cf516ed78d398076e9e0f"]	"Kotkäfer"	regular_masculine	002e532e2f73a0e87214868d5170fd0c722afeb725de76ddf2b40cb2a57c7f0c	no	["masculine"]	[{"rank":"normal","statement":"L917352$9B2CE20D-A007-4638-992A-4BDBD22135E9","value":"Q499327"}]	ordinary	[]	[]	complete	{"s_pl_acc":["Kotkäfer"],"s_pl_dat":["Kotkäfern"],"s_pl_gen":["Kotkäfer"],"s_pl_nom":["Kotkäfer"],"s_sg_acc":["Kotkäfer"],"s_sg_dat":["Kotkäfer"],"s_sg_gen":["Kotkäfers"],"s_sg_nom":["Kotkäfer"]}	{"s_pl_acc":["L917352-F8"],"s_pl_dat":["L917352-F7"],"s_pl_gen":["L917352-F6"],"s_pl_nom":["L917352-F5"],"s_sg_acc":["L917352-F4"],"s_sg_dat":["L917352-F3"],"s_sg_gen":["L917352-F2"],"s_sg_nom":["L917352-F1"]}	[]	[]	[]	[]	none_recorded	[]	[]	automatic
wdn_000262_N	L918271	["L918271"]	["d688f93239d21f009bf8dc7485165b1c8c42c04b8c73750b24f41f782b75f4ac"]	"Zeilendrucker"	regular_masculine	000f35315c60d9c97ee7a8b4bf1791c794152b0cb16ee72775d634617cf0e929	no	["masculine"]	[{"rank":"normal","statement":"L918271$D7D8DAFC-D682-4000-B875-AA2980AE9874","value":"Q499327"}]	ordinary	[]	[]	complete	{"s_pl_acc":["Zeilendrucker"],"s_pl_dat":["Zeilendruckern"],"s_pl_gen":["Zeilendrucker"],"s_pl_nom":["Zeilendrucker"],"s_sg_acc":["Zeilendrucker"],"s_sg_dat":["Zeilendrucker"],"s_sg_gen":["Zeilendruckers"],"s_sg_nom":["Zeilendrucker"]}	{"s_pl_acc":["L918271-F8"],"s_pl_dat":["L918271-F7"],"s_pl_gen":["L918271-F6"],"s_pl_nom":["L918271-F5"],"s_sg_acc":["L918271-F4"],"s_sg_dat":["L918271-F3"],"s_sg_gen":["L918271-F2"],"s_sg_nom":["L918271-F1"]}	[]	[]	[]	[]	none_recorded	[]	[]	automatic
wdn_000263_N	L919838	["L919838"]	["8a9d195cb93986cb6c422fb25d1e2914b96dae7af6a4fbfcda6b01ea26d2ba90"]	"Metabasis"	invariant	00038a75a353aba42750b7dff082d87d53cb708031cd484a4eef47ca25c1d8b2	no	["feminine"]	[{"rank":"normal","statement":"L919838$0E5BE8FF-4DEC-4217-9079-3C61AC0E0627","value":"Q1775415"}]	ordinary	[]	[]	complete	{"s_pl_acc":["Metabasen"],"s_pl_dat":["Metabasen"],"s_pl_gen":["Metabasen"],"s_pl_nom":["Metabasen"],"s_sg_acc":["Metabasis"],"s_sg_dat":["Metabasis"],"s_sg_gen":["Metabasis"],"s_sg_nom":["Metabasis"]}	{"s_pl_acc":["L919838-F8"],"s_pl_dat":["L919838-F7"],"s_pl_gen":["L919838-F6"],"s_pl_nom":["L919838-F5"],"s_sg_acc":["L919838-F4"],"s_sg_dat":["L919838-F3"],"s_sg_gen":["L919838-F2"],"s_sg_nom":["L919838-F1"]}	[]	[]	[]	[]	none_recorded	[]	[]	automatic
wdn_000264_N	L920090	["L920090"]	["ec2c8a8963447b0636a37612a830269c102f9e9af2533dd37ecf40e0160b1717"]	"Amtsgehilfe"	irregular_full	00855b8a0e19f5e1cee57560652e188215eab6cfbf7f81d931623c7176b9d4d9	no	["masculine"]	[{"rank":"normal","statement":"L920090$DA126F97-192C-4E24-AB15-4C873535E589","value":"Q499327"}]	ordinary	[]	[]	complete	{"s_pl_acc":["Amtsgehilfen"],"s_pl_dat":["Amtsgehilfen"],"s_pl_gen":["Amtsgehilfen"],"s_pl_nom":["Amtsgehilfen"],"s_sg_acc":["Amtsgehilfen"],"s_sg_dat":["Amtsgehilfen"],"s_sg_gen":["Amtsgehilfen"],"s_sg_nom":["Amtsgehilfe"]}	{"s_pl_acc":["L920090-F8"],"s_pl_dat":["L920090-F7"],"s_pl_gen":["L920090-F6"],"s_pl_nom":["L920090-F5"],"s_sg_acc":["L920090-F4"],"s_sg_dat":["L920090-F3"],"s_sg_gen":["L920090-F2"],"s_sg_nom":["L920090-F1"]}	[]	[]	[]	[]	none_recorded	[]	[]	automatic
wdn_000265_N	L922736	["L922736"]	["151f2b2ebb9cc4035271dca1977b6003ec98f5aea9f8adbc0a424ecddb8b749b"]	"Staatskirchentum"	regular_neuter	00708c02399c241991c18c744d9359da27728b469c83c48efb2bd14ac566afa1	no	["neuter"]	[{"rank":"normal","statement":"L922736$A2A7E9A7-2965-4F55-9A01-A9583B4A1E77","value":"Q1775461"}]	ordinary	[]	[]	complete	{"s_pl_acc":["Staatskirchentümer"],"s_pl_dat":["Staatskirchentümern"],"s_pl_gen":["Staatskirchentümer"],"s_pl_nom":["Staatskirchentümer"],"s_sg_acc":["Staatskirchentum"],"s_sg_dat":["Staatskirchentum"],"s_sg_gen":["Staatskirchentums"],"s_sg_nom":["Staatskirchentum"]}	{"s_pl_acc":["L922736-F8"],"s_pl_dat":["L922736-F7"],"s_pl_gen":["L922736-F6"],"s_pl_nom":["L922736-F5"],"s_sg_acc":["L922736-F4"],"s_sg_dat":["L922736-F3"],"s_sg_gen":["L922736-F2"],"s_sg_nom":["L922736-F1"]}	[]	[]	[]	[]	none_recorded	[]	[]	automatic
wdn_000266_N	L923436	["L923436"]	["51409dbb11d22f1f8f921d7f1fa951105e075c7459a1eb455143f8ddbaea0747"]	"Lamellenverschluss"	regular_masculine	003791bff2518b44b12d9e0ee94e0528e091bb7b2dbe4d0043c8dfe33c3ae51c	no	["masculine"]	[{"rank":"normal","statement":"L923436$208A6F18-854F-42B0-A0BA-C5AF37B1C565","value":"Q499327"}]	ordinary	[]	[]	complete	{"s_pl_acc":["Lamellenverschlüsse"],"s_pl_dat":["Lamellenverschlüssen"],"s_pl_gen":["Lamellenverschlüsse"],"s_pl_nom":["Lamellenverschlüsse"],"s_sg_acc":["Lamellenverschluss"],"s_sg_dat":["Lamellenverschluss"],"s_sg_gen":["Lamellenverschlusses"],"s_sg_nom":["Lamellenverschluss"]}	{"s_pl_acc":["L923436-F8"],"s_pl_dat":["L923436-F7"],"s_pl_gen":["L923436-F6"],"s_pl_nom":["L923436-F5"],"s_sg_acc":["L923436-F4"],"s_sg_dat":["L923436-F3"],"s_sg_gen":["L923436-F2"],"s_sg_nom":["L923436-F1"]}	[]	[]	[]	[]	none_recorded	[]	[]	automatic
wdn_000267_N	L924301	["L924301"]	["d8bfaef847ea82c7745286f9100d74b455bbb934f04f45f5e4b8cc80fee464ec"]	"Rabbit-Punch"	hyphenated	01183c10485ac939659c7e486daf9b2862b95a5b4a997478ffcb1074fa3378ee	no	["masculine"]	[{"rank":"normal","statement":"L924301$5C331D9B-564A-4F91-9163-81F7D61ACAC7","value":"Q499327"}]	ordinary	[]	[]	none	{}	{}	[]	[]	[]	[]	none_recorded	["hyphen"]	[]	automatic
wdn_000268_N	L927806	["L927806"]	["b0542cdbae1934096f7aff5c05fef9a225eff5bd0b043c00ce97d0bf093948b8"]	"Skolopender"	regular_masculine	0034ed7c92fa6addabf858d330a91729f3726d6f7699cc02bd603bdf81bf16c7	no	["masculine"]	[{"rank":"normal","statement":"L927806$98039ADB-6D58-417E-8AE3-705783B4FCAE","value":"Q499327"}]	ordinary	[]	[]	complete	{"s_pl_acc":["Skolopender"],"s_pl_dat":["Skolopendern"],"s_pl_gen":["Skolopender"],"s_pl_nom":["Skolopender"],"s_sg_acc":["Skolopender"],"s_sg_dat":["Skolopender"],"s_sg_gen":["Skolopenders"],"s_sg_nom":["Skolopender"]}	{"s_pl_acc":["L927806-F8"],"s_pl_dat":["L927806-F7"],"s_pl_gen":["L927806-F6"],"s_pl_nom":["L927806-F5"],"s_sg_acc":["L927806-F4"],"s_sg_dat":["L927806-F3"],"s_sg_gen":["L927806-F2"],"s_sg_nom":["L927806-F1"]}	[]	[]	[]	[]	none_recorded	[]	[]	automatic
wdn_000269_N	L928111	["L928111"]	["96ddba94ce938e0318ed69ad41242acc4b34b13fbfd7d9328dedef22e465ac41"]	"Höflichkeitsgemüse"	regular_neuter	007c252a57c6ead96545b4457308876689fbdcb02626626c2bcc5d85c2c06404	no	["neuter"]	[{"rank":"normal","statement":"L928111$B11F6910-40D3-4BCB-A5C3-37B0570C0478","value":"Q1775461"}]	ordinary	[]	[]	complete	{"s_pl_acc":["Höflichkeitsgemüse"],"s_pl_dat":["Höflichkeitsgemüsen"],"s_pl_gen":["Höflichkeitsgemüse"],"s_pl_nom":["Höflichkeitsgemüse"],"s_sg_acc":["Höflichkeitsgemüse"],"s_sg_dat":["Höflichkeitsgemüse"],"s_sg_gen":["Höflichkeitsgemüses"],"s_sg_nom":["Höflichkeitsgemüse"]}	{"s_pl_acc":["L928111-F8"],"s_pl_dat":["L928111-F7"],"s_pl_gen":["L928111-F6"],"s_pl_nom":["L928111-F5"],"s_sg_acc":["L928111-F4"],"s_sg_dat":["L928111-F3"],"s_sg_gen":["L928111-F2"],"s_sg_nom":["L928111-F1"]}	[]	[]	[]	[]	none_recorded	[]	[]	automatic
wdn_000270_N	L928538	["L928538"]	["078214e3cc8d25d94cf9331b01e90db42c572f1a6f8eb931412064dd97476e22"]	"Gesellschaftslöwe"	irregular_full	00234c4879aa426ce58c926a285a23bee76cd29ecbafe36818f0a69ddf277486	no	["masculine"]	[{"rank":"normal","statement":"L928538$CA44675D-9E54-4FFA-90D8-886EDAEF0129","value":"Q499327"}]	ordinary	[]	[]	complete	{"s_pl_acc":["Gesellschaftslöwen"],"s_pl_dat":["Gesellschaftslöwen"],"s_pl_gen":["Gesellschaftslöwen"],"s_pl_nom":["Gesellschaftslöwen"],"s_sg_acc":["Gesellschaftslöwen"],"s_sg_dat":["Gesellschaftslöwen"],"s_sg_gen":["Gesellschaftslöwen"],"s_sg_nom":["Gesellschaftslöwe"]}	{"s_pl_acc":["L928538-F8"],"s_pl_dat":["L928538-F7"],"s_pl_gen":["L928538-F6"],"s_pl_nom":["L928538-F5"],"s_sg_acc":["L928538-F4"],"s_sg_dat":["L928538-F3"],"s_sg_gen":["L928538-F2"],"s_sg_nom":["L928538-F1"]}	[]	[]	[]	[]	none_recorded	[]	[]	automatic
wdn_000271_N	L928632	["L928632"]	["987216fa3b017e309f8d8c1ba3f8fe8de1a768d6316233d9fe2769e16660a8b3"]	"Gegenspionage"	partial_evidence	0020c6d19a96bbb16478a5dc52d4eb5bc285bbdab5bd6377f63cbcd8a6ce6fbc	no	["feminine"]	[{"rank":"normal","statement":"L928632$5592587D-B51E-4A39-94B0-5C6E77906FF7","value":"Q1775415"}]	ordinary	[]	[]	partial	{"s_sg_acc":["Gegenspionage"],"s_sg_dat":["Gegenspionage"],"s_sg_gen":["Gegenspionage"],"s_sg_nom":["Gegenspionage"]}	{"s_sg_acc":["L928632-F4"],"s_sg_dat":["L928632-F3"],"s_sg_gen":["L928632-F2"],"s_sg_nom":["L928632-F1"]}	[]	[]	[]	[]	none_recorded	[]	[]	automatic
wdn_000272_N	L928648	["L928648"]	["40137d6d6443e54e0d735db7083eed0f0979c756da96ec72189308de62741a61"]	"Geldausgabeautomat"	irregular_full	017d26ca754025ae4e066d748c8b29e299a6490e470acb80fbfa2a82fd53958e	no	["masculine"]	[{"rank":"normal","statement":"L928648$FB544150-62B4-4EAE-A06C-8944754CE501","value":"Q499327"}]	ordinary	[]	[]	complete	{"s_pl_acc":["Geldausgabeautomaten"],"s_pl_dat":["Geldausgabeautomaten"],"s_pl_gen":["Geldausgabeautomaten"],"s_pl_nom":["Geldausgabeautomaten"],"s_sg_acc":["Geldausgabeautomaten"],"s_sg_dat":["Geldausgabeautomaten"],"s_sg_gen":["Geldausgabeautomaten"],"s_sg_nom":["Geldausgabeautomat"]}	{"s_pl_acc":["L928648-F8"],"s_pl_dat":["L928648-F6"],"s_pl_gen":["L928648-F4"],"s_pl_nom":["L928648-F2"],"s_sg_acc":["L928648-F7"],"s_sg_dat":["L928648-F5"],"s_sg_gen":["L928648-F3"],"s_sg_nom":["L928648-F1"]}	[]	[]	[]	[]	none_recorded	[]	[]	automatic
wdn_000273_N	L928815	["L928815"]	["6e7b8572f02c3c8d847b4492e6a493a42f41209c45a1d116dd6534d57655847f"]	"Geheimfavorit"	irregular_full	00ad002cbed8383f062d3dfa4f854de2d2e2dd4d07c4f039197ca9aba6df54e6	no	["masculine"]	[{"rank":"normal","statement":"L928815$B2312037-9829-44F6-B004-1610F266317E","value":"Q499327"}]	ordinary	[]	[]	complete	{"s_pl_acc":["Geheimfavoriten"],"s_pl_dat":["Geheimfavoriten"],"s_pl_gen":["Geheimfavoriten"],"s_pl_nom":["Geheimfavoriten"],"s_sg_acc":["Geheimfavoriten"],"s_sg_dat":["Geheimfavoriten"],"s_sg_gen":["Geheimfavoriten"],"s_sg_nom":["Geheimfavorit"]}	{"s_pl_acc":["L928815-F8"],"s_pl_dat":["L928815-F7"],"s_pl_gen":["L928815-F6"],"s_pl_nom":["L928815-F5"],"s_sg_acc":["L928815-F4"],"s_sg_dat":["L928815-F3"],"s_sg_gen":["L928815-F2"],"s_sg_nom":["L928815-F1"]}	[]	[]	[]	[]	none_recorded	[]	[]	automatic
wdn_000274_N	L928910	["L928910"]	["c2ca91a6ec1d781cb0f0a8dc42d67103d6a1575b427397598137edddb2df5c2f"]	"Geheimbote"	irregular_full	0049d9c4e01aa92fa50a8aa6b1b18a0d583f128d2eee53976f29598fd8da4009	no	["masculine"]	[{"rank":"normal","statement":"L928910$B45C9911-A8F2-4EE3-98D1-FA594F6C65CC","value":"Q499327"}]	ordinary	[]	[]	complete	{"s_pl_acc":["Geheimboten"],"s_pl_dat":["Geheimboten"],"s_pl_gen":["Geheimboten"],"s_pl_nom":["Geheimboten"],"s_sg_acc":["Geheimboten"],"s_sg_dat":["Geheimboten"],"s_sg_gen":["Geheimboten"],"s_sg_nom":["Geheimbote"]}	{"s_pl_acc":["L928910-F8"],"s_pl_dat":["L928910-F7"],"s_pl_gen":["L928910-F6"],"s_pl_nom":["L928910-F5"],"s_sg_acc":["L928910-F4"],"s_sg_dat":["L928910-F3"],"s_sg_gen":["L928910-F2"],"s_sg_nom":["L928910-F1"]}	[]	[]	[]	[]	none_recorded	[]	[]	automatic
wdn_000275_N	L930912	["L930912"]	["d055a0c8da4c516eac7325016dcc92dd30a9ba36d6fba1702e0e3eccfd1293ea"]	"Vorratsdaten"	plural_only	02bab1fb4f50bba24c3e1b1c64ce2a599ad9d2b60e29a536b3c75d00ec0b3368	no	[]	[]	plural_only	[{"rank":"normal","statement":"L930912$FEC9FAA9-7E0A-4E68-987A-CBFF16F94709","value":"Q138246"}]	[]	complete	{"s_pl_acc":["Vorratsdaten"],"s_pl_dat":["Vorratsdaten"],"s_pl_gen":["Vorratsdaten"],"s_pl_nom":["Vorratsdaten"]}	{"s_pl_acc":["L930912-F4"],"s_pl_dat":["L930912-F3"],"s_pl_gen":["L930912-F2"],"s_pl_nom":["L930912-F1"]}	[]	[]	[]	[]	none_recorded	[]	["missing_gender"]	automatic
wdn_000276_N	L931703	["L931703"]	["b88338cb9da3571c4c1587098475bf07ad8ee3c8756516b954bb773bce6da344"]	"Spitzenverdienerin"	invariant	0007c1329bea8b966f7531f96d9a228a7b35d799a1f6e62d68028e98339e69a8	no	["feminine"]	[{"rank":"normal","statement":"L931703$15ECA228-91E0-431C-871A-AE29B1B58D19","value":"Q1775415"}]	ordinary	[]	[]	complete	{"s_pl_acc":["Spitzenverdienerinnen"],"s_pl_dat":["Spitzenverdienerinnen"],"s_pl_gen":["Spitzenverdienerinnen"],"s_pl_nom":["Spitzenverdienerinnen"],"s_sg_acc":["Spitzenverdienerin"],"s_sg_dat":["Spitzenverdienerin"],"s_sg_gen":["Spitzenverdienerin"],"s_sg_nom":["Spitzenverdienerin"]}	{"s_pl_acc":["L931703-F8"],"s_pl_dat":["L931703-F7"],"s_pl_gen":["L931703-F6"],"s_pl_nom":["L931703-F5"],"s_sg_acc":["L931703-F4"],"s_sg_dat":["L931703-F3"],"s_sg_gen":["L931703-F2"],"s_sg_nom":["L931703-F1"]}	[]	[]	[]	[]	none_recorded	[]	[]	automatic
wdn_000277_N	L931894	["L931894"]	["9cbc22025070a5805b60cd6920f76dc3632f453585b889edf431088f9ca0aa5b"]	"Sierra Leonerin"	multiword	01b9daed1b067189706b67e136f572890acdd4b7fbe2c64465f979b073854483	no	["feminine"]	[{"rank":"normal","statement":"L931894$69C0330A-2C71-4C9A-8165-886CF3C72E6E","value":"Q1775415"}]	ordinary	[]	[]	none	{}	{}	[]	[]	[]	[]	none_recorded	["whitespace"]	[]	automatic
wdn_000278_N	L932960	["L932960"]	["f7738d7500d7294367e98fc7501c9a2a7e53210accebba26cc885e330564fb80"]	"Old School"	multiword	00657e2774ce934fcdc4da78d5816533c3e5cc84cc804fcf5545870cd287c3c5	no	["feminine"]	[{"rank":"normal","statement":"L932960$C9EBEC69-6D49-43DA-8300-6E48D7EC4E54","value":"Q1775415"}]	ordinary	[]	[]	none	{}	{}	[]	[]	[]	[]	none_recorded	["whitespace"]	[]	automatic
wdn_000279_N	L932990	["L932990"]	["7532d9bb4aab875e91317d7683b9bc30d79ea7d789378677714019ff51510050"]	"Höchstpunktzahl"	partial_evidence	00295b4f4f27e75cc58ade2fa3270dd963fb4b128e77e5db5974874a526199c9	no	["feminine"]	[{"rank":"normal","statement":"L932990$5ABFF9F8-6178-4FA7-BF93-F763569CD162","value":"Q1775415"}]	ordinary	[]	[]	none	{}	{}	[]	[]	[]	[]	none_recorded	[]	[]	automatic
wdn_000280_N	L932997	["L932997"]	["c41ba291cd2aa7dfc58393a7da002a25a6e2606200cb246dccc3c69b87e697ff"]	"Ladeschütze"	irregular_full	011d4227c951ebf1271dc696fef54c182f1589dfc1c12b56d104360c74aa5e9e	no	["masculine"]	[{"rank":"normal","statement":"L932997$9FB43740-F29A-471E-90A9-F7082D3F6D63","value":"Q499327"}]	ordinary	[]	[]	complete	{"s_pl_acc":["Ladeschützen"],"s_pl_dat":["Ladeschützen"],"s_pl_gen":["Ladeschützen"],"s_pl_nom":["Ladeschützen"],"s_sg_acc":["Ladeschützen"],"s_sg_dat":["Ladeschützen"],"s_sg_gen":["Ladeschützen"],"s_sg_nom":["Ladeschütze"]}	{"s_pl_acc":["L932997-F8"],"s_pl_dat":["L932997-F6"],"s_pl_gen":["L932997-F4"],"s_pl_nom":["L932997-F2"],"s_sg_acc":["L932997-F7"],"s_sg_dat":["L932997-F5"],"s_sg_gen":["L932997-F3"],"s_sg_nom":["L932997-F1"]}	[]	[]	[]	[]	none_recorded	[]	[]	automatic
wdn_000281_N	L933359	["L933359"]	["e9dc148bd9b7844589d5a606153539aa57231803f0fbc2c4df16b984eef64e76"]	"Ménage à trois"	multiword	051ab41508dff62f6221f90c5b149599f897e4b8aebfe308483b236c55b4f588	no	["feminine"]	[{"rank":"normal","statement":"L933359$5BECD7F8-631E-42A3-BF9A-7BB078D359FB","value":"Q1775415"}]	ordinary	[]	[]	none	{}	{}	[]	[]	[]	[]	none_recorded	["whitespace"]	[]	automatic
wdn_000282_N	L933923	["L933923"]	["445e8721ddcbaf70285c4d6f2913a69f56196b6dbd165aa393159fa3bb8f6b8f"]	"SBZ"	abbreviation	02f176cae2c50cac299687ab8f397acea6f6708ffdb9f6456f5981f8440ba625	no	["feminine"]	[{"rank":"normal","statement":"L933923$F0203E49-E684-4B81-B0CE-EF6F68FD7DD8","value":"Q1775415"}]	ordinary	[]	[]	partial	{"s_sg_acc":["SBZ"],"s_sg_dat":["SBZ"],"s_sg_gen":["SBZ"],"s_sg_nom":["SBZ"]}	{"s_sg_acc":["L933923-F4"],"s_sg_dat":["L933923-F3"],"s_sg_gen":["L933923-F2"],"s_sg_nom":["L933923-F1"]}	[]	[]	[]	[]	none_recorded	["abbreviation"]	[]	automatic
wdn_000283_N	L934280	["L934280"]	["d09c7675df783ba60dbde0f029fd09a9a8091010f0fa37ade3b28c9edcb042a7"]	"High End"	multiword	05edea7ef2b7a9fdf67bddddde90838bd2dc84b85ede151fb98a5223c8d43f55	no	["neuter"]	[{"rank":"normal","statement":"L934280$09205D20-CDF0-4C60-93DB-06640C840554","value":"Q1775461"}]	ordinary	[]	[]	none	{}	{}	[]	[]	[]	[]	none_recorded	["whitespace"]	[]	automatic
wdn_000284_N	L934621	["L934621"]	["279310ed92280f20edbfa8ed422b4e4cf02e77e2261cfdefff1fe91f7c9f52a6"]	"Wahlregister"	regular_neuter	009a5aa49ecda816f860ddf44c2faf4c57aef6385503382ba3d26db4fd394d5f	no	["neuter"]	[{"rank":"normal","statement":"L934621$05D2BA5E-2D28-4CEE-A3CF-9111735476AD","value":"Q1775461"}]	ordinary	[]	[]	complete	{"s_pl_acc":["Wahlregister"],"s_pl_dat":["Wahlregistern"],"s_pl_gen":["Wahlregister"],"s_pl_nom":["Wahlregister"],"s_sg_acc":["Wahlregister"],"s_sg_dat":["Wahlregister"],"s_sg_gen":["Wahlregisters"],"s_sg_nom":["Wahlregister"]}	{"s_pl_acc":["L934621-F8"],"s_pl_dat":["L934621-F7"],"s_pl_gen":["L934621-F6"],"s_pl_nom":["L934621-F5"],"s_sg_acc":["L934621-F4"],"s_sg_dat":["L934621-F3"],"s_sg_gen":["L934621-F2"],"s_sg_nom":["L934621-F1"]}	[]	[]	[]	[]	none_recorded	[]	[]	automatic
wdn_000285_N	L934760	["L934760"]	["4c972270253561f45336f1751632975df650ad5f38a39ed0487bd41a3d4ebf53"]	"Non-Profit-Organisation"	hyphenated	0090b73be5eae93b62c6d06f3ca31e7fcadfdd13137148c5e561f87972bd393f	no	["feminine"]	[{"rank":"normal","statement":"L934760$D2939E6C-32EB-4EB6-9510-39A1796C45FE","value":"Q1775415"}]	ordinary	[]	[]	complete	{"s_pl_acc":["Non-Profit-Organisationen"],"s_pl_dat":["Non-Profit-Organisationen"],"s_pl_gen":["Non-Profit-Organisationen"],"s_pl_nom":["Non-Profit-Organisationen"],"s_sg_acc":["Non-Profit-Organisation"],"s_sg_dat":["Non-Profit-Organisation"],"s_sg_gen":["Non-Profit-Organisation"],"s_sg_nom":["Non-Profit-Organisation"]}	{"s_pl_acc":["L934760-F8"],"s_pl_dat":["L934760-F7"],"s_pl_gen":["L934760-F6"],"s_pl_nom":["L934760-F5"],"s_sg_acc":["L934760-F4"],"s_sg_dat":["L934760-F3"],"s_sg_gen":["L934760-F2"],"s_sg_nom":["L934760-F1"]}	[]	[]	[]	[]	none_recorded	["hyphen"]	[]	automatic
wdn_000286_N	L935604	["L935604"]	["913139c6b94efded8cfcedbad93202accfb99c6431c25e84c4108f4469e964b0"]	"IBAN"	abbreviation	08787333462f48bc1f3d5550f8c71403106eb76d83d1d8224f6839c43f05ecbe	no	["feminine"]	[{"rank":"normal","statement":"L935604$D0529D99-FDFE-4C27-B003-D3034AAC183E","value":"Q1775415"}]	ordinary	[]	[]	complete	{"s_pl_acc":["IBANs"],"s_pl_dat":["IBANs"],"s_pl_gen":["IBANs"],"s_pl_nom":["IBANs"],"s_sg_acc":["IBAN"],"s_sg_dat":["IBAN"],"s_sg_gen":["IBAN"],"s_sg_nom":["IBAN"]}	{"s_pl_acc":["L935604-F8"],"s_pl_dat":["L935604-F7"],"s_pl_gen":["L935604-F6"],"s_pl_nom":["L935604-F5"],"s_sg_acc":["L935604-F4"],"s_sg_dat":["L935604-F3"],"s_sg_gen":["L935604-F2"],"s_sg_nom":["L935604-F1"]}	[]	[]	[]	[]	none_recorded	["abbreviation"]	[]	automatic
wdn_000287_N	L935631	["L935631"]	["1ac6b92290d422d119889444e47a447f9117c38acd4fb11f5172ff45dd9fcd8b"]	"Smartglasses"	plural_only	023e5f8e89b2ad4395465e39a75df615885e3546241a6a052948d8810d372571	no	[]	[]	plural_only	[{"rank":"normal","statement":"L935631$ECEADFB6-EA98-49A6-9473-0303F79F3420","value":"Q138246"}]	[]	complete	{"s_pl_acc":["Smartglasses"],"s_pl_dat":["Smartglasses"],"s_pl_gen":["Smartglasses"],"s_pl_nom":["Smartglasses"]}	{"s_pl_acc":["L935631-F4"],"s_pl_dat":["L935631-F3"],"s_pl_gen":["L935631-F2"],"s_pl_nom":["L935631-F1"]}	[]	[]	[]	[]	none_recorded	[]	["missing_gender"]	automatic
wdn_000288_N	L936931	["L936931"]	["162fe33d01eecbad4b95ec7c736cb32806a9a5b804d6e94552f4a78045f27f4e"]	"Lesepate"	irregular_full	0117a4d848b2b0292bc78732abc8a9db9effa101b3172dfcf3f1cc28f5659f82	no	["masculine"]	[{"rank":"normal","statement":"L936931$D787067A-3079-4C41-A054-760FA8545940","value":"Q499327"}]	ordinary	[]	[]	complete	{"s_pl_acc":["Lesepaten"],"s_pl_dat":["Lesepaten"],"s_pl_gen":["Lesepaten"],"s_pl_nom":["Lesepaten"],"s_sg_acc":["Lesepaten"],"s_sg_dat":["Lesepaten"],"s_sg_gen":["Lesepaten"],"s_sg_nom":["Lesepate"]}	{"s_pl_acc":["L936931-F8"],"s_pl_dat":["L936931-F7"],"s_pl_gen":["L936931-F6"],"s_pl_nom":["L936931-F5"],"s_sg_acc":["L936931-F4"],"s_sg_dat":["L936931-F3"],"s_sg_gen":["L936931-F2"],"s_sg_nom":["L936931-F1"]}	[]	[]	[]	[]	none_recorded	[]	[]	automatic
wdn_000289_N	L937570	["L937570"]	["520571f8b273860a97bb1da8fa4cab8ed735c04c03510fa8b10ed5b20c746706"]	"Tortenwerfer"	regular_masculine	00514a65b90e496cc07b65a241bd04c393d09c081fc2194699462bfa37bfc4ec	no	["masculine"]	[{"rank":"normal","statement":"L937570$8EB3CFBC-C42A-44D8-9B61-AA4EB191FB20","value":"Q499327"}]	ordinary	[]	[]	complete	{"s_pl_acc":["Tortenwerfer"],"s_pl_dat":["Tortenwerfern"],"s_pl_gen":["Tortenwerfer"],"s_pl_nom":["Tortenwerfer"],"s_sg_acc":["Tortenwerfer"],"s_sg_dat":["Tortenwerfer"],"s_sg_gen":["Tortenwerfers"],"s_sg_nom":["Tortenwerfer"]}	{"s_pl_acc":["L937570-F8"],"s_pl_dat":["L937570-F7"],"s_pl_gen":["L937570-F6"],"s_pl_nom":["L937570-F5"],"s_sg_acc":["L937570-F4"],"s_sg_dat":["L937570-F3"],"s_sg_gen":["L937570-F2"],"s_sg_nom":["L937570-F1"]}	[]	[]	[]	[]	none_recorded	[]	[]	automatic
wdn_000290_N	L938031	["L938031"]	["75efd86295e575cd7f4423236d0ee26941a628ac3ead9b19cb99b11dfc8764cf"]	"Botnetz"	regular_neuter	008338faff8813e1d76e1f2948815595398c2e351457b352b362e261d0e2dfe7	no	["neuter"]	[{"rank":"normal","statement":"L938031$2D793B5D-3159-4341-A64B-FA08693FD97B","value":"Q1775461"}]	ordinary	[]	[]	complete	{"s_pl_acc":["Botnetze"],"s_pl_dat":["Botnetzen"],"s_pl_gen":["Botnetze"],"s_pl_nom":["Botnetze"],"s_sg_acc":["Botnetz"],"s_sg_dat":["Botnetz"],"s_sg_gen":["Botnetzes"],"s_sg_nom":["Botnetz"]}	{"s_pl_acc":["L938031-F8"],"s_pl_dat":["L938031-F7"],"s_pl_gen":["L938031-F6"],"s_pl_nom":["L938031-F5"],"s_sg_acc":["L938031-F4"],"s_sg_dat":["L938031-F3"],"s_sg_gen":["L938031-F2"],"s_sg_nom":["L938031-F1"]}	[]	[]	[]	[]	none_recorded	[]	[]	automatic
wdn_000291_N	L938610	["L938610"]	["97031fa0fd5cea7f9a31a0ddd9a73c2f7725fbe4a9df19f9a1a896f503db7532"]	"Tanztrainer"	regular_masculine	004cdcbb021ac848b8771ed208f3848a9c6d3831131ba9114349ceb8aa09134d	no	["masculine"]	[{"rank":"normal","statement":"L938610$FB6F8B83-B480-40BB-B5BE-C9466C15285E","value":"Q499327"}]	ordinary	[]	[]	complete	{"s_pl_acc":["Tanztrainer"],"s_pl_dat":["Tanztrainern"],"s_pl_gen":["Tanztrainer"],"s_pl_nom":["Tanztrainer"],"s_sg_acc":["Tanztrainer"],"s_sg_dat":["Tanztrainer"],"s_sg_gen":["Tanztrainers"],"s_sg_nom":["Tanztrainer"]}	{"s_pl_acc":["L938610-F8"],"s_pl_dat":["L938610-F7"],"s_pl_gen":["L938610-F6"],"s_pl_nom":["L938610-F5"],"s_sg_acc":["L938610-F4"],"s_sg_dat":["L938610-F3"],"s_sg_gen":["L938610-F2"],"s_sg_nom":["L938610-F1"]}	[]	[]	[]	[]	none_recorded	[]	[]	automatic
wdn_000292_N	L939416	["L939416"]	["3b36d88c2d361d459c8f2b5f0b3f8c04b3aea4dcf0ffdb58ed7623ffeab692b4"]	"Lizenzproblem"	regular_neuter	00a15134d2551b9250b7a7f65aeee6fd11c0987c34d6477d4b3969b3ad2aa351	no	["neuter"]	[{"rank":"normal","statement":"L939416$41BC340D-E286-44AE-BA48-332D6D65760F","value":"Q1775461"}]	ordinary	[]	[]	complete	{"s_pl_acc":["Lizenzprobleme"],"s_pl_dat":["Lizenzproblemen"],"s_pl_gen":["Lizenzprobleme"],"s_pl_nom":["Lizenzprobleme"],"s_sg_acc":["Lizenzproblem"],"s_sg_dat":["Lizenzproblem"],"s_sg_gen":["Lizenzproblems"],"s_sg_nom":["Lizenzproblem"]}	{"s_pl_acc":["L939416-F8"],"s_pl_dat":["L939416-F7"],"s_pl_gen":["L939416-F6"],"s_pl_nom":["L939416-F5"],"s_sg_acc":["L939416-F4"],"s_sg_dat":["L939416-F3"],"s_sg_gen":["L939416-F2"],"s_sg_nom":["L939416-F1"]}	[]	[]	[]	[]	none_recorded	[]	[]	automatic
wdn_000293_N	L939675	["L939675"]	["3e15b183627a7824720079ca18caa8787447f8474cce19dd63fcdeb1564c4fb9"]	"Rußausstoß"	regular_masculine	00014a8ef6a2f4ffece9c1fe7d4afe32ee625ad4c54c1a9862f61eb6976eef6e	no	["masculine"]	[{"rank":"normal","statement":"L939675$2C97DF8A-9E7D-436D-BCE1-18BF7A4ADA84","value":"Q499327"}]	ordinary	[]	[]	complete	{"s_pl_acc":["Rußausstöße"],"s_pl_dat":["Rußausstößen"],"s_pl_gen":["Rußausstöße"],"s_pl_nom":["Rußausstöße"],"s_sg_acc":["Rußausstoß"],"s_sg_dat":["Rußausstoß"],"s_sg_gen":["Rußausstoßes"],"s_sg_nom":["Rußausstoß"]}	{"s_pl_acc":["L939675-F8"],"s_pl_dat":["L939675-F7"],"s_pl_gen":["L939675-F6"],"s_pl_nom":["L939675-F5"],"s_sg_acc":["L939675-F4"],"s_sg_dat":["L939675-F3"],"s_sg_gen":["L939675-F2"],"s_sg_nom":["L939675-F1"]}	[]	[]	[]	[]	none_recorded	[]	[]	automatic
wdn_000294_N	L1073840	["L1073840"]	["8e1a04c62cac106aa762d52a5770f394a3e20df65c963cceeba64627c95ec386"]	"Ball"	rejected_feature	507f022ef3872b38e281179471d27628fff7c6087a848e5f7ae4e2d4da9b4227	no	["masculine"]	[{"rank":"normal","statement":"L1073840$14020C48-D2B7-4EFB-A8CC-F9D15E6A355B","value":"Q499327"}]	ordinary	[]	[]	conflicting	{"s_pl_acc":["Bälle"],"s_pl_dat":["Bälle"],"s_pl_gen":["Bälle"],"s_pl_nom":["Bälle"],"s_sg_acc":["Ball"],"s_sg_dat":["Ball","Balle"],"s_sg_gen":["Balles","Balls"],"s_sg_nom":["Ball"]}	{"s_pl_acc":["L1073840-F9"],"s_pl_dat":["L1073840-F8"],"s_pl_gen":["L1073840-F7"],"s_pl_nom":["L1073840-F6"],"s_sg_acc":["L1073840-F5"],"s_sg_dat":["L1073840-F10","L1073840-F4"],"s_sg_gen":["L1073840-F2","L1073840-F3"],"s_sg_nom":["L1073840-F1"]}	[]	[]	[]	[]	component_target	[]	["conflicting_slots","rejected_noun_form_feature"]	automatic
wdn_000295_N	L1422854	["L1422854"]	["067fe1108b46006634ba3efe8918ee126d05219668ef6024150b0c6cbc312ef4"]	"AIDS"	abbreviation	0d1f592cd3045750b5337bc096bfdd3ef29d935557c3e973c7487825e76303af	no	["neuter"]	[{"rank":"normal","statement":"L1422854$ABF0D0EA-7634-4B43-AE17-49BA765EA302","value":"Q1775461"}]	ordinary	[]	[]	partial	{"s_sg_acc":["AIDS"],"s_sg_dat":["AIDS"],"s_sg_gen":["AIDS"],"s_sg_nom":["AIDS"]}	{"s_sg_acc":["L1422854-F4"],"s_sg_dat":["L1422854-F3"],"s_sg_gen":["L1422854-F2"],"s_sg_nom":["L1422854-F1"]}	[]	[]	[]	[]	none_recorded	["abbreviation"]	[]	automatic
wdn_000296_N	L1422857	["L1422857"]	["4c31b16c531cb6cce23dc1da96d587896da660d423f0f586dcabc867b625d9b3"]	"ARGE"	abbreviation	1d3ff8434d0495e68a4caae1409210bf0194e09ea1d25fdf098875817c61920c	no	["feminine"]	[{"rank":"normal","statement":"L1422857$46BC5335-7091-419D-8114-F96D281976E7","value":"Q1775415"}]	ordinary	[]	[]	complete	{"s_pl_acc":["ARGEn"],"s_pl_dat":["ARGEn"],"s_pl_gen":["ARGEn"],"s_pl_nom":["ARGEn"],"s_sg_acc":["ARGE"],"s_sg_dat":["ARGE"],"s_sg_gen":["ARGE"],"s_sg_nom":["ARGE"]}	{"s_pl_acc":["L1422857-F8"],"s_pl_dat":["L1422857-F7"],"s_pl_gen":["L1422857-F6"],"s_pl_nom":["L1422857-F5"],"s_sg_acc":["L1422857-F4"],"s_sg_dat":["L1422857-F3"],"s_sg_gen":["L1422857-F2"],"s_sg_nom":["L1422857-F1"]}	[]	[]	[]	[]	none_recorded	["abbreviation"]	[]	automatic
wdn_000297_N	L1423094	["L1423094"]	["97fc46d66e69c34c27bd09282c266a9c93f8bf8f5d1f748404459ad01c4bd546"]	"Abschlussverfügung"	invariant	00048ec86bec66221f909eaa708c02f2a21663e3ad7996a8e37fd902f2d674f2	no	["feminine"]	[{"rank":"normal","statement":"L1423094$24D4364B-604F-49A7-AFB9-396276D2BBA5","value":"Q1775415"}]	ordinary	[]	[]	complete	{"s_pl_acc":["Abschlussverfügungen"],"s_pl_dat":["Abschlussverfügungen"],"s_pl_gen":["Abschlussverfügungen"],"s_pl_nom":["Abschlussverfügungen"],"s_sg_acc":["Abschlussverfügung"],"s_sg_dat":["Abschlussverfügung"],"s_sg_gen":["Abschlussverfügung"],"s_sg_nom":["Abschlussverfügung"]}	{"s_pl_acc":["L1423094-F8"],"s_pl_dat":["L1423094-F7"],"s_pl_gen":["L1423094-F6"],"s_pl_nom":["L1423094-F5"],"s_sg_acc":["L1423094-F4"],"s_sg_dat":["L1423094-F3"],"s_sg_gen":["L1423094-F2"],"s_sg_nom":["L1423094-F1"]}	[]	[]	[]	[]	none_recorded	[]	[]	automatic
wdn_000298_N	L1423908	["L1423908"]	["01bcbaf3dbe19fada08327810c584bc2d4960f6aea413beeea421dafdb8eff49"]	"Assistenzeinsatz"	regular_masculine	004e7147bef180bb0f4b022dc57431f21d1c3b8eef5f4869c20b89fc720ad644	no	["masculine"]	[{"rank":"normal","statement":"L1423908$A24C5394-B0C7-4676-9F02-231077529501","value":"Q499327"}]	ordinary	[]	[]	complete	{"s_pl_acc":["Assistenzeinsätze"],"s_pl_dat":["Assistenzeinsätzen"],"s_pl_gen":["Assistenzeinsätze"],"s_pl_nom":["Assistenzeinsätze"],"s_sg_acc":["Assistenzeinsatz"],"s_sg_dat":["Assistenzeinsatz"],"s_sg_gen":["Assistenzeinsatzes"],"s_sg_nom":["Assistenzeinsatz"]}	{"s_pl_acc":["L1423908-F8"],"s_pl_dat":["L1423908-F7"],"s_pl_gen":["L1423908-F6"],"s_pl_nom":["L1423908-F5"],"s_sg_acc":["L1423908-F4"],"s_sg_dat":["L1423908-F3"],"s_sg_gen":["L1423908-F2"],"s_sg_nom":["L1423908-F1"]}	[]	[]	[]	[]	none_recorded	[]	[]	automatic
wdn_000299_N	L1423992	["L1423992"]	["7409cb5b9b7ff94f104ad9fe255bfcd5fbac38d82b497aed07fc56e0b53c3903"]	"Aufbahrungszimmer"	regular_neuter	0084a46d72f91ab1ed608724fdf59cb1e6feed0ba58785cf6db547788ea40144	no	["neuter"]	[{"rank":"normal","statement":"L1423992$49024F73-FD36-4A84-BA68-8B9891A32B62","value":"Q1775461"}]	ordinary	[]	[]	complete	{"s_pl_acc":["Aufbahrungszimmer"],"s_pl_dat":["Aufbahrungszimmern"],"s_pl_gen":["Aufbahrungszimmer"],"s_pl_nom":["Aufbahrungszimmer"],"s_sg_acc":["Aufbahrungszimmer"],"s_sg_dat":["Aufbahrungszimmer"],"s_sg_gen":["Aufbahrungszimmers"],"s_sg_nom":["Aufbahrungszimmer"]}	{"s_pl_acc":["L1423992-F8"],"s_pl_dat":["L1423992-F7"],"s_pl_gen":["L1423992-F6"],"s_pl_nom":["L1423992-F5"],"s_sg_acc":["L1423992-F4"],"s_sg_dat":["L1423992-F3"],"s_sg_gen":["L1423992-F2"],"s_sg_nom":["L1423992-F1"]}	[]	[]	[]	[]	none_recorded	[]	[]	automatic
wdn_000300_N	L1424325	["L1424325"]	["3a74c67b02f296cfa2b89367db4699fd5acb07d987586447f26bb4a8589b45c4"]	"BKP"	abbreviation	1882926bbd94bb5da47c1d8bf7b0b707cc2d4f5951eca15a715e2f537666a5bf	no	["feminine"]	[{"rank":"normal","statement":"L1424325$2C944604-B4E5-4730-A47C-720DA7FAC2C0","value":"Q1775415"}]	ordinary	[]	[]	partial	{"s_sg_acc":["BKP"],"s_sg_dat":["BKP"],"s_sg_gen":["BKP"],"s_sg_nom":["BKP"]}	{"s_sg_acc":["L1424325-F4"],"s_sg_dat":["L1424325-F3"],"s_sg_gen":["L1424325-F2"],"s_sg_nom":["L1424325-F1"]}	[]	[]	[]	[]	none_recorded	["abbreviation"]	[]	automatic
wdn_000301_N	L1424357	["L1424357"]	["d59a3e2cd2d97c21bd7ecd3c67fb30e4b988b5f42134ae26e84a1508e4d4fc44"]	"BSW"	abbreviation	1ed8afd5d44e1811baccbf24b9a9175e92f3139f821aa7014f5a3729bf022db3	no	["neuter"]	[{"rank":"normal","statement":"L1424357$82F20DE1-1C1E-433E-A89B-AF25D166C95C","value":"Q1775461"}]	ordinary	[]	[]	none	{}	{}	[]	[]	[]	[]	none_recorded	["abbreviation"]	[]	automatic
wdn_000302_N	L1425687	["L1425687"]	["2da9129f717ad5a4e06261c41934f3d86f8fe0f216f053da407c45efb9d2e658"]	"Bürostadt"	regular_feminine	004c3cb5c730899555a19dba15d6d9b18c50c63a277b09d818621d1eb339921a	no	["feminine"]	[{"rank":"normal","statement":"L1425687$7D93B12B-ECF5-4E93-842E-C172C4723242","value":"Q1775415"}]	ordinary	[]	[]	complete	{"s_pl_acc":["Bürostädte"],"s_pl_dat":["Bürostädten"],"s_pl_gen":["Bürostädte"],"s_pl_nom":["Bürostädte"],"s_sg_acc":["Bürostadt"],"s_sg_dat":["Bürostadt"],"s_sg_gen":["Bürostadt"],"s_sg_nom":["Bürostadt"]}	{"s_pl_acc":["L1425687-F8"],"s_pl_dat":["L1425687-F7"],"s_pl_gen":["L1425687-F6"],"s_pl_nom":["L1425687-F5"],"s_sg_acc":["L1425687-F4"],"s_sg_dat":["L1425687-F3"],"s_sg_gen":["L1425687-F2"],"s_sg_nom":["L1425687-F1"]}	[]	[]	[]	[]	none_recorded	[]	[]	automatic
wdn_000303_N	L1425702	["L1425702"]	["fe12fa7319edca6a13074ca60f88c37b76a7ac50784ef6b8525b4adabe3c970b"]	"CNC"	abbreviation	18c7d607a9ec06107eda2b4d6a1d38e27e83096fa8554beeb4f8b090b87e93b0	no	["feminine"]	[{"rank":"normal","statement":"L1425702$4AC0D744-3839-40E0-97E6-6EFD622E9778","value":"Q1775415"}]	ordinary	[]	[]	partial	{"s_sg_acc":["CNC"],"s_sg_dat":["CNC"],"s_sg_gen":["CNC"],"s_sg_nom":["CNC"]}	{"s_sg_acc":["L1425702-F4"],"s_sg_dat":["L1425702-F3"],"s_sg_gen":["L1425702-F2"],"s_sg_nom":["L1425702-F1"]}	[]	[]	[]	[]	none_recorded	["abbreviation"]	[]	automatic
wdn_000304_N	L1426060	["L1426060"]	["679a32516a5bc4885482cdf9192a29e3e5f48c5ea27d2527bed27d636204d443"]	"DDR-Kind"	conflicting_slots	000b08b211c06345d9d11c955ceac3cc88004c10bccce59252b39b26036aa82b	no	["neuter"]	[{"rank":"normal","statement":"L1426060$02DB986E-6A31-4C7B-BD08-2D9F1B3D5E81","value":"Q1775461"}]	ordinary	[]	[]	conflicting	{"s_pl_acc":["DDR-Kinder"],"s_pl_dat":["DDR-Kindern"],"s_pl_gen":["DDR-Kinder"],"s_pl_nom":["DDR-Kinder"],"s_sg_acc":["DDR-Kind"],"s_sg_dat":["DDR-Kind"],"s_sg_gen":["DDR-Kindes","DDR-Kinds"],"s_sg_nom":["DDR-Kind"]}	{"s_pl_acc":["L1426060-F9"],"s_pl_dat":["L1426060-F8"],"s_pl_gen":["L1426060-F7"],"s_pl_nom":["L1426060-F6"],"s_sg_acc":["L1426060-F5"],"s_sg_dat":["L1426060-F4"],"s_sg_gen":["L1426060-F2","L1426060-F3"],"s_sg_nom":["L1426060-F1"]}	[]	[]	[]	[]	none_recorded	["hyphen"]	["conflicting_slots"]	automatic
wdn_000305_N	L1426764	["L1426764"]	["cf67cbf49685caaba1c7660b8c20a6a503907bfdf6f9c13880b970fd8c6d8a5f"]	"EG"	abbreviation	034a13dcb5088fe2a0ff2f61a6d7fc550010edb6a5b53a055c38f2b4e79daa9d	no	["feminine"]	[{"rank":"normal","statement":"L1426764$2A7E325D-97E3-474B-ADA6-0207CC530B42","value":"Q1775415"}]	ordinary	[]	[]	partial	{"s_sg_acc":["EG"],"s_sg_dat":["EG"],"s_sg_gen":["EG"],"s_sg_nom":["EG"]}	{"s_sg_acc":["L1426764-F4"],"s_sg_dat":["L1426764-F3"],"s_sg_gen":["L1426764-F2"],"s_sg_nom":["L1426764-F1"]}	[]	[]	[]	[]	none_recorded	["abbreviation"]	[]	automatic
wdn_000306_N	L1426785	["L1426785"]	["0cc7136f0491521ff359f7f35fd89c22d1f66d07b2e4715c3280aef2b4aa1779"]	"EGMR"	abbreviation	131c486afd8875a8375f9095f6707d49267b8fb8410964ad24b3b1f30f749eb6	no	["masculine"]	[{"rank":"normal","statement":"L1426785$3E3F927D-4E18-40C5-8F6F-BAFEE0161A94","value":"Q499327"}]	ordinary	[]	[]	partial	{"s_sg_acc":["EGMR"],"s_sg_dat":["EGMR"],"s_sg_gen":["EGMR"],"s_sg_nom":["EGMR"]}	{"s_sg_acc":["L1426785-F4"],"s_sg_dat":["L1426785-F3"],"s_sg_gen":["L1426785-F2"],"s_sg_nom":["L1426785-F1"]}	[]	[]	[]	[]	none_recorded	["abbreviation"]	[]	automatic
wdn_000307_N	L1426790	["L1426790"]	["ef8b00c8a0088abe424bad12380f0eec48b65d57bb21b5b1a03424711c869a62"]	"EM"	abbreviation	0ec08c55ae47f2c127907991b0b66b2565ea26e3d6ae81e5dacb0d59a5a6069a	no	["feminine"]	[{"rank":"normal","statement":"L1426790$51E879F6-3539-4138-AC00-F506A62549F6","value":"Q1775415"}]	ordinary	[]	[]	complete	{"s_pl_acc":["EMs"],"s_pl_dat":["EMs"],"s_pl_gen":["EMs"],"s_pl_nom":["EMs"],"s_sg_acc":["EM"],"s_sg_dat":["EM"],"s_sg_gen":["EM"],"s_sg_nom":["EM"]}	{"s_pl_acc":["L1426790-F8"],"s_pl_dat":["L1426790-F7"],"s_pl_gen":["L1426790-F6"],"s_pl_nom":["L1426790-F5"],"s_sg_acc":["L1426790-F4"],"s_sg_dat":["L1426790-F3"],"s_sg_gen":["L1426790-F2"],"s_sg_nom":["L1426790-F1"]}	[]	[]	[]	[]	component_target	["abbreviation"]	[]	automatic
wdn_000308_N	L1426866	["L1426866"]	["cb0f87a0ca0f97f24a3682b13d5e883432db109e794369320a275ecef071589e"]	"EU-Außenkommissarin"	hyphenated	01a40872804dd4176f8b97b1f3067d6224b23e37d31d13714ec7e2e106816dd1	no	["feminine"]	[{"rank":"normal","statement":"L1426866$F2ADEAB2-0674-42FA-B1D6-D7F431922702","value":"Q1775415"}]	ordinary	[]	[]	complete	{"s_pl_acc":["EU-Außenkommissarinnen"],"s_pl_dat":["EU-Außenkommissarinnen"],"s_pl_gen":["EU-Außenkommissarinnen"],"s_pl_nom":["EU-Außenkommissarinnen"],"s_sg_acc":["EU-Außenkommissarin"],"s_sg_dat":["EU-Außenkommissarin"],"s_sg_gen":["EU-Außenkommissarin"],"s_sg_nom":["EU-Außenkommissarin"]}	{"s_pl_acc":["L1426866-F8"],"s_pl_dat":["L1426866-F7"],"s_pl_gen":["L1426866-F6"],"s_pl_nom":["L1426866-F5"],"s_sg_acc":["L1426866-F4"],"s_sg_dat":["L1426866-F3"],"s_sg_gen":["L1426866-F2"],"s_sg_nom":["L1426866-F1"]}	[]	[]	[]	[]	none_recorded	["hyphen"]	[]	automatic
wdn_000309_N	L1427224	["L1427224"]	["b4052bb17c49a28944db11697a57f199ec943042df7cbb131897447827902fff"]	"Elektrofachkraft"	regular_feminine	02b43c43d31e3ecb805eec72ee07afefbd2f31a4f8ae871dfcfa940cc799fd99	no	["feminine"]	[{"rank":"normal","statement":"L1427224$53975DA3-5CE5-43B9-A608-7CF13078C3A7","value":"Q1775415"}]	ordinary	[]	[]	complete	{"s_pl_acc":["Elektrofachkräfte"],"s_pl_dat":["Elektrofachkräften"],"s_pl_gen":["Elektrofachkräfte"],"s_pl_nom":["Elektrofachkräfte"],"s_sg_acc":["Elektrofachkraft"],"s_sg_dat":["Elektrofachkraft"],"s_sg_gen":["Elektrofachkraft"],"s_sg_nom":["Elektrofachkraft"]}	{"s_pl_acc":["L1427224-F8"],"s_pl_dat":["L1427224-F7"],"s_pl_gen":["L1427224-F6"],"s_pl_nom":["L1427224-F5"],"s_sg_acc":["L1427224-F4"],"s_sg_dat":["L1427224-F3"],"s_sg_gen":["L1427224-F2"],"s_sg_nom":["L1427224-F1"]}	[]	[]	[]	[]	none_recorded	[]	[]	automatic
wdn_000310_N	L1427445	["L1427445"]	["ff486cac0b7bbb432f8b2ecad89449585081d3ddeaf6580d9d4b7e93d1b55dcf"]	"Erdäpfelplatzke"	plural_only	012911e7e48017cf29ac5e40a8de201476441d9613e802c82d46b5ea52cc49ac	no	[]	[]	plural_only	[{"rank":"normal","statement":"L1427445$3A8A9B37-2DAB-4684-BDED-2D932160ABB1","value":"Q138246"}]	[]	complete	{"s_pl_acc":["Erdäpfelplatzke"],"s_pl_dat":["Erdäpfelplatzken"],"s_pl_gen":["Erdäpfelplatzke"],"s_pl_nom":["Erdäpfelplatzke"]}	{"s_pl_acc":["L1427445-F4"],"s_pl_dat":["L1427445-F3"],"s_pl_gen":["L1427445-F2"],"s_pl_nom":["L1427445-F1"]}	[]	[]	[]	[]	none_recorded	[]	["missing_gender"]	automatic
wdn_000311_N	L1427738	["L1427738"]	["dfbb483204438f723c395238aad18f6633de7fddf4ae4d5e9801b9ad685dc46b"]	"FSME"	abbreviation	1684c65e6339e61d14e9dadc23a77bda48d29c8c9e5abe8597cbc93e8a45b882	no	["feminine"]	[{"rank":"normal","statement":"L1427738$BE10C6E3-2975-4BCC-82D8-5989C79EC2A0","value":"Q1775415"}]	ordinary	[]	[]	partial	{"s_sg_acc":["FSME"],"s_sg_dat":["FSME"],"s_sg_gen":["FSME"],"s_sg_nom":["FSME"]}	{"s_sg_acc":["L1427738-F4"],"s_sg_dat":["L1427738-F3"],"s_sg_gen":["L1427738-F2"],"s_sg_nom":["L1427738-F1"]}	[]	[]	[]	[]	none_recorded	["abbreviation"]	[]	automatic
wdn_000312_N	L1428251	["L1428251"]	["8b51e44de400f54c32e3297835ae3c0cb8ee93cf9befb3f45685dd9d94430197"]	"Fischerverein"	conflicting_slots	00204982aebfad2a64b912183863480d3afef1874e67b2690d30f430b4a24a9a	no	["masculine"]	[{"rank":"normal","statement":"L1428251$0C966700-53C9-4FBF-ADFD-618B9B540E0A","value":"Q499327"}]	ordinary	[]	[]	conflicting	{"s_pl_acc":["Fischervereine"],"s_pl_dat":["Fischervereinen"],"s_pl_gen":["Fischervereine"],"s_pl_nom":["Fischervereine"],"s_sg_acc":["Fischerverein"],"s_sg_dat":["Fischerverein"],"s_sg_gen":["Fischervereines","Fischervereins"],"s_sg_nom":["Fischerverein"]}	{"s_pl_acc":["L1428251-F9"],"s_pl_dat":["L1428251-F8"],"s_pl_gen":["L1428251-F7"],"s_pl_nom":["L1428251-F6"],"s_sg_acc":["L1428251-F5"],"s_sg_dat":["L1428251-F4"],"s_sg_gen":["L1428251-F2","L1428251-F3"],"s_sg_nom":["L1428251-F1"]}	[]	[]	[]	[]	none_recorded	[]	["conflicting_slots"]	automatic
wdn_000313_N	L1429440	["L1429440"]	["d1552529c5de4ebd0a9b3ae6f9fb0837da8ef6b8c688feeb40f1eb23fbe3ca57"]	"Geräuscharmut"	partial_evidence	002a248761984b59ff9877a4e21a31dd74f4dced3350d7a0f85f2dba0c152e4b	no	["feminine"]	[{"rank":"normal","statement":"L1429440$6203886D-8B5D-44E5-8A9B-C6D210355E04","value":"Q1775415"}]	ordinary	[]	[]	partial	{"s_sg_acc":["Geräuscharmut"],"s_sg_dat":["Geräuscharmut"],"s_sg_gen":["Geräuscharmut"],"s_sg_nom":["Geräuscharmut"]}	{"s_sg_acc":["L1429440-F4"],"s_sg_dat":["L1429440-F3"],"s_sg_gen":["L1429440-F2"],"s_sg_nom":["L1429440-F1"]}	[]	[]	[]	[]	none_recorded	[]	[]	automatic
wdn_000314_N	L1429537	["L1429537"]	["9475a76b6771414349603a8f1d27a2699321f45c4d3f4bb973dcb488a22d4c9e"]	"Gesundheitsberater"	regular_masculine	00302a6ef8fd1d11e9a8c5f9e9bd18721dd6dc0ae9956ceeb9e6ababe0801d94	no	["masculine"]	[{"rank":"normal","statement":"L1429537$B3D2AD8C-5428-4E16-9DE7-45C7C543F2A3","value":"Q499327"}]	ordinary	[]	[]	complete	{"s_pl_acc":["Gesundheitsberater"],"s_pl_dat":["Gesundheitsberatern"],"s_pl_gen":["Gesundheitsberater"],"s_pl_nom":["Gesundheitsberater"],"s_sg_acc":["Gesundheitsberater"],"s_sg_dat":["Gesundheitsberater"],"s_sg_gen":["Gesundheitsberaters"],"s_sg_nom":["Gesundheitsberater"]}	{"s_pl_acc":["L1429537-F8"],"s_pl_dat":["L1429537-F7"],"s_pl_gen":["L1429537-F6"],"s_pl_nom":["L1429537-F5"],"s_sg_acc":["L1429537-F4"],"s_sg_dat":["L1429537-F3"],"s_sg_gen":["L1429537-F2"],"s_sg_nom":["L1429537-F1"]}	[]	[]	[]	[]	none_recorded	[]	[]	automatic
wdn_000315_N	L1430313	["L1430313"]	["99d2bbbff714da6e5f89fe7f0983b5395dda0172665cbbd036e341e6f1e8f1f5"]	"Hand-Bike"	hyphenated	01533aeb33237dbc32d2fcb765903109c5cd67fb5f2d13a2096b0fd0a65ae836	no	["neuter"]	[{"rank":"normal","statement":"L1430313$AD2AFA25-E2F6-45FE-A740-858EE21AE328","value":"Q1775461"}]	ordinary	[]	[]	complete	{"s_pl_acc":["Hand-Bikes"],"s_pl_dat":["Hand-Bikes"],"s_pl_gen":["Hand-Bikes"],"s_pl_nom":["Hand-Bikes"],"s_sg_acc":["Hand-Bike"],"s_sg_dat":["Hand-Bike"],"s_sg_gen":["Hand-Bikes"],"s_sg_nom":["Hand-Bike"]}	{"s_pl_acc":["L1430313-F8"],"s_pl_dat":["L1430313-F7"],"s_pl_gen":["L1430313-F6"],"s_pl_nom":["L1430313-F5"],"s_sg_acc":["L1430313-F4"],"s_sg_dat":["L1430313-F3"],"s_sg_gen":["L1430313-F2"],"s_sg_nom":["L1430313-F1"]}	[]	[]	[]	[]	none_recorded	["hyphen"]	[]	automatic
wdn_000316_N	L1430569	["L1430569"]	["62a560fa45cde462b21e831fb1e97f68b82e77f94d984844a50f038ca56e63e1"]	"Heizungsthermostat"	multiple_gender	0063b1febfdc894e4412f5d528de0c446a7e0958a09df00a2d1356dea6639b11	no	["masculine","neuter"]	[{"rank":"normal","statement":"L1430569$D6C3ABC9-4B09-43BD-9CF9-DCBDD6EFAE47","value":"Q499327"},{"rank":"normal","statement":"L1430569$1AE0A77B-3067-473C-9AB1-580D030046FB","value":"Q1775461"}]	ordinary	[]	[]	none	{}	{}	[]	[]	[]	[]	none_recorded	[]	[]	automatic
wdn_000317_N	L1430688	["L1430688"]	["b4f76ebb3ddd84646238e702d8f71995da424881620d70ddaa9793414e58bb42"]	"Hindernisfahren"	partial_evidence	00026f5b6afa457c092f9db4135dc21c5e8379e549f45badc1a582e8b5a6c83d	no	["neuter"]	[{"rank":"normal","statement":"L1430688$8599CF5B-9D83-41BD-94CB-D7016EE36836","value":"Q1775461"}]	ordinary	[]	[]	partial	{"s_sg_acc":["Hindernisfahren"],"s_sg_dat":["Hindernisfahren"],"s_sg_gen":["Hindernisfahrens"],"s_sg_nom":["Hindernisfahren"]}	{"s_sg_acc":["L1430688-F4"],"s_sg_dat":["L1430688-F3"],"s_sg_gen":["L1430688-F2"],"s_sg_nom":["L1430688-F1"]}	[]	[]	[]	[]	none_recorded	[]	[]	automatic
wdn_000318_N	L1431205	["L1431205"]	["05d1cf7b73fea634ff467cf4f9dd4a856eb382c7b6af67b8773b72945ac4215f"]	"ISSN"	abbreviation	01f948eb777aebc3a9ca60ea2487c761f5406a3f5ec7143d591895e9bdb9f5b4	no	["feminine"]	[{"rank":"normal","statement":"L1431205$C300185F-553E-4732-8949-967E1720C6C8","value":"Q1775415"}]	ordinary	[]	[]	complete	{"s_pl_acc":["ISSNs"],"s_pl_dat":["ISSNs"],"s_pl_gen":["ISSNs"],"s_pl_nom":["ISSNs"],"s_sg_acc":["ISSN"],"s_sg_dat":["ISSN"],"s_sg_gen":["ISSN"],"s_sg_nom":["ISSN"]}	{"s_pl_acc":["L1431205-F8"],"s_pl_dat":["L1431205-F7"],"s_pl_gen":["L1431205-F6"],"s_pl_nom":["L1431205-F5"],"s_sg_acc":["L1431205-F4"],"s_sg_dat":["L1431205-F3"],"s_sg_gen":["L1431205-F2"],"s_sg_nom":["L1431205-F1"]}	[]	[]	[]	[]	none_recorded	["abbreviation"]	[]	automatic
wdn_000319_N	L1431218	["L1431218"]	["76abf54789d9a993fe6d4919efb0916553274c6894a56485d64c211f77f6f1d9"]	"IV"	abbreviation	125ddb3a2a002b7da6b02c73fcf44637d947855023b1768afb66e7f402032152	no	["feminine"]	[{"rank":"normal","statement":"L1431218$95F41D39-3A5E-45AE-AEEF-146D0C153195","value":"Q1775415"}]	ordinary	[]	[]	partial	{"s_sg_acc":["IV"],"s_sg_dat":["IV"],"s_sg_gen":["IV"],"s_sg_nom":["IV"]}	{"s_sg_acc":["L1431218-F4"],"s_sg_dat":["L1431218-F3"],"s_sg_gen":["L1431218-F2"],"s_sg_nom":["L1431218-F1"]}	[]	[]	[]	[]	none_recorded	["abbreviation"]	[]	automatic
wdn_000320_N	L1431516	["L1431516"]	["8745007ba1912418f5cf4594ff080d4033b767fb6635a902961e77a3a4d91474"]	"Interkalarfrüchte"	plural_only	00171c6ed2eca9fbb0d1453b1a18964c3647257a4b4499c7ac47757284c26124	no	[]	[]	plural_only	[{"rank":"normal","statement":"L1431516$3BD07E94-F922-47E1-9800-0F837CCD188D","value":"Q138246"}]	[]	complete	{"s_pl_acc":["Interkalarfrüchte"],"s_pl_dat":["Interkalarfrüchten"],"s_pl_gen":["Interkalarfrüchte"],"s_pl_nom":["Interkalarfrüchte"]}	{"s_pl_acc":["L1431516-F4"],"s_pl_dat":["L1431516-F3"],"s_pl_gen":["L1431516-F2"],"s_pl_nom":["L1431516-F1"]}	[]	[]	[]	[]	none_recorded	[]	["missing_gender"]	automatic
wdn_000321_N	L1431818	["L1431818"]	["ad86d2c2b2acc36c7921f4384a1df1e6d1b53ef2a91766fcad07c3dae3e4c44c"]	"Jungfernfrüchtigkeit"	partial_evidence	002aba2d920a8132236629761d16c8aa36dd0a100d91cda3b76aab4535ea3dec	no	["feminine"]	[{"rank":"normal","statement":"L1431818$7DC94442-A36B-47D6-9A09-DA2D3A7DF2EE","value":"Q1775415"}]	ordinary	[]	[]	partial	{"s_sg_acc":["Jungfernfrüchtigkeit"],"s_sg_dat":["Jungfernfrüchtigkeit"],"s_sg_gen":["Jungfernfrüchtigkeit"],"s_sg_nom":["Jungfernfrüchtigkeit"]}	{"s_sg_acc":["L1431818-F4"],"s_sg_dat":["L1431818-F3"],"s_sg_gen":["L1431818-F2"],"s_sg_nom":["L1431818-F1"]}	[]	[]	[]	[]	none_recorded	[]	[]	automatic
wdn_000322_N	L1431884	["L1431884"]	["1f6e622f3a2ab49608bbc9a1d08872a53b2d78cebf0eb5d30281dd82445855bc"]	"KFZ"	abbreviation	01c5a6afea8e3f90959a5b8439a6f56eb7dfe8ebefbcd23514ea90fe5109e842	no	["neuter"]	[{"rank":"normal","statement":"L1431884$2E32FDBD-0A8C-4B49-BF5F-CA0D627F1430","value":"Q1775461"}]	ordinary	[]	[]	complete	{"s_pl_acc":["KFZ"],"s_pl_dat":["KFZ"],"s_pl_gen":["KFZ"],"s_pl_nom":["KFZ"],"s_sg_acc":["KFZ"],"s_sg_dat":["KFZ"],"s_sg_gen":["KFZ"],"s_sg_nom":["KFZ"]}	{"s_pl_acc":["L1431884-F8"],"s_pl_dat":["L1431884-F7"],"s_pl_gen":["L1431884-F6"],"s_pl_nom":["L1431884-F5"],"s_sg_acc":["L1431884-F4"],"s_sg_dat":["L1431884-F3"],"s_sg_gen":["L1431884-F2"],"s_sg_nom":["L1431884-F1"]}	[]	[]	[]	[]	none_recorded	["abbreviation"]	[]	automatic
wdn_000323_N	L1432696	["L1432696"]	["45abc18c035469d5fcf339cbf993b7ff65078893bd876cf3f25952ddb4f11bc4"]	"Kolometrie"	partial_evidence	001c31ebb94e8efeef30cb1652f1a900dea4fb1bfab5574be6b431ee4acde775	no	["feminine"]	[{"rank":"normal","statement":"L1432696$B7BE182F-8B02-48E5-8CC6-1C4352EA1395","value":"Q1775415"}]	ordinary	[]	[]	partial	{"s_sg_acc":["Kolometrie"],"s_sg_dat":["Kolometrie"],"s_sg_gen":["Kolometrie"],"s_sg_nom":["Kolometrie"]}	{"s_sg_acc":["L1432696-F4"],"s_sg_dat":["L1432696-F3"],"s_sg_gen":["L1432696-F2"],"s_sg_nom":["L1432696-F1"]}	[]	[]	[]	[]	none_recorded	[]	[]	automatic
wdn_000324_N	L1433614	["L1433614"]	["54a6ceffb1e164a6b730bdb0c921de12654106446cd0c7235fbcd58c369736d8"]	"Langerhans-Inseln"	plural_only	00c28aa43c93f0aeec4c6dd59d22029ee414741e7ba8a98900a54b8cc0530840	no	[]	[]	plural_only	[{"rank":"normal","statement":"L1433614$5196D32A-A658-442D-8CEF-68CE7901ED18","value":"Q138246"}]	[]	complete	{"s_pl_acc":["Langerhans-Inseln"],"s_pl_dat":["Langerhans-Inseln"],"s_pl_gen":["Langerhans-Inseln"],"s_pl_nom":["Langerhans-Inseln"]}	{"s_pl_acc":["L1433614-F4"],"s_pl_dat":["L1433614-F3"],"s_pl_gen":["L1433614-F2"],"s_pl_nom":["L1433614-F1"]}	[]	[]	[]	[]	none_recorded	["hyphen"]	["missing_gender"]	automatic
wdn_000325_N	L1435111	["L1435111"]	["20c93668fa55f0be5889f6e6a563ea92e9309a42460678916ac8c044e2a0530c"]	"Modeexperte"	irregular_full	02101c9de2c186695fa4da6b7f3b79042ada524cf0728e37dafc0de2721dd3c3	no	["masculine"]	[{"rank":"normal","statement":"L1435111$6048444D-0F19-4B55-8C0D-171F9CB44A33","value":"Q499327"}]	ordinary	[]	[]	complete	{"s_pl_acc":["Modeexperten"],"s_pl_dat":["Modeexperten"],"s_pl_gen":["Modeexperten"],"s_pl_nom":["Modeexperten"],"s_sg_acc":["Modeexperten"],"s_sg_dat":["Modeexperten"],"s_sg_gen":["Modeexperten"],"s_sg_nom":["Modeexperte"]}	{"s_pl_acc":["L1435111-F8"],"s_pl_dat":["L1435111-F7"],"s_pl_gen":["L1435111-F6"],"s_pl_nom":["L1435111-F5"],"s_sg_acc":["L1435111-F4"],"s_sg_dat":["L1435111-F3"],"s_sg_gen":["L1435111-F2"],"s_sg_nom":["L1435111-F1"]}	[]	[]	[]	[]	none_recorded	[]	[]	automatic
wdn_000326_N	L1435578	["L1435578"]	["2b270e5f70fdaff3a4ab107d24191f26b110ca65226d2bdbda9cf902983a57af"]	"Narrenkastl"	regular_neuter	000049384ce2bbea1eaef05bc26ed5e1610b449f3225e5fbdc5105a3001b0e19	no	["neuter"]	[{"rank":"normal","statement":"L1435578$4B83B3F4-4358-434B-BA66-5011BF584C1E","value":"Q1775461"}]	ordinary	[]	[]	complete	{"s_pl_acc":["Narrenkastl"],"s_pl_dat":["Narrenkastln"],"s_pl_gen":["Narrenkastl"],"s_pl_nom":["Narrenkastl"],"s_sg_acc":["Narrenkastl"],"s_sg_dat":["Narrenkastl"],"s_sg_gen":["Narrenkastls"],"s_sg_nom":["Narrenkastl"]}	{"s_pl_acc":["L1435578-F8"],"s_pl_dat":["L1435578-F7"],"s_pl_gen":["L1435578-F6"],"s_pl_nom":["L1435578-F5"],"s_sg_acc":["L1435578-F4"],"s_sg_dat":["L1435578-F3"],"s_sg_gen":["L1435578-F2"],"s_sg_nom":["L1435578-F1"]}	[]	[]	[]	[]	none_recorded	[]	[]	automatic
wdn_000327_N	L1435926	["L1435926"]	["cb51cd76b3341c3f4082cc8ca0f9d420ff0c557c33496494a3c67542f0a4debe"]	"Notsicherung"	invariant	000cadfb2fbafd5a13829134b5367e3ebe79e2ca728c877023e9ad8a7cebbfd7	no	["feminine"]	[{"rank":"normal","statement":"L1435926$2FCF7BD6-38D1-4D07-9BBE-010F0CBFDFE8","value":"Q1775415"}]	ordinary	[]	[]	complete	{"s_pl_acc":["Notsicherungen"],"s_pl_dat":["Notsicherungen"],"s_pl_gen":["Notsicherungen"],"s_pl_nom":["Notsicherungen"],"s_sg_acc":["Notsicherung"],"s_sg_dat":["Notsicherung"],"s_sg_gen":["Notsicherung"],"s_sg_nom":["Notsicherung"]}	{"s_pl_acc":["L1435926-F8"],"s_pl_dat":["L1435926-F7"],"s_pl_gen":["L1435926-F6"],"s_pl_nom":["L1435926-F5"],"s_sg_acc":["L1435926-F4"],"s_sg_dat":["L1435926-F3"],"s_sg_gen":["L1435926-F2"],"s_sg_nom":["L1435926-F1"]}	[]	[]	[]	[]	none_recorded	[]	[]	automatic
wdn_000328_N	L1436348	["L1436348"]	["dc51a16ccf83715fcfbddadc1bb5441798298c9989ac1cf7ff940a520c0c0115"]	"PKW-Fahrer"	hyphenated	00b2f96ffdd659c01ae3023c096e0ba04993727e0a68baec08d03938024008b4	no	["masculine"]	[{"rank":"normal","statement":"L1436348$749E9F94-B04C-468F-BC90-2216E40F0421","value":"Q499327"}]	ordinary	[]	[]	complete	{"s_pl_acc":["PKW-Fahrer"],"s_pl_dat":["PKW-Fahrern"],"s_pl_gen":["PKW-Fahrer"],"s_pl_nom":["PKW-Fahrer"],"s_sg_acc":["PKW-Fahrer"],"s_sg_dat":["PKW-Fahrer"],"s_sg_gen":["PKW-Fahrers"],"s_sg_nom":["PKW-Fahrer"]}	{"s_pl_acc":["L1436348-F8"],"s_pl_dat":["L1436348-F7"],"s_pl_gen":["L1436348-F6"],"s_pl_nom":["L1436348-F5"],"s_sg_acc":["L1436348-F4"],"s_sg_dat":["L1436348-F3"],"s_sg_gen":["L1436348-F2"],"s_sg_nom":["L1436348-F1"]}	[]	[]	[]	[]	none_recorded	["hyphen"]	[]	automatic
wdn_000329_N	L1436478	["L1436478"]	["079f0a237e1ee83e9c66bdc72d788e475f7819aa3f77c4d2119e801283cf782d"]	"Pareo"	conflicting_slots	00322d96eb2e19b965e3236da079fc8b7d3e58d4f7966de5e77a91603ec397ad	no	["masculine"]	[{"rank":"normal","statement":"L1436478$0B0A7D7F-DAC2-444D-A1FF-9F5E71CA34EA","value":"Q499327"}]	ordinary	[]	[]	conflicting	{"s_pl_acc":["Pareos"],"s_pl_dat":["Pareos"],"s_pl_gen":["Pareos"],"s_pl_nom":["Pareos"],"s_sg_acc":["Pareo"],"s_sg_dat":["Pareo"],"s_sg_gen":["Pareo","Pareos"],"s_sg_nom":["Pareo"]}	{"s_pl_acc":["L1436478-F9"],"s_pl_dat":["L1436478-F8"],"s_pl_gen":["L1436478-F7"],"s_pl_nom":["L1436478-F6"],"s_sg_acc":["L1436478-F5"],"s_sg_dat":["L1436478-F4"],"s_sg_gen":["L1436478-F2","L1436478-F3"],"s_sg_nom":["L1436478-F1"]}	[]	[]	[]	[]	none_recorded	[]	["conflicting_slots"]	automatic
wdn_000330_N	L1437863	["L1437863"]	["56e433adc1e91b5c0f002d432466b76485996c9a07c688104037284e50090b51"]	"Reaktorexplosion"	invariant	000e918f0199042c4eea79c2abb272f9e680e28a20c90ef52ec2baf01cf16438	no	["feminine"]	[{"rank":"normal","statement":"L1437863$9464C316-9CB2-4F7F-AAD5-051F3B478CD8","value":"Q1775415"}]	ordinary	[]	[]	complete	{"s_pl_acc":["Reaktorexplosionen"],"s_pl_dat":["Reaktorexplosionen"],"s_pl_gen":["Reaktorexplosionen"],"s_pl_nom":["Reaktorexplosionen"],"s_sg_acc":["Reaktorexplosion"],"s_sg_dat":["Reaktorexplosion"],"s_sg_gen":["Reaktorexplosion"],"s_sg_nom":["Reaktorexplosion"]}	{"s_pl_acc":["L1437863-F8"],"s_pl_dat":["L1437863-F7"],"s_pl_gen":["L1437863-F6"],"s_pl_nom":["L1437863-F5"],"s_sg_acc":["L1437863-F4"],"s_sg_dat":["L1437863-F3"],"s_sg_gen":["L1437863-F2"],"s_sg_nom":["L1437863-F1"]}	[]	[]	[]	[]	none_recorded	[]	[]	automatic
wdn_000331_N	L1437875	["L1437875"]	["71ff529929c6f714e039f3029ac83b4c9733201935540112a9fbd76cf91bf821"]	"Realschulzeugnis"	regular_neuter	0040f1216c7599f502828f1f24595eb6c27cf92768b7eb12be13853c05999be6	no	["neuter"]	[{"rank":"normal","statement":"L1437875$F0431D10-3BC6-4A62-AA73-C33D75BFB3C0","value":"Q1775461"}]	ordinary	[]	[]	complete	{"s_pl_acc":["Realschulzeugnisse"],"s_pl_dat":["Realschulzeugnissen"],"s_pl_gen":["Realschulzeugnisse"],"s_pl_nom":["Realschulzeugnisse"],"s_sg_acc":["Realschulzeugnis"],"s_sg_dat":["Realschulzeugnis"],"s_sg_gen":["Realschulzeugnisses"],"s_sg_nom":["Realschulzeugnis"]}	{"s_pl_acc":["L1437875-F8"],"s_pl_dat":["L1437875-F7"],"s_pl_gen":["L1437875-F6"],"s_pl_nom":["L1437875-F5"],"s_sg_acc":["L1437875-F4"],"s_sg_dat":["L1437875-F3"],"s_sg_gen":["L1437875-F2"],"s_sg_nom":["L1437875-F1"]}	[]	[]	[]	[]	none_recorded	[]	[]	automatic
wdn_000332_N	L1438052	["L1438052"]	["1777e6e2eeeaab5c62222ba64ca25f77bdc0acca57dde5e2af9e7fa2d5444bb7"]	"Reinling"	regular_masculine	003a996e39e29227275b31971d24c0a05a8528a48b7c218bfabb1c5f91ac41bc	no	["masculine"]	[{"rank":"normal","statement":"L1438052$56A5E79F-4425-41FD-BF92-519D153AEFD6","value":"Q499327"}]	ordinary	[]	[]	complete	{"s_pl_acc":["Reinlinge"],"s_pl_dat":["Reinlingen"],"s_pl_gen":["Reinlinge"],"s_pl_nom":["Reinlinge"],"s_sg_acc":["Reinling"],"s_sg_dat":["Reinling"],"s_sg_gen":["Reinlings"],"s_sg_nom":["Reinling"]}	{"s_pl_acc":["L1438052-F8"],"s_pl_dat":["L1438052-F7"],"s_pl_gen":["L1438052-F6"],"s_pl_nom":["L1438052-F5"],"s_sg_acc":["L1438052-F4"],"s_sg_dat":["L1438052-F3"],"s_sg_gen":["L1438052-F2"],"s_sg_nom":["L1438052-F1"]}	[]	[]	[]	[]	none_recorded	[]	[]	automatic
wdn_000333_N	L1438428	["L1438428"]	["5bc3c422b1d2cfd79faee2f7356317f7707f16be686b57716a196da8ba34c1ed"]	"Rockbarde"	irregular_full	006439a85158d89a48814135625c0a245f18c721ce8466be514d7b35538f4e5c	no	["masculine"]	[{"rank":"normal","statement":"L1438428$E5B9BC9C-E17D-4525-B15D-15DAC188AB4F","value":"Q499327"}]	ordinary	[]	[]	complete	{"s_pl_acc":["Rockbarden"],"s_pl_dat":["Rockbarden"],"s_pl_gen":["Rockbarden"],"s_pl_nom":["Rockbarden"],"s_sg_acc":["Rockbarden"],"s_sg_dat":["Rockbarden"],"s_sg_gen":["Rockbarden"],"s_sg_nom":["Rockbarde"]}	{"s_pl_acc":["L1438428-F8"],"s_pl_dat":["L1438428-F7"],"s_pl_gen":["L1438428-F6"],"s_pl_nom":["L1438428-F5"],"s_sg_acc":["L1438428-F4"],"s_sg_dat":["L1438428-F3"],"s_sg_gen":["L1438428-F2"],"s_sg_nom":["L1438428-F1"]}	[]	[]	[]	[]	none_recorded	[]	[]	automatic
wdn_000334_N	L1439620	["L1439620"]	["0c138210a4d310bf1aa5dedc72c2ccf3154aa267b9e974e023bbf18d60392da9"]	"Schäufelchen"	invariant_plural	0057e8fa289728582ba06b0390dc2bd45fd91c56185326d243fdbb8c797edca3	no	["neuter"]	[{"rank":"normal","statement":"L1439620$AFA55074-BB6A-4D6C-842A-EE1BB742D45A","value":"Q1775461"}]	ordinary	[]	[]	complete	{"s_pl_acc":["Schäufelchen"],"s_pl_dat":["Schäufelchen"],"s_pl_gen":["Schäufelchen"],"s_pl_nom":["Schäufelchen"],"s_sg_acc":["Schäufelchen"],"s_sg_dat":["Schäufelchen"],"s_sg_gen":["Schäufelchens"],"s_sg_nom":["Schäufelchen"]}	{"s_pl_acc":["L1439620-F8"],"s_pl_dat":["L1439620-F7"],"s_pl_gen":["L1439620-F6"],"s_pl_nom":["L1439620-F5"],"s_sg_acc":["L1439620-F4"],"s_sg_dat":["L1439620-F3"],"s_sg_gen":["L1439620-F2"],"s_sg_nom":["L1439620-F1"]}	[]	[]	[]	[]	none_recorded	[]	[]	automatic
wdn_000335_N	L1441320	["L1441320"]	["283a9c848c575dc81be5312922a8f57c95818ae5767476b02dd15361213b56e9"]	"TNT"	abbreviation	02c9de9a00bd0cf6b04ab8a9019c10714d970fd165096b179aa381704b69bda8	no	["neuter"]	[{"rank":"normal","statement":"L1441320$FDA60635-0E06-4ED5-9BEC-E5A5F03EFFBD","value":"Q1775461"}]	ordinary	[]	[]	partial	{"s_sg_acc":["TNT"],"s_sg_dat":["TNT"],"s_sg_gen":["TNTs"],"s_sg_nom":["TNT"]}	{"s_sg_acc":["L1441320-F4"],"s_sg_dat":["L1441320-F3"],"s_sg_gen":["L1441320-F2"],"s_sg_nom":["L1441320-F1"]}	[]	[]	[]	[]	none_recorded	["abbreviation"]	[]	automatic
wdn_000336_N	L1441325	["L1441325"]	["c5d5a21476169e97915847ba875e896bde8ed66db3e054aa2a914d7a6c61dd1c"]	"TV-Übertragung"	hyphenated	0127505d5af6fc3cc1e82f8f8c3a06a99a070d63427f9848a481aa982893a5e0	no	["feminine"]	[{"rank":"normal","statement":"L1441325$A83148F8-10DE-4F66-B89F-6955A1D6A667","value":"Q1775415"}]	ordinary	[]	[]	complete	{"s_pl_acc":["TV-Übertragungen"],"s_pl_dat":["TV-Übertragungen"],"s_pl_gen":["TV-Übertragungen"],"s_pl_nom":["TV-Übertragungen"],"s_sg_acc":["TV-Übertragung"],"s_sg_dat":["TV-Übertragung"],"s_sg_gen":["TV-Übertragung"],"s_sg_nom":["TV-Übertragung"]}	{"s_pl_acc":["L1441325-F8"],"s_pl_dat":["L1441325-F7"],"s_pl_gen":["L1441325-F6"],"s_pl_nom":["L1441325-F5"],"s_sg_acc":["L1441325-F4"],"s_sg_dat":["L1441325-F3"],"s_sg_gen":["L1441325-F2"],"s_sg_nom":["L1441325-F1"]}	[]	[]	[]	[]	none_recorded	["hyphen"]	[]	automatic
wdn_000337_N	L1442165	["L1442165"]	["9c1109a7ec619491489c141fcb4c674cd0c98421a55056674cf6247a40210a9c"]	"Tumorerkennung"	invariant	000246c1a4b9b7fc142b96fb7733e27033500443ab37b1143c16d82c36dfaa05	no	["feminine"]	[{"rank":"normal","statement":"L1442165$DE31F93D-4981-42ED-AEE0-84A25CA8E08B","value":"Q1775415"}]	ordinary	[]	[]	complete	{"s_pl_acc":["Tumorerkennungen"],"s_pl_dat":["Tumorerkennungen"],"s_pl_gen":["Tumorerkennungen"],"s_pl_nom":["Tumorerkennungen"],"s_sg_acc":["Tumorerkennung"],"s_sg_dat":["Tumorerkennung"],"s_sg_gen":["Tumorerkennung"],"s_sg_nom":["Tumorerkennung"]}	{"s_pl_acc":["L1442165-F8"],"s_pl_dat":["L1442165-F7"],"s_pl_gen":["L1442165-F6"],"s_pl_nom":["L1442165-F5"],"s_sg_acc":["L1442165-F4"],"s_sg_dat":["L1442165-F3"],"s_sg_gen":["L1442165-F2"],"s_sg_nom":["L1442165-F1"]}	[]	[]	[]	[]	none_recorded	[]	[]	automatic
wdn_000338_N	L1443013	["L1443013"]	["02d7375ddaa9389a5c8bfbf52319640cb82a9ba5be687180656395d7f3342c1d"]	"Vier-Sterne-Hotel"	hyphenated	00c8dfbc5b93a8d25d6b8514bad01728380c665bacc82e2dffcab30087669f8b	no	["neuter"]	[{"rank":"normal","statement":"L1443013$2FAE11AE-33E2-4F9E-8AED-2F0793866B6C","value":"Q1775461"}]	ordinary	[]	[]	complete	{"s_pl_acc":["Vier-Sterne-Hotels"],"s_pl_dat":["Vier-Sterne-Hotels"],"s_pl_gen":["Vier-Sterne-Hotels"],"s_pl_nom":["Vier-Sterne-Hotels"],"s_sg_acc":["Vier-Sterne-Hotel"],"s_sg_dat":["Vier-Sterne-Hotel"],"s_sg_gen":["Vier-Sterne-Hotels"],"s_sg_nom":["Vier-Sterne-Hotel"]}	{"s_pl_acc":["L1443013-F8"],"s_pl_dat":["L1443013-F7"],"s_pl_gen":["L1443013-F6"],"s_pl_nom":["L1443013-F5"],"s_sg_acc":["L1443013-F4"],"s_sg_dat":["L1443013-F3"],"s_sg_gen":["L1443013-F2"],"s_sg_nom":["L1443013-F1"]}	[]	[]	[]	[]	none_recorded	["hyphen"]	[]	automatic
wdn_000339_N	L1443372	["L1443372"]	["644d1bcf9b7c638d26a18fdef283a8888b8c16547efe6832b8d7565a55ebc03a"]	"WM-Gürtel"	hyphenated	01cc97c84a528a5463cfb21aa9300f23cffb5372debe60eb0ea14014ec6f8579	no	["masculine"]	[{"rank":"normal","statement":"L1443372$FDC51E4E-1822-45B0-A236-04B66AD59C92","value":"Q499327"}]	ordinary	[]	[]	complete	{"s_pl_acc":["WM-Gürtel"],"s_pl_dat":["WM-Gürteln"],"s_pl_gen":["WM-Gürtel"],"s_pl_nom":["WM-Gürtel"],"s_sg_acc":["WM-Gürtel"],"s_sg_dat":["WM-Gürtel"],"s_sg_gen":["WM-Gürtels"],"s_sg_nom":["WM-Gürtel"]}	{"s_pl_acc":["L1443372-F8"],"s_pl_dat":["L1443372-F7"],"s_pl_gen":["L1443372-F6"],"s_pl_nom":["L1443372-F5"],"s_sg_acc":["L1443372-F4"],"s_sg_dat":["L1443372-F3"],"s_sg_gen":["L1443372-F2"],"s_sg_nom":["L1443372-F1"]}	[]	[]	[]	[]	none_recorded	["hyphen"]	[]	automatic
wdn_000340_N	L1443812	["L1443812"]	["1f057f36b076c68aa866b5ef27a5da2dc819e410169a6f679f1387ebd13a5f0d"]	"Weltcup-Gesamtsieg"	conflicting_slots	00106fee69400196138adb703d2a060316d46d7aa6e1c127b2e93b55e55bc86a	no	["masculine"]	[{"rank":"normal","statement":"L1443812$FAC201DC-A07B-475A-A49A-1C0060128869","value":"Q499327"}]	ordinary	[]	[]	conflicting	{"s_pl_acc":["Weltcup-Gesamtsiege"],"s_pl_dat":["Weltcup-Gesamtsiegen"],"s_pl_gen":["Weltcup-Gesamtsiege"],"s_pl_nom":["Weltcup-Gesamtsiege"],"s_sg_acc":["Weltcup-Gesamtsieg"],"s_sg_dat":["Weltcup-Gesamtsieg"],"s_sg_gen":["Weltcup-Gesamtsieges","Weltcup-Gesamtsiegs"],"s_sg_nom":["Weltcup-Gesamtsieg"]}	{"s_pl_acc":["L1443812-F9"],"s_pl_dat":["L1443812-F8"],"s_pl_gen":["L1443812-F7"],"s_pl_nom":["L1443812-F6"],"s_sg_acc":["L1443812-F5"],"s_sg_dat":["L1443812-F4"],"s_sg_gen":["L1443812-F2","L1443812-F3"],"s_sg_nom":["L1443812-F1"]}	[]	[]	[]	[]	none_recorded	["hyphen"]	["conflicting_slots"]	automatic
wdn_000341_N	L1444515	["L1444515"]	["35ee51d4723f9285a5cc5875732e0c3b5117f2585fd6f06d02d4f8b48cae87d0"]	"Zibebe"	invariant	000174c717dbbd3161bab2e81ed7662c4da566d36c7744ab9162766f0132e14b	no	["feminine"]	[{"rank":"normal","statement":"L1444515$91B0855F-0986-4B28-97B9-A6CEEB6FC8A0","value":"Q1775415"}]	ordinary	[]	[]	complete	{"s_pl_acc":["Zibeben"],"s_pl_dat":["Zibeben"],"s_pl_gen":["Zibeben"],"s_pl_nom":["Zibeben"],"s_sg_acc":["Zibebe"],"s_sg_dat":["Zibebe"],"s_sg_gen":["Zibebe"],"s_sg_nom":["Zibebe"]}	{"s_pl_acc":["L1444515-F8"],"s_pl_dat":["L1444515-F7"],"s_pl_gen":["L1444515-F6"],"s_pl_nom":["L1444515-F5"],"s_sg_acc":["L1444515-F4"],"s_sg_dat":["L1444515-F3"],"s_sg_gen":["L1444515-F2"],"s_sg_nom":["L1444515-F1"]}	[]	[]	[]	[]	none_recorded	[]	[]	automatic
wdn_000342_N	L1444576	["L1444576"]	["c27dcb4f52307335b38b7bd41dc8a0e7a24814934eacee1adfd617e2dac423e0"]	"Zinsumfeld"	conflicting_slots	000de7f226518acf3026e18eadb000e6c5fa323ce688b318265736cdc67d6d2e	no	["neuter"]	[{"rank":"normal","statement":"L1444576$D1B4047D-15F2-495E-B9FF-26A653096D70","value":"Q1775461"}]	ordinary	[]	[]	conflicting	{"s_sg_acc":["Zinsumfeld"],"s_sg_dat":["Zinsumfeld"],"s_sg_gen":["Zinsumfeldes","Zinsumfelds"],"s_sg_nom":["Zinsumfeld"]}	{"s_sg_acc":["L1444576-F5"],"s_sg_dat":["L1444576-F4"],"s_sg_gen":["L1444576-F2","L1444576-F3"],"s_sg_nom":["L1444576-F1"]}	[]	[]	[]	[]	none_recorded	[]	["conflicting_slots"]	automatic
wdn_000343_N	L1444806	["L1444806"]	["f61a3aa228d919547218f89fe5e09d1509ee6a2c0155d98125d34729e2b7d055"]	"Zweitstimmendeckung"	partial_evidence	002ffd3db32a08301e3db8d8011911662bc17c7e7ee4323923750bb5db62d38f	no	["feminine"]	[{"rank":"normal","statement":"L1444806$B2004E6D-118E-4E59-89CE-6D94BD2D0649","value":"Q1775415"}]	ordinary	[]	[]	partial	{"s_sg_acc":["Zweitstimmendeckung"],"s_sg_dat":["Zweitstimmendeckung"],"s_sg_gen":["Zweitstimmendeckung"],"s_sg_nom":["Zweitstimmendeckung"]}	{"s_sg_acc":["L1444806-F4"],"s_sg_dat":["L1444806-F3"],"s_sg_gen":["L1444806-F2"],"s_sg_nom":["L1444806-F1"]}	[]	[]	[]	[]	none_recorded	[]	[]	automatic
wdn_000344_N	L1444822	["L1444822"]	["e8126d079ad8f1abead778f720f6c5b85ec68043ca891cba70031de44d1877bb"]	"Zwischenkonto"	invariant_plural	0054e8336c9ec71bc15bc4090f45bcff41ef1e32c4517d6f98a7fec6673d140e	no	["neuter"]	[{"rank":"normal","statement":"L1444822$51B2C7C2-6C50-4AB7-A32B-99D3A27C1099","value":"Q1775461"}]	ordinary	[]	[]	complete	{"s_pl_acc":["Zwischenkonten"],"s_pl_dat":["Zwischenkonten"],"s_pl_gen":["Zwischenkonten"],"s_pl_nom":["Zwischenkonten"],"s_sg_acc":["Zwischenkonto"],"s_sg_dat":["Zwischenkonto"],"s_sg_gen":["Zwischenkontos"],"s_sg_nom":["Zwischenkonto"]}	{"s_pl_acc":["L1444822-F8"],"s_pl_dat":["L1444822-F7"],"s_pl_gen":["L1444822-F6"],"s_pl_nom":["L1444822-F5"],"s_sg_acc":["L1444822-F4"],"s_sg_dat":["L1444822-F3"],"s_sg_gen":["L1444822-F2"],"s_sg_nom":["L1444822-F1"]}	[]	[]	[]	[]	none_recorded	[]	[]	automatic
wdn_000345_N	L1448275	["L1448275"]	["1e98f3f2d76cebfe39c073fd7468451e0084f9d5db7925cc1fb6d95e119b46a4"]	"Überwachungsbefugnis"	regular_feminine	018dc2639a7b07fb591fe38472342189ef54ea92111452c5dd069999e09a0e34	no	["feminine"]	[{"rank":"normal","statement":"L1448275$B12808A7-4F44-4FA7-8C2B-F9D40E87DB66","value":"Q1775415"}]	ordinary	[]	[]	complete	{"s_pl_acc":["Überwachungsbefugnisse"],"s_pl_dat":["Überwachungsbefugnissen"],"s_pl_gen":["Überwachungsbefugnisse"],"s_pl_nom":["Überwachungsbefugnisse"],"s_sg_acc":["Überwachungsbefugnis"],"s_sg_dat":["Überwachungsbefugnis"],"s_sg_gen":["Überwachungsbefugnis"],"s_sg_nom":["Überwachungsbefugnis"]}	{"s_pl_acc":["L1448275-F8"],"s_pl_dat":["L1448275-F7"],"s_pl_gen":["L1448275-F6"],"s_pl_nom":["L1448275-F5"],"s_sg_acc":["L1448275-F4"],"s_sg_dat":["L1448275-F3"],"s_sg_gen":["L1448275-F2"],"s_sg_nom":["L1448275-F1"]}	[]	[]	[]	[]	none_recorded	[]	[]	automatic
wdn_000346_N	L1453385	["L1453385"]	["61ce63d3c35808bdcb19a4d5b95cdab8cf643f9bb76b26ae4b4ffcbf1cf07f62"]	"Widmanstättensche Figuren"	rejected_feature	d912141ace3bb1b43c6e49e7d5ded4d4a65d7f8d53006296d7b73b521cc904a5	no	["feminine"]	[{"rank":"normal","statement":"L1453385$544DD728-6FD3-45F2-B2FA-5F9E2AE9FF10","value":"Q1775415"}]	plural_only	[{"rank":"normal","statement":"L1453385$6D37B4EB-A3EA-4AAA-BBA3-FAA1B83724A6","value":"Q138246"}]	[]	conflicting	{"s_pl_acc":["Widmanstättensche Figuren","Widmanstättenschen Figuren"],"s_pl_dat":["Widmanstättenschen Figuren"],"s_pl_gen":["Widmanstättenschen Figuren","Widmanstättenscher Figuren"],"s_pl_nom":["Widmanstättensche Figuren","Widmanstättenschen Figuren"]}	{"s_pl_acc":["L1453385-F4","L1453385-F8"],"s_pl_dat":["L1453385-F3","L1453385-F7"],"s_pl_gen":["L1453385-F2","L1453385-F6"],"s_pl_nom":["L1453385-F1","L1453385-F5"]}	[]	[]	[]	[]	none_recorded	["whitespace"]	["conflicting_slots","rejected_noun_form_feature"]	automatic
wdn_000347_N	L1469608	["L1469608"]	["71ecaa46d8c91a71d5192af160342a3db804f88faed6149b9b1049342fcd94a5"]	"Burgspektakel"	regular_neuter	008aa26b4c77d5d73a613e9b5be16ed35a07265204732a69678ea29c183dad4e	no	["neuter"]	[{"rank":"normal","statement":"L1469608$04CB5685-2B6C-4296-9F23-69F293E07FC5","value":"Q1775461"}]	ordinary	[]	[]	complete	{"s_pl_acc":["Burgspektakel"],"s_pl_dat":["Burgspektakeln"],"s_pl_gen":["Burgspektakel"],"s_pl_nom":["Burgspektakel"],"s_sg_acc":["Burgspektakel"],"s_sg_dat":["Burgspektakel"],"s_sg_gen":["Burgspektakels"],"s_sg_nom":["Burgspektakel"]}	{"s_pl_acc":["L1469608-F8"],"s_pl_dat":["L1469608-F7"],"s_pl_gen":["L1469608-F6"],"s_pl_nom":["L1469608-F5"],"s_sg_acc":["L1469608-F4"],"s_sg_dat":["L1469608-F3"],"s_sg_gen":["L1469608-F2"],"s_sg_nom":["L1469608-F1"]}	[]	[]	[]	[]	none_recorded	[]	[]	automatic
wdn_000348_N	L1470776	["L1470776"]	["0523bede45de77b79801902c20a788a3c8d505029846a41f6c2285b7502b051b"]	"SS-Wachleute"	plural_only	0133c9a94ca9165943f6ea9b5f1b8492a4f313ec15112400f3dcee123371d555	no	[]	[]	plural_only	[{"rank":"normal","statement":"L1470776$138E1628-E1F7-41CB-BD57-462950912D5D","value":"Q138246"}]	[]	complete	{"s_pl_acc":["SS-Wachleute"],"s_pl_dat":["SS-Wachleuten"],"s_pl_gen":["SS-Wachleute"],"s_pl_nom":["SS-Wachleute"]}	{"s_pl_acc":["L1470776-F4"],"s_pl_dat":["L1470776-F3"],"s_pl_gen":["L1470776-F2"],"s_pl_nom":["L1470776-F1"]}	[]	[]	[]	[]	none_recorded	["hyphen"]	["missing_gender"]	automatic
wdn_000349_N	L1471229	["L1471229"]	["283eb6b23918159a4bc3ad4bd9487ea24fb0a94474fdc3beaf30b372ce5e1fec"]	"Vertretungsunterricht"	conflicting_slots	001bc68468f184ca6cd3148751546d17737f6479a1043fabdea7c3053b042525	no	["masculine"]	[{"rank":"normal","statement":"L1471229$F7C22EDD-AFAF-43DB-810F-67A6A593F9CB","value":"Q499327"}]	ordinary	[]	[]	conflicting	{"s_sg_acc":["Vertretungsunterricht"],"s_sg_dat":["Vertretungsunterricht"],"s_sg_gen":["Vertretungsunterrichtes","Vertretungsunterrichts"],"s_sg_nom":["Vertretungsunterricht"]}	{"s_sg_acc":["L1471229-F5"],"s_sg_dat":["L1471229-F4"],"s_sg_gen":["L1471229-F2","L1471229-F3"],"s_sg_nom":["L1471229-F1"]}	[]	[]	[]	[]	none_recorded	[]	["conflicting_slots"]	automatic
wdn_000350_N	L1547244	["L1547244"]	["bf421ca9ad812685dfcac35431a1dfca5871c790e526496647344221debefd2f"]	"Schneckenzüchter"	regular_masculine	00035a3cf71723b0e3d1cdfcbeb680adafe31af9a6c4bda23f7e8b3997467d5c	no	["masculine"]	[{"rank":"normal","statement":"L1547244$EAF7907F-A9F9-4646-81B2-56C55BF7F1DA","value":"Q499327"}]	ordinary	[]	[{"rank":"normal","statement":"L1547244$8f2e6418-42f0-b018-7842-cb24e01c5fb1","value":"Q105683521"}]	complete	{"s_pl_acc":["Schneckenzüchter"],"s_pl_dat":["Schneckenzüchtern"],"s_pl_gen":["Schneckenzüchter"],"s_pl_nom":["Schneckenzüchter"],"s_sg_acc":["Schneckenzüchter"],"s_sg_dat":["Schneckenzüchter"],"s_sg_gen":["Schneckenzüchters"],"s_sg_nom":["Schneckenzüchter"]}	{"s_pl_acc":["L1547244-F8"],"s_pl_dat":["L1547244-F7"],"s_pl_gen":["L1547244-F6"],"s_pl_nom":["L1547244-F5"],"s_sg_acc":["L1547244-F4"],"s_sg_dat":["L1547244-F3"],"s_sg_gen":["L1547244-F2"],"s_sg_nom":["L1547244-F1"]}	[]	[]	["L1547244$9c8186ab-469e-22ee-e5f1-1f97f089de01","L1547244$dad6817c-41ae-ecfb-611f-c7a163db2cf8","L1547244$c07d1214-4303-0373-0bb1-4362b5e8f2e8"]	[]	explicit_compound_analysis	[]	[]	automatic
wdn_000351_N	L1560519	["L1560519"]	["b5a57bc3e57e67f6bc28a1516dfd3879455618a2444ef49d7cfda182dc4441a1"]	"A-Jugendlicher"	rejected_feature	2648cf11bcafe53f8f628fa423d4a8be0a4fec877affabe7cbab9ae418916698	no	["masculine"]	[{"rank":"normal","statement":"L1560519$862C396D-1ACA-43FA-885B-C80CADE913DB","value":"Q499327"}]	ordinary	[]	[]	conflicting	{"s_pl_acc":["A-Jugendliche","A-Jugendlichen"],"s_pl_dat":["A-Jugendlichen"],"s_pl_gen":["A-Jugendlichen","A-Jugendlicher"],"s_pl_nom":["A-Jugendliche","A-Jugendlichen"],"s_sg_acc":["A-Jugendlichen"],"s_sg_dat":["A-Jugendlichen"],"s_sg_gen":["A-Jugendlichen"],"s_sg_nom":["A-Jugendliche","A-Jugendlicher"]}	{"s_pl_acc":["L1560519-F11","L1560519-F12"],"s_pl_dat":["L1560519-F10"],"s_pl_gen":["L1560519-F8","L1560519-F9"],"s_pl_nom":["L1560519-F6","L1560519-F7"],"s_sg_acc":["L1560519-F5"],"s_sg_dat":["L1560519-F4"],"s_sg_gen":["L1560519-F3"],"s_sg_nom":["L1560519-F1","L1560519-F2"]}	[]	[]	[]	[]	none_recorded	["hyphen"]	["conflicting_slots","rejected_noun_form_feature"]	automatic
wdn_000352_N	L1560520	["L1560520"]	["2b5b6b841fdc09f87af7a25b6c67b0328c5b29e77cfc846d4059285617d781ff"]	"A-Jugendliche"	rejected_feature	43059f26b753e42a9d5924225d9d54e072c669ecfd1945d2e3ac79d1b2c807c1	no	["feminine"]	[{"rank":"normal","statement":"L1560520$0630F289-B3FF-4E9D-A863-95716CE7C631","value":"Q1775415"}]	ordinary	[]	[]	conflicting	{"s_pl_acc":["A-Jugendliche","A-Jugendlichen"],"s_pl_dat":["A-Jugendlichen"],"s_pl_gen":["A-Jugendlichen","A-Jugendlicher"],"s_pl_nom":["A-Jugendliche","A-Jugendlichen"],"s_sg_acc":["A-Jugendliche"],"s_sg_dat":["A-Jugendlichen"],"s_sg_gen":["A-Jugendlichen"],"s_sg_nom":["A-Jugendliche"]}	{"s_pl_acc":["L1560520-F10","L1560520-F11"],"s_pl_dat":["L1560520-F9"],"s_pl_gen":["L1560520-F7","L1560520-F8"],"s_pl_nom":["L1560520-F5","L1560520-F6"],"s_sg_acc":["L1560520-F4"],"s_sg_dat":["L1560520-F3"],"s_sg_gen":["L1560520-F2"],"s_sg_nom":["L1560520-F1"]}	[]	[]	[]	[]	none_recorded	["hyphen"]	["conflicting_slots","rejected_noun_form_feature"]	automatic
